"parameter","form","time.index","Rhat","ESS"
"d13CO2","raw",1,1.06978241308654,2240.11291768153
"d13CO2","raw",2,1.05019268148736,2619.6707465529
"d13CO2","raw",3,1.03828683174179,2817.28595243225
"d13CO2","raw",4,1.02995110644183,2825.05141221452
"d13CO2","raw",5,1.02331643490119,3556.11190081375
"d13CO2","raw",6,1.01948091268983,3165.22313643495
"d13CO2","raw",7,1.01604286797336,3187.36577381587
"d13CO2","raw",8,1.01381654726742,2937.52275578787
"d13CO2","raw",9,1.01163581117095,3027.20633509017
"d13CO2","raw",10,1.01039450123425,3120.93992981826
"d13CO2","raw",11,1.00912732107103,2904.16916117279
"d13CO2","raw",12,1.00834979398291,2977.70158407887
"d13CO2","raw",13,1.00766260265262,2657.87422717604
"d13CO2","raw",14,1.00695722953784,2526.54417864666
"d13CO2","raw",15,1.00655061945942,2693.63096089125
"d13CO2","raw",16,1.00581627515685,2784.67018253579
"d13CO2","raw",17,1.00494661342485,2725.13502941807
"d13CO2","raw",18,1.00426216728098,2772.5029686255
"d13CO2","raw",19,1.00368846960045,2844.57239806787
"d13CO2","raw",20,1.0031116685516,3069.82167530907
"d13CO2","raw",21,1.00268818983055,3476.42219251662
"d13CO2","raw",22,1.00250911247562,3837.50626229272
"d13CO2","raw",23,1.00228885005695,4019.84846052814
"d13CO2","raw",24,1.00186674738247,4279.70609889424
"d13CO2","raw",25,1.00171549613574,4376.95928249522
"d13CO2","raw",26,1.00142040526745,4727.65990404202
"d13CO2","raw",27,1.00118607873438,5086.6534989716
"d13CO2","raw",28,1.0009219539518,5234.51917067077
"d13CO2","raw",29,1.00075720810365,5583.30642233363
"d13CO2","raw",30,1.00079803475539,5904.26107208074
"d13CO2","raw",31,1.00060080357314,6132.70488286091
"d13CO2","raw",32,1.00057071231521,6441.98236906313
"d13CO2","raw",33,1.00044588014411,6592.61569269941
"d13CO2","raw",34,1.00041512539116,6537.56854936145
"d13CO2","raw",35,1.0003556081946,6865.42572897169
"d13CO2","raw",36,1.00028502092541,7349.1798968728
"d13CO2","raw",37,1.00027926897803,7297.97000847917
"d13CO2","raw",38,1.00035368432644,7375.10541811148
"d13CO2","raw",39,1.00032836631843,8326.52758380864
"d13CO2","raw",40,1.00032650637015,8247.70209659063
"d13CO2","raw",41,1.00030511048949,7977.67824830959
"d13CO2","raw",42,1.00025117317138,8051.42589709061
"d13CO2","raw",43,1.00024917348407,7723.0479933804
"d13CO2","raw",44,1.00031680784565,7476.80532364605
"d13CO2","raw",45,1.00024355990881,7427.07055842345
"d13CO2","raw",46,1.00025070997738,7423.24293622215
"d13CO2","raw",47,1.00028617456975,7597.96429893933
"d13CO2","raw",48,1.00015471815133,7918.01023504953
"d13CO2","raw",49,1.00019570877806,7709.34516243982
"d13CO2","raw",50,1.00022126063509,7907.73676493939
"d13CO2","raw",51,1.00008420473846,7923.6384054752
"d13CO2","raw",52,1.00010821259144,8202.55732212115
"d13CO2","raw",53,1.00013952293971,8354.49136449566
"d13CO2","raw",54,1.00004560537489,8733.1031830737
"d13CO2","raw",55,1.0000879744339,9094.93411708963
"d13CO2","raw",56,1.00009040173955,9056.72668030536
"d13CO2","raw",57,1.00008303006445,9078.81209931903
"d13CO2","raw",58,1.00007373232227,9304.31342567184
"d13CO2","raw",59,0.999984914430784,9554.72437321878
"d13CO2","raw",60,0.999967613991259,9710.45658305619
"d13CO2","raw",61,0.999968047196374,9946.30108076801
"d13CO2","raw",62,0.999955870094298,10763.83073337
"d13CO2","raw",63,1.00006242098835,10766.5065572026
"d13CO2","raw",64,1.0000119119799,10725.7977998636
"d13CO2","raw",65,1.0000228146743,10575.3940756854
"d13CO2","raw",66,1.00000253176783,10198.006937951
"d13CO2","raw",67,1.00005689153505,9970.3898967024
"d13CO2","raw",68,1.00002411589436,10093.8424416483
"d13CO2","raw",69,1.00004343610444,9647.46056573022
"d13CO2","raw",70,1.00008610110914,9628.49541232931
"d13CO2","raw",71,1.00010048988723,9823.02728987164
"d13CO2","raw",72,1.00013384392318,10065.9661541477
"d13CO2","raw",73,1.0001119421313,10456.1840407612
"d13CO2","raw",74,1.00011768461637,10843.775133738
"d13CO2","raw",75,1.00015037892291,10484.9453932556
"d13CO2","raw",76,1.00019528149111,10626.2230378992
"d13CO2","raw",77,1.00012757240158,11364.7271346199
"d13CO2","raw",78,1.00021724436856,11634.6602108629
"d13CO2","raw",79,1.00014093732134,11906.7588671932
"d13CO2","raw",80,1.00008299526064,12125.7852372125
"d13CO2","raw",81,1.00010249872149,12185.0202631797
"d13CO2","raw",82,1.0001067125371,12419.6379693869
"d13CO2","raw",83,1.00020293165564,11931.1857004351
"d13CO2","raw",84,1.00019526080803,11666.1383563102
"d13CO2","raw",85,1.00018366982743,11545.4751534293
"d13CO2","raw",86,1.00012078772594,10426.4657244097
"d13CO2","raw",87,1.00011856069496,10437.8549177772
"d13CO2","raw",88,1.00010060927926,10299.2085812911
"d13CO2","raw",89,1.00009549555582,9821.70249280851
"d13CO2","raw",90,1.00015203667791,9959.48646258129
"d13CO2","raw",91,1.00014620906404,9525.90933609094
"d13CO2","raw",92,1.00019007862709,9533.83431302118
"d13CO2","raw",93,1.0001465594574,8690.48079099054
"d13CO2","raw",94,1.00025088701094,8287.95451639381
"d13CO2","raw",95,1.00024065592709,7879.25752659538
"d13CO2","raw",96,1.00028478192615,7415.56122493636
"d13CO2","raw",97,1.00024491061502,6885.99123425925
"d13CO2","raw",98,1.00036799607464,6595.44206833489
"d13CO2","raw",99,1.00049558348084,6199.8587265844
"d13CO2","raw",100,1.00054499755414,5791.9622270241
"d13CO2","raw",101,1.00066397944572,5389.86199022278
"d13CO2","raw",102,1.00080339392073,5167.49539046122
"d13CO2","raw",103,1.00093147371432,4658.09660321781
"d13CO2","raw",104,1.00110561671713,4225.34576190965
"d13CO2","raw",105,1.00131348252319,3470.02803878072
"d13CO2","raw",106,1.00159686403046,3276.76979523524
"d13CO2","raw",107,1.00170440398876,3164.29536401529
"d13CO2","raw",108,1.00205272964449,3041.47887566801
"d13CO2","raw",109,1.00204344720161,2876.09830706451
"d13CO2","raw",110,1.00192599524205,2912.39213455918
"d13CO2","raw",111,1.00207764687022,2971.13717563573
"d13CO2","raw",112,1.00192045560319,3256.72174930464
"d13CO2","raw",113,1.00185260149995,3418.27720658429
"d13CO2","raw",114,1.00153568584096,3630.26447142533
"d13CO2","raw",115,1.00131678940779,4140.58744709437
"d13CO2","raw",116,1.00126407691383,4106.70042325049
"d13CO2","raw",117,1.0011420345819,4759.87440870906
"d13CO2","raw",118,1.00115381106676,5290.3852481478
"d13CO2","raw",119,1.00106308744406,5965.77378305496
"d13CO2","raw",120,1.00091909325527,6416.01529563416
"d13CO2","raw",121,1.00082262244629,7010.145498044
"d13CO2","raw",122,1.00076559920206,7722.41542478242
"d13CO2","raw",123,1.00061351806941,8750.26488401959
"d13CO2","raw",124,1.00063527552452,10290.7013515224
"d13CO2","raw",125,1.00053710134112,11222.470027317
"d13CO2","raw",126,1.00049218509124,11933.4770875231
"d13CO2","raw",127,1.00052722718516,12616.3147238399
"d13CO2","raw",128,1.00042885278539,13610.6753345724
"d13CO2","raw",129,1.00037113609383,14222.4751000634
"d13CO2","raw",130,1.00031954234109,14636.3480939712
"d13CO2","raw",131,1.00033335958472,15969.2896886964
"d13CO2","raw",132,1.00032408989697,17495.3575439719
"d13CO2","raw",133,1.00027192712279,17800.8531475617
"d13CO2","raw",134,1.00017931210397,17984.2300378122
"d13CO2","raw",135,1.00011096040722,18490.6145266221
"d13CO2","raw",136,1.00010200999081,18677.1308455521
"d13CO2","raw",137,1.00007041059417,18834.4067870175
"d13CO2","raw",138,1.00006302776575,18138.2808017519
"d13CO2","raw",139,1.00017014769955,18550.2673341072
"d13CO2","raw",140,1.00008143284014,17761.2981611307
"d13CO2","raw",141,1.00007081946816,17497.2838412624
"d13CO2","raw",142,1.00007729922721,17284.3610290972
"d13CO2","raw",143,1.00006834711272,17141.281127752
"d13CO2","raw",144,1.00007388283305,17166.0631701846
"d13CO2","raw",145,1.00002050573908,17438.8190524347
"d13CO2","raw",146,1.00000488988716,16184.8997602427
"d13CO2","raw",147,1.00000591137872,16822.7985444191
"d13CO2","raw",148,0.999974614948394,16223.6047149009
"d13CO2","raw",149,0.999986629273139,16142.5978881682
"d13CO2","raw",150,1.00001682814231,16208.8579728399
"d13CO2","raw",151,1.00003366932836,16166.9537535347
"d13CO2","raw",152,1.0000423953147,14972.7426374483
"d13CO2","raw",153,1.00004589777923,14152.1435302861
"d13CO2","raw",154,1.00004248326451,13434.9400405479
"d13CO2","raw",155,1.00001453963758,12730.8972062854
"d13CO2","raw",156,1.00009051347338,12190.5736055246
"d13CO2","raw",157,1.00005052986482,11280.787513494
"d13CO2","raw",158,1.00008003991271,11005.205390128
"d13CO2","raw",159,1.00007356999978,11013.7890882008
"d13CO2","raw",160,1.0001224973965,10238.0689826464
"d13CO2","raw",161,1.00014350682953,9542.60213621348
"d13CO2","raw",162,1.00016404066741,9543.05321365379
"d13CO2","raw",163,1.00019143283355,9505.94482847127
"d13CO2","raw",164,1.0002098443162,9979.5981944936
"d13CO2","raw",165,1.00022394665219,10695.164919697
"d13CO2","raw",166,1.00028136880797,11405.7568433438
"d13CO2","raw",167,1.00016817931571,11241.2020284313
"d13CO2","raw",168,1.00025990952293,11857.4643170534
"d13CO2","raw",169,1.00022215118471,12551.2016594368
"d13CO2","raw",170,1.00026535603086,12580.3023971802
"d13CO2","raw",171,1.0002315385949,13996.5229759989
"d13CO2","raw",172,1.00015362000348,14921.7842820744
"d13CO2","raw",173,1.00019190885489,15321.7199726771
"d13CO2","raw",174,1.00018321104058,16217.9585688482
"d13CO2","raw",175,1.00026311502313,16920.9654439066
"d13CO2","raw",176,1.00025224972494,17501.7130667534
"d13CO2","raw",177,1.00016677209098,17153.6933998322
"d13CO2","raw",178,1.00016947991146,17507.6710641404
"d13CO2","raw",179,1.00013341043435,17904.2998012848
"d13CO2","raw",180,1.00005338219345,17410.7695740817
"d13CO2","raw",181,1.00005874270149,17201.4592555824
"d13CO2","raw",182,1.00000366004027,16694.6902446995
"d13CO2","raw",183,0.999986783836631,17218.6560422457
"d13CO2","raw",184,0.999981676336356,17224.3343658457
"d13CO2","raw",185,1.00001803643616,17475.3617852723
"d13CO2","raw",186,1.00000888745655,17613.4391495571
"d13CO2","raw",187,1.00000374877387,16880.9295359176
"d13CO2","raw",188,0.99999586654469,16720.9025527801
"d13CO2","raw",189,0.999999511963747,16881.324250968
"d13CO2","raw",190,0.999992739728564,17216.1519868162
"d13CO2","raw",191,0.9999612022083,17758.5821945678
"d13CO2","raw",192,0.999998881251277,17876.024380566
"d13CO2","raw",193,0.999967074275069,18038.5737184989
"d13CO2","raw",194,0.999976182892584,16903.5011512777
"d13CO2","raw",195,1.00000703263753,17868.3464446844
"d13CO2","raw",196,1.00000247092945,16996.7629349709
"d13CO2","raw",197,1.0000507538933,17126.4819289186
"d13CO2","raw",198,0.99994538861827,17152.0211266975
"d13CO2","raw",199,0.999931484249042,16532.7294442969
"d13CO2","raw",200,0.999990421447425,15913.1823126091
"d13CO2","raw",201,0.999991263065033,15408.221998486
"d13CO2","raw",202,0.999951797627867,15154.065554276
"d13CO2","raw",203,0.999936065061871,14811.8867321679
"d13CO2","raw",204,0.999954043797977,13693.1368192206
"d13CO2","raw",205,0.999966303053614,13250.818399322
"d13CO2","raw",206,0.999996334123755,12346.1193052976
"d13CO2","raw",207,1.00009439206276,12264.1307052805
"d13CO2","raw",208,1.00018559477616,11592.706269934
"d13CO2","raw",209,1.00019458289519,11536.8096045417
"d13CO2","raw",210,1.00027263252669,11292.4598911516
"d13CO2","raw",211,1.00032988078579,11053.8389934006
"d13CO2","raw",212,1.00040858777952,10502.1228113204
"d13CO2","raw",213,1.00048800790266,10737.6492015908
"d13CO2","raw",214,1.00046282279934,10853.7789276572
"d13CO2","raw",215,1.00051155851588,10748.9034563569
"d13CO2","raw",216,1.00050936970824,10522.382030463
"d13CO2","raw",217,1.00048198300496,10498.6908510975
"d13CO2","raw",218,1.0004766145126,10083.4600950569
"d13CO2","raw",219,1.00052169892434,10547.5748331521
"d13CO2","raw",220,1.00053869602487,10364.6870775772
"d13CO2","raw",221,1.00050263273025,12137.3587346867
"d13CO2","raw",222,1.00041777542571,12563.6080500467
"d13CO2","raw",223,1.00048433029713,12941.477481083
"d13CO2","raw",224,1.00045949104209,13015.0249447572
"d13CO2","raw",225,1.0003545230932,12619.559825668
"d13CO2","raw",226,1.00030437834769,12657.2287928086
"d13CO2","raw",227,1.00024642694811,14084.2724107578
"d13CO2","raw",228,1.00021668287431,13862.7135341813
"d13CO2","raw",229,1.00016852263776,13390.2190545923
"d13CO2","raw",230,1.00012080472991,13793.3660409966
"d13CO2","raw",231,1.00004905411375,13219.9805316885
"d13CO2","raw",232,1.00011002941989,12630.7650526678
"d13CO2","raw",233,1.00014711655243,11993.6853453034
"d13CO2","raw",234,1.00019835051711,11679.9172179966
"d13CO2","raw",235,1.00025605468697,10474.289260206
"d13CO2","raw",236,1.00021847352376,10502.8533418679
"d13CO2","raw",237,1.00029104493203,10971.9803057488
"d13CO2","raw",238,1.00027378488794,11391.9183413808
"d13CO2","raw",239,1.00018171986389,12661.7340685307
"d13CO2","raw",240,1.00014302034951,13148.2347943641
"d13CO2","raw",241,1.00008776210534,13664.1919344708
"d13CO2","raw",242,1.00013823023663,13487.2104015072
"d13CO2","raw",243,1.00005907816967,13699.7981145072
"d13CO2","raw",244,1.00006623971554,12974.0656507885
"d13CO2","raw",245,1.00001211747441,12587.7762162435
"d13CO2","raw",246,1.00002420477478,12201.2585583989
"d13CO2","raw",247,1.00002084409456,12145.0550679786
"d13CO2","raw",248,1.00006004081874,11893.3785043546
"d13CO2","raw",249,1.00006612394312,11698.1572651942
"d13CO2","raw",250,1.00013444086754,11838.8694795548
"d13CO2","raw",251,1.00011138599082,11483.0143213305
"d13CO2","raw",252,1.00011521580197,11492.2114917866
"d13CO2","raw",253,1.00005968596896,11348.1028645206
"d13CO2","raw",254,1.00003651249297,11555.8794172447
"d13CO2","raw",255,1.00005817484584,11864.7191429417
"d13CO2","raw",256,1.0001200184299,11225.6842593491
"d13CO2","raw",257,1.00011771523655,11123.9738325929
"d13CO2","raw",258,1.00024538334644,10992.0136437733
"d13CO2","raw",259,1.00020961982473,11054.937499521
"d13CO2","raw",260,1.00022529236599,10985.5832407185
"d13CO2","raw",261,1.00025854014771,10867.4311162137
"d13CO2","raw",262,1.00025772827947,10742.8260394579
"d13CO2","raw",263,1.0002419548316,10750.4931807826
"d13CO2","raw",264,1.00023970404788,11451.6810704315
"d13CO2","raw",265,1.00027937635209,11109.8891505496
"d13CO2","raw",266,1.00036814735565,11996.6725680948
"d13CO2","raw",267,1.00039229078589,12418.8462096382
"d13CO2","raw",268,1.00026837782638,12833.2032447193
"d13CO2","raw",269,1.00034889310109,13048.887196563
"d13CO2","raw",270,1.00035759910071,14342.2696140385
"d13CO2","raw",271,1.00034596131683,14762.1621997705
"d13CO2","raw",272,1.00031940707935,14990.4762055554
"d13CO2","raw",273,1.00033878367116,14844.60728261
"d13CO2","raw",274,1.00043246263215,15155.7535696892
"d13CO2","raw",275,1.00033624996889,16031.7999997792
"d13CO2","raw",276,1.00022156786669,15916.6093539245
"d13CO2","raw",277,1.00023933166312,14985.8125928573
"d13CO2","raw",278,1.00027315040624,15260.1998960073
"d13CO2","raw",279,1.00024159769369,14508.0071836859
"d13CO2","raw",280,1.00040803831616,14774.1853411177
"d13CO2","raw",281,1.00030291848863,14619.5549458248
"d13CO2","raw",282,1.00035085960107,14158.333687126
"d13CO2","raw",283,1.00038008869696,13528.8419903944
"d13CO2","raw",284,1.00033425984572,12496.0372756776
"d13CO2","raw",285,1.0003668920768,11180.760307283
"d13CO2","raw",286,1.00025183042074,9758.82951461173
"d13CO2","raw",287,1.00033167214872,8275.26924987003
"d13CO2","raw",288,1.00047130813747,7233.65103854721
"d13CO2","raw",289,1.00055246678841,6707.71903716649
"d13CO2","raw",290,1.00052581368918,6508.9722247266
"d13CO2","raw",291,1.00056404403323,6748.37109837187
"d13CO2","raw",292,1.00059113322117,6422.98461468469
"d13CO2","raw",293,1.00057179381572,6543.89808065745
"d13CO2","raw",294,1.00061728300346,6892.79307718359
"d13CO2","raw",295,1.00056122467955,7242.19928527764
"d13CO2","raw",296,1.00061496349418,7836.0876963062
"d13CO2","raw",297,1.00054348626568,8373.02142719483
"d13CO2","raw",298,1.00045477640367,8573.16032372635
"d13CO2","raw",299,1.00030092311426,9146.44296328234
"d13CO2","raw",300,1.00033565920275,9427.29714682815
"d13CO2","raw",301,1.00043332081271,9680.05907147093
"d13CO2","raw",302,1.00048486027176,10063.7099508682
"d13CO2","raw",303,1.00036397607885,10699.2342250793
"d13CO2","raw",304,1.00052056343337,11410.1678304658
"d13CO2","raw",305,1.00055808297078,11416.3339275162
"d13CO2","raw",306,1.00032806219087,11792.3865195683
"d13CO2","raw",307,1.00035941801977,11621.8784914643
"d13CO2","raw",308,1.00035133672187,12238.2536609412
"d13CO2","raw",309,1.00024761179708,12655.6058137052
"d13CO2","raw",310,1.0002201304406,12862.5611642781
"d13CO2","raw",311,1.00026869044317,13002.9634717237
"d13CO2","raw",312,1.00020861390193,13516.3685944081
"d13CO2","raw",313,1.00008912775138,14780.1535818824
"d13CO2","raw",314,1.00003672273771,15441.7514465174
"d13CO2","raw",315,1.00013957913102,16121.0261767935
"d13CO2","raw",316,1.00016605205121,16619.4379581458
"d13CO2","raw",317,1.00018408868701,17087.6459742739
"d13CO2","raw",318,1.00016159143266,17137.7260938563
"d13CO2","raw",319,1.00013789749089,17646.7810655907
"d13CO2","raw",320,1.00015461921181,18481.4804831624
"d13CO2","raw",321,1.00013120444471,18525.4859014272
"d13CO2","raw",322,1.00017464176654,18617.3936872031
"d13CO2","raw",323,1.00019803963779,18803.7210292152
"d13CO2","raw",324,1.00014847388191,18013.5557392414
"d13CO2","raw",325,1.00024269389004,18259.544602039
"d13CO2","raw",326,1.00016997614345,18137.6297356632
"d13CO2","raw",327,1.00012705939,17795.8956527542
"d13CO2","raw",328,1.0002087474952,16892.2250574173
"d13CO2","raw",329,1.00032520999654,15953.8603121469
"d13CO2","raw",330,1.00041399180206,14641.455104516
"d13CO2","raw",331,1.0004382681208,13127.9551565515
"d13CO2","raw",332,1.00043051955059,12063.0371682617
"d13CO2","raw",333,1.00059149598642,9561.69077536886
"d13CO2","raw",334,1.00063798358203,8712.67855436881
"d13CO2","raw",335,1.0005939798844,7540.35461644064
"d13CO2","raw",336,1.00063878372741,6671.33717534786
"d13CO2","raw",337,1.00089829490278,5837.66888855327
"d13CO2","raw",338,1.00107232340406,4687.17262901912
"d13CO2","raw",339,1.00127537358342,4087.2744208129
"d13CO2","raw",340,1.0011885299661,4756.49833870265
"d13CO2","raw",341,1.00093432591219,5135.88556256903
"d13CO2","raw",342,1.00085161751761,5997.92838684992
"d13CO2","raw",343,1.00097947598267,6218.62517876746
"d13CO2","raw",344,1.0009700295588,6277.55326515436
"d13CO2","raw",345,1.00093811128958,6727.07117191611
"d13CO2","raw",346,1.00109804701372,5904.38467564552
"d13CO2","raw",347,1.00110442460741,5656.82994102356
"d13CO2","raw",348,1.00109496283727,5393.84497101202
"d13CO2","raw",349,1.00117461676842,5746.4323745171
"d13CO2","raw",350,1.00105055866589,5581.61078957288
"d13CO2","raw",351,1.00122239237359,5275.49651461947
"d13CO2","raw",352,1.00128874532661,5173.19789429208
"d13CO2","raw",353,1.00137371992241,5064.04867937447
"d13CO2","raw",354,1.00130155160872,5009.09892502295
"d13CO2","raw",355,1.00139136510441,4978.05590097065
"d13CO2","raw",356,1.00161624597112,4741.42356037036
"d13CO2","raw",357,1.00175058558842,4318.76842735653
"d13CO2","raw",358,1.00161575576169,4194.4859107747
"d13CO2","raw",359,1.0015522614112,5057.15256326806
"d13CO2","raw",360,1.00134507954628,5741.73051294233
"d13CO2","raw",361,1.0012151305038,6732.74692488019
"d13CO2","raw",362,1.001091921284,7182.52915986507
"d13CO2","raw",363,1.00108042569074,7320.71591350046
"d13CO2","raw",364,1.00114488848806,8232.8684599957
"d13CO2","raw",365,1.00119317074332,8263.57354484479
"d13CO2","raw",366,1.00113178137372,8632.13775315522
"d13CO2","raw",367,1.00122048853971,8038.13627322041
"d13CO2","raw",368,1.00130896659762,8252.44264438763
"d13CO2","raw",369,1.00123594921402,8171.60510303127
"d13CO2","raw",370,1.00129874844463,7801.79076094147
"d13CO2","raw",371,1.00119756348743,7717.45691053404
"d13CO2","raw",372,1.00129620085116,7981.68228616727
"d13CO2","raw",373,1.00133938580193,8198.54242503429
"d13CO2","raw",374,1.00136428615228,7643.04986934159
"d13CO2","raw",375,1.00126973840003,7675.34281886319
"d13CO2","raw",376,1.00109319559578,7478.82923444657
"d13CO2","raw",377,1.00107504607811,7152.70340726403
"d13CO2","raw",378,1.00113227673033,6863.2709535415
"d13CO2","raw",379,1.00109947366576,6428.70332343792
"d13CO2","raw",380,1.0008747927099,6419.70148807101
"d13CO2","raw",381,1.00083749227398,6149.14831237948
"d13CO2","raw",382,1.00073388866662,5717.88546316451
"d13CO2","raw",383,1.00074543128965,5936.68635231498
"d13CO2","raw",384,1.00082724572423,6492.22413419155
"d13CO2","raw",385,1.00084670411993,6777.83633778952
"d13CO2","raw",386,1.0006509241396,7211.24297522169
"d13CO2","raw",387,1.00066258193058,7570.66609118989
"d13CO2","raw",388,1.00061506483678,8000.50623586508
"d13CO2","raw",389,1.00062020371915,8524.46390917131
"d13CO2","raw",390,1.00067129584637,8678.49253559931
"d13CO2","raw",391,1.00071251779504,8657.85796235983
"d13CO2","raw",392,1.00067696609527,8774.94482367597
"d13CO2","raw",393,1.00074324006393,8024.60658677974
"d13CO2","raw",394,1.00069750798089,7629.44909855628
"d13CO2","raw",395,1.00075459774623,7598.37986434882
"d13CO2","raw",396,1.00074464304949,7209.47855961718
"d13CO2","raw",397,1.00081302491182,7032.3548709779
"d13CO2","raw",398,1.00090188398891,6518.19304012314
"d13CO2","raw",399,1.00100499149957,6434.59769994234
"d13CO2","raw",400,1.00091852812791,6298.74445357969
"d13CO2","raw",401,1.00106584219825,5654.1678781623
"d13CO2","raw",402,1.00111258560955,5532.07249903225
"d13CO2","raw",403,1.00115807732779,4997.3673687633
"d13CO2","raw",404,1.00124369587223,4647.05380277334
"d13CO2","raw",405,1.00121459448034,4612.157116468
"d13CO2","raw",406,1.00122655585508,4576.92950532597
"d13CO2","raw",407,1.0010939810987,4368.8766630789
"d13CO2","raw",408,1.00110650561807,4596.7904141096
"d13CO2","raw",409,1.00118025128531,4296.09624734818
"d13CO2","raw",410,1.00115293020559,4686.12295266661
"d13CO2","raw",411,1.00120802911748,4661.78235669291
"d13CO2","raw",412,1.00111294030889,4426.23954318894
"d13CO2","raw",413,1.00119317860599,4489.85278503846
"d13CO2","raw",414,1.00120430222528,3884.23961643095
"d13CO2","raw",415,1.0012717328027,4080.65836743516
"d13CO2","raw",416,1.00116183213001,3415.32366184036
"d13CO2","raw",417,1.00116413904584,3699.22195760105
"d13CO2","raw",418,1.00091800244819,4321.9088816968
"d13CO2","raw",419,1.00094799127426,3861.97207290735
"d13CO2","raw",420,1.00084424382134,4147.03637068728
"d13CO2","raw",421,1.0007576860953,3998.87318717835
"d13CO2","raw",422,1.0007148396083,4276.64986337016
"d13CO2","raw",423,1.00044013481677,4090.15505979582
"d13CO2","raw",424,1.00052199360366,4105.73817705999
"d13CO2","raw",425,1.0003890696772,4334.16865518254
"d13CO2","raw",426,1.00043792082622,4171.22508050585
"d13CO2","raw",427,1.00038704385884,4518.4480829689
"d13CO2","raw",428,1.00044115045514,4986.64588706169
"d13CO2","raw",429,1.00048661140808,5463.93619213515
"d13CO2","raw",430,1.00038504509182,5849.24197317468
"d13CO2","raw",431,1.00034163099585,5852.25077775043
"d13CO2","raw",432,1.00035299613211,6438.73190257106
"d13CO2","raw",433,1.00037417052772,6089.72084421492
"d13CO2","raw",434,1.00046786396778,5838.21204273028
"d13CO2","raw",435,1.00049515465801,5621.13988972172
"d13CO2","raw",436,1.0005303453071,5441.27228578873
"d13CO2","raw",437,1.00059366110346,5003.16620018061
"d13CO2","raw",438,1.0007927612141,4460.00597647572
"d13CO2","raw",439,1.00070721385934,4634.8625401975
"d13CO2","raw",440,1.00080166052076,4537.74771427206
"d13CO2","raw",441,1.00082381638987,4697.14107054084
"d13CO2","raw",442,1.00100980356706,4574.29970877206
"d13CO2","raw",443,1.00117851801096,4688.59173268776
"d13CO2","raw",444,1.00148349748752,4491.09908176541
"d13CO2","raw",445,1.00154909601302,4387.50390531452
"d13CO2","raw",446,1.00152887881696,4191.89066862779
"d13CO2","raw",447,1.00159198993807,4647.00777863881
"d13CO2","raw",448,1.00156178074547,4720.68394253178
"d13CO2","raw",449,1.00164977698425,4609.47969835326
"d13CO2","raw",450,1.00163736364701,5030.89756991699
"d13CO2","raw",451,1.00133052592351,5593.89000223814
"d13CO2","raw",452,1.00122718499713,5981.36857850197
"d13CO2","raw",453,1.00107371900349,6377.04901844997
"d13CO2","raw",454,1.00102374752589,6951.28975977903
"d13CO2","raw",455,1.00080801628737,7882.12425090593
"d13CO2","raw",456,1.00073005992489,8283.82813113806
"d13CO2","raw",457,1.00060565334688,8616.4677761754
"d13CO2","raw",458,1.00057851411349,8777.24619724156
"d13CO2","raw",459,1.00055937931793,10240.5592443418
"d13CO2","raw",460,1.00059154609927,9124.23630495342
"d13CO2","raw",461,1.00060169265631,9856.77353680074
"d13CO2","raw",462,1.00069098086137,9750.8586368394
"d13CO2","raw",463,1.00078061086102,9389.42263505921
"d13CO2","raw",464,1.00090600464804,8841.36348198988
"d13CO2","raw",465,1.00101567073227,7987.97350834109
"d13CO2","raw",466,1.00121570844378,7920.5480819017
"d13CO2","raw",467,1.00128812979769,8754.29057042745
"d13CO2","raw",468,1.00134324221101,8721.74806254383
"d13CO2","raw",469,1.00120936781865,9059.26875195317
"d13CO2","raw",470,1.00093603402529,10309.2712043349
"d13CO2","raw",471,1.00080142843712,11302.8587685502
"d13CO2","raw",472,1.00063042730192,11845.8483561521
"d13CO2","raw",473,1.00055666423389,14107.1059766366
"d13CO2","raw",474,1.00057672535176,13994.6202474089
"d13CO2","raw",475,1.00051086239822,14730.5567233338
"d13CO2","raw",476,1.00041528527309,15733.7348487372
"d13CO2","raw",477,1.00044239254373,16248.0823763359
"d13CO2","raw",478,1.00045344507506,16071.8387198148
"d13CO2","raw",479,1.00037978590302,16659.3782971194
"d13CO2","raw",480,1.00033187904979,17009.8737200698
"d13CO2","raw",481,1.00033701516984,16184.2968587191
"d13CO2","raw",482,1.00055587773318,16116.1029587478
"d13CO2","raw",483,1.00045302655478,15519.260250449
"d13CO2","raw",484,1.0004822916798,15729.6548635488
"d13CO2","raw",485,1.00044122204427,14730.9269283355
"d13CO2","raw",486,1.00054437982937,13884.5923645717
"d13CO2","raw",487,1.00047137999048,14130.1547898115
"d13CO2","raw",488,1.00047937129698,14867.1741828364
"d13CO2","raw",489,1.00037417059458,15576.6942458518
"d13CO2","raw",490,1.00032701848364,15323.1900592313
"d13CO2","raw",491,1.00032126663044,16366.6886444265
"d13CO2","raw",492,1.00023212813385,15950.0597243383
"d13CO2","raw",493,1.00019836324907,16779.0386599601
"d13CO2","raw",494,1.00028864140812,16998.1725793786
"d13CO2","raw",495,1.00022672117368,17132.6037022761
"d13CO2","raw",496,1.00020777745398,17976.0709908931
"d13CO2","raw",497,1.00013952054529,18516.4247369557
"d13CO2","raw",498,1.00011104305589,18749.8110220943
"d13CO2","raw",499,1.00014241218052,18712.7225407434
"d13CO2","raw",500,1.00011857890182,18086.6222132586
"d13CO2","raw",501,1.00009263105415,17585.286762082
"d13CO2","raw",502,1.00011697096132,18007.3412134265
"d13CO2","raw",503,1.00027726892507,18705.6863904779
"d13CO2","raw",504,1.00027844560213,18940.148575978
"d13CO2","raw",505,1.00022622321911,19422.4300942755
"d13CO2","raw",506,1.00030140633325,19266.7189756404
"d13CO2","raw",507,1.00018641081719,17721.7802656518
"d13CO2","raw",508,1.00021091647126,17817.1670822966
"d13CO2","raw",509,1.0001368541786,18121.8190888678
"d13CO2","raw",510,1.00019848675064,18676.1681898989
"d13CO2","raw",511,1.0002005104925,18289.5538119824
"d13CO2","raw",512,1.00022345300355,18197.1541113884
"d13CO2","raw",513,1.00014549838377,17727.2528502421
"d13CO2","raw",514,1.00010227654167,18666.7471033024
"d13CO2","raw",515,1.00005998926148,18677.1167671101
"d13CO2","raw",516,1.00010280964117,17820.8887407284
"d13CO2","raw",517,1.00021763168905,18045.4988843253
"d13CO2","raw",518,1.00012124728487,17839.3649903704
"d13CO2","raw",519,1.00016901596203,17048.9865264534
"d13CO2","raw",520,1.00018508911827,17286.0565203389
"d13CO2","raw",521,1.00013993260968,16359.7188668773
"d13CO2","raw",522,1.00025046124845,16809.4373352167
"d13CO2","raw",523,1.0002163771354,16387.2505904723
"d13CO2","raw",524,1.0003250715802,16567.2042938729
"d13CO2","raw",525,1.00038117410879,15471.6362581237
"d13CO2","raw",526,1.00041384257073,14895.8298623752
"d13CO2","raw",527,1.00040687955702,14785.9229451696
"d13CO2","raw",528,1.00030428911637,16418.4432874008
"d13CO2","raw",529,1.00032616797064,16022.4147788492
"d13CO2","raw",530,1.00031841327557,17297.5098488547
"d13CO2","raw",531,1.00022107035385,17219.823776259
"d13CO2","raw",532,1.00019928493562,15963.3499096255
"d13CO2","raw",533,1.0001517637732,16640.6340553354
"d13CO2","raw",534,1.00025701156389,15706.7034830135
"d13CO2","raw",535,1.00019823937995,14828.2378000481
"d13CO2","raw",536,1.00021287969958,14402.1308928089
"d13CO2","raw",537,1.00022645179574,13751.2822372731
"d13CO2","raw",538,1.00038676343378,13726.5029312202
"d13CO2","raw",539,1.00039775790061,12735.0456151972
"d13CO2","raw",540,1.00027160446412,10977.5023873155
"d13CO2","centered",1,1.1855562807607,784.646136770736
"d13CO2","centered",2,1.14559160323423,1096.87515342385
"d13CO2","centered",3,1.11605934729347,1154.50721138372
"d13CO2","centered",4,1.09307057077989,1117.18445514532
"d13CO2","centered",5,1.07397286811596,1178.94460901379
"d13CO2","centered",6,1.06232447832709,1093.30013655002
"d13CO2","centered",7,1.05208136378094,1156.11475790173
"d13CO2","centered",8,1.04538134512471,1141.47045695128
"d13CO2","centered",9,1.03877166938963,1026.755559536
"d13CO2","centered",10,1.03484864480301,1125.85540203093
"d13CO2","centered",11,1.03079531517675,1066.5077164935
"d13CO2","centered",12,1.0284390032271,1042.65859159119
"d13CO2","centered",13,1.02610699999814,966.418854230556
"d13CO2","centered",14,1.02384252850641,964.156711173302
"d13CO2","centered",15,1.02228485578657,918.129116366833
"d13CO2","centered",16,1.020017727108,961.017858105256
"d13CO2","centered",17,1.01695340466549,961.950482303102
"d13CO2","centered",18,1.01496862931724,931.336163755438
"d13CO2","centered",19,1.01306146831618,1018.35357574701
"d13CO2","centered",20,1.0112923651443,1086.35046718985
"d13CO2","centered",21,1.00988082274372,1218.86439189518
"d13CO2","centered",22,1.0094124902569,1354.51056103842
"d13CO2","centered",23,1.00880744904119,1474.33128373448
"d13CO2","centered",24,1.00750857282456,1542.82482986904
"d13CO2","centered",25,1.00715774520065,1687.62393975222
"d13CO2","centered",26,1.00635459946395,1782.3519412721
"d13CO2","centered",27,1.00537587503929,2043.65521235472
"d13CO2","centered",28,1.00435479310183,1944.03498335391
"d13CO2","centered",29,1.00383205554204,2138.49958722378
"d13CO2","centered",30,1.00419146216631,2267.04503339533
"d13CO2","centered",31,1.00358314091182,2301.89021592618
"d13CO2","centered",32,1.00334592858761,2410.91254490342
"d13CO2","centered",33,1.0028055168251,2734.7646539181
"d13CO2","centered",34,1.0027381663942,2576.84706574158
"d13CO2","centered",35,1.00246650131666,2889.68536595861
"d13CO2","centered",36,1.00217764662481,3307.09715635404
"d13CO2","centered",37,1.00219298257785,3458.47103873359
"d13CO2","centered",38,1.00243375204858,3555.88798426038
"d13CO2","centered",39,1.00238101075028,3593.83017352808
"d13CO2","centered",40,1.00229590719078,3519.70655388581
"d13CO2","centered",41,1.00217737004765,3327.26520627786
"d13CO2","centered",42,1.00201165657065,3177.57057779755
"d13CO2","centered",43,1.00198444333521,3132.60105830506
"d13CO2","centered",44,1.00238670239766,2960.98550203107
"d13CO2","centered",45,1.00219275532665,3067.94413422719
"d13CO2","centered",46,1.00216213663049,2971.13734161342
"d13CO2","centered",47,1.00218782693262,3017.9219306996
"d13CO2","centered",48,1.00153455421692,3140.78393036269
"d13CO2","centered",49,1.00159634279061,3142.28253198751
"d13CO2","centered",50,1.00168852603674,3249.50409482588
"d13CO2","centered",51,1.00116709424758,3127.12720425442
"d13CO2","centered",52,1.00118133383808,3388.58445291385
"d13CO2","centered",53,1.00116230380606,3450.60050733468
"d13CO2","centered",54,1.0009170206043,3614.72687712245
"d13CO2","centered",55,1.00101300122694,3875.54671010306
"d13CO2","centered",56,1.00098573579811,3764.31604369736
"d13CO2","centered",57,1.0009810197546,3880.75998615554
"d13CO2","centered",58,1.00090825891046,3984.29233653185
"d13CO2","centered",59,1.00066661425577,4200.62383556881
"d13CO2","centered",60,1.00049485339832,4281.71234110956
"d13CO2","centered",61,1.00035387703363,4492.32550171512
"d13CO2","centered",62,1.00025149926976,4891.35294525417
"d13CO2","centered",63,1.00026110471304,4741.39025621673
"d13CO2","centered",64,1.00031487262432,4678.57512313407
"d13CO2","centered",65,1.00027003919549,4793.7073709551
"d13CO2","centered",66,1.00023261220753,4682.23646649588
"d13CO2","centered",67,1.00037755519918,4533.52807037636
"d13CO2","centered",68,1.00026670438069,4302.04572126236
"d13CO2","centered",69,1.00026132529801,4227.17765343152
"d13CO2","centered",70,1.00035654858083,4254.9699966339
"d13CO2","centered",71,1.00034949598855,4087.10472227702
"d13CO2","centered",72,1.00042962616797,4246.31234810454
"d13CO2","centered",73,1.00039216030185,4423.98432066711
"d13CO2","centered",74,1.00037690362197,4490.74662219549
"d13CO2","centered",75,1.00033111943736,4621.85380286319
"d13CO2","centered",76,1.00043503913222,4754.17903372071
"d13CO2","centered",77,1.00028127381248,4855.61409561408
"d13CO2","centered",78,1.00050136423788,4846.82034719016
"d13CO2","centered",79,1.00055377258003,5417.1068452255
"d13CO2","centered",80,1.0002856386123,5235.3957383574
"d13CO2","centered",81,1.00034467965602,4894.71199074182
"d13CO2","centered",82,1.00036015847351,4921.36661797212
"d13CO2","centered",83,1.00070381828786,4987.84268761233
"d13CO2","centered",84,1.00079211272606,4851.47532529719
"d13CO2","centered",85,1.00079516484347,4796.58902163718
"d13CO2","centered",86,1.00071969796666,4361.73711690598
"d13CO2","centered",87,1.00063479185894,4169.38439668721
"d13CO2","centered",88,1.00061974835848,3980.78851983236
"d13CO2","centered",89,1.00064226438571,3907.07979491923
"d13CO2","centered",90,1.00077300943132,3678.86001441842
"d13CO2","centered",91,1.00085555682004,3417.07635193401
"d13CO2","centered",92,1.00104764495019,3189.79441092189
"d13CO2","centered",93,1.00090967941237,3040.2443232456
"d13CO2","centered",94,1.00126828167176,2683.97802720207
"d13CO2","centered",95,1.00130277021677,2599.95799927055
"d13CO2","centered",96,1.00133735462857,2089.02674079813
"d13CO2","centered",97,1.00119330034303,2173.86632818921
"d13CO2","centered",98,1.0015945702482,2004.24813619314
"d13CO2","centered",99,1.00197765155049,2040.53123624041
"d13CO2","centered",100,1.00205075500361,1865.85417710623
"d13CO2","centered",101,1.0024463483378,1793.79339663733
"d13CO2","centered",102,1.00290973188996,1499.23386841596
"d13CO2","centered",103,1.00356946725145,1260.70460522359
"d13CO2","centered",104,1.00410790489492,1221.61416928014
"d13CO2","centered",105,1.00476788245521,1074.96616957065
"d13CO2","centered",106,1.00591885336402,1028.63438713612
"d13CO2","centered",107,1.00632395362666,944.162720605195
"d13CO2","centered",108,1.00758232299175,899.037489672924
"d13CO2","centered",109,1.00716888060319,884.108649687307
"d13CO2","centered",110,1.00677753606525,916.122229494568
"d13CO2","centered",111,1.00741794674825,903.581252531865
"d13CO2","centered",112,1.00687547731787,876.13796793835
"d13CO2","centered",113,1.00649232449214,953.736317527856
"d13CO2","centered",114,1.00537712906902,1067.16866564237
"d13CO2","centered",115,1.00466499550705,1114.52003087723
"d13CO2","centered",116,1.00442692240298,1203.56308205174
"d13CO2","centered",117,1.00416888267824,1332.09384334108
"d13CO2","centered",118,1.00435739220177,1412.93216683032
"d13CO2","centered",119,1.00394601199409,1642.19751729849
"d13CO2","centered",120,1.0034765024065,1876.8125914051
"d13CO2","centered",121,1.00304678062739,1931.76463695466
"d13CO2","centered",122,1.00270818077846,2645.29989058929
"d13CO2","centered",123,1.00208107262232,3014.57591120092
"d13CO2","centered",124,1.00203102137805,3660.6475620121
"d13CO2","centered",125,1.00177754193312,4126.58161206939
"d13CO2","centered",126,1.00158649888755,4905.24187004242
"d13CO2","centered",127,1.00169162416868,5399.64475699507
"d13CO2","centered",128,1.0012525015102,6017.93258120599
"d13CO2","centered",129,1.00129349424774,6161.78043361453
"d13CO2","centered",130,1.00106150040401,6796.82324748456
"d13CO2","centered",131,1.00104038812763,7250.35681833409
"d13CO2","centered",132,1.00099060562977,8623.0133000446
"d13CO2","centered",133,1.00082895340062,9008.02775280306
"d13CO2","centered",134,1.00057361180007,10027.6121360267
"d13CO2","centered",135,1.00032011479465,9270.66344515664
"d13CO2","centered",136,1.00023164762167,9748.76827356698
"d13CO2","centered",137,1.00021957694218,9736.77393297616
"d13CO2","centered",138,1.00020532174543,10573.0710882372
"d13CO2","centered",139,1.00046540739503,10026.8575576772
"d13CO2","centered",140,1.00021131498723,9246.73604978939
"d13CO2","centered",141,1.00012976600204,8245.67550939266
"d13CO2","centered",142,1.00018301907499,8374.45838716532
"d13CO2","centered",143,1.00025763212437,8080.04125618585
"d13CO2","centered",144,1.00064296805149,8342.25047260055
"d13CO2","centered",145,1.00033050073089,7853.8643949807
"d13CO2","centered",146,1.00028408442137,8154.55908430062
"d13CO2","centered",147,1.00013593502616,8258.5016968626
"d13CO2","centered",148,1.00004517803921,7856.20025151952
"d13CO2","centered",149,1.00010244121103,7190.51197634343
"d13CO2","centered",150,1.00013671343948,6603.98123131408
"d13CO2","centered",151,1.00031841342049,6242.28493856408
"d13CO2","centered",152,1.00032688811438,5820.43955030891
"d13CO2","centered",153,1.00043508517949,5139.20692675566
"d13CO2","centered",154,1.00044572259298,4860.68272241214
"d13CO2","centered",155,1.00054396872105,4218.76252784554
"d13CO2","centered",156,1.00081255386596,3565.21413349551
"d13CO2","centered",157,1.0007376225032,3543.59255968943
"d13CO2","centered",158,1.00081334385469,3537.11701181442
"d13CO2","centered",159,1.00076208653941,3338.5448605109
"d13CO2","centered",160,1.00083035241151,2962.81486355953
"d13CO2","centered",161,1.00090706454187,2926.60296665219
"d13CO2","centered",162,1.00094196717495,2819.43710774111
"d13CO2","centered",163,1.001028487867,2960.91984876709
"d13CO2","centered",164,1.00109015101767,3006.3237651338
"d13CO2","centered",165,1.0010948024793,3178.95859771169
"d13CO2","centered",166,1.00145227933409,3237.29110920368
"d13CO2","centered",167,1.00123539705597,3634.35376901244
"d13CO2","centered",168,1.00147570101638,3584.76328135063
"d13CO2","centered",169,1.00134582732748,4108.78176464193
"d13CO2","centered",170,1.00150298841554,4285.53062782379
"d13CO2","centered",171,1.00129258837857,4941.25138297569
"d13CO2","centered",172,1.00093829024499,5451.98468961071
"d13CO2","centered",173,1.00099849799434,5540.78375158968
"d13CO2","centered",174,1.00085675941424,6343.64549392944
"d13CO2","centered",175,1.00123204461347,7565.95642920119
"d13CO2","centered",176,1.00107976943408,7825.53292325802
"d13CO2","centered",177,1.00079707100904,8337.89762027488
"d13CO2","centered",178,1.00082132809727,8037.3341924713
"d13CO2","centered",179,1.0007913882279,7736.39533014638
"d13CO2","centered",180,1.00080553233937,8206.17743714189
"d13CO2","centered",181,1.00101606461417,8019.63152075319
"d13CO2","centered",182,1.00089167439402,7147.12405559204
"d13CO2","centered",183,1.00077570589048,8921.52147716721
"d13CO2","centered",184,1.00093584584133,8307.12216135084
"d13CO2","centered",185,1.00098665888844,8495.02761212729
"d13CO2","centered",186,1.00075736330957,8563.17823426887
"d13CO2","centered",187,1.00086088265958,7995.53191937947
"d13CO2","centered",188,1.00110471289428,7976.46228182478
"d13CO2","centered",189,1.00088664621577,8017.67702057628
"d13CO2","centered",190,1.00081031939408,8580.21144519728
"d13CO2","centered",191,1.000498423187,9025.75113128249
"d13CO2","centered",192,1.00052499956431,8850.76130649544
"d13CO2","centered",193,1.00031645759443,9049.68559004671
"d13CO2","centered",194,1.00036898057163,8939.47759882343
"d13CO2","centered",195,1.00045412126967,8528.33652681446
"d13CO2","centered",196,1.00030379525577,8290.48646994484
"d13CO2","centered",197,1.00043387912698,8002.31769696517
"d13CO2","centered",198,1.00045117880548,7525.17028259493
"d13CO2","centered",199,1.00039906330485,7118.83791976225
"d13CO2","centered",200,1.00030129541478,7065.84679284866
"d13CO2","centered",201,1.00040189541976,5812.63424810395
"d13CO2","centered",202,1.00053732786358,5803.68077576761
"d13CO2","centered",203,1.00053609796472,5879.32482589208
"d13CO2","centered",204,1.00047203729208,5362.17245032976
"d13CO2","centered",205,1.00033678265811,4584.11825218051
"d13CO2","centered",206,1.00054685688256,4031.27119375514
"d13CO2","centered",207,1.00087972049241,3862.13130181762
"d13CO2","centered",208,1.0007566424672,3518.5496526771
"d13CO2","centered",209,1.00080291718076,3185.81165415695
"d13CO2","centered",210,1.00102882314388,3291.21292125975
"d13CO2","centered",211,1.00129826386687,3343.39850657817
"d13CO2","centered",212,1.00145624083729,3073.31829444165
"d13CO2","centered",213,1.0016243846319,3033.0351226315
"d13CO2","centered",214,1.00154354114939,3103.33422339658
"d13CO2","centered",215,1.00179610511126,2909.57001268749
"d13CO2","centered",216,1.00181433929076,2880.83785785171
"d13CO2","centered",217,1.00167682977569,2948.76456922919
"d13CO2","centered",218,1.00148819009336,3062.31426515421
"d13CO2","centered",219,1.00156311905216,3204.70877286422
"d13CO2","centered",220,1.00166751204069,3332.5328616789
"d13CO2","centered",221,1.00151388101122,3681.72575102712
"d13CO2","centered",222,1.00116407696254,3871.33955946251
"d13CO2","centered",223,1.00143394172133,3916.78970139979
"d13CO2","centered",224,1.00141232921702,4024.97478485871
"d13CO2","centered",225,1.00105813911101,3824.17347475656
"d13CO2","centered",226,1.00091342223066,4010.80158431946
"d13CO2","centered",227,1.00073845130121,4172.25251084532
"d13CO2","centered",228,1.00068429686706,4151.46506166463
"d13CO2","centered",229,1.00058128716978,4048.96247776639
"d13CO2","centered",230,1.00047208343038,3959.61252933384
"d13CO2","centered",231,1.00054572305954,3767.93593851154
"d13CO2","centered",232,1.00072436945878,3307.72510055625
"d13CO2","centered",233,1.00095852360105,3058.03228911464
"d13CO2","centered",234,1.00098694109837,2732.15099840551
"d13CO2","centered",235,1.0011974226424,2492.38028143504
"d13CO2","centered",236,1.00143967087061,2377.76755075755
"d13CO2","centered",237,1.00186292196032,2619.67664064236
"d13CO2","centered",238,1.00195349585615,2971.87877390588
"d13CO2","centered",239,1.00146841021786,3344.17143963028
"d13CO2","centered",240,1.00130561522817,3483.0389502939
"d13CO2","centered",241,1.00087677486572,3963.07727992506
"d13CO2","centered",242,1.00076881584492,4329.62942034832
"d13CO2","centered",243,1.00071701759103,4152.48656543872
"d13CO2","centered",244,1.00079078633248,4006.96749975561
"d13CO2","centered",245,1.00053920948254,4471.58845731047
"d13CO2","centered",246,1.00053370163783,4130.48434415937
"d13CO2","centered",247,1.00058454514631,4190.99200652874
"d13CO2","centered",248,1.00065396266414,4211.81799612729
"d13CO2","centered",249,1.00057724572003,4019.5385800818
"d13CO2","centered",250,1.00088012312672,4115.20105136334
"d13CO2","centered",251,1.0006938790948,4165.14148321082
"d13CO2","centered",252,1.00071823677201,4092.01687603646
"d13CO2","centered",253,1.00062627378736,4281.74929076792
"d13CO2","centered",254,1.00066250234787,4432.15540618522
"d13CO2","centered",255,1.00067758263055,4364.05822145437
"d13CO2","centered",256,1.00085504466383,4252.98068251208
"d13CO2","centered",257,1.00072341660836,4000.74646461296
"d13CO2","centered",258,1.0010833181843,3847.13535660618
"d13CO2","centered",259,1.00089440204006,3852.09060496591
"d13CO2","centered",260,1.00097097232893,3703.63613971512
"d13CO2","centered",261,1.00101927875404,3621.51223837143
"d13CO2","centered",262,1.00099116430868,3291.17695665744
"d13CO2","centered",263,1.00093147803899,3533.68114566836
"d13CO2","centered",264,1.00082346477046,4046.52673369846
"d13CO2","centered",265,1.00087820138199,4274.06898824216
"d13CO2","centered",266,1.00104313540037,4524.03568990893
"d13CO2","centered",267,1.00122417050366,4594.91229140762
"d13CO2","centered",268,1.00073248022969,4979.52621764263
"d13CO2","centered",269,1.00103784397269,5134.55752352829
"d13CO2","centered",270,1.00103030724393,5514.1299737133
"d13CO2","centered",271,1.00110701337163,5618.57681172113
"d13CO2","centered",272,1.00100245943946,5716.24115719012
"d13CO2","centered",273,1.00105422813813,5984.0726168294
"d13CO2","centered",274,1.0013283997543,6346.25765034314
"d13CO2","centered",275,1.00103377662347,6444.67119666595
"d13CO2","centered",276,1.00084905445309,6120.60863595557
"d13CO2","centered",277,1.00082818463965,6023.46681206899
"d13CO2","centered",278,1.00090489994838,5993.33253672362
"d13CO2","centered",279,1.00071390649068,5828.97662381156
"d13CO2","centered",280,1.00117248005445,5476.23842939477
"d13CO2","centered",281,1.0007941608879,4875.43669304465
"d13CO2","centered",282,1.00106902348582,4823.25580989546
"d13CO2","centered",283,1.00118032845937,4407.83950411818
"d13CO2","centered",284,1.00116159642863,3711.3002065368
"d13CO2","centered",285,1.00130046218961,3375.58457899848
"d13CO2","centered",286,1.00112276958983,2712.92592048409
"d13CO2","centered",287,1.00136241793344,2173.34470689674
"d13CO2","centered",288,1.0022043773949,1772.33651003592
"d13CO2","centered",289,1.00267140550122,1622.17407664166
"d13CO2","centered",290,1.00245947998649,1560.35705563294
"d13CO2","centered",291,1.00264273016336,1531.57310480203
"d13CO2","centered",292,1.00264463200574,1557.73978826132
"d13CO2","centered",293,1.0024128159724,1669.46995655456
"d13CO2","centered",294,1.00258919160221,1865.95381901172
"d13CO2","centered",295,1.00203116866219,2048.01625346308
"d13CO2","centered",296,1.00208676115694,2303.34811381022
"d13CO2","centered",297,1.00186856840903,2731.74271650339
"d13CO2","centered",298,1.00158737777168,2898.24591310503
"d13CO2","centered",299,1.00109153236459,3456.28678087797
"d13CO2","centered",300,1.00101341311023,3297.55901995095
"d13CO2","centered",301,1.00146830063073,3506.63910236091
"d13CO2","centered",302,1.00146467498024,3772.37314540007
"d13CO2","centered",303,1.00101131230779,4228.07749175244
"d13CO2","centered",304,1.00139962756169,4511.16168938354
"d13CO2","centered",305,1.00144932569117,4665.53634620681
"d13CO2","centered",306,1.00080471960948,4825.51462722375
"d13CO2","centered",307,1.00089239243077,5133.19889940053
"d13CO2","centered",308,1.00094659614587,5142.8258910473
"d13CO2","centered",309,1.00069254896635,5376.04817567516
"d13CO2","centered",310,1.00063337761087,5536.95432546224
"d13CO2","centered",311,1.00063301828472,5814.30940615988
"d13CO2","centered",312,1.00051113754935,6250.68858895168
"d13CO2","centered",313,1.00021173629277,7017.51234200717
"d13CO2","centered",314,1.00005635303748,7273.70096043112
"d13CO2","centered",315,1.00016809832688,8149.86301825217
"d13CO2","centered",316,1.00028907121329,8732.69722101751
"d13CO2","centered",317,1.00042406829142,8931.31889039684
"d13CO2","centered",318,1.00042142135263,8700.20329259498
"d13CO2","centered",319,1.0003445954038,9413.85047395148
"d13CO2","centered",320,1.00033427931543,10443.8946337596
"d13CO2","centered",321,1.00023554255238,9971.98611313678
"d13CO2","centered",322,1.00048607860627,10063.8868410875
"d13CO2","centered",323,1.00049446599109,8892.53261637481
"d13CO2","centered",324,1.00035060808377,8553.33930606387
"d13CO2","centered",325,1.00034406034981,8741.22061924659
"d13CO2","centered",326,1.00042876498023,7919.95393693311
"d13CO2","centered",327,1.00034429212452,7365.09593080388
"d13CO2","centered",328,1.00053963732152,6214.81255340515
"d13CO2","centered",329,1.00075470991158,5899.68292454269
"d13CO2","centered",330,1.00090194864262,5362.99661952579
"d13CO2","centered",331,1.00108521144108,4652.51530712784
"d13CO2","centered",332,1.00100882232682,4010.05476124726
"d13CO2","centered",333,1.00147211292643,3184.40641279514
"d13CO2","centered",334,1.00167553454828,2625.58644449056
"d13CO2","centered",335,1.00171231743754,1993.02101766572
"d13CO2","centered",336,1.00197324724392,1711.08172710771
"d13CO2","centered",337,1.00281246665645,1313.7265859309
"d13CO2","centered",338,1.00354509646213,1053.65947085155
"d13CO2","centered",339,1.00449637591186,899.374906917216
"d13CO2","centered",340,1.00379474502764,1128.81212392771
"d13CO2","centered",341,1.00288036040863,1243.7675927481
"d13CO2","centered",342,1.00249957779271,1471.0412174332
"d13CO2","centered",343,1.00287678500481,1678.37304834365
"d13CO2","centered",344,1.00277561211717,1717.27710823577
"d13CO2","centered",345,1.00269018929067,1693.8366156328
"d13CO2","centered",346,1.00350357624294,1599.15618072316
"d13CO2","centered",347,1.0035117364747,1554.97113139068
"d13CO2","centered",348,1.00350342859837,1672.04326962026
"d13CO2","centered",349,1.00402498089771,1560.58630791974
"d13CO2","centered",350,1.00370036773092,1573.41006616216
"d13CO2","centered",351,1.00432952970341,1427.03033491077
"d13CO2","centered",352,1.00460735127383,1378.91297086158
"d13CO2","centered",353,1.00495864141868,1329.63015740969
"d13CO2","centered",354,1.00485647859174,1196.69404964517
"d13CO2","centered",355,1.00548137494253,1043.29443256432
"d13CO2","centered",356,1.00696281494524,856.738087328048
"d13CO2","centered",357,1.00739225332661,887.049276451509
"d13CO2","centered",358,1.00688972841894,869.658997947039
"d13CO2","centered",359,1.00647040767999,994.468901360487
"d13CO2","centered",360,1.00532410375944,1229.96985821546
"d13CO2","centered",361,1.00466910012804,1395.28397623823
"d13CO2","centered",362,1.00427821549369,1405.54584444441
"d13CO2","centered",363,1.00423781548776,1523.26081744038
"d13CO2","centered",364,1.00433726436302,1634.97472712061
"d13CO2","centered",365,1.00469995623688,1686.52779426629
"d13CO2","centered",366,1.00415794125328,1911.79207114191
"d13CO2","centered",367,1.00438130539125,1953.67832896361
"d13CO2","centered",368,1.00471236512623,2122.62462724373
"d13CO2","centered",369,1.00445549023986,2153.73918706788
"d13CO2","centered",370,1.00456068138532,2100.82388425833
"d13CO2","centered",371,1.00420144381928,1975.95634918465
"d13CO2","centered",372,1.00468354686154,2038.41004076401
"d13CO2","centered",373,1.00466422393226,2134.8948639332
"d13CO2","centered",374,1.00472024171873,2060.98175946497
"d13CO2","centered",375,1.00475645949304,1869.32852834703
"d13CO2","centered",376,1.00402861841829,1811.43248922799
"d13CO2","centered",377,1.00414817811794,1807.11884085089
"d13CO2","centered",378,1.00444416788771,1694.69835439438
"d13CO2","centered",379,1.00427415495213,1682.01175319889
"d13CO2","centered",380,1.00322896061057,1692.42779004964
"d13CO2","centered",381,1.0031358210205,1476.43787499734
"d13CO2","centered",382,1.00285987319891,1379.31766093842
"d13CO2","centered",383,1.00287466698591,1510.58618714531
"d13CO2","centered",384,1.00323502738249,1632.84297122235
"d13CO2","centered",385,1.00342805035452,1703.39547198404
"d13CO2","centered",386,1.00253432443269,1848.99226165498
"d13CO2","centered",387,1.00265302130575,2003.02969046161
"d13CO2","centered",388,1.00238333792009,2282.03477678917
"d13CO2","centered",389,1.00230465166983,2461.40688539329
"d13CO2","centered",390,1.0025267201691,2575.63471417985
"d13CO2","centered",391,1.00263024007482,2622.6182492172
"d13CO2","centered",392,1.00241840597702,2577.84164589051
"d13CO2","centered",393,1.00272777120117,2450.85364539569
"d13CO2","centered",394,1.0024363653638,2195.43214817834
"d13CO2","centered",395,1.00272055719547,2200.40825399436
"d13CO2","centered",396,1.00269883361578,2162.89884651042
"d13CO2","centered",397,1.00292078914422,1933.29274280105
"d13CO2","centered",398,1.00304027742622,1968.4508392608
"d13CO2","centered",399,1.00351822445461,1881.37131294056
"d13CO2","centered",400,1.00329590113269,1781.06719043466
"d13CO2","centered",401,1.00399755429057,1621.38533329949
"d13CO2","centered",402,1.00428816473947,1724.78350794655
"d13CO2","centered",403,1.00457018089391,1604.61502916858
"d13CO2","centered",404,1.00496012194344,1529.6008150951
"d13CO2","centered",405,1.0048552034709,1476.52145809004
"d13CO2","centered",406,1.00493340963879,1569.40459181522
"d13CO2","centered",407,1.0046054977913,1509.2813186533
"d13CO2","centered",408,1.00485487585762,1504.2184528516
"d13CO2","centered",409,1.00520777506265,1501.75451224084
"d13CO2","centered",410,1.00507156638466,1508.03954689615
"d13CO2","centered",411,1.0053176194437,1398.24586049721
"d13CO2","centered",412,1.0048198555962,1332.15302018402
"d13CO2","centered",413,1.00530996008379,1318.54424589039
"d13CO2","centered",414,1.00523128242645,1295.04826245189
"d13CO2","centered",415,1.00564659496928,1198.46889548361
"d13CO2","centered",416,1.00518965642471,1192.2135181248
"d13CO2","centered",417,1.00500608289153,1078.68256012447
"d13CO2","centered",418,1.00407585925198,1277.86697617903
"d13CO2","centered",419,1.00436544467465,1262.97236956485
"d13CO2","centered",420,1.00376815512686,1339.33536090666
"d13CO2","centered",421,1.00343058761466,1383.72579670707
"d13CO2","centered",422,1.00327973879913,1480.51071742341
"d13CO2","centered",423,1.00235229514527,1472.99701417592
"d13CO2","centered",424,1.00259349988581,1494.85849148309
"d13CO2","centered",425,1.00197973960789,1585.26635120325
"d13CO2","centered",426,1.00223199282846,1497.0396706215
"d13CO2","centered",427,1.00191684952338,1460.92227774898
"d13CO2","centered",428,1.00201407755429,1622.22539579395
"d13CO2","centered",429,1.00224038272126,1573.33534768112
"d13CO2","centered",430,1.0016700712008,1817.55477677274
"d13CO2","centered",431,1.00144697617974,1704.72013848611
"d13CO2","centered",432,1.00147382304779,1694.12916269448
"d13CO2","centered",433,1.00155093422107,1780.98724666153
"d13CO2","centered",434,1.00178177169883,1686.09036223306
"d13CO2","centered",435,1.00205025725919,1671.77598342295
"d13CO2","centered",436,1.00216095695028,1566.43887128119
"d13CO2","centered",437,1.00241475998623,1489.63957447561
"d13CO2","centered",438,1.00331520354207,1355.60971347946
"d13CO2","centered",439,1.00311780725386,1240.150666435
"d13CO2","centered",440,1.00330346040761,1228.48529925852
"d13CO2","centered",441,1.0034114761761,1294.39718067098
"d13CO2","centered",442,1.0041183221737,1240.84768675575
"d13CO2","centered",443,1.0048893241133,1209.24149412227
"d13CO2","centered",444,1.00624050193793,1157.75016266902
"d13CO2","centered",445,1.00639706578676,1204.90056419324
"d13CO2","centered",446,1.00608757410855,1157.96306920662
"d13CO2","centered",447,1.00620378996724,1240.02044781698
"d13CO2","centered",448,1.00600069947072,1264.67501958786
"d13CO2","centered",449,1.0065265698925,1379.19820723079
"d13CO2","centered",450,1.00659402285637,1294.21969393905
"d13CO2","centered",451,1.0053428306578,1468.19073586574
"d13CO2","centered",452,1.00456545628291,1556.31961868409
"d13CO2","centered",453,1.00389104676537,1855.94470126877
"d13CO2","centered",454,1.00357132037257,2036.99734447675
"d13CO2","centered",455,1.00292877630454,2073.83766614638
"d13CO2","centered",456,1.00257246789324,2253.83899416938
"d13CO2","centered",457,1.00211944231934,2447.51656428487
"d13CO2","centered",458,1.00212869854859,2663.65079516363
"d13CO2","centered",459,1.00187770284087,2648.40783258347
"d13CO2","centered",460,1.00207600379699,2584.51859981525
"d13CO2","centered",461,1.00196067843518,2684.55686894895
"d13CO2","centered",462,1.0022508473029,2433.90506008945
"d13CO2","centered",463,1.00272007113059,2114.24482539047
"d13CO2","centered",464,1.00336386733942,1933.46425271256
"d13CO2","centered",465,1.00379354872901,1835.63266379137
"d13CO2","centered",466,1.0046366706819,1746.11103487153
"d13CO2","centered",467,1.0050515885575,1659.69655833148
"d13CO2","centered",468,1.00552383248788,1736.76577911036
"d13CO2","centered",469,1.00488207018775,1755.69644833363
"d13CO2","centered",470,1.00387858524048,1915.44095630643
"d13CO2","centered",471,1.00364558384963,1968.57359746151
"d13CO2","centered",472,1.00297681848275,2033.9678037384
"d13CO2","centered",473,1.00281971213914,2069.05694102676
"d13CO2","centered",474,1.0026858861978,1972.94409406717
"d13CO2","centered",475,1.0022853158724,2209.67134132715
"d13CO2","centered",476,1.0018500674683,2381.46424509552
"d13CO2","centered",477,1.00194674327076,2400.69260888241
"d13CO2","centered",478,1.00197041258429,2253.5624714692
"d13CO2","centered",479,1.00164494592305,2139.89517938721
"d13CO2","centered",480,1.00151918344892,2554.44236500389
"d13CO2","centered",481,1.00182780205538,2234.54528057225
"d13CO2","centered",482,1.00338752818755,2090.52762765883
"d13CO2","centered",483,1.00275441739564,1858.63608005527
"d13CO2","centered",484,1.0033159822111,1630.50703700619
"d13CO2","centered",485,1.0029153342392,1781.04925767805
"d13CO2","centered",486,1.00403505658331,1554.90176323007
"d13CO2","centered",487,1.00342026528152,1563.84872593759
"d13CO2","centered",488,1.00328221928475,1697.13988291839
"d13CO2","centered",489,1.00272851183062,1790.50583280294
"d13CO2","centered",490,1.0024912765927,1795.02283421964
"d13CO2","centered",491,1.00246624792095,1969.93707435544
"d13CO2","centered",492,1.00169947720845,1879.28277978445
"d13CO2","centered",493,1.0014763489059,1920.00308411668
"d13CO2","centered",494,1.00172287457415,1921.18626602911
"d13CO2","centered",495,1.00154718479267,2086.70075595424
"d13CO2","centered",496,1.00125834754516,2229.9041684511
"d13CO2","centered",497,1.00117375223692,2022.45103968389
"d13CO2","centered",498,1.00099000969848,2198.15516684748
"d13CO2","centered",499,1.00154199999731,2137.5773109764
"d13CO2","centered",500,1.0013964276608,2280.0392001855
"d13CO2","centered",501,1.00103038447699,2262.30881774819
"d13CO2","centered",502,1.00129194734776,2113.26009521875
"d13CO2","centered",503,1.00218109285648,2220.48209324287
"d13CO2","centered",504,1.00191620928451,2126.36429304287
"d13CO2","centered",505,1.00176947265167,1954.81232328734
"d13CO2","centered",506,1.00257390782957,1915.3103670029
"d13CO2","centered",507,1.00186665173827,2187.20970935021
"d13CO2","centered",508,1.00168543522897,2388.45945432409
"d13CO2","centered",509,1.00106574855628,2492.22680054938
"d13CO2","centered",510,1.00103185498025,2325.44754111502
"d13CO2","centered",511,1.00142170374607,2035.25793364276
"d13CO2","centered",512,1.00149745846463,2079.67732209685
"d13CO2","centered",513,1.00094774233931,2166.65897100093
"d13CO2","centered",514,1.00068183903006,2030.99949836645
"d13CO2","centered",515,1.00057548911596,2469.17008764767
"d13CO2","centered",516,1.00073630210661,2039.38146594331
"d13CO2","centered",517,1.00105020109274,2367.8698805043
"d13CO2","centered",518,1.00053087640062,2199.69077208421
"d13CO2","centered",519,1.00072133213441,2315.70426552774
"d13CO2","centered",520,1.00088281158081,2026.47130551969
"d13CO2","centered",521,1.00063041837591,2415.35512242744
"d13CO2","centered",522,1.00107904554725,2501.02476808143
"d13CO2","centered",523,1.00118004246101,2358.28120243903
"d13CO2","centered",524,1.00196486987976,2384.98754538702
"d13CO2","centered",525,1.0024583770926,2180.70901582575
"d13CO2","centered",526,1.00256318008915,1845.66614966745
"d13CO2","centered",527,1.00270413923968,1931.75332119907
"d13CO2","centered",528,1.0024246831913,2112.82673781346
"d13CO2","centered",529,1.0022740397995,2250.68489908999
"d13CO2","centered",530,1.00248396402989,2264.51126190339
"d13CO2","centered",531,1.00178295735896,2131.19225605981
"d13CO2","centered",532,1.00182461717722,1936.02236217548
"d13CO2","centered",533,1.0013948382008,2006.40461522309
"d13CO2","centered",534,1.00211950305469,1539.41259522179
"d13CO2","centered",535,1.00204326065436,1431.63763347579
"d13CO2","centered",536,1.00214260665147,1459.75130586039
"d13CO2","centered",537,1.002025241977,1299.22814032081
"d13CO2","centered",538,1.00297388822061,1286.62669149
"d13CO2","centered",539,1.00308345133564,1425.49725842144
"d13CO2","centered",540,1.00233560924986,1586.92376801221
"d13CO2","first_difference",1,1.02595001819518,6971.76971449258
"d13CO2","first_difference",2,1.01190534737697,17045.2526800825
"d13CO2","first_difference",3,1.00735593259251,19476.7615977679
"d13CO2","first_difference",4,1.00559739052761,20081.3211426753
"d13CO2","first_difference",5,1.00248808940907,20384.1967092709
"d13CO2","first_difference",6,1.00235907950587,20371.4994109483
"d13CO2","first_difference",7,1.001306901078,18823.7041138084
"d13CO2","first_difference",8,1.00151704226188,20334.3652808174
"d13CO2","first_difference",9,1.00060220409343,19986.7566762489
"d13CO2","first_difference",10,1.00087991752979,18095.8435280711
"d13CO2","first_difference",11,1.0001912922492,18578.2527702154
"d13CO2","first_difference",12,1.00019339574479,18392.5717135318
"d13CO2","first_difference",13,1.00017524083867,18265.0676546181
"d13CO2","first_difference",14,1.00107416198679,15110.8070174889
"d13CO2","first_difference",15,1.00049072339746,17167.8355167671
"d13CO2","first_difference",16,1.00080554900522,14961.6375970881
"d13CO2","first_difference",17,1.00033545380718,15531.0880943026
"d13CO2","first_difference",18,1.00018819412778,17445.532126708
"d13CO2","first_difference",19,1.00028088260674,18785.5519816348
"d13CO2","first_difference",20,1.00011505030901,19781.9709688719
"d13CO2","first_difference",21,0.999957204676412,20055.4723874194
"d13CO2","first_difference",22,1.00008366328403,20678.4488278254
"d13CO2","first_difference",23,1.00032860529373,21524.3840863224
"d13CO2","first_difference",24,1.00005656669698,22824.4713569042
"d13CO2","first_difference",25,1.00016689319022,22345.3963741621
"d13CO2","first_difference",26,1.0000147687971,22575.7892357654
"d13CO2","first_difference",27,1.00014716097555,21722.9390279008
"d13CO2","first_difference",28,1.00017828922983,24000
"d13CO2","first_difference",29,1.00004808270377,22442.3764459259
"d13CO2","first_difference",30,1.00014023404194,23669.6417176591
"d13CO2","first_difference",31,1.00017917960599,23052.8796775261
"d13CO2","first_difference",32,0.999975700879306,23772.5378633123
"d13CO2","first_difference",33,0.999986806606656,23236.8316694164
"d13CO2","first_difference",34,1.0000776207218,24000
"d13CO2","first_difference",35,1.000068256014,22439.9844170178
"d13CO2","first_difference",36,1.00009369662164,24000
"d13CO2","first_difference",37,0.999978439950308,23646.5599323084
"d13CO2","first_difference",38,0.999891199563059,22609.4990854251
"d13CO2","first_difference",39,1.00019935617161,24000
"d13CO2","first_difference",40,1.0003518962989,23340.2963906873
"d13CO2","first_difference",41,1.00002864049477,23503.3222011736
"d13CO2","first_difference",42,1.00003741558335,23174.5254520231
"d13CO2","first_difference",43,1.00017157454164,22669.354426825
"d13CO2","first_difference",44,1.00005258719429,22034.3215296512
"d13CO2","first_difference",45,1.00007213072608,24193.1137388085
"d13CO2","first_difference",46,0.999918605779264,22674.4475992249
"d13CO2","first_difference",47,1.00019512850945,22404.2212606032
"d13CO2","first_difference",48,0.999987287582868,23179.3480901362
"d13CO2","first_difference",49,0.999947072630245,22794.0345199433
"d13CO2","first_difference",50,1.00010956884206,22702.7117058676
"d13CO2","first_difference",51,0.999972124646331,22909.8521725548
"d13CO2","first_difference",52,1.00007011930427,23616.7532732419
"d13CO2","first_difference",53,1.00003655257248,22901.2988417648
"d13CO2","first_difference",54,1.00003352175114,23247.7080041436
"d13CO2","first_difference",55,1.0001165654995,23264.9111149587
"d13CO2","first_difference",56,1.00009833321622,23319.2610737173
"d13CO2","first_difference",57,1.00005720998768,23466.057428422
"d13CO2","first_difference",58,1.00003995782541,23305.6154301336
"d13CO2","first_difference",59,0.999982171891368,22801.359684493
"d13CO2","first_difference",60,1.00007862759333,22877.0284410701
"d13CO2","first_difference",61,1.000001590081,23290.4083156512
"d13CO2","first_difference",62,1.00011789108954,23444.6998743878
"d13CO2","first_difference",63,1.00006801391779,23063.1518493927
"d13CO2","first_difference",64,1.00003755460513,23211.1171231899
"d13CO2","first_difference",65,0.999945298490113,23647.5638256516
"d13CO2","first_difference",66,0.99997932124903,24000
"d13CO2","first_difference",67,1.00000557730051,23013.2211739013
"d13CO2","first_difference",68,0.999930809652638,22104.7510108709
"d13CO2","first_difference",69,0.999989512585276,24000
"d13CO2","first_difference",70,1.00000534690475,23956.0588681763
"d13CO2","first_difference",71,0.999930689044209,23302.5400997142
"d13CO2","first_difference",72,1.00016482615946,24000
"d13CO2","first_difference",73,1.00022752707503,23873.4350698982
"d13CO2","first_difference",74,1.00016982487141,23054.9529934827
"d13CO2","first_difference",75,1.00011742894286,22559.291079662
"d13CO2","first_difference",76,1.00010234576737,22540.2045750641
"d13CO2","first_difference",77,1.00018518045418,23021.3576881747
"d13CO2","first_difference",78,1.00001121457895,23204.498926107
"d13CO2","first_difference",79,1.00008018834326,23929.48335368
"d13CO2","first_difference",80,1.0000598090816,24000
"d13CO2","first_difference",81,0.999962638413323,23719.2709753454
"d13CO2","first_difference",82,1.00004315063109,23005.676357701
"d13CO2","first_difference",83,1.00003870058437,22902.8234510784
"d13CO2","first_difference",84,1.00026256578344,23168.3467398853
"d13CO2","first_difference",85,1.00002453515156,24182.9679589437
"d13CO2","first_difference",86,1.00007119139891,23909.7837042131
"d13CO2","first_difference",87,0.999937202026862,23407.4302676956
"d13CO2","first_difference",88,0.999976797094992,23477.7429578707
"d13CO2","first_difference",89,1.00002595267118,22879.0476356537
"d13CO2","first_difference",90,1.00015105922862,21830.8730648615
"d13CO2","first_difference",91,1.00002295828175,22986.2187288027
"d13CO2","first_difference",92,1.00020094503061,22349.6161984939
"d13CO2","first_difference",93,1.00002164646429,21575.4559368211
"d13CO2","first_difference",94,0.999987254455793,22972.1677290721
"d13CO2","first_difference",95,0.999911276797033,22012.5673423245
"d13CO2","first_difference",96,1.00003235436944,20740.786891039
"d13CO2","first_difference",97,1.00022160946679,21119.8142095922
"d13CO2","first_difference",98,1.00027117634451,21093.1423782775
"d13CO2","first_difference",99,1.0000348854201,21829.576147313
"d13CO2","first_difference",100,1.00011117251289,20198.4283487614
"d13CO2","first_difference",101,1.00004143353152,19071.300516593
"d13CO2","first_difference",102,1.00026584840127,19745.7401158301
"d13CO2","first_difference",103,1.00005588258413,20290.4305030729
"d13CO2","first_difference",104,1.00026454073405,17797.2742083271
"d13CO2","first_difference",105,1.00017200180624,17891.5039954978
"d13CO2","first_difference",106,1.00018655997513,17542.3882510127
"d13CO2","first_difference",107,1.00013002119296,15749.9722748716
"d13CO2","first_difference",108,1.00024659581948,15749.2813230041
"d13CO2","first_difference",109,1.0003178927551,15157.1419574239
"d13CO2","first_difference",110,0.999948842647246,16320.5393312446
"d13CO2","first_difference",111,1.00007863610117,18394.6833146706
"d13CO2","first_difference",112,1.00021669196041,18715.6993736167
"d13CO2","first_difference",113,1.00013791327916,18952.7951771241
"d13CO2","first_difference",114,1.00006516226925,19329.7247393568
"d13CO2","first_difference",115,1.00018247450325,21089.3987121528
"d13CO2","first_difference",116,1.00000781530982,21023.6791290128
"d13CO2","first_difference",117,1.00015924117102,21417.2216886873
"d13CO2","first_difference",118,1.00019068354477,22578.9136334169
"d13CO2","first_difference",119,1.00009005691223,21577.8493101522
"d13CO2","first_difference",120,0.999941692286917,24000
"d13CO2","first_difference",121,1.00001398882003,20908.0749563178
"d13CO2","first_difference",122,1.00006434635194,21489.5682791122
"d13CO2","first_difference",123,0.999985369966444,23248.9132065878
"d13CO2","first_difference",124,0.999927297340161,24000
"d13CO2","first_difference",125,1.00005935978239,22165.4245379278
"d13CO2","first_difference",126,1.00018424497686,24241.5127143583
"d13CO2","first_difference",127,1.00004870885047,24000
"d13CO2","first_difference",128,1.00000731043106,24000
"d13CO2","first_difference",129,1.00011346605692,23899.1378715107
"d13CO2","first_difference",130,1.00004819009063,24297.1944825428
"d13CO2","first_difference",131,1.000006497549,23126.8626663883
"d13CO2","first_difference",132,1.00000534017004,22604.489783665
"d13CO2","first_difference",133,0.999930746062631,23622.7301498208
"d13CO2","first_difference",134,1.00018998499292,24000
"d13CO2","first_difference",135,0.999943916442127,23514.9201280267
"d13CO2","first_difference",136,1.0000617389013,23577.9573985948
"d13CO2","first_difference",137,0.999979239105186,24371.8540759995
"d13CO2","first_difference",138,1.00011519722489,23477.2197635495
"d13CO2","first_difference",139,1.00017012661593,23600.1323282466
"d13CO2","first_difference",140,0.999973516114362,23892.2410445895
"d13CO2","first_difference",141,1.00005937447619,24362.5956583581
"d13CO2","first_difference",142,1.00005929950057,24000
"d13CO2","first_difference",143,1.00011430973518,24246.8857320491
"d13CO2","first_difference",144,1.00004040266709,23557.1524948959
"d13CO2","first_difference",145,1.00018879857169,24257.5834991654
"d13CO2","first_difference",146,1.00012911142327,23607.0248407725
"d13CO2","first_difference",147,1.00014183825763,24234.2556308069
"d13CO2","first_difference",148,1.0002632700532,24288.007754019
"d13CO2","first_difference",149,1.00008220677094,23678.7870127638
"d13CO2","first_difference",150,1.00016630256462,22777.0049955201
"d13CO2","first_difference",151,1.00007511437531,24575.1812275561
"d13CO2","first_difference",152,0.999932921262299,23721.5232325302
"d13CO2","first_difference",153,1.0000289341857,23774.2727978302
"d13CO2","first_difference",154,1.0001273980496,24000
"d13CO2","first_difference",155,0.999940040610838,23183.4898347776
"d13CO2","first_difference",156,1.0001285276203,22809.2033126955
"d13CO2","first_difference",157,1.00013342978663,22758.5008087149
"d13CO2","first_difference",158,1.00008672710377,22546.1656782006
"d13CO2","first_difference",159,0.999994482180772,20943.0728411694
"d13CO2","first_difference",160,1.00019262725296,21120.0015381679
"d13CO2","first_difference",161,1.00011229336774,21655.9526056049
"d13CO2","first_difference",162,1.00026293757897,21325.486527046
"d13CO2","first_difference",163,1.00004725040013,22559.1256816016
"d13CO2","first_difference",164,0.999987271989305,20173.8295147395
"d13CO2","first_difference",165,0.999915146458711,20718.5279999672
"d13CO2","first_difference",166,1.0002787973024,20105.4257072087
"d13CO2","first_difference",167,1.00019073650501,21651.4507457199
"d13CO2","first_difference",168,1.00007833219485,21411.8267063841
"d13CO2","first_difference",169,1.00010083063743,22544.8939652464
"d13CO2","first_difference",170,0.999978519704287,23009.2261362975
"d13CO2","first_difference",171,0.999942516524005,23098.8838558307
"d13CO2","first_difference",172,0.999998094340227,23335.8467544628
"d13CO2","first_difference",173,1.00001093479705,23770.6906907242
"d13CO2","first_difference",174,1.0000290485652,24000
"d13CO2","first_difference",175,1.00005770865533,24000
"d13CO2","first_difference",176,1.00014093388344,22809.0232857324
"d13CO2","first_difference",177,1.00001401994241,23396.6663492509
"d13CO2","first_difference",178,1.00003543826206,23540.2561584621
"d13CO2","first_difference",179,1.00007452827377,24000
"d13CO2","first_difference",180,1.00007890166722,23456.1945196539
"d13CO2","first_difference",181,0.999991806855125,23976.8023018737
"d13CO2","first_difference",182,0.99993553117379,23657.9724379588
"d13CO2","first_difference",183,0.999915936809437,24334.3989636724
"d13CO2","first_difference",184,1.00000869353453,23501.3908181728
"d13CO2","first_difference",185,1.000026198361,23286.5756298077
"d13CO2","first_difference",186,1.00004631298631,23441.1365316531
"d13CO2","first_difference",187,1.00002190388256,23522.643455316
"d13CO2","first_difference",188,1.00003871708008,23051.9931452154
"d13CO2","first_difference",189,1.00001414872878,25520.3376141316
"d13CO2","first_difference",190,1.00001027508604,23016.7229625431
"d13CO2","first_difference",191,0.999939104101357,23710.9011104743
"d13CO2","first_difference",192,0.999978033143277,22724.6615360492
"d13CO2","first_difference",193,0.999957207030848,23724.7714690961
"d13CO2","first_difference",194,1.00020954903095,23616.3202384185
"d13CO2","first_difference",195,1.00009184363687,23324.4756760638
"d13CO2","first_difference",196,1.00011051696297,23689.4454843723
"d13CO2","first_difference",197,0.999994069908018,23699.0369164009
"d13CO2","first_difference",198,0.999982156809448,24024.8744989051
"d13CO2","first_difference",199,0.999998752524099,23732.9161336805
"d13CO2","first_difference",200,1.00003883473595,23131.1681888746
"d13CO2","first_difference",201,0.999933144143544,24148.1258271077
"d13CO2","first_difference",202,0.999982929299356,23737.6798374738
"d13CO2","first_difference",203,1.00007068934376,23161.3721886331
"d13CO2","first_difference",204,1.00012746559015,23179.2094617418
"d13CO2","first_difference",205,1.00002456084719,23083.4628491222
"d13CO2","first_difference",206,1.00004848773177,22362.226454637
"d13CO2","first_difference",207,1.00002477722918,23764.5277657235
"d13CO2","first_difference",208,1.00003490933468,22884.2159816995
"d13CO2","first_difference",209,1.0000734275488,22326.4776692881
"d13CO2","first_difference",210,0.99999588824672,23442.2337562688
"d13CO2","first_difference",211,1.00027210229046,21883.4491125287
"d13CO2","first_difference",212,1.00000730985563,22398.2239356333
"d13CO2","first_difference",213,0.999970482789699,21877.7111184619
"d13CO2","first_difference",214,0.999963207623051,22067.7868574211
"d13CO2","first_difference",215,0.999958199377935,21548.0068385037
"d13CO2","first_difference",216,0.999999701616119,22181.0362247137
"d13CO2","first_difference",217,0.99994105014084,22844.381390897
"d13CO2","first_difference",218,0.999970356052584,22085.3922446868
"d13CO2","first_difference",219,1.00019065391026,23478.2822250336
"d13CO2","first_difference",220,1.00006628554821,22771.9980147777
"d13CO2","first_difference",221,0.999993767007345,23057.5929906546
"d13CO2","first_difference",222,1.0000832414669,22349.7187348011
"d13CO2","first_difference",223,0.999992651222282,23276.7703566331
"d13CO2","first_difference",224,1.00008266515359,23633.1814765041
"d13CO2","first_difference",225,1.00000371827432,22867.7936838053
"d13CO2","first_difference",226,0.999969443816153,22819.9144844629
"d13CO2","first_difference",227,0.999994713313592,22341.1671070934
"d13CO2","first_difference",228,0.999963999974364,22444.9408148573
"d13CO2","first_difference",229,1.00006379330456,23748.2796927588
"d13CO2","first_difference",230,1.00034666570974,21989.8964230942
"d13CO2","first_difference",231,1.00014628930616,21422.8254025067
"d13CO2","first_difference",232,1.00012858002108,22166.2727124796
"d13CO2","first_difference",233,0.999996700592635,20765.777552663
"d13CO2","first_difference",234,1.00000079243466,20194.6391871294
"d13CO2","first_difference",235,1.0000380695605,20331.5129454564
"d13CO2","first_difference",236,1.00006953509141,20955.4881846869
"d13CO2","first_difference",237,1.00009225335392,22582.5697902583
"d13CO2","first_difference",238,0.999943340476907,22537.4750637748
"d13CO2","first_difference",239,0.999966185807392,24000
"d13CO2","first_difference",240,1.00001100923462,22527.758527608
"d13CO2","first_difference",241,0.999944348421011,22301.0580709836
"d13CO2","first_difference",242,0.999958572954245,22887.6591276558
"d13CO2","first_difference",243,1.00001771849458,23102.526610511
"d13CO2","first_difference",244,0.999967294134595,23703.2551761809
"d13CO2","first_difference",245,0.999986773745032,23999.9999999999
"d13CO2","first_difference",246,1.00008889593743,24000
"d13CO2","first_difference",247,1.00006500442335,23827.2497598782
"d13CO2","first_difference",248,1.00016549134332,23580.1474168481
"d13CO2","first_difference",249,1.00006875037494,23010.4197261967
"d13CO2","first_difference",250,0.999985084724429,24149.4579603178
"d13CO2","first_difference",251,1.00017224849297,21910.0101640112
"d13CO2","first_difference",252,1.0000208138991,23181.8687037504
"d13CO2","first_difference",253,1.00007657334688,23683.455576201
"d13CO2","first_difference",254,0.999959608168602,23584.3973098519
"d13CO2","first_difference",255,1.00011335334372,24000
"d13CO2","first_difference",256,1.00018371674776,24153.5156336714
"d13CO2","first_difference",257,1.00007860522962,23469.8111170268
"d13CO2","first_difference",258,0.999975599806737,23249.9218121203
"d13CO2","first_difference",259,0.999989130184076,23810.2296267069
"d13CO2","first_difference",260,1.00009203087213,22806.2049354045
"d13CO2","first_difference",261,0.999990645356394,22897.9534300795
"d13CO2","first_difference",262,1.00006138222924,22804.4370370037
"d13CO2","first_difference",263,1.00025222661265,24000
"d13CO2","first_difference",264,1.00021671321367,23462.653417278
"d13CO2","first_difference",265,1.00018158810987,23380.239488425
"d13CO2","first_difference",266,1.00002539356313,22991.7707204804
"d13CO2","first_difference",267,1.00021088262814,23706.9093267576
"d13CO2","first_difference",268,1.00012601733936,22638.2279166814
"d13CO2","first_difference",269,0.999928024613,24000
"d13CO2","first_difference",270,0.999968991417889,22438.3646999108
"d13CO2","first_difference",271,0.999971812767966,22702.7505179251
"d13CO2","first_difference",272,0.999934124325891,23520.3824427323
"d13CO2","first_difference",273,1.00015717069292,23353.7900746841
"d13CO2","first_difference",274,1.00003948275824,23761.337396677
"d13CO2","first_difference",275,1.0000966424089,24545.1973147133
"d13CO2","first_difference",276,1.00006121855146,23335.1210873254
"d13CO2","first_difference",277,0.999995718172873,22745.9778923437
"d13CO2","first_difference",278,1.0000712697447,23445.8249221308
"d13CO2","first_difference",279,1.00021323186098,22616.9323496849
"d13CO2","first_difference",280,1.00003707934558,23686.0155267912
"d13CO2","first_difference",281,1.00004398557402,22498.2267843182
"d13CO2","first_difference",282,0.999970492663988,23170.3246565623
"d13CO2","first_difference",283,1.00013916279452,22236.8310205313
"d13CO2","first_difference",284,1.00017662176765,22281.7406357167
"d13CO2","first_difference",285,1.0001852310549,21489.8478803568
"d13CO2","first_difference",286,0.999976451857684,17830.209552278
"d13CO2","first_difference",287,1.00026532667354,19449.3375738981
"d13CO2","first_difference",288,1.00014057528532,16410.3365011063
"d13CO2","first_difference",289,0.999974909005957,16027.4104236548
"d13CO2","first_difference",290,1.00002562286096,15400.9275855308
"d13CO2","first_difference",291,0.999951111819663,17590.6044305308
"d13CO2","first_difference",292,0.999982404549819,20990.0119036852
"d13CO2","first_difference",293,1.00006013764428,21704.1575105495
"d13CO2","first_difference",294,1.00047667339216,21771.8630594203
"d13CO2","first_difference",295,0.999907437456292,24068.4437479911
"d13CO2","first_difference",296,0.999908581496772,22024.0627303251
"d13CO2","first_difference",297,1.0000659995938,23721.0335418277
"d13CO2","first_difference",298,1.00006837096563,23339.6862386328
"d13CO2","first_difference",299,1.00010923115865,23228.1415797913
"d13CO2","first_difference",300,1.00015314335642,23513.0673446992
"d13CO2","first_difference",301,1.00004447035295,24399.2882148254
"d13CO2","first_difference",302,1.00018728424159,24000
"d13CO2","first_difference",303,1.0001969215632,23934.1730689985
"d13CO2","first_difference",304,0.99996556096693,23192.3890415257
"d13CO2","first_difference",305,1.00021600198834,23761.2071886879
"d13CO2","first_difference",306,0.999895586919412,23750.1530482391
"d13CO2","first_difference",307,1.0000795133145,22546.4048456432
"d13CO2","first_difference",308,0.999988641900765,23509.0781147836
"d13CO2","first_difference",309,0.999942874191172,23892.4066872998
"d13CO2","first_difference",310,1.00013993885802,23333.0326360282
"d13CO2","first_difference",311,0.999894905909383,23169.8451129566
"d13CO2","first_difference",312,1.00004547990874,23481.7949640567
"d13CO2","first_difference",313,1.00018043985746,23923.6925694156
"d13CO2","first_difference",314,1.00008859263936,23741.9392245295
"d13CO2","first_difference",315,1.00023469095891,23786.8147685424
"d13CO2","first_difference",316,1.00017762247149,23973.2854773386
"d13CO2","first_difference",317,1.00006330127728,23072.8008281157
"d13CO2","first_difference",318,1.0000889960334,24000
"d13CO2","first_difference",319,1.0000159246228,22964.5878748545
"d13CO2","first_difference",320,1.00000262026846,24000
"d13CO2","first_difference",321,1.00002579219733,24000
"d13CO2","first_difference",322,0.999991949931237,24000
"d13CO2","first_difference",323,0.999939854177806,23731.1531656041
"d13CO2","first_difference",324,1.00036914153585,23576.2447753598
"d13CO2","first_difference",325,1.00015441207338,23697.088811948
"d13CO2","first_difference",326,0.999938417298951,24000
"d13CO2","first_difference",327,1.00012064291064,23656.9082332342
"d13CO2","first_difference",328,1.00007312565642,22900.0728299784
"d13CO2","first_difference",329,1.00010513079699,24003.4508404559
"d13CO2","first_difference",330,1.00002409926662,23893.376781893
"d13CO2","first_difference",331,0.999909954463907,22700.3773047635
"d13CO2","first_difference",332,1.00022171818113,21626.5347861811
"d13CO2","first_difference",333,0.999994645334881,23631.8974768232
"d13CO2","first_difference",334,1.00003574987259,23410.8248966049
"d13CO2","first_difference",335,1.0000606422047,22205.7832120423
"d13CO2","first_difference",336,1.00027582218884,16738.7996830574
"d13CO2","first_difference",337,1.00013490323036,14239.9852794944
"d13CO2","first_difference",338,1.00017935096782,10586.6471445517
"d13CO2","first_difference",339,1.00008573022252,10808.8229906781
"d13CO2","first_difference",340,1.00013489872377,14604.8842316032
"d13CO2","first_difference",341,1.00052623231145,19406.180472631
"d13CO2","first_difference",342,1.00001006876189,19600.534230576
"d13CO2","first_difference",343,0.999988427872709,20594.3203406642
"d13CO2","first_difference",344,1.00004998915399,19609.4691989908
"d13CO2","first_difference",345,0.99999313105781,21678.4096629262
"d13CO2","first_difference",346,1.00017149965287,19237.5764542723
"d13CO2","first_difference",347,0.999945896595282,20327.7953712713
"d13CO2","first_difference",348,1.00024533168624,21444.7375596004
"d13CO2","first_difference",349,1.0002688499846,19726.4110417745
"d13CO2","first_difference",350,1.00003636699865,18983.695939598
"d13CO2","first_difference",351,1.00003562248321,20180.9648886917
"d13CO2","first_difference",352,1.00016392912106,16397.019804073
"d13CO2","first_difference",353,0.99998601130282,15735.4688679834
"d13CO2","first_difference",354,1.00024520524747,16845.5991722584
"d13CO2","first_difference",355,1.00037627565112,15387.3073548548
"d13CO2","first_difference",356,1.00041191081637,13548.5941964142
"d13CO2","first_difference",357,1.0003351820521,11617.3983983623
"d13CO2","first_difference",358,1.00058673535234,14115.6203491332
"d13CO2","first_difference",359,1.00060558769142,16867.9990310953
"d13CO2","first_difference",360,1.00012549002104,20021.0658471642
"d13CO2","first_difference",361,1.00017753374336,19062.6189938741
"d13CO2","first_difference",362,1.00022130368207,18751.5555063484
"d13CO2","first_difference",363,1.00003923524425,20989.9117499484
"d13CO2","first_difference",364,1.00004097925016,19709.0805533248
"d13CO2","first_difference",365,1.00008028253632,21611.9617234565
"d13CO2","first_difference",366,1.00000741163729,18747.1394323266
"d13CO2","first_difference",367,1.0000486791947,21788.6495199799
"d13CO2","first_difference",368,1.00012523219287,21536.569903983
"d13CO2","first_difference",369,1.00002943990581,20093.7276203941
"d13CO2","first_difference",370,1.00013604524591,21191.4482359649
"d13CO2","first_difference",371,1.00002925126151,19687.3028021491
"d13CO2","first_difference",372,1.00005376368654,20569.5529788049
"d13CO2","first_difference",373,1.00013904759163,21016.270654869
"d13CO2","first_difference",374,1.00012957804104,18454.2823958356
"d13CO2","first_difference",375,1.0001943607094,20926.890498063
"d13CO2","first_difference",376,1.0000833586143,19636.3220986363
"d13CO2","first_difference",377,0.999982264518441,17542.0738154149
"d13CO2","first_difference",378,0.999964894561479,19092.6952051146
"d13CO2","first_difference",379,1.00028554317872,19149.5921022956
"d13CO2","first_difference",380,1.00008735497025,19702.9714485077
"d13CO2","first_difference",381,0.999944375105906,17753.9990849487
"d13CO2","first_difference",382,1.00007184594157,16869.7215692726
"d13CO2","first_difference",383,0.999966177967768,18848.354709702
"d13CO2","first_difference",384,0.999998778509524,20791.6229000513
"d13CO2","first_difference",385,1.00006416791265,20977.4314362511
"d13CO2","first_difference",386,1.00009855179758,19394.5593229739
"d13CO2","first_difference",387,0.999911516999271,21111.0259170359
"d13CO2","first_difference",388,1.00007405120216,22754.1214292295
"d13CO2","first_difference",389,1.00004980240789,21234.3022825029
"d13CO2","first_difference",390,1.00001397919445,22027.7329365089
"d13CO2","first_difference",391,1.00011673036005,20443.2210172806
"d13CO2","first_difference",392,1.00014233696973,22725.1659043758
"d13CO2","first_difference",393,1.00014381939227,22333.4778967473
"d13CO2","first_difference",394,0.999968598766434,23059.5014404662
"d13CO2","first_difference",395,1.00008192322944,22203.3996055274
"d13CO2","first_difference",396,1.00010017268108,23308.7785458455
"d13CO2","first_difference",397,1.00012956678717,22192.9165421004
"d13CO2","first_difference",398,1.00009679523042,21591.829068934
"d13CO2","first_difference",399,1.00015016353457,22040.2307091314
"d13CO2","first_difference",400,1.000128285243,19918.610670354
"d13CO2","first_difference",401,1.00001203494775,22572.2519524248
"d13CO2","first_difference",402,1.00006696112931,21520.8214780156
"d13CO2","first_difference",403,1.00004981039613,20668.8611078169
"d13CO2","first_difference",404,1.00004646364296,19632.1399968816
"d13CO2","first_difference",405,0.999995908072488,20311.982649159
"d13CO2","first_difference",406,0.999972466815377,20111.6634034993
"d13CO2","first_difference",407,1.00003349487013,18841.8081335357
"d13CO2","first_difference",408,1.00008617556256,19742.5936750252
"d13CO2","first_difference",409,1.0001972987789,20477.4191692923
"d13CO2","first_difference",410,1.00003279577617,19048.3500558159
"d13CO2","first_difference",411,1.0000024314192,19973.9452771467
"d13CO2","first_difference",412,1.00004662013132,17578.4509557229
"d13CO2","first_difference",413,1.00005304559097,18262.8872585193
"d13CO2","first_difference",414,1.0000408022851,18726.2604151292
"d13CO2","first_difference",415,1.00002800739917,17633.8844516065
"d13CO2","first_difference",416,1.00010149519071,19691.2054016575
"d13CO2","first_difference",417,1.00013544390253,17896.5809561493
"d13CO2","first_difference",418,1.00000204231625,18647.8352766651
"d13CO2","first_difference",419,1.00000021007267,18896.8488321588
"d13CO2","first_difference",420,1.000133258709,19860.8221344428
"d13CO2","first_difference",421,1.00000485717291,18268.2181142425
"d13CO2","first_difference",422,1.00036226719203,19774.8685564391
"d13CO2","first_difference",423,1.00003115554245,18382.9725054571
"d13CO2","first_difference",424,1.00035271098855,18501.8494014199
"d13CO2","first_difference",425,0.999958904992632,19287.3832967659
"d13CO2","first_difference",426,1.00002654805354,21852.8249995332
"d13CO2","first_difference",427,1.00010833918765,21665.0159713159
"d13CO2","first_difference",428,0.999976977052092,21694.0940439938
"d13CO2","first_difference",429,1.00010370056814,21416.3609926578
"d13CO2","first_difference",430,1.00009386482609,22264.7679754751
"d13CO2","first_difference",431,0.999996950619178,22474.8882495555
"d13CO2","first_difference",432,1.00028386300208,21793.6883660051
"d13CO2","first_difference",433,1.00001280504316,20491.9492992033
"d13CO2","first_difference",434,1.00019537102456,19334.6395265113
"d13CO2","first_difference",435,1.00007039673495,21334.3398606705
"d13CO2","first_difference",436,1.00000010205782,21897.2385645298
"d13CO2","first_difference",437,1.00006137848544,19314.1441408902
"d13CO2","first_difference",438,1.0001891839688,18188.7638733175
"d13CO2","first_difference",439,1.00054948601852,15708.7970991614
"d13CO2","first_difference",440,1.00015570634832,18349.9056987218
"d13CO2","first_difference",441,1.00065073847231,18798.2797812743
"d13CO2","first_difference",442,1.00012451921721,20126.1713362661
"d13CO2","first_difference",443,1.00018803332744,19491.938943289
"d13CO2","first_difference",444,1.00005407729007,19924.059259866
"d13CO2","first_difference",445,0.999966222698479,18113.319023409
"d13CO2","first_difference",446,1.00029799221628,20008.2948469861
"d13CO2","first_difference",447,1.00011252925393,20207.4628853712
"d13CO2","first_difference",448,0.999969906771442,18084.4867581446
"d13CO2","first_difference",449,1.00007179027182,19445.6159834575
"d13CO2","first_difference",450,1.00021616470913,19950.0483975677
"d13CO2","first_difference",451,1.00016738612472,20530.1035809227
"d13CO2","first_difference",452,1.00004811812994,21004.917628673
"d13CO2","first_difference",453,0.999975051592829,20836.4575325922
"d13CO2","first_difference",454,1.00015050548502,20954.0010335068
"d13CO2","first_difference",455,1.0001015437765,20642.6865672715
"d13CO2","first_difference",456,0.999965649869812,21442.4724854685
"d13CO2","first_difference",457,1.00018448442803,21108.8033515824
"d13CO2","first_difference",458,1.0001599450312,19959.3114749262
"d13CO2","first_difference",459,1.00007502703827,22404.1610279786
"d13CO2","first_difference",460,1.00050422316152,21644.0773580039
"d13CO2","first_difference",461,0.999974861833049,21629.2500806305
"d13CO2","first_difference",462,1.00009170144646,22449.6729438406
"d13CO2","first_difference",463,1.00008121231692,19988.4541495044
"d13CO2","first_difference",464,1.00023373194045,19418.4966553077
"d13CO2","first_difference",465,1.00014660194211,15762.2465428596
"d13CO2","first_difference",466,0.999965096378202,14603.4827547538
"d13CO2","first_difference",467,1.0000610889279,15293.996338321
"d13CO2","first_difference",468,1.00018627102933,16263.2053639192
"d13CO2","first_difference",469,1.00013263464523,15776.5366234246
"d13CO2","first_difference",470,1.00014248722825,15347.8241016217
"d13CO2","first_difference",471,1.00057690881907,14354.0855358129
"d13CO2","first_difference",472,1.00009075888014,11253.0935431429
"d13CO2","first_difference",473,1.0000176300307,15262.4521592494
"d13CO2","first_difference",474,1.00000374396595,15414.2862201439
"d13CO2","first_difference",475,1.00007697660919,20107.2312907142
"d13CO2","first_difference",476,0.999979612179673,20796.4666563292
"d13CO2","first_difference",477,0.999933733895103,19706.1944339383
"d13CO2","first_difference",478,0.99998225654984,20723.2419155336
"d13CO2","first_difference",479,1.00018623280077,19948.007371697
"d13CO2","first_difference",480,0.999994951332635,21313.663914308
"d13CO2","first_difference",481,1.00035216718911,20347.3553953771
"d13CO2","first_difference",482,1.0002848271864,20019.3003284178
"d13CO2","first_difference",483,1.00003616602056,18735.0418614759
"d13CO2","first_difference",484,0.999988018738465,19018.7593857563
"d13CO2","first_difference",485,1.00025631822469,15912.9062366613
"d13CO2","first_difference",486,1.00024920957051,15428.5476490996
"d13CO2","first_difference",487,1.00021717213578,18400.8476730297
"d13CO2","first_difference",488,1.00004795125134,21382.0283006412
"d13CO2","first_difference",489,0.999966768881582,21289.237539388
"d13CO2","first_difference",490,0.999967620766709,22551.1829243073
"d13CO2","first_difference",491,1.00019094133216,22887.4168167308
"d13CO2","first_difference",492,0.999993995615111,23175.3430665197
"d13CO2","first_difference",493,0.999966007327178,23294.5844401571
"d13CO2","first_difference",494,1.0001228974533,22715.6045368856
"d13CO2","first_difference",495,1.00009973684697,23709.5533829622
"d13CO2","first_difference",496,1.00011912732871,22814.5950831988
"d13CO2","first_difference",497,1.00010266132076,23232.2055239973
"d13CO2","first_difference",498,1.00011110565155,23726.3275671359
"d13CO2","first_difference",499,0.999930566021671,22284.5338303173
"d13CO2","first_difference",500,0.999983853592222,22063.2607568429
"d13CO2","first_difference",501,1.00001360571683,22145.8391919192
"d13CO2","first_difference",502,1.00018307047973,21768.7811199647
"d13CO2","first_difference",503,1.00000247361927,23148.4520469441
"d13CO2","first_difference",504,1.0001164201594,23345.2115229074
"d13CO2","first_difference",505,1.00017120425769,22318.9443363834
"d13CO2","first_difference",506,1.00012041151877,17211.6994102328
"d13CO2","first_difference",507,1.00019637556593,19150.7476253871
"d13CO2","first_difference",508,1.00007957378633,18121.0174569673
"d13CO2","first_difference",509,1.00044407512152,19222.5791554013
"d13CO2","first_difference",510,1.00002061288568,19753.9621757573
"d13CO2","first_difference",511,1.00013585571247,20859.1595913426
"d13CO2","first_difference",512,1.00014793352316,19831.0322814151
"d13CO2","first_difference",513,0.99995814225496,20502.2812517241
"d13CO2","first_difference",514,1.00024353973664,20599.8911129681
"d13CO2","first_difference",515,1.0000844142755,19357.410677164
"d13CO2","first_difference",516,1.00019912486319,18189.6039013466
"d13CO2","first_difference",517,1.00009556303414,19046.4735476649
"d13CO2","first_difference",518,0.999914567790617,18712.5475458735
"d13CO2","first_difference",519,0.999983296899347,20053.5389227652
"d13CO2","first_difference",520,1.00001542886993,20486.128325552
"d13CO2","first_difference",521,1.00026349110708,20700.1892366421
"d13CO2","first_difference",522,1.00009880535586,21751.6421106948
"d13CO2","first_difference",523,1.00003133274219,21785.9900530478
"d13CO2","first_difference",524,0.999997330387882,20571.7528551701
"d13CO2","first_difference",525,0.999987491010935,15069.2998886755
"d13CO2","first_difference",526,1.00007044611652,15643.0313355031
"d13CO2","first_difference",527,1.00009375991561,17756.6557714906
"d13CO2","first_difference",528,0.999932462923077,17267.3917452398
"d13CO2","first_difference",529,1.00013423179784,17510.108504805
"d13CO2","first_difference",530,0.999981320588937,16426.6468609671
"d13CO2","first_difference",531,1.00006893840959,15775.5797687432
"d13CO2","first_difference",532,1.00040705336354,14234.794252505
"d13CO2","first_difference",533,1.00023163122099,12590.9058166108
"d13CO2","first_difference",534,1.00031485656507,10943.0899865024
"d13CO2","first_difference",535,1.00076875127725,8659.90605173866
"d13CO2","first_difference",536,1.00027452156819,7912.57698311731
"d13CO2","first_difference",537,1.00040941818705,7535.1619889849
"d13CO2","first_difference",538,1.00009046922438,7160.07013666664
"d13CO2","first_difference",539,1.00039177275,7304.14079206775
"GMST","raw",1,1.05278259070776,1309.22669760621
"GMST","raw",2,1.05994248648443,1185.79197526239
"GMST","raw",3,1.06357639247571,1193.33757107702
"GMST","raw",4,1.06215737964335,1117.18277288554
"GMST","raw",5,1.05939271531368,1012.05124808402
"GMST","raw",6,1.05671086341421,957.726756091788
"GMST","raw",7,1.05334237399939,969.916247043211
"GMST","raw",8,1.04938671379364,942.586705073166
"GMST","raw",9,1.04613161764361,880.606593065345
"GMST","raw",10,1.04206066489446,904.131076126615
"GMST","raw",11,1.0379003406176,832.8750489337
"GMST","raw",12,1.03481570085537,833.383747825527
"GMST","raw",13,1.0306379973212,803.769191708948
"GMST","raw",14,1.02746781235487,780.135446110743
"GMST","raw",15,1.0249340804234,817.755550837432
"GMST","raw",16,1.02232090744163,800.301692457035
"GMST","raw",17,1.02007817318722,837.074504050713
"GMST","raw",18,1.01835075451438,827.699394276033
"GMST","raw",19,1.01591331363938,856.401385230251
"GMST","raw",20,1.0142311996983,914.540635050946
"GMST","raw",21,1.01254912198104,1030.54104441657
"GMST","raw",22,1.01114877443357,1114.57310451666
"GMST","raw",23,1.01002391317625,1187.3947594466
"GMST","raw",24,1.00843406254811,1249.3299810144
"GMST","raw",25,1.00776422482059,1304.45882041884
"GMST","raw",26,1.00730657797645,1409.10237339368
"GMST","raw",27,1.00651003931336,1574.48025611565
"GMST","raw",28,1.00569602846428,1741.81239463329
"GMST","raw",29,1.00492430035541,1620.67436105562
"GMST","raw",30,1.00435716471636,1640.66622778006
"GMST","raw",31,1.00416002100044,1743.67624906545
"GMST","raw",32,1.00371148998625,1959.19829796772
"GMST","raw",33,1.00343550518771,2132.34219904848
"GMST","raw",34,1.00328526462197,2275.20925215127
"GMST","raw",35,1.00302230698927,2268.29683076253
"GMST","raw",36,1.00305935839637,2554.95839219421
"GMST","raw",37,1.00281181246065,2616.73062006824
"GMST","raw",38,1.00274578447199,2749.36761197606
"GMST","raw",39,1.00262473879678,2471.18005329301
"GMST","raw",40,1.00236182846565,2693.24695543789
"GMST","raw",41,1.00243408383592,2646.87198294623
"GMST","raw",42,1.00257478233355,2464.55002420142
"GMST","raw",43,1.00214218966947,2501.76281925042
"GMST","raw",44,1.00237446808644,2546.30031252523
"GMST","raw",45,1.00222145599837,2459.92947823837
"GMST","raw",46,1.00222914269913,2493.02122513646
"GMST","raw",47,1.00205633841908,2591.66493492034
"GMST","raw",48,1.00184978017125,2600.22058518505
"GMST","raw",49,1.00137094077583,2600.81201264249
"GMST","raw",50,1.00139515958369,2648.91927926002
"GMST","raw",51,1.00152079974372,2773.14103156407
"GMST","raw",52,1.00146400496106,2698.02185794261
"GMST","raw",53,1.00139196196724,2857.91571187245
"GMST","raw",54,1.00116778357869,3093.57615698557
"GMST","raw",55,1.00087812387539,3237.93187866934
"GMST","raw",56,1.00080698079249,3227.70136863269
"GMST","raw",57,1.0008798841035,3280.51769603776
"GMST","raw",58,1.0007851747967,3353.2601468116
"GMST","raw",59,1.0007363792545,3386.28317294976
"GMST","raw",60,1.00045970037767,3496.51130968455
"GMST","raw",61,1.00041146382877,3620.65689425269
"GMST","raw",62,1.00038672611126,3640.10267167036
"GMST","raw",63,1.00031791449634,3776.72593621026
"GMST","raw",64,1.00014126469853,3809.86722700663
"GMST","raw",65,1.00010784789163,3785.46765841394
"GMST","raw",66,1.00009661109532,3761.22296349425
"GMST","raw",67,1.00005518999161,3752.44394025919
"GMST","raw",68,1.00012838000512,3842.48602817572
"GMST","raw",69,1.00029306933106,3803.09450419973
"GMST","raw",70,1.000419281205,3703.19243592085
"GMST","raw",71,1.00031805012493,3625.64137427022
"GMST","raw",72,1.00027064893525,3839.1200399876
"GMST","raw",73,1.00038084846638,3824.02586787377
"GMST","raw",74,1.0005659040755,3804.41287137078
"GMST","raw",75,1.00066300046607,3914.50046546652
"GMST","raw",76,1.00066796664062,4100.64339771212
"GMST","raw",77,1.00057082467688,4120.0805281107
"GMST","raw",78,1.0006363690463,4311.27245465558
"GMST","raw",79,1.00031764072493,4235.47731284081
"GMST","raw",80,1.00024518425157,4182.3186699879
"GMST","raw",81,1.00035253719444,4078.87266854807
"GMST","raw",82,1.00050432715813,4008.17869235741
"GMST","raw",83,1.00041952629865,3877.17788566383
"GMST","raw",84,1.00074728209681,3762.14013957795
"GMST","raw",85,1.0007537539986,3795.53289354485
"GMST","raw",86,1.00105190917675,3550.48389950155
"GMST","raw",87,1.00096373273611,3309.06936459193
"GMST","raw",88,1.00127796326218,3255.77511097142
"GMST","raw",89,1.00112315481693,2910.59787077718
"GMST","raw",90,1.00112628492493,3106.55150152281
"GMST","raw",91,1.00111796457576,2867.09549878985
"GMST","raw",92,1.00112355671127,2741.18931324489
"GMST","raw",93,1.00112772374926,2550.13938204011
"GMST","raw",94,1.00119679914396,2453.83651055725
"GMST","raw",95,1.00113620299161,1968.88711526979
"GMST","raw",96,1.00115618958063,1900.36519321874
"GMST","raw",97,1.0010973338837,1732.38078676017
"GMST","raw",98,1.00142546358364,1680.93383293047
"GMST","raw",99,1.00175590542133,1616.94188512918
"GMST","raw",100,1.00204821881148,1490.51742766237
"GMST","raw",101,1.00239974736246,1275.18782610055
"GMST","raw",102,1.00262209570414,1235.55436191478
"GMST","raw",103,1.00327089362928,1100.86249140077
"GMST","raw",104,1.00389204649352,984.100934193386
"GMST","raw",105,1.00442160189808,912.40040327086
"GMST","raw",106,1.00475891350497,877.25902688063
"GMST","raw",107,1.00575287551052,786.719031758961
"GMST","raw",108,1.00595184055862,731.499534670185
"GMST","raw",109,1.00609629400156,768.153056231909
"GMST","raw",110,1.0059678741003,727.60950423772
"GMST","raw",111,1.00574256291004,785.026974852781
"GMST","raw",112,1.0057643596396,796.848731962532
"GMST","raw",113,1.00519864679967,821.040408280759
"GMST","raw",114,1.00475347068903,871.460836788024
"GMST","raw",115,1.00387961222287,999.642289135757
"GMST","raw",116,1.00391238616574,1026.80684077469
"GMST","raw",117,1.00368118845028,1167.43696764885
"GMST","raw",118,1.00406002973075,1234.89372462879
"GMST","raw",119,1.00395534011622,1417.53739271845
"GMST","raw",120,1.003775806164,1537.4843620168
"GMST","raw",121,1.00338791531377,1589.71830572176
"GMST","raw",122,1.00248429735766,2006.19869483918
"GMST","raw",123,1.0022350134083,2268.73957205949
"GMST","raw",124,1.00202959462082,2733.86432139724
"GMST","raw",125,1.00136707031153,3192.71945594113
"GMST","raw",126,1.00129943774239,3557.16627124799
"GMST","raw",127,1.00122396805031,3902.79153683725
"GMST","raw",128,1.00104660349276,4650.32039583806
"GMST","raw",129,1.00117728537612,5266.36233463621
"GMST","raw",130,1.00121491707,5694.16389281203
"GMST","raw",131,1.00102487310003,6721.89703027598
"GMST","raw",132,1.00090524379016,7013.96277706631
"GMST","raw",133,1.00068205881992,7720.54560286813
"GMST","raw",134,1.00047713194214,8291.31988545819
"GMST","raw",135,1.00054329308172,8703.33929463437
"GMST","raw",136,1.00043859987822,9397.95864072704
"GMST","raw",137,1.00031753524357,8973.9460972429
"GMST","raw",138,1.00009867120149,9729.61009777285
"GMST","raw",139,1.00005786296913,9473.6423580365
"GMST","raw",140,0.999983151639319,9154.96402000201
"GMST","raw",141,0.99998306304284,8931.43594256497
"GMST","raw",142,1.00003376046396,8679.87644762017
"GMST","raw",143,1.00013716862966,8269.05045146884
"GMST","raw",144,1.00005982059164,7976.30032186853
"GMST","raw",145,1.00010423994678,8085.22004828156
"GMST","raw",146,1.00014066550995,7934.82270757233
"GMST","raw",147,0.999992585025364,8153.88971056582
"GMST","raw",148,1.00005633625841,7660.87270140577
"GMST","raw",149,0.999955390212495,7355.09864097124
"GMST","raw",150,1.00003086542602,6895.08203550996
"GMST","raw",151,0.999933314529161,6251.51178037095
"GMST","raw",152,1.00001112901523,5467.32898521369
"GMST","raw",153,1.0000622372155,4839.78390221937
"GMST","raw",154,1.00010889569473,4640.0582329835
"GMST","raw",155,1.00038585444693,4141.7194710526
"GMST","raw",156,1.00040117207351,3723.15819157356
"GMST","raw",157,1.00032486688922,3452.45544790745
"GMST","raw",158,1.00053642409752,3224.1436121264
"GMST","raw",159,1.00048036948407,2994.72313043881
"GMST","raw",160,1.00049608999157,2827.87700789533
"GMST","raw",161,1.0005438380646,2731.8497220814
"GMST","raw",162,1.00082128005413,2742.26610123895
"GMST","raw",163,1.00100611814364,2769.78685205037
"GMST","raw",164,1.00113928784408,3004.6448815585
"GMST","raw",165,1.00110905268896,3252.51369591604
"GMST","raw",166,1.00099960296362,3274.60935818382
"GMST","raw",167,1.00121029931194,3258.61117880779
"GMST","raw",168,1.00104081298189,3696.22561214418
"GMST","raw",169,1.00103314555921,4004.69943736101
"GMST","raw",170,1.00118867832611,4516.86304134811
"GMST","raw",171,1.00116953702907,4883.9428364447
"GMST","raw",172,1.00113236687955,5567.70009975973
"GMST","raw",173,1.00081129272749,5671.83408298334
"GMST","raw",174,1.00059740749567,6427.2524289307
"GMST","raw",175,1.00056553057633,7013.58250942751
"GMST","raw",176,1.00035319623745,7497.50423895487
"GMST","raw",177,1.00037261596357,7788.46942965636
"GMST","raw",178,1.00026852539396,8160.58498927891
"GMST","raw",179,1.00035183385244,9141.55724272815
"GMST","raw",180,1.00024508660884,8650.98717534783
"GMST","raw",181,1.00038655500113,8389.55011739017
"GMST","raw",182,1.00038046269725,8747.87671597795
"GMST","raw",183,1.00038387392198,8323.60243225374
"GMST","raw",184,1.00037405120134,9106.18958509333
"GMST","raw",185,1.00057473356544,8918.04704274907
"GMST","raw",186,1.00071785847454,8693.12424016945
"GMST","raw",187,1.00069292023804,8484.4337287599
"GMST","raw",188,1.00041304272824,8405.90767038507
"GMST","raw",189,1.00054281399256,8415.15343586779
"GMST","raw",190,1.00042141421873,8543.65607379181
"GMST","raw",191,1.00042430618446,8690.78598832525
"GMST","raw",192,1.00040772291016,8937.27301420836
"GMST","raw",193,1.00048581171695,9631.7981077653
"GMST","raw",194,1.00045915349818,9018.78676857656
"GMST","raw",195,1.00046025356073,8937.69867206415
"GMST","raw",196,1.00030163431688,8552.01799704131
"GMST","raw",197,1.00019971075733,8120.03591550793
"GMST","raw",198,1.00026366135721,7922.56528082876
"GMST","raw",199,1.00032551747092,7480.0963630252
"GMST","raw",200,1.0003238348283,6538.65832480124
"GMST","raw",201,1.00029597668387,5717.88907817135
"GMST","raw",202,1.00029224110757,5391.23983723761
"GMST","raw",203,1.00018637453464,5405.75501116258
"GMST","raw",204,1.00033708181806,5240.96650581558
"GMST","raw",205,1.00024898177852,4409.65168151506
"GMST","raw",206,1.0005134066671,4191.39162275643
"GMST","raw",207,1.0004611937763,3518.82027390825
"GMST","raw",208,1.00049532101168,3448.59496332566
"GMST","raw",209,1.00053076088259,3237.68146328843
"GMST","raw",210,1.00069009802944,3263.50157703289
"GMST","raw",211,1.00079297342423,3063.95828873771
"GMST","raw",212,1.00073761384843,2943.79113248234
"GMST","raw",213,1.00083480936516,2832.35144202702
"GMST","raw",214,1.00088657495083,2782.71396815336
"GMST","raw",215,1.00127857907207,2710.71764865908
"GMST","raw",216,1.00150263247333,2587.73183497031
"GMST","raw",217,1.00154731381674,2697.85332254809
"GMST","raw",218,1.0015018806286,2694.10607744512
"GMST","raw",219,1.00124531448403,2880.90963648833
"GMST","raw",220,1.00099063323882,3083.32689185725
"GMST","raw",221,1.00097954490797,3277.45914868217
"GMST","raw",222,1.0008841845662,3531.74317654056
"GMST","raw",223,1.00092705849968,3541.40272045398
"GMST","raw",224,1.00076667568469,3668.92596299776
"GMST","raw",225,1.00059483155351,3646.77234409081
"GMST","raw",226,1.00060359645144,3773.72781169669
"GMST","raw",227,1.00066706864677,3677.39050613954
"GMST","raw",228,1.0006864361877,3735.15650068127
"GMST","raw",229,1.00087719558262,3707.19731713174
"GMST","raw",230,1.00053204157382,3635.75375280642
"GMST","raw",231,1.00038481247572,3245.54783761395
"GMST","raw",232,1.000689436263,3115.31979978231
"GMST","raw",233,1.00056471316825,2778.95827469089
"GMST","raw",234,1.00082493029126,2641.59879223612
"GMST","raw",235,1.00100946220427,2433.57509173557
"GMST","raw",236,1.00118024863502,2359.45046188689
"GMST","raw",237,1.00115769116997,2454.61713220558
"GMST","raw",238,1.00131849080446,2815.85530340279
"GMST","raw",239,1.00097574412838,3083.63959711404
"GMST","raw",240,1.0009011920023,3285.40352384094
"GMST","raw",241,1.00101056597293,3601.30715132107
"GMST","raw",242,1.00083727190728,3767.7613241241
"GMST","raw",243,1.00056640352608,3956.19740900395
"GMST","raw",244,1.00058540280648,4068.93523862514
"GMST","raw",245,1.00048277876308,4230.34134202441
"GMST","raw",246,1.00047938456671,4187.3723413043
"GMST","raw",247,1.0005534774652,4113.64879290831
"GMST","raw",248,1.00046226862637,3875.22403052116
"GMST","raw",249,1.00046554013546,4037.19379720318
"GMST","raw",250,1.00039025084925,4012.16693905134
"GMST","raw",251,1.00053796539955,3775.41397470373
"GMST","raw",252,1.0006045532121,3806.58223776416
"GMST","raw",253,1.00083128001449,3778.83098568896
"GMST","raw",254,1.00084479682916,3987.17633234304
"GMST","raw",255,1.00071430039673,3902.12053485101
"GMST","raw",256,1.00084194707228,3862.99821190674
"GMST","raw",257,1.00074151143334,3797.29662704978
"GMST","raw",258,1.00077727910651,3610.79452377008
"GMST","raw",259,1.00080258576956,3540.79468335429
"GMST","raw",260,1.00085529124017,3554.05540902382
"GMST","raw",261,1.00075897399561,3458.11612760371
"GMST","raw",262,1.00088470658994,3269.53718740728
"GMST","raw",263,1.00077021490447,3427.17337477334
"GMST","raw",264,1.00096454681883,3770.15349339383
"GMST","raw",265,1.0007685364932,3857.02619490898
"GMST","raw",266,1.00091789896674,4008.30441547201
"GMST","raw",267,1.00065542267704,4265.1275871285
"GMST","raw",268,1.00072304500201,4677.69487888413
"GMST","raw",269,1.00083438214407,4895.26942657723
"GMST","raw",270,1.00096050367696,5093.43169304921
"GMST","raw",271,1.00085338479623,5068.83261545272
"GMST","raw",272,1.00072762651643,5348.33686490422
"GMST","raw",273,1.00088202589911,5560.34647635377
"GMST","raw",274,1.00083139782018,5791.61102830846
"GMST","raw",275,1.00068546011565,5724.7058221845
"GMST","raw",276,1.0009906486759,5502.12258437595
"GMST","raw",277,1.00081814066422,5831.21457518627
"GMST","raw",278,1.00079750819331,5404.83441523387
"GMST","raw",279,1.00072032912149,5371.98643221642
"GMST","raw",280,1.00101642597023,4807.98336533714
"GMST","raw",281,1.00092633180366,4450.08573623832
"GMST","raw",282,1.0009061617893,4036.81298952222
"GMST","raw",283,1.00097654130172,3433.01809272848
"GMST","raw",284,1.00151695535603,3024.5356717503
"GMST","raw",285,1.00136202343816,2719.83047214945
"GMST","raw",286,1.00176497334009,2240.08556100051
"GMST","raw",287,1.00192146820656,1838.00683931193
"GMST","raw",288,1.00243835245916,1578.9319981612
"GMST","raw",289,1.0026721727682,1477.30204937148
"GMST","raw",290,1.00300069430056,1393.54357872683
"GMST","raw",291,1.00305714170027,1398.82902883105
"GMST","raw",292,1.00291911989933,1398.61277957422
"GMST","raw",293,1.00268727630158,1485.00625986265
"GMST","raw",294,1.00246553013639,1636.86131478092
"GMST","raw",295,1.00209801383568,1840.90794206981
"GMST","raw",296,1.00186909350659,2058.89196188355
"GMST","raw",297,1.00201738327522,2262.2290718126
"GMST","raw",298,1.00136898709966,2582.2747695601
"GMST","raw",299,1.00094351248995,2813.47661673687
"GMST","raw",300,1.00089802408722,3031.64011073186
"GMST","raw",301,1.00096353458005,3241.79683691109
"GMST","raw",302,1.00095869431944,3430.66486578343
"GMST","raw",303,1.00085713488294,3697.84986833451
"GMST","raw",304,1.00104267842925,4153.19730798682
"GMST","raw",305,1.00099294107655,4111.43244833704
"GMST","raw",306,1.00078619724747,4441.54513565678
"GMST","raw",307,1.00069534149953,4546.03255297733
"GMST","raw",308,1.00068496149372,4776.91544316613
"GMST","raw",309,1.00050410857983,4978.50538631138
"GMST","raw",310,1.00051975169554,5110.58682256157
"GMST","raw",311,1.00054062404517,5430.27424627147
"GMST","raw",312,1.00035489533327,5686.46256596018
"GMST","raw",313,1.0002403487269,6199.23858555414
"GMST","raw",314,1.00014409689404,6724.55380496213
"GMST","raw",315,1.00006833543943,7373.36348498746
"GMST","raw",316,1.00015676520973,7796.07238489898
"GMST","raw",317,1.00016045008867,8296.56905132687
"GMST","raw",318,1.00020853838886,8653.15123299963
"GMST","raw",319,1.0002801279734,9267.28699569426
"GMST","raw",320,1.00032484219444,9033.77954200821
"GMST","raw",321,1.00029040181236,9117.40726476117
"GMST","raw",322,1.00011079045357,9431.11687763195
"GMST","raw",323,1.0002232379798,8964.80193876873
"GMST","raw",324,1.00029190566632,8548.86090857335
"GMST","raw",325,1.00020699585793,7608.53013766896
"GMST","raw",326,1.00040760469459,7094.07668484733
"GMST","raw",327,1.00029952260311,6294.53444168928
"GMST","raw",328,1.00039703087891,6162.88322262749
"GMST","raw",329,1.00061594048564,5690.47361954839
"GMST","raw",330,1.00072111917999,4602.35074205885
"GMST","raw",331,1.00107633071017,3835.7027166447
"GMST","raw",332,1.00109228682538,3112.06153947109
"GMST","raw",333,1.00157647509958,2630.60467463079
"GMST","raw",334,1.00196465653458,2167.0442606564
"GMST","raw",335,1.00181815439659,1663.90068362851
"GMST","raw",336,1.00249764398882,1378.95224391573
"GMST","raw",337,1.00299874300453,1167.15456291158
"GMST","raw",338,1.00368336766345,972.990288074255
"GMST","raw",339,1.00408566096033,856.799849761634
"GMST","raw",340,1.00407754433004,946.507910289099
"GMST","raw",341,1.0036854147459,1111.64532958448
"GMST","raw",342,1.00334265594971,1244.99935898346
"GMST","raw",343,1.00280293971024,1308.31859993132
"GMST","raw",344,1.00303680242996,1461.77801392509
"GMST","raw",345,1.00327454909819,1455.22410263595
"GMST","raw",346,1.00356856558671,1443.98686223683
"GMST","raw",347,1.00303826529967,1407.5644781603
"GMST","raw",348,1.00311022624973,1383.10747593727
"GMST","raw",349,1.00323646181633,1355.35525050358
"GMST","raw",350,1.0031371305979,1322.81453254821
"GMST","raw",351,1.00339351949734,1294.48096424381
"GMST","raw",352,1.0038024721458,1278.36057083155
"GMST","raw",353,1.00447198216712,1125.50214713311
"GMST","raw",354,1.00492528586469,1073.04222612246
"GMST","raw",355,1.00595958616852,983.368028075388
"GMST","raw",356,1.00662949344675,831.437567438333
"GMST","raw",357,1.0070023924446,843.805894343335
"GMST","raw",358,1.00670609820273,851.052815491718
"GMST","raw",359,1.00613685854455,955.231761991898
"GMST","raw",360,1.00514148263415,1088.42037841036
"GMST","raw",361,1.00476214775871,1193.70464537511
"GMST","raw",362,1.0041761703295,1302.88694030261
"GMST","raw",363,1.00450135278767,1481.41479926692
"GMST","raw",364,1.00462851975679,1481.71622560478
"GMST","raw",365,1.00451322954295,1598.94445344188
"GMST","raw",366,1.00488223615244,1741.04082765326
"GMST","raw",367,1.0046969281855,1823.5849142604
"GMST","raw",368,1.00476099260062,1759.7007986115
"GMST","raw",369,1.00483578210549,1905.72764084222
"GMST","raw",370,1.00483349062724,1907.50816230516
"GMST","raw",371,1.00504222707097,1802.72580104592
"GMST","raw",372,1.00483026927301,1948.31405147022
"GMST","raw",373,1.00447097408774,1968.7823467466
"GMST","raw",374,1.00507455118153,1885.21279379067
"GMST","raw",375,1.0046755696796,1795.1129643139
"GMST","raw",376,1.0044439267681,1749.38275045247
"GMST","raw",377,1.00485292842005,1630.57678867279
"GMST","raw",378,1.00546021338464,1550.17151009904
"GMST","raw",379,1.0047534324842,1471.67984171116
"GMST","raw",380,1.00513850124186,1413.47132230792
"GMST","raw",381,1.00450827268718,1326.07323663867
"GMST","raw",382,1.00387267749848,1306.67098986676
"GMST","raw",383,1.00344066283376,1351.99562208412
"GMST","raw",384,1.00338902632305,1457.08930440388
"GMST","raw",385,1.00337004231729,1545.98980180649
"GMST","raw",386,1.00340472321755,1694.38127423802
"GMST","raw",387,1.00320190574407,1915.78287243886
"GMST","raw",388,1.00264114511684,2091.44157927898
"GMST","raw",389,1.00272497599072,2319.97578684478
"GMST","raw",390,1.00286143261884,2332.97580285976
"GMST","raw",391,1.00299290404698,2396.39262067341
"GMST","raw",392,1.00319262522995,2086.16183574012
"GMST","raw",393,1.00325730017458,2240.84098271848
"GMST","raw",394,1.0030835189539,2023.96459541149
"GMST","raw",395,1.00281238765953,1961.14162087851
"GMST","raw",396,1.00314302886377,1755.317774699
"GMST","raw",397,1.00313814367767,1695.31326312541
"GMST","raw",398,1.00352662427262,1707.70021406481
"GMST","raw",399,1.00362597215987,1553.78438991036
"GMST","raw",400,1.00361547506639,1354.48691388532
"GMST","raw",401,1.00388288731443,1462.1688182562
"GMST","raw",402,1.00403804714017,1432.83681422401
"GMST","raw",403,1.00442152009316,1390.27211317119
"GMST","raw",404,1.00481435713726,1403.40532622465
"GMST","raw",405,1.00476990463189,1269.8667827463
"GMST","raw",406,1.00496061527086,1256.27112827697
"GMST","raw",407,1.00490200400904,1231.750321462
"GMST","raw",408,1.00498363243094,1217.9116516929
"GMST","raw",409,1.00505455971684,1255.63462198677
"GMST","raw",410,1.00519562262039,1187.43555887484
"GMST","raw",411,1.00509473984281,1203.14670822159
"GMST","raw",412,1.00529279958917,1157.67966708953
"GMST","raw",413,1.00534744403343,1152.61059480899
"GMST","raw",414,1.00566177673362,1069.37020470992
"GMST","raw",415,1.00583178379906,1114.29757606872
"GMST","raw",416,1.00561092638378,971.759585152338
"GMST","raw",417,1.0055387533157,1009.58952957528
"GMST","raw",418,1.00504412488182,1086.72667356386
"GMST","raw",419,1.00447326820481,1052.42129409685
"GMST","raw",420,1.00490297245852,1047.62638467655
"GMST","raw",421,1.00448582112533,1132.56387702101
"GMST","raw",422,1.00416525393736,1221.45381791145
"GMST","raw",423,1.00361842269821,1220.39133258101
"GMST","raw",424,1.00329941546221,1237.48957592675
"GMST","raw",425,1.00283465816582,1197.38703560328
"GMST","raw",426,1.00292694756548,1309.42882983284
"GMST","raw",427,1.0021480437842,1241.60045798075
"GMST","raw",428,1.00218773363281,1348.0719048384
"GMST","raw",429,1.00218916183622,1457.59048675916
"GMST","raw",430,1.00206834060062,1373.87838395764
"GMST","raw",431,1.00206212284643,1486.09398484295
"GMST","raw",432,1.00222959997939,1447.13951240325
"GMST","raw",433,1.00243922877413,1427.04761411872
"GMST","raw",434,1.0026345522308,1429.08884314671
"GMST","raw",435,1.00350137963294,1350.93483081506
"GMST","raw",436,1.00382995457472,1236.5047319913
"GMST","raw",437,1.00389999002165,1328.87676143637
"GMST","raw",438,1.00432711524923,1162.79158312219
"GMST","raw",439,1.00458794426644,1098.60739708306
"GMST","raw",440,1.00469267212862,1081.89570721812
"GMST","raw",441,1.00475492693823,1079.97383385714
"GMST","raw",442,1.00506041485826,1114.43763561981
"GMST","raw",443,1.00553935990407,1020.24266440081
"GMST","raw",444,1.00666251986595,1062.6259456199
"GMST","raw",445,1.00649848768,1063.20540672699
"GMST","raw",446,1.00699821136672,1082.51683018703
"GMST","raw",447,1.00723902775018,1168.17896337971
"GMST","raw",448,1.00708382223652,1125.28334270174
"GMST","raw",449,1.00778803787002,1247.72830839664
"GMST","raw",450,1.00746197792759,1342.44852619785
"GMST","raw",451,1.00685268744571,1346.08759258706
"GMST","raw",452,1.00625038716455,1553.25818297119
"GMST","raw",453,1.00563793272417,1628.47549788714
"GMST","raw",454,1.00571817378211,1812.54661102681
"GMST","raw",455,1.004731458777,1859.0330860169
"GMST","raw",456,1.00421250935232,2031.89679773793
"GMST","raw",457,1.0032791889047,2088.78503339942
"GMST","raw",458,1.00283888455206,2204.46537373384
"GMST","raw",459,1.00301801878464,2268.90569668815
"GMST","raw",460,1.00293148031894,2340.79069204608
"GMST","raw",461,1.003016371015,2265.72588272894
"GMST","raw",462,1.00272714215597,2023.4702576509
"GMST","raw",463,1.00358171500088,1996.93119822169
"GMST","raw",464,1.00331862535635,1757.43263580013
"GMST","raw",465,1.00355890363343,1662.37281732913
"GMST","raw",466,1.00501036322676,1586.80204294432
"GMST","raw",467,1.00558226348964,1668.25315962052
"GMST","raw",468,1.00563411053701,1620.64640031637
"GMST","raw",469,1.00504936126528,1552.16089695263
"GMST","raw",470,1.00469478795007,1749.04885491333
"GMST","raw",471,1.00358507679169,1788.85234381434
"GMST","raw",472,1.0022863404267,2217.8667956796
"GMST","raw",473,1.00193289642061,2589.6571177203
"GMST","raw",474,1.00113719724321,2931.13484731996
"GMST","raw",475,1.00104085575211,3902.29486358116
"GMST","raw",476,1.00074687640243,3856.93048964278
"GMST","raw",477,1.00050271866116,5365.77514074937
"GMST","raw",478,1.00037216426157,5909.64361191043
"GMST","raw",479,1.00030069569405,6015.06410109655
"GMST","raw",480,1.00039664731014,5306.41837113612
"GMST","raw",481,1.00044626327202,5575.53719028361
"GMST","raw",482,1.0006899062753,5552.95029110457
"GMST","raw",483,1.00077542440908,5093.35671930469
"GMST","raw",484,1.00105751531233,4563.5692039189
"GMST","raw",485,1.00114876829344,4119.44301227802
"GMST","raw",486,1.00099452769399,3998.56307926461
"GMST","raw",487,1.00111985030072,4332.8882216078
"GMST","raw",488,1.00108299356615,4854.20375009461
"GMST","raw",489,1.00130794830631,4922.34053088945
"GMST","raw",490,1.0013139554983,4464.44483276411
"GMST","raw",491,1.00098929903884,4622.96341151612
"GMST","raw",492,1.00088746084919,5187.9540247242
"GMST","raw",493,1.00081844045742,6230.26158255816
"GMST","raw",494,1.00043730424781,5600.93879677126
"GMST","raw",495,1.00016176387149,5695.28551083547
"GMST","raw",496,1.00026064853762,6372.78279140363
"GMST","raw",497,1.00026648817102,6709.43615687212
"GMST","raw",498,1.00019577243421,6963.54673469521
"GMST","raw",499,1.00051252218085,6426.52076600966
"GMST","raw",500,1.00050725794308,7416.16794217006
"GMST","raw",501,1.00067463986314,8252.94317780566
"GMST","raw",502,1.00040266058907,8084.20043879908
"GMST","raw",503,1.00039233679748,8234.06114215445
"GMST","raw",504,1.00047852819755,8604.08657587395
"GMST","raw",505,1.00052061074919,7977.17173402403
"GMST","raw",506,1.00047892782384,7844.80836038199
"GMST","raw",507,1.00057979763509,6831.10684839951
"GMST","raw",508,1.00049817956043,7745.4389093114
"GMST","raw",509,1.00018670921258,8439.19131221802
"GMST","raw",510,1.00013187476896,7929.43372521289
"GMST","raw",511,0.999999922929792,7297.64235860129
"GMST","raw",512,1.00011164693295,7322.52595080802
"GMST","raw",513,1.00015664625253,7431.36358746949
"GMST","raw",514,1.00011979800401,6423.09459013973
"GMST","raw",515,1.00004875122902,6158.90286241104
"GMST","raw",516,1.00035849588693,6251.32582848191
"GMST","raw",517,1.00045438078375,5657.68183715906
"GMST","raw",518,1.00033488370294,5965.85859763226
"GMST","raw",519,1.00035974608791,6279.4643874794
"GMST","raw",520,1.00022648820854,6731.24418827954
"GMST","raw",521,1.00029249673202,6968.97212441066
"GMST","raw",522,1.00032334175187,7046.63003911517
"GMST","raw",523,1.00020145273884,6476.66877379733
"GMST","raw",524,1.00050198424953,6536.68376918308
"GMST","raw",525,1.00041333134141,6170.43959560149
"GMST","raw",526,1.00058593629122,5540.65160462073
"GMST","raw",527,1.0008754116863,5737.25227034208
"GMST","raw",528,1.00077725676683,5821.34103292381
"GMST","raw",529,1.00095981067915,5750.9655139162
"GMST","raw",530,1.00074870222599,6459.03714123255
"GMST","raw",531,1.00051966340829,6381.23533078966
"GMST","raw",532,1.00039928212431,5490.95282537632
"GMST","raw",533,1.00031315087699,6038.62357550809
"GMST","raw",534,1.00030293944494,4606.80143863089
"GMST","raw",535,1.00030748897342,3473.41473157855
"GMST","raw",536,1.0006499196291,2997.01777764457
"GMST","raw",537,1.00089081483724,2781.01120745521
"GMST","raw",538,1.0007935110499,2759.43691098426
"GMST","raw",539,1.00038258119149,2863.41035284199
"GMST","raw",540,1.00017609512561,3709.50593190102
"GMST","centered",1,1.05225428983556,1443.21257977552
"GMST","centered",2,1.05975772286134,1344.73477812408
"GMST","centered",3,1.06375491684142,1287.26865672132
"GMST","centered",4,1.06247409557537,1200.65052349866
"GMST","centered",5,1.05987915683818,1129.89436504228
"GMST","centered",6,1.05722346353034,1026.43821408161
"GMST","centered",7,1.05390644510336,1031.84585258207
"GMST","centered",8,1.04988381191028,1002.8359153497
"GMST","centered",9,1.04666877990715,934.470274671486
"GMST","centered",10,1.04256233551751,949.510029955611
"GMST","centered",11,1.03840164825471,919.051878324973
"GMST","centered",12,1.03531049298581,899.469626872565
"GMST","centered",13,1.03105239579863,820.816060104483
"GMST","centered",14,1.02788107228442,850.699342092596
"GMST","centered",15,1.02536004861275,851.477521396123
"GMST","centered",16,1.02271355670907,855.246050424306
"GMST","centered",17,1.02045238034187,843.026022627052
"GMST","centered",18,1.01868281312487,884.420758769674
"GMST","centered",19,1.01615995358165,907.289236847089
"GMST","centered",20,1.01436364490693,973.392560633774
"GMST","centered",21,1.01265195910209,1119.0329655582
"GMST","centered",22,1.01116002189411,1189.97577503034
"GMST","centered",23,1.00998271884559,1301.06994176986
"GMST","centered",24,1.00835818517768,1359.97636480582
"GMST","centered",25,1.00766481267676,1438.5261769586
"GMST","centered",26,1.00719794699264,1547.32776859056
"GMST","centered",27,1.00636450729367,1757.83946921645
"GMST","centered",28,1.00550587857559,2011.04003012116
"GMST","centered",29,1.00478868091304,1864.19852011997
"GMST","centered",30,1.00421773948576,1912.19369348281
"GMST","centered",31,1.00401467397183,1997.14712496781
"GMST","centered",32,1.00361113768721,2215.06891303964
"GMST","centered",33,1.00333773763816,2442.20721994561
"GMST","centered",34,1.00323520843737,2533.84188949895
"GMST","centered",35,1.00302299703485,2628.05821964847
"GMST","centered",36,1.00313538207839,2876.00707026431
"GMST","centered",37,1.00289654686414,3189.56272213668
"GMST","centered",38,1.00289885692104,3035.44351525751
"GMST","centered",39,1.00281809402688,3016.67646626445
"GMST","centered",40,1.00254113222823,3266.03477695913
"GMST","centered",41,1.00266342918754,3087.32534020208
"GMST","centered",42,1.00286396065308,2799.95291017439
"GMST","centered",43,1.00239729200042,2687.86570251766
"GMST","centered",44,1.00267863843269,2790.23825964548
"GMST","centered",45,1.00254185895314,2684.34813726826
"GMST","centered",46,1.0025061792,2704.4137698864
"GMST","centered",47,1.00234373769222,2819.92735124549
"GMST","centered",48,1.00217856495054,2848.70955465999
"GMST","centered",49,1.00166373815889,2815.21517294901
"GMST","centered",50,1.00173043519383,2876.77868217637
"GMST","centered",51,1.00190659630956,3014.50786952712
"GMST","centered",52,1.00182016564177,2941.06964975292
"GMST","centered",53,1.0017284741228,3101.83310146354
"GMST","centered",54,1.00149425309157,3353.71936707919
"GMST","centered",55,1.00118691960137,3526.16870543986
"GMST","centered",56,1.00113647172076,3541.39760353319
"GMST","centered",57,1.00117114878154,3643.08836920583
"GMST","centered",58,1.00104003583905,3784.13952948398
"GMST","centered",59,1.00092340813782,3779.74640638527
"GMST","centered",60,1.00064547819036,3867.65187341688
"GMST","centered",61,1.00058393436289,3981.61432460494
"GMST","centered",62,1.00058180017882,4049.25530225876
"GMST","centered",63,1.00056085761685,4179.65697244747
"GMST","centered",64,1.0003555800443,4204.12390483292
"GMST","centered",65,1.00031732794322,4169.53652478247
"GMST","centered",66,1.00028033348345,4120.8094697851
"GMST","centered",67,1.00021857263804,4092.87704653175
"GMST","centered",68,1.00031987865032,4181.25284688365
"GMST","centered",69,1.00031625514242,4247.38991486792
"GMST","centered",70,1.00028500211858,3994.24671045967
"GMST","centered",71,1.00045080500783,3931.4559732752
"GMST","centered",72,1.00032892601865,4256.70990708288
"GMST","centered",73,1.00043832516207,4188.96408950892
"GMST","centered",74,1.00057091011093,4172.64636015009
"GMST","centered",75,1.00070302761676,4487.44695741308
"GMST","centered",76,1.00074528991068,4581.87819613523
"GMST","centered",77,1.00063650670902,4565.63942995046
"GMST","centered",78,1.0006893466184,4740.8767589126
"GMST","centered",79,1.0003314731934,4790.45039482242
"GMST","centered",80,1.00024386449192,4685.87731760063
"GMST","centered",81,1.00026084239685,4596.35966592841
"GMST","centered",82,1.00041978668862,4788.35385571738
"GMST","centered",83,1.0002820563257,4532.82202353331
"GMST","centered",84,1.00061103131804,4474.37692426185
"GMST","centered",85,1.00058116997428,4366.36240389159
"GMST","centered",86,1.00085608443865,3956.56946867129
"GMST","centered",87,1.00069309823939,4081.81210243154
"GMST","centered",88,1.00098098213988,3660.39703532581
"GMST","centered",89,1.00089984516419,3314.86417900335
"GMST","centered",90,1.00093602762591,3441.99377070478
"GMST","centered",91,1.00094927534135,3168.87278007563
"GMST","centered",92,1.00096237502583,3011.53491205665
"GMST","centered",93,1.00104011463267,2815.41712177101
"GMST","centered",94,1.00110840116422,2700.63395855394
"GMST","centered",95,1.00114961236424,2175.79375198852
"GMST","centered",96,1.00123004031991,2093.89827171265
"GMST","centered",97,1.00122584729853,1915.63094560994
"GMST","centered",98,1.00153800623044,1887.40683125913
"GMST","centered",99,1.0019294227777,1789.81656987819
"GMST","centered",100,1.00228046357461,1655.48994820695
"GMST","centered",101,1.00269507303201,1411.61833288861
"GMST","centered",102,1.00295355361188,1361.57151808711
"GMST","centered",103,1.00373984638467,1214.62551680131
"GMST","centered",104,1.00438613086551,1051.53003832597
"GMST","centered",105,1.00504119280491,970.957186944136
"GMST","centered",106,1.00548830598657,939.748026017549
"GMST","centered",107,1.0065991821933,835.171084505406
"GMST","centered",108,1.00682334852428,794.69123891246
"GMST","centered",109,1.0069560234051,841.729229626758
"GMST","centered",110,1.00689152235202,784.87560811257
"GMST","centered",111,1.00660877397312,841.564884125373
"GMST","centered",112,1.00654553184469,830.324450801738
"GMST","centered",113,1.00589053730641,831.541180144357
"GMST","centered",114,1.00537610040312,918.634766039389
"GMST","centered",115,1.00436246064315,1042.92976591603
"GMST","centered",116,1.00440801066225,1091.60616148432
"GMST","centered",117,1.00420833447699,1232.23836848455
"GMST","centered",118,1.00452803958991,1296.07976366078
"GMST","centered",119,1.00439253391013,1475.06951701611
"GMST","centered",120,1.00419008691885,1608.31561123509
"GMST","centered",121,1.00379495362345,1682.45042451587
"GMST","centered",122,1.00285573489283,2121.09482956167
"GMST","centered",123,1.00260162533783,2414.61769897953
"GMST","centered",124,1.0023499221381,2920.70179566118
"GMST","centered",125,1.00164466463395,3416.79069869571
"GMST","centered",126,1.00155143567801,3883.01831161456
"GMST","centered",127,1.00148424903763,4136.18921266602
"GMST","centered",128,1.00131330937819,4846.3894226155
"GMST","centered",129,1.00140722705316,5609.38895675004
"GMST","centered",130,1.00141547471654,5866.43239495503
"GMST","centered",131,1.00121216812464,6813.79041789443
"GMST","centered",132,1.00114789773692,7189.50177624706
"GMST","centered",133,1.00080844920939,7314.28137473966
"GMST","centered",134,1.00066869289432,7991.25755291295
"GMST","centered",135,1.00077944321377,8216.92344257179
"GMST","centered",136,1.00068916653171,8408.02861314222
"GMST","centered",137,1.00045804773062,8494.09161309816
"GMST","centered",138,1.00020960588197,9233.65676536981
"GMST","centered",139,1.0001270701531,8704.21089556593
"GMST","centered",140,1.00007779656451,7781.93069187696
"GMST","centered",141,1.0000911211829,7799.04330709461
"GMST","centered",142,1.00010331554628,7554.86922680293
"GMST","centered",143,1.00017462229687,7157.69539317416
"GMST","centered",144,1.00013388461499,7044.5388323809
"GMST","centered",145,1.00009657139587,7086.87864227869
"GMST","centered",146,1.0001781055726,6842.34552659794
"GMST","centered",147,1.00011206921746,6562.35904895295
"GMST","centered",148,1.00007273838158,6418.92276560309
"GMST","centered",149,1.00001391385634,6318.27028873666
"GMST","centered",150,1.00008120868109,5998.36688303412
"GMST","centered",151,1.00006819781347,5655.26150561598
"GMST","centered",152,1.00017014672804,5059.99238633019
"GMST","centered",153,1.000207216325,4581.8024874963
"GMST","centered",154,1.00039303796425,4451.89760282565
"GMST","centered",155,1.00084584979325,3990.22346426855
"GMST","centered",156,1.00084948708095,3521.33130135518
"GMST","centered",157,1.00072386269634,3378.59604400334
"GMST","centered",158,1.00089859203387,3166.40609556343
"GMST","centered",159,1.00088095022028,2925.20396924984
"GMST","centered",160,1.00085363278043,2674.93975551788
"GMST","centered",161,1.00093873814413,2698.06709308692
"GMST","centered",162,1.0012480543487,2665.92960490213
"GMST","centered",163,1.00145376027339,2724.64784019176
"GMST","centered",164,1.0015741109578,2954.51303128173
"GMST","centered",165,1.00154652371336,3081.94193554478
"GMST","centered",166,1.00148413012239,3122.5178727656
"GMST","centered",167,1.00170137412662,3088.03793570098
"GMST","centered",168,1.00145425294237,3439.75694111908
"GMST","centered",169,1.00142049740589,3797.88854289255
"GMST","centered",170,1.001625038515,4093.73361100575
"GMST","centered",171,1.00177184450849,4341.62215216539
"GMST","centered",172,1.00174166031343,4818.67304929485
"GMST","centered",173,1.00130681965084,5131.50189853127
"GMST","centered",174,1.00100631665135,5507.2614013013
"GMST","centered",175,1.00100271777865,5834.47845813565
"GMST","centered",176,1.00083814205292,6036.68386951534
"GMST","centered",177,1.00090825877509,6480.63000551368
"GMST","centered",178,1.00080042129104,6510.78150447646
"GMST","centered",179,1.00092769900327,7315.40156972137
"GMST","centered",180,1.00071958964837,6479.60858246738
"GMST","centered",181,1.000919445631,6817.29801649021
"GMST","centered",182,1.00088176277613,6382.30191148655
"GMST","centered",183,1.00087176477033,6829.63972270598
"GMST","centered",184,1.00081672128751,7720.68592171097
"GMST","centered",185,1.00101272886687,7502.63997717327
"GMST","centered",186,1.00124234614319,7377.34126724085
"GMST","centered",187,1.00119512189138,6949.84715516448
"GMST","centered",188,1.00079140166459,7369.91120074216
"GMST","centered",189,1.00087631570798,7349.66527355555
"GMST","centered",190,1.00067504864255,7331.73974691793
"GMST","centered",191,1.00069490670988,7815.10148737762
"GMST","centered",192,1.00062622011895,7839.43915462094
"GMST","centered",193,1.00064429744039,7959.66464701592
"GMST","centered",194,1.00064216767069,7886.38423601914
"GMST","centered",195,1.00064025623967,7785.60870096755
"GMST","centered",196,1.00051457349398,7522.88638245346
"GMST","centered",197,1.00036416651865,7181.89789176002
"GMST","centered",198,1.00039072510997,7047.21349748826
"GMST","centered",199,1.00049600652069,6404.78223236915
"GMST","centered",200,1.00061867948723,6069.68381334105
"GMST","centered",201,1.00054396348546,5274.17859857848
"GMST","centered",202,1.00058985678518,5056.67682308928
"GMST","centered",203,1.00045627700822,5026.52479864049
"GMST","centered",204,1.00074358276173,4846.95667026729
"GMST","centered",205,1.0005555039803,4221.9624526008
"GMST","centered",206,1.00075680802592,4002.8224089701
"GMST","centered",207,1.00080431995483,3326.11700874361
"GMST","centered",208,1.00074312757178,3365.38335632289
"GMST","centered",209,1.00101896895855,3091.62781027953
"GMST","centered",210,1.00112712062694,3251.62535109
"GMST","centered",211,1.00130787228414,3008.01964886416
"GMST","centered",212,1.00126943733874,2969.56991636802
"GMST","centered",213,1.00128873757521,2801.26344448701
"GMST","centered",214,1.00144158220762,2724.76331895306
"GMST","centered",215,1.00193559476496,2730.2062100998
"GMST","centered",216,1.0021945776778,2607.64044320626
"GMST","centered",217,1.00218814538167,2656.83789529576
"GMST","centered",218,1.00217696608111,2767.52507399342
"GMST","centered",219,1.00193114438049,2878.42982143964
"GMST","centered",220,1.00151664728293,3124.92291243076
"GMST","centered",221,1.00144894534432,3306.9623994457
"GMST","centered",222,1.00134421487787,3422.46105021903
"GMST","centered",223,1.00135819750567,3601.3928349918
"GMST","centered",224,1.00116357129617,3755.22344045243
"GMST","centered",225,1.00090343948194,3671.50760706222
"GMST","centered",226,1.00094892137026,3826.43160492451
"GMST","centered",227,1.00080209035765,3734.78940490845
"GMST","centered",228,1.00077053217834,3766.58491887825
"GMST","centered",229,1.00061440205946,3741.34340167691
"GMST","centered",230,1.00052580504177,3413.8441583977
"GMST","centered",231,1.00060768156834,3278.90681300275
"GMST","centered",232,1.00065947165667,3108.478288754
"GMST","centered",233,1.00078530574637,2811.50176331741
"GMST","centered",234,1.00116606309742,2661.42384451251
"GMST","centered",235,1.00147614596469,2508.7668241776
"GMST","centered",236,1.00168629988588,2344.31009591397
"GMST","centered",237,1.00164237099179,2440.56805704751
"GMST","centered",238,1.00173552982737,2714.88784945911
"GMST","centered",239,1.00136947149293,3000.43652628511
"GMST","centered",240,1.00117868501276,3222.85269908983
"GMST","centered",241,1.00130554339718,3454.47886091614
"GMST","centered",242,1.00105828049021,3637.75373684855
"GMST","centered",243,1.0007843049748,3904.58719911466
"GMST","centered",244,1.0008274831245,3858.55476525858
"GMST","centered",245,1.00068434168263,3945.94529506057
"GMST","centered",246,1.00058987035976,3909.7337911195
"GMST","centered",247,1.0006740563777,3860.0857429157
"GMST","centered",248,1.00063678223411,3922.9665171843
"GMST","centered",249,1.00065644621511,3772.01859830479
"GMST","centered",250,1.00056885818121,3745.54501880845
"GMST","centered",251,1.00073550317377,3793.04494105333
"GMST","centered",252,1.0007058316957,3590.75959083314
"GMST","centered",253,1.00091462365871,3715.27475991149
"GMST","centered",254,1.00091744056787,3862.78474109119
"GMST","centered",255,1.00080049257504,3877.7351858824
"GMST","centered",256,1.00091918591639,3875.61991225653
"GMST","centered",257,1.00084719751719,3740.59393315902
"GMST","centered",258,1.00095534009195,3545.84599615161
"GMST","centered",259,1.00100710808888,3541.3210852003
"GMST","centered",260,1.00102641837534,3489.14846135418
"GMST","centered",261,1.0008494478046,3341.03736464365
"GMST","centered",262,1.00096001171497,3264.20163496856
"GMST","centered",263,1.00092958536066,3380.3386726647
"GMST","centered",264,1.00112756110965,3655.78907272341
"GMST","centered",265,1.00096598462937,3853.34064346845
"GMST","centered",266,1.00115244846294,3955.09563006923
"GMST","centered",267,1.00090716493549,4271.38646519112
"GMST","centered",268,1.0009640150751,4678.9327737203
"GMST","centered",269,1.00109915814622,4815.9968000266
"GMST","centered",270,1.00133705189128,4927.98352405894
"GMST","centered",271,1.00118409169053,5042.19493327794
"GMST","centered",272,1.00100473417252,5337.64262581647
"GMST","centered",273,1.00116632983663,5573.23298279083
"GMST","centered",274,1.00111659470743,5696.73784191603
"GMST","centered",275,1.000922526932,5725.54993117869
"GMST","centered",276,1.0012923794669,5488.01889990645
"GMST","centered",277,1.00110187226421,5647.92625963458
"GMST","centered",278,1.00106786886255,5603.03921941355
"GMST","centered",279,1.00094578497911,5480.57570288553
"GMST","centered",280,1.0010789020082,4936.3180561063
"GMST","centered",281,1.00104249069071,4513.68188637446
"GMST","centered",282,1.0009892419921,4167.46481776178
"GMST","centered",283,1.00116356449901,3654.89857443842
"GMST","centered",284,1.00180207471284,3169.02421243104
"GMST","centered",285,1.00155281666632,2850.13661892405
"GMST","centered",286,1.00190063136626,2396.14781624854
"GMST","centered",287,1.00193973864639,1918.58682030714
"GMST","centered",288,1.00232328981352,1671.77210960637
"GMST","centered",289,1.00256564903914,1571.97187795646
"GMST","centered",290,1.00300651173643,1484.18556890824
"GMST","centered",291,1.00308985923054,1469.31334663524
"GMST","centered",292,1.00298444248455,1439.35697395535
"GMST","centered",293,1.00284436605534,1568.28838407488
"GMST","centered",294,1.00261231607986,1721.56578287223
"GMST","centered",295,1.00224213122825,1930.38364219262
"GMST","centered",296,1.00208597865439,2162.9046186866
"GMST","centered",297,1.00232066115567,2369.0786388109
"GMST","centered",298,1.00160927262947,2703.22087182651
"GMST","centered",299,1.00117384826926,2951.37759238003
"GMST","centered",300,1.00118512238395,3195.46521407686
"GMST","centered",301,1.00132591875703,3398.08467756402
"GMST","centered",302,1.00129806273496,3615.37364220366
"GMST","centered",303,1.00113045221277,3837.3747356276
"GMST","centered",304,1.00136141632596,4114.81544557526
"GMST","centered",305,1.00134203006847,4220.70940240527
"GMST","centered",306,1.00106274377678,4564.03476633154
"GMST","centered",307,1.0009809939477,4649.50896055632
"GMST","centered",308,1.00102406133951,4914.81006562838
"GMST","centered",309,1.00073442152651,5010.2271421674
"GMST","centered",310,1.00077593612487,5111.54399259148
"GMST","centered",311,1.00079109085369,5560.2038813991
"GMST","centered",312,1.00056983646748,5737.60197249259
"GMST","centered",313,1.00044617108137,6241.26638811795
"GMST","centered",314,1.00034136568403,6795.58231637568
"GMST","centered",315,1.00030043361497,7257.88480796237
"GMST","centered",316,1.00046580435281,7775.42813108312
"GMST","centered",317,1.00051446439466,8103.31119998748
"GMST","centered",318,1.00059710286923,8631.57735877317
"GMST","centered",319,1.00069661147941,8795.88467565211
"GMST","centered",320,1.00076846335999,8397.19322589131
"GMST","centered",321,1.00070931043468,8424.25385762601
"GMST","centered",322,1.00036313428369,8627.16813405636
"GMST","centered",323,1.00049004596631,8488.19003389313
"GMST","centered",324,1.00056046253803,7763.92208270606
"GMST","centered",325,1.00034125143095,7266.68648030313
"GMST","centered",326,1.00048182973861,6708.41921064006
"GMST","centered",327,1.00039826176749,6041.12104689969
"GMST","centered",328,1.00046684117925,5947.28037442519
"GMST","centered",329,1.00073910994865,5449.96291711486
"GMST","centered",330,1.00080636620054,4489.13385040323
"GMST","centered",331,1.00111495039942,3806.78284664234
"GMST","centered",332,1.00096386412753,3146.66374397663
"GMST","centered",333,1.00145885004428,2667.8077737726
"GMST","centered",334,1.00178516698826,2204.58680893622
"GMST","centered",335,1.00168703179523,1776.03254635345
"GMST","centered",336,1.00238897149953,1437.15541043252
"GMST","centered",337,1.00289980878878,1228.23666640857
"GMST","centered",338,1.00362774413739,1012.70482960948
"GMST","centered",339,1.00400275289263,896.183448198932
"GMST","centered",340,1.0041453342389,1015.85326537561
"GMST","centered",341,1.00379855142557,1190.20818617093
"GMST","centered",342,1.00356219587996,1335.04662523893
"GMST","centered",343,1.00310727884441,1414.60633161327
"GMST","centered",344,1.00343209748114,1511.46455187044
"GMST","centered",345,1.00378413185944,1584.21403249897
"GMST","centered",346,1.00409494549874,1533.49472151008
"GMST","centered",347,1.00351620054958,1483.07526597797
"GMST","centered",348,1.00372105798352,1478.62899782296
"GMST","centered",349,1.0039401709385,1462.43063239497
"GMST","centered",350,1.00387162189452,1402.89774955005
"GMST","centered",351,1.00414781588489,1376.41722442361
"GMST","centered",352,1.00452990415603,1361.31869547776
"GMST","centered",353,1.00525510705756,1203.75887192405
"GMST","centered",354,1.00569784072488,1106.14744709667
"GMST","centered",355,1.00670896356657,1028.85208891644
"GMST","centered",356,1.00727255153219,839.956062691408
"GMST","centered",357,1.0077004888321,845.076986784235
"GMST","centered",358,1.00743711997614,882.71351079979
"GMST","centered",359,1.00679741009461,1014.94253522511
"GMST","centered",360,1.00557863351635,1108.2538206574
"GMST","centered",361,1.00518313355634,1223.53120039967
"GMST","centered",362,1.00462133803518,1341.66543253691
"GMST","centered",363,1.0049327252585,1483.6753654592
"GMST","centered",364,1.00505147205608,1536.34314046567
"GMST","centered",365,1.00494117798981,1631.84113252659
"GMST","centered",366,1.00530867615839,1725.97686607414
"GMST","centered",367,1.00510628357503,1881.69777803534
"GMST","centered",368,1.00510735200783,1795.82701183893
"GMST","centered",369,1.00505290559677,1973.3553532839
"GMST","centered",370,1.00498296147061,1973.33454480378
"GMST","centered",371,1.00514269253092,1879.69555471554
"GMST","centered",372,1.00485621529691,2023.22264254652
"GMST","centered",373,1.00449618345646,1984.49532952589
"GMST","centered",374,1.00495641808736,1963.49290665942
"GMST","centered",375,1.0045810312618,1888.03034715807
"GMST","centered",376,1.00437479957661,1772.29597945338
"GMST","centered",377,1.004788975183,1698.19495461388
"GMST","centered",378,1.00531754964315,1631.69999134119
"GMST","centered",379,1.00453887224595,1542.24906373459
"GMST","centered",380,1.00490044680973,1476.80912762036
"GMST","centered",381,1.00422695011642,1421.11606731767
"GMST","centered",382,1.00357718694343,1361.798465798
"GMST","centered",383,1.00318077818116,1414.13342347353
"GMST","centered",384,1.003146886592,1575.39512453186
"GMST","centered",385,1.00316797666887,1621.64339730901
"GMST","centered",386,1.00327413494826,1796.91364580209
"GMST","centered",387,1.00295942265408,2084.75061457677
"GMST","centered",388,1.00244474627715,2215.76698235621
"GMST","centered",389,1.00254130255484,2366.94744638779
"GMST","centered",390,1.00269780365186,2481.41011211854
"GMST","centered",391,1.00286267509455,2450.60082474843
"GMST","centered",392,1.00304364927457,2132.84333991865
"GMST","centered",393,1.00310277220522,2521.29018350335
"GMST","centered",394,1.00297003454084,2265.55991574386
"GMST","centered",395,1.00274417160274,2120.97845195346
"GMST","centered",396,1.00310254752247,1864.62056235548
"GMST","centered",397,1.00305928191386,1809.82195708215
"GMST","centered",398,1.00342361015721,1825.96865740729
"GMST","centered",399,1.00356613465109,1670.85675834436
"GMST","centered",400,1.00353709066722,1453.85748504233
"GMST","centered",401,1.00379912355461,1614.44295739884
"GMST","centered",402,1.00400395602716,1553.23257246822
"GMST","centered",403,1.00445274052925,1571.43488400501
"GMST","centered",404,1.00491950700978,1514.64005343635
"GMST","centered",405,1.0048839316116,1383.49726673556
"GMST","centered",406,1.00502515118771,1358.97788029475
"GMST","centered",407,1.00502800681756,1361.28913089798
"GMST","centered",408,1.00515577710235,1321.18335218754
"GMST","centered",409,1.00524029471163,1331.72637991259
"GMST","centered",410,1.00534568259816,1349.95785826527
"GMST","centered",411,1.00522100158303,1365.68631737527
"GMST","centered",412,1.00542387497327,1266.9809769383
"GMST","centered",413,1.00541940650471,1237.71859674555
"GMST","centered",414,1.00572655226268,1155.58675862364
"GMST","centered",415,1.00590176617375,1162.07050461417
"GMST","centered",416,1.00566557715797,1076.06162369859
"GMST","centered",417,1.00562135043353,1018.57278664199
"GMST","centered",418,1.00503439610716,1174.30781646722
"GMST","centered",419,1.00446197490313,1160.18387784099
"GMST","centered",420,1.0049173886426,1110.748942507
"GMST","centered",421,1.00448928430282,1191.58505782583
"GMST","centered",422,1.00422669063037,1313.15516189913
"GMST","centered",423,1.00365480380291,1324.38167745468
"GMST","centered",424,1.00328035921577,1353.50191124957
"GMST","centered",425,1.00280800762729,1300.02490616801
"GMST","centered",426,1.0028695618106,1402.2570404464
"GMST","centered",427,1.002025392495,1322.06295311156
"GMST","centered",428,1.0019911740135,1466.13061837111
"GMST","centered",429,1.00198923160136,1571.98729115141
"GMST","centered",430,1.00186340768142,1530.10377714539
"GMST","centered",431,1.00182965152259,1660.80814026039
"GMST","centered",432,1.00202411362622,1578.78448872047
"GMST","centered",433,1.00220947248653,1558.78976928873
"GMST","centered",434,1.00231193073389,1528.37006280075
"GMST","centered",435,1.00311222649402,1501.82319205682
"GMST","centered",436,1.00337905519629,1331.55245100369
"GMST","centered",437,1.00332518852128,1429.25867706386
"GMST","centered",438,1.00371838017422,1178.60485822542
"GMST","centered",439,1.00392348006534,1165.43937355371
"GMST","centered",440,1.00411179080397,1147.6223589286
"GMST","centered",441,1.00414121944765,1155.18538407043
"GMST","centered",442,1.00445371374127,1184.90470443886
"GMST","centered",443,1.00492737568549,1076.42495445245
"GMST","centered",444,1.00609309192999,1119.80405808421
"GMST","centered",445,1.00590509130765,1123.67083968719
"GMST","centered",446,1.00639718308027,1126.89160014096
"GMST","centered",447,1.00652424960741,1232.19466216628
"GMST","centered",448,1.00636828477216,1198.95875542525
"GMST","centered",449,1.00706015288434,1207.78820608937
"GMST","centered",450,1.006709146986,1393.17407098059
"GMST","centered",451,1.00610263790328,1400.24485565332
"GMST","centered",452,1.0055564985992,1619.52421201324
"GMST","centered",453,1.00496827703995,1772.52373607476
"GMST","centered",454,1.00506789913676,1922.83498385354
"GMST","centered",455,1.00416578031684,1898.51244177741
"GMST","centered",456,1.00373060333397,2158.47939358154
"GMST","centered",457,1.00283959659002,2179.8743979254
"GMST","centered",458,1.00240569976287,2253.00885211339
"GMST","centered",459,1.00264533902517,2347.40858948056
"GMST","centered",460,1.00253914120424,2423.56624351002
"GMST","centered",461,1.00268602487191,2279.23656453137
"GMST","centered",462,1.00240310522202,2064.86025900818
"GMST","centered",463,1.00322054966952,2027.69647078121
"GMST","centered",464,1.00308930863373,1811.26239995091
"GMST","centered",465,1.003426432395,1708.72264288539
"GMST","centered",466,1.00487656278516,1635.68146680475
"GMST","centered",467,1.005465194379,1721.47636422738
"GMST","centered",468,1.00554942071333,1665.35030032322
"GMST","centered",469,1.00487793177212,1607.55876809354
"GMST","centered",470,1.00454980474211,1693.06497177383
"GMST","centered",471,1.0035973816292,1842.3093714366
"GMST","centered",472,1.00232865196128,2263.74972421055
"GMST","centered",473,1.00203128015328,2507.89006737807
"GMST","centered",474,1.00131996440841,2779.81363552306
"GMST","centered",475,1.00124232220505,3304.73399755244
"GMST","centered",476,1.00095206788214,3390.2002327908
"GMST","centered",477,1.00070629438624,4068.80984778177
"GMST","centered",478,1.00063963280904,4289.03101808119
"GMST","centered",479,1.00070074157958,3857.29698751844
"GMST","centered",480,1.0008525340115,3839.79761215954
"GMST","centered",481,1.00094981242074,3645.27827407432
"GMST","centered",482,1.00123648014981,3646.08318166864
"GMST","centered",483,1.00142198141637,3714.17119111056
"GMST","centered",484,1.00177694820769,3549.12543504787
"GMST","centered",485,1.00179847709222,3114.16176277332
"GMST","centered",486,1.00151658337144,3124.86054288117
"GMST","centered",487,1.00158668607057,3217.43096743117
"GMST","centered",488,1.00146770963573,3809.16829787122
"GMST","centered",489,1.00176575341175,3912.17405412373
"GMST","centered",490,1.00183589358559,3225.00941704529
"GMST","centered",491,1.00129543563323,3488.49889182953
"GMST","centered",492,1.00126272994695,3241.36282998754
"GMST","centered",493,1.00106919268564,3854.86463360015
"GMST","centered",494,1.00064525369433,4178.78955123626
"GMST","centered",495,1.00037937667013,4364.69525363869
"GMST","centered",496,1.00045473521252,4123.87297176812
"GMST","centered",497,1.00046109335652,4167.60203267965
"GMST","centered",498,1.00063181122033,4600.18861441896
"GMST","centered",499,1.00099941603533,4261.20631453362
"GMST","centered",500,1.00086755695722,4882.57727016998
"GMST","centered",501,1.00099039977894,4714.88679707771
"GMST","centered",502,1.00078280330125,4656.91976120766
"GMST","centered",503,1.00082399988988,4845.59317163751
"GMST","centered",504,1.00084446735343,4435.21993996857
"GMST","centered",505,1.00104494486374,3847.32739524454
"GMST","centered",506,1.00104228613549,4081.44197097657
"GMST","centered",507,1.00109184664738,3740.65222972176
"GMST","centered",508,1.0008464915394,4393.89803264877
"GMST","centered",509,1.00059759657522,4568.70334960126
"GMST","centered",510,1.00028350112804,4742.92234484175
"GMST","centered",511,1.00017466883263,4446.87098536184
"GMST","centered",512,1.00045518778132,4395.31113869665
"GMST","centered",513,1.00045559727179,4307.0784800708
"GMST","centered",514,1.00028590520938,4279.19901952597
"GMST","centered",515,1.00023908123824,3903.46618537983
"GMST","centered",516,1.00042487575069,4317.6469448189
"GMST","centered",517,1.00051160503716,3855.40963249427
"GMST","centered",518,1.00039964872811,4210.98283079476
"GMST","centered",519,1.0002728693347,4350.93363670597
"GMST","centered",520,1.00027484506765,4755.48094866241
"GMST","centered",521,1.0001776750304,5375.81851966208
"GMST","centered",522,1.00045549693696,4842.7693810412
"GMST","centered",523,1.00044746833736,4521.58151400909
"GMST","centered",524,1.00075012542682,4513.26325950866
"GMST","centered",525,1.00064425162687,4276.24295994955
"GMST","centered",526,1.00085836059561,3898.48550687524
"GMST","centered",527,1.00120966151513,3803.65030471883
"GMST","centered",528,1.00113650295248,3684.19982001266
"GMST","centered",529,1.0011931808107,3499.30764196689
"GMST","centered",530,1.00113905370077,3705.26814629577
"GMST","centered",531,1.00097936528361,3725.3416813197
"GMST","centered",532,1.00089476731355,3347.54314137983
"GMST","centered",533,1.00091859036145,3482.5984836578
"GMST","centered",534,1.00090453052836,2992.911995826
"GMST","centered",535,1.00075634605049,2629.66530562398
"GMST","centered",536,1.00129787031478,2251.25310171757
"GMST","centered",537,1.00152877643129,2302.55298546579
"GMST","centered",538,1.00150872050805,2429.87642695296
"GMST","centered",539,1.00099336969982,2388.14917003284
"GMST","centered",540,1.00068127838641,2841.58212358625
"GMST","first_difference",1,1.0005066781394,22250.6295273702
"GMST","first_difference",2,1.00004161024382,23131.5747065536
"GMST","first_difference",3,1.00006760334081,22625.8758220309
"GMST","first_difference",4,1.00060834373128,22206.8484362178
"GMST","first_difference",5,1.00036384530067,20821.7149859253
"GMST","first_difference",6,1.00056207891841,19709.060706485
"GMST","first_difference",7,1.00077281109764,21717.7741351261
"GMST","first_difference",8,1.00037200200524,18316.1361293752
"GMST","first_difference",9,1.00081993552964,19207.1344084565
"GMST","first_difference",10,1.00096542613039,18085.6787438193
"GMST","first_difference",11,1.00066756644636,18276.1421026682
"GMST","first_difference",12,1.00109618484645,18477.5530549287
"GMST","first_difference",13,1.00071829914031,16924.2593109143
"GMST","first_difference",14,1.00071507377054,17014.4096164866
"GMST","first_difference",15,1.00063143681225,19396.5397276041
"GMST","first_difference",16,1.00051827250204,17635.4949892986
"GMST","first_difference",17,1.00050828319207,17632.3165611238
"GMST","first_difference",18,1.0006073183111,19116.8545764039
"GMST","first_difference",19,1.00067246341852,18667.815583702
"GMST","first_difference",20,1.00036966643447,19295.8487369709
"GMST","first_difference",21,1.00042875551844,20176.4092872036
"GMST","first_difference",22,1.00020512713684,19962.1223718098
"GMST","first_difference",23,1.00042983967383,20259.5636492905
"GMST","first_difference",24,1.00003275629119,20323.2840491792
"GMST","first_difference",25,1.00010995206272,20451.967730452
"GMST","first_difference",26,1.00016826780912,21381.1058888296
"GMST","first_difference",27,1.00014211249549,21075.3720480136
"GMST","first_difference",28,1.00050132363783,22459.841097543
"GMST","first_difference",29,1.00008271996784,22318.0008209954
"GMST","first_difference",30,0.999965173425451,23101.0849524516
"GMST","first_difference",31,1.00022653057257,23122.1887959669
"GMST","first_difference",32,0.999956741982517,23217.1909912232
"GMST","first_difference",33,1.00014720401281,21586.0966810309
"GMST","first_difference",34,1.00013582598692,23168.6505033749
"GMST","first_difference",35,1.00004085456315,22624.9597308137
"GMST","first_difference",36,1.00014593383053,23226.9592756922
"GMST","first_difference",37,1.0000339523778,23247.5653407352
"GMST","first_difference",38,1.00002090765242,22828.1335318315
"GMST","first_difference",39,0.999959707686859,22872.1531797063
"GMST","first_difference",40,1.00015881062336,23153.5050612158
"GMST","first_difference",41,1.00000217847344,22092.5008159091
"GMST","first_difference",42,1.00005264126626,22333.9013026276
"GMST","first_difference",43,1.00012575609633,21535.2079357487
"GMST","first_difference",44,0.9999988691945,24107.5158042183
"GMST","first_difference",45,0.999956170239991,23401.1365194247
"GMST","first_difference",46,1.00006116356659,23420.5292949832
"GMST","first_difference",47,1.00009423362016,21992.1929678701
"GMST","first_difference",48,1.00014996335498,22340.0428361303
"GMST","first_difference",49,1.0001703767842,20861.1511138689
"GMST","first_difference",50,0.999916274359979,23316.6615583134
"GMST","first_difference",51,1.00006145297132,22261.0070593818
"GMST","first_difference",52,0.999963094171581,22621.6594386098
"GMST","first_difference",53,1.00002128836113,23266.63424639
"GMST","first_difference",54,1.00011889368824,22477.0736853491
"GMST","first_difference",55,1.00014839453818,23243.5420046275
"GMST","first_difference",56,0.999945591466515,22951.4512777996
"GMST","first_difference",57,1.00027934152851,23071.0496685209
"GMST","first_difference",58,1.00020762245059,23650.5639078359
"GMST","first_difference",59,1.00005668349405,23047.3172483258
"GMST","first_difference",60,1.00009503095213,21481.5845061023
"GMST","first_difference",61,0.999922699747094,22807.8752472888
"GMST","first_difference",62,1.00013609546724,23480.4993249722
"GMST","first_difference",63,1.00019677821028,23664.61291591
"GMST","first_difference",64,0.999992634118696,23992.1166117069
"GMST","first_difference",65,1.0000531611077,22963.3034616999
"GMST","first_difference",66,0.999918708156408,22722.1179461945
"GMST","first_difference",67,1.00001618999897,24531.1881118318
"GMST","first_difference",68,0.999972145908095,23366.7169278413
"GMST","first_difference",69,0.999960170257572,23325.4800737203
"GMST","first_difference",70,1.00006948704202,24000
"GMST","first_difference",71,1.00002214856878,23463.9641156447
"GMST","first_difference",72,1.00007149649466,23158.6340740833
"GMST","first_difference",73,1.00013332276944,23618.4777691627
"GMST","first_difference",74,1.00004205801949,22586.3718231733
"GMST","first_difference",75,1.00028756097454,22053.7113793765
"GMST","first_difference",76,0.999978036587762,22916.6743026451
"GMST","first_difference",77,0.999979743803041,21849.4359436387
"GMST","first_difference",78,1.00031751986566,22281.703013547
"GMST","first_difference",79,0.999989226145474,23461.7548713443
"GMST","first_difference",80,1.00031080160844,22392.6190320142
"GMST","first_difference",81,0.999983243170981,23095.7574674938
"GMST","first_difference",82,0.999988003206278,23580.7093274403
"GMST","first_difference",83,1.00016201620684,23300.6648487702
"GMST","first_difference",84,1.00012267717224,22658.9223199485
"GMST","first_difference",85,1.00037399194295,23047.8279083894
"GMST","first_difference",86,1.00025739870284,23859.261010484
"GMST","first_difference",87,1.00003744908517,22540.6602014704
"GMST","first_difference",88,1.00030141813135,22993.8900362635
"GMST","first_difference",89,1.00000798567915,22009.4966413403
"GMST","first_difference",90,0.999962197175023,22369.5107704189
"GMST","first_difference",91,1.00002806052525,20783.3808727787
"GMST","first_difference",92,1.00007534476239,21973.5472148015
"GMST","first_difference",93,0.999920861298562,20504.5131846644
"GMST","first_difference",94,1.00003385825154,20607.4858534203
"GMST","first_difference",95,1.00009852681672,21764.3729936151
"GMST","first_difference",96,1.00007598229346,21552.5546513766
"GMST","first_difference",97,1.00010011666882,22022.1920729471
"GMST","first_difference",98,1.00018613607396,18520.1867934192
"GMST","first_difference",99,1.0001052077306,21670.4013473261
"GMST","first_difference",100,1.00007196573424,19675.9227659439
"GMST","first_difference",101,1.00019562765986,17849.8323297194
"GMST","first_difference",102,1.00021127640858,19180.7283328497
"GMST","first_difference",103,1.0001629934885,18154.4508904316
"GMST","first_difference",104,1.00009685442278,18485.3268691027
"GMST","first_difference",105,1.00005393054228,17193.8153836491
"GMST","first_difference",106,1.00051103443774,16572.0077481863
"GMST","first_difference",107,0.99997327591565,17198.2703711368
"GMST","first_difference",108,0.999944144792943,18132.1672636837
"GMST","first_difference",109,1.00016670843199,16854.6806433636
"GMST","first_difference",110,1.00007664527173,16519.9300793814
"GMST","first_difference",111,1.00021565525427,18193.0990165923
"GMST","first_difference",112,1.00033951642736,16761.7182517171
"GMST","first_difference",113,1.00023032267474,17818.3244324155
"GMST","first_difference",114,1.00045018112081,19471.4934208081
"GMST","first_difference",115,1.00000034789905,17764.2144424286
"GMST","first_difference",116,0.999989700315721,21430.9581299512
"GMST","first_difference",117,1.00012264923621,20948.5800826849
"GMST","first_difference",118,0.999969400033019,19900.7605776758
"GMST","first_difference",119,0.999954060650192,22030.2232857674
"GMST","first_difference",120,1.00001120453274,22431.8446782035
"GMST","first_difference",121,1.00032031328411,21094.4645662664
"GMST","first_difference",122,0.999994980481037,20780.2428978197
"GMST","first_difference",123,1.00007424147276,21533.2039047299
"GMST","first_difference",124,1.0002723312733,23256.0194331782
"GMST","first_difference",125,0.999921477896983,22544.467353953
"GMST","first_difference",126,0.999983399202348,23390.8925033033
"GMST","first_difference",127,1.00001182887655,22526.3711571984
"GMST","first_difference",128,1.00003426553973,23077.7841811024
"GMST","first_difference",129,1.00001326318919,24368.1758150583
"GMST","first_difference",130,1.00020784664469,21440.559574092
"GMST","first_difference",131,1.00007551757084,23471.2421289602
"GMST","first_difference",132,1.00012336233484,23566.5035571909
"GMST","first_difference",133,1.00006257065163,24672.1049962324
"GMST","first_difference",134,0.999910155093449,23859.9128678843
"GMST","first_difference",135,0.999908781603084,23634.7015876629
"GMST","first_difference",136,1.00014670704285,23066.5757127623
"GMST","first_difference",137,1.00017913243625,23094.1903810574
"GMST","first_difference",138,0.999962425347836,23447.0186698718
"GMST","first_difference",139,1.00023144005224,23580.7547777754
"GMST","first_difference",140,0.999920183636185,24000.0000000001
"GMST","first_difference",141,1.00004197389232,23589.5117095818
"GMST","first_difference",142,1.00006343791858,23984.9593852653
"GMST","first_difference",143,0.999978759863798,24076.6980058071
"GMST","first_difference",144,1.00009761898616,22421.268281641
"GMST","first_difference",145,1.00002373890528,23773.1475340582
"GMST","first_difference",146,1.00010394583249,23175.4591996482
"GMST","first_difference",147,1.00006498544754,23030.7845327161
"GMST","first_difference",148,1.00007612422839,23244.8189766644
"GMST","first_difference",149,1.00008518162646,23375.8818295849
"GMST","first_difference",150,0.999962748074429,22493.8951241763
"GMST","first_difference",151,0.999940730023538,22908.2561892152
"GMST","first_difference",152,1.0000570307516,22504.8733642245
"GMST","first_difference",153,1.00005065086962,23227.1544794138
"GMST","first_difference",154,1.00034713228673,22663.7357321835
"GMST","first_difference",155,1.000066414367,22834.9965356261
"GMST","first_difference",156,1.00004731178859,23715.3867253903
"GMST","first_difference",157,1.00006048372198,22665.0311090804
"GMST","first_difference",158,1.00010137521488,22022.4202325948
"GMST","first_difference",159,0.999955009205778,21443.0043144345
"GMST","first_difference",160,1.00009298456696,21618.300641608
"GMST","first_difference",161,1.00010871745219,22917.9688358382
"GMST","first_difference",162,1.00009919516345,21177.7511913894
"GMST","first_difference",163,1.00002634321921,21286.9437591037
"GMST","first_difference",164,1.00022169409374,19769.789925775
"GMST","first_difference",165,0.999994535243949,21655.5780721803
"GMST","first_difference",166,1.00015587931109,20487.7652464557
"GMST","first_difference",167,1.00003958207232,22426.4616157307
"GMST","first_difference",168,0.999971672973045,24000
"GMST","first_difference",169,0.999973490421438,22866.8341520886
"GMST","first_difference",170,1.00020421243921,23262.7781811385
"GMST","first_difference",171,1.00003962851542,22995.4076574384
"GMST","first_difference",172,1.00003409941464,22432.2406282903
"GMST","first_difference",173,1.0000183898353,22030.2857223738
"GMST","first_difference",174,1.00009148455995,22463.2931651045
"GMST","first_difference",175,1.00015252612682,23788.4417264436
"GMST","first_difference",176,0.999993832787179,23230.3315061149
"GMST","first_difference",177,0.99998453608425,23697.4314642948
"GMST","first_difference",178,0.999924168182688,23331.7600789677
"GMST","first_difference",179,0.999969416237629,24297.6557503472
"GMST","first_difference",180,0.999981627379592,23278.4232722802
"GMST","first_difference",181,1.00011662000517,24000
"GMST","first_difference",182,0.99999748904055,23510.3466836809
"GMST","first_difference",183,1.00005254361766,24000
"GMST","first_difference",184,1.00001313298461,24174.6260673992
"GMST","first_difference",185,1.00010319295849,23652.5398702273
"GMST","first_difference",186,1.0001696198895,23644.9001833748
"GMST","first_difference",187,1.00009305424574,24533.2281973169
"GMST","first_difference",188,1.00001448315262,24305.7767527444
"GMST","first_difference",189,1.00004665709672,23222.2421056205
"GMST","first_difference",190,0.999936386801427,23557.5218174851
"GMST","first_difference",191,0.999904464589506,24188.503034886
"GMST","first_difference",192,0.999968366960181,24000
"GMST","first_difference",193,1.00003511371467,22636.0383920448
"GMST","first_difference",194,0.999997321672579,23291.0129227028
"GMST","first_difference",195,1.00008448991188,24000
"GMST","first_difference",196,1.00008254978004,24000
"GMST","first_difference",197,1.00027631356389,23712.2285249956
"GMST","first_difference",198,1.00014437236098,23987.8156830043
"GMST","first_difference",199,1.00008580889286,24023.5507459527
"GMST","first_difference",200,1.00001651357652,23724.1565382109
"GMST","first_difference",201,0.999960647662153,23232.8186797934
"GMST","first_difference",202,0.999920850014549,24118.6680038457
"GMST","first_difference",203,1.00003793921139,22983.7835440848
"GMST","first_difference",204,0.99998886048167,22267.8289022441
"GMST","first_difference",205,0.999982174517405,22069.3333762803
"GMST","first_difference",206,1.00012644898693,22059.0550294944
"GMST","first_difference",207,1.00010718326838,23863.03199505
"GMST","first_difference",208,1.00021300943626,23082.4336827658
"GMST","first_difference",209,1.00004609228231,21729.0387367854
"GMST","first_difference",210,1.00000420401587,21743.8282667815
"GMST","first_difference",211,0.999973758940954,22420.1054575031
"GMST","first_difference",212,1.0000320398867,20992.6670968377
"GMST","first_difference",213,1.00002283753789,19985.4886064964
"GMST","first_difference",214,1.00005555403824,21311.9150494167
"GMST","first_difference",215,0.999999906351909,20019.4596303121
"GMST","first_difference",216,1.00006380586418,21027.9431034067
"GMST","first_difference",217,1.00004205576868,22337.0712835583
"GMST","first_difference",218,1.00008169279834,21531.4051344868
"GMST","first_difference",219,1.00018301506705,23005.7694153435
"GMST","first_difference",220,1.00004207735397,22714.7920703355
"GMST","first_difference",221,1.00010017580903,21027.0886283814
"GMST","first_difference",222,1.00022125279031,21155.6179924238
"GMST","first_difference",223,1.00010325383942,22523.0437247339
"GMST","first_difference",224,1.00008289172057,21222.064380515
"GMST","first_difference",225,0.999947788353724,21597.1872497047
"GMST","first_difference",226,0.999933119184492,22157.8021082636
"GMST","first_difference",227,0.999980728454206,22775.4690520752
"GMST","first_difference",228,1.00007634515344,20562.0018552694
"GMST","first_difference",229,1.00023253239892,21842.1139624584
"GMST","first_difference",230,1.00006620790836,22276.9353575804
"GMST","first_difference",231,1.00006924920111,21825.4941132293
"GMST","first_difference",232,0.99993748793008,19486.0746438484
"GMST","first_difference",233,1.00007191485172,19474.7410576603
"GMST","first_difference",234,1.00015952047717,22420.8460176937
"GMST","first_difference",235,1.00003325352577,21962.8629354116
"GMST","first_difference",236,0.999932178616104,22286.3775974606
"GMST","first_difference",237,1.0000579301785,20854.3759489713
"GMST","first_difference",238,1.0000655028809,19292.1846068715
"GMST","first_difference",239,0.999981438519051,20679.0163712595
"GMST","first_difference",240,1.00002569340264,21487.9279383022
"GMST","first_difference",241,1.00010245673093,23038.2612386818
"GMST","first_difference",242,1.00007161301536,20222.2089451656
"GMST","first_difference",243,0.999972135565945,22679.89683743
"GMST","first_difference",244,0.999924598541877,22483.3312141084
"GMST","first_difference",245,1.00003046552558,21736.2196555562
"GMST","first_difference",246,1.00006964864471,22642.4582763685
"GMST","first_difference",247,1.00007329844042,23036.1771319356
"GMST","first_difference",248,1.00010006281786,22028.5320813534
"GMST","first_difference",249,0.999920169315735,24046.428196735
"GMST","first_difference",250,0.999978458042994,22942.1332369662
"GMST","first_difference",251,1.0001264282745,22717.3869196048
"GMST","first_difference",252,1.00011284631399,23667.6873291465
"GMST","first_difference",253,0.999999360006419,21396.9139426305
"GMST","first_difference",254,1.0000245885522,22888.4457681338
"GMST","first_difference",255,0.999920402185591,21329.4619981832
"GMST","first_difference",256,1.0001330732874,21771.3480265289
"GMST","first_difference",257,1.00009331408498,21916.6503652764
"GMST","first_difference",258,1.00006575647614,22271.4955087328
"GMST","first_difference",259,1.00000692257735,22865.013546403
"GMST","first_difference",260,1.0000994113123,21533.2575382278
"GMST","first_difference",261,1.0000305720866,21914.8210907871
"GMST","first_difference",262,1.00012119608691,21443.2960455728
"GMST","first_difference",263,0.999969742034304,22809.661584999
"GMST","first_difference",264,1.00001557160954,23173.8884222202
"GMST","first_difference",265,1.00001627512941,22559.1239794625
"GMST","first_difference",266,1.00028017522094,22966.0303491164
"GMST","first_difference",267,0.999931284893897,23043.611598966
"GMST","first_difference",268,0.999975546628751,23700.3494300384
"GMST","first_difference",269,1.00005228383169,22880.263856063
"GMST","first_difference",270,0.999946704279545,22499.7859564448
"GMST","first_difference",271,0.999946086999094,23479.8243127717
"GMST","first_difference",272,1.0000598214561,24000
"GMST","first_difference",273,0.999955837448808,22719.400071403
"GMST","first_difference",274,1.00014705339471,22042.2449273308
"GMST","first_difference",275,1.00022485124794,22519.2530622874
"GMST","first_difference",276,1.0002452902158,23016.2556974425
"GMST","first_difference",277,0.999928627078428,23703.7337045331
"GMST","first_difference",278,0.999932256785949,23817.6666768863
"GMST","first_difference",279,1.00050816151877,22665.8173084093
"GMST","first_difference",280,1.00011086085921,23408.9910004624
"GMST","first_difference",281,1.00012099954727,20951.0127592365
"GMST","first_difference",282,1.00010261975348,20955.690308374
"GMST","first_difference",283,1.00026410757211,19964.2305487607
"GMST","first_difference",284,1.00008900408481,20539.5228034913
"GMST","first_difference",285,1.00008026362542,18798.3432970395
"GMST","first_difference",286,1.00016015792857,17984.1621518369
"GMST","first_difference",287,1.00019772955204,16455.0791545131
"GMST","first_difference",288,0.999971826896271,18388.201784115
"GMST","first_difference",289,1.00013633260333,18559.7154830742
"GMST","first_difference",290,1.00026700375389,17117.2729042102
"GMST","first_difference",291,1.00003923473453,18908.9931824463
"GMST","first_difference",292,0.999990054573318,19915.1047451667
"GMST","first_difference",293,0.999986550223884,20387.806931877
"GMST","first_difference",294,1.00001678393092,21134.8198579829
"GMST","first_difference",295,1.00003796608426,21565.5255460186
"GMST","first_difference",296,1.00006901499874,22872.3490350138
"GMST","first_difference",297,1.00016165844544,22247.4001441197
"GMST","first_difference",298,1.00012587276369,21683.9177914231
"GMST","first_difference",299,1.00030491394532,22104.6801839583
"GMST","first_difference",300,1.00001182570807,23049.9802701525
"GMST","first_difference",301,1.00003995768739,22970.236389119
"GMST","first_difference",302,1.0000601666966,23149.7603276717
"GMST","first_difference",303,1.00019946748722,22391.7434763606
"GMST","first_difference",304,0.999918763919623,22416.8523693662
"GMST","first_difference",305,1.00022358939638,22961.1567758016
"GMST","first_difference",306,0.999974899831363,23082.6617005091
"GMST","first_difference",307,1.00006449738122,23441.7832983389
"GMST","first_difference",308,1.00020397862625,23501.3702965521
"GMST","first_difference",309,1.00030547064772,23721.2717293187
"GMST","first_difference",310,1.00005241605437,24000
"GMST","first_difference",311,1.00011889851754,22995.3560254694
"GMST","first_difference",312,1.00009163189479,23790.8191577328
"GMST","first_difference",313,0.999938886998872,22621.6517499074
"GMST","first_difference",314,1.00002035907145,23337.5661305204
"GMST","first_difference",315,1.00002912696342,22130.7281969949
"GMST","first_difference",316,0.99991575198236,23955.7558965224
"GMST","first_difference",317,0.999918140519689,22603.5181866525
"GMST","first_difference",318,0.999988752882122,24015.7074099737
"GMST","first_difference",319,1.0001356156059,23196.4188097549
"GMST","first_difference",320,0.999999408949195,24215.3761426017
"GMST","first_difference",321,1.00027761974281,24000
"GMST","first_difference",322,0.999983399238001,26207.8109930205
"GMST","first_difference",323,1.00008869139334,23657.7120228864
"GMST","first_difference",324,1.00014512933855,23352.065066455
"GMST","first_difference",325,1.0001013472759,24000
"GMST","first_difference",326,0.999944691154323,23691.6684624908
"GMST","first_difference",327,0.999928908977076,23670.2339055616
"GMST","first_difference",328,1.00007968323555,23773.5693360839
"GMST","first_difference",329,1.00000785299608,23519.0011855738
"GMST","first_difference",330,0.999978504483832,22827.2815673567
"GMST","first_difference",331,1.00008295350063,22594.0460408775
"GMST","first_difference",332,1.00006813464507,22415.0162471502
"GMST","first_difference",333,1.00005961229459,21224.326545644
"GMST","first_difference",334,1.00017609697447,17253.6506974873
"GMST","first_difference",335,1.00009378806265,18447.623710563
"GMST","first_difference",336,1.00008107698206,15162.9866365602
"GMST","first_difference",337,1.00006896789254,15417.4188188932
"GMST","first_difference",338,1.00006108894852,16643.842750172
"GMST","first_difference",339,1.00024210379062,12395.9367699093
"GMST","first_difference",340,1.0001964408637,14483.7675215195
"GMST","first_difference",341,1.00010160016874,15448.2445159447
"GMST","first_difference",342,1.00027346394226,17612.7227229889
"GMST","first_difference",343,0.999996535968597,16469.0704667993
"GMST","first_difference",344,1.00001359168384,15492.3179066176
"GMST","first_difference",345,0.999944789726837,16527.682409727
"GMST","first_difference",346,1.00012348746719,18368.7776620842
"GMST","first_difference",347,1.00010418255138,20663.787067226
"GMST","first_difference",348,1.00022340410849,20641.1927850264
"GMST","first_difference",349,1.00034170655404,18817.4295186601
"GMST","first_difference",350,1.00004364412303,19106.0706198314
"GMST","first_difference",351,1.00000499926575,15672.2507982558
"GMST","first_difference",352,1.0001677723352,15175.1913161545
"GMST","first_difference",353,1.0001929140982,14541.4720669331
"GMST","first_difference",354,1.0003086017988,14701.5510020821
"GMST","first_difference",355,1.00013856374868,13713.5347746555
"GMST","first_difference",356,1.00008309910258,14310.9667325734
"GMST","first_difference",357,1.00001654863746,13689.9081591093
"GMST","first_difference",358,1.00019205710154,14580.2823781666
"GMST","first_difference",359,1.00061885997761,14602.7723128476
"GMST","first_difference",360,1.00035964802392,16426.7068153636
"GMST","first_difference",361,1.00010185998221,16591.8378557383
"GMST","first_difference",362,1.00009102224437,18668.7932118976
"GMST","first_difference",363,1.00004724466509,16614.2787484659
"GMST","first_difference",364,1.0000164713282,16001.1313921319
"GMST","first_difference",365,1.00012567927139,19521.679619708
"GMST","first_difference",366,1.00009954340863,17621.8146182965
"GMST","first_difference",367,1.00012420122635,18709.218163904
"GMST","first_difference",368,1.00010125519627,21054.6118967508
"GMST","first_difference",369,1.00011647476529,19993.0430609533
"GMST","first_difference",370,1.00005716284081,19811.4155303084
"GMST","first_difference",371,1.00004180159159,19514.1408625472
"GMST","first_difference",372,1.00019840437629,20338.0627915213
"GMST","first_difference",373,1.00031586475713,16836.3805658436
"GMST","first_difference",374,1.0000661253715,18448.9575052235
"GMST","first_difference",375,1.00014755538247,17628.6298274361
"GMST","first_difference",376,1.00023150039023,17990.8861283484
"GMST","first_difference",377,1.00026549995419,18949.5084385645
"GMST","first_difference",378,1.00005727212217,17955.1160548686
"GMST","first_difference",379,0.999980580914117,17064.3110488286
"GMST","first_difference",380,1.00018963558475,17347.8574917737
"GMST","first_difference",381,1.00015612890224,17468.4031288472
"GMST","first_difference",382,1.00002696988625,17559.6554910348
"GMST","first_difference",383,1.00003559072203,18717.29504172
"GMST","first_difference",384,0.999925053360999,18377.2613075611
"GMST","first_difference",385,0.999950001308337,20082.1475057079
"GMST","first_difference",386,1.00002626444284,19976.6044524839
"GMST","first_difference",387,1.00010420209527,21912.4626928505
"GMST","first_difference",388,1.00003756876746,20460.8054708187
"GMST","first_difference",389,1.00006246905769,20147.9838634124
"GMST","first_difference",390,0.999990848617961,20247.636941926
"GMST","first_difference",391,0.999941534847799,19728.7610178419
"GMST","first_difference",392,1.00001923968892,21744.7226073661
"GMST","first_difference",393,1.00012556505891,20355.1189591177
"GMST","first_difference",394,1.00003063877756,20297.2994967435
"GMST","first_difference",395,1.00007119485352,21554.7185971243
"GMST","first_difference",396,0.999977445569834,19697.991563726
"GMST","first_difference",397,1.00021920064192,19726.7204043254
"GMST","first_difference",398,1.00019177376536,19039.2453237849
"GMST","first_difference",399,1.00016713151342,19557.6677511504
"GMST","first_difference",400,0.999943742713817,20897.1357792293
"GMST","first_difference",401,1.00012136526104,18060.8456941239
"GMST","first_difference",402,1.00009191566167,20223.0922574058
"GMST","first_difference",403,1.00020308657143,19571.8423564613
"GMST","first_difference",404,1.000038668981,18029.8944238564
"GMST","first_difference",405,1.0000774284731,20443.9145955438
"GMST","first_difference",406,1.00005045257597,19044.3965818234
"GMST","first_difference",407,1.00014561880571,18949.6934871485
"GMST","first_difference",408,1.00004260099771,17672.805242401
"GMST","first_difference",409,0.999934311520172,17714.3205093595
"GMST","first_difference",410,0.999990707941557,17010.521799022
"GMST","first_difference",411,1.0000135840719,18360.4644121354
"GMST","first_difference",412,1.00000048359476,15118.4181073192
"GMST","first_difference",413,0.999959009777526,17541.2362840397
"GMST","first_difference",414,1.00018514458539,18281.8858148576
"GMST","first_difference",415,0.999990535356702,19711.3651504447
"GMST","first_difference",416,1.00008651293251,17012.950472743
"GMST","first_difference",417,1.00010003510618,18976.9960865965
"GMST","first_difference",418,1.00006915928766,18278.9529808278
"GMST","first_difference",419,0.999983272593699,18335.7266714109
"GMST","first_difference",420,1.00018142818622,19921.6891284292
"GMST","first_difference",421,1.00009907465176,18750.310047414
"GMST","first_difference",422,1.00017995452151,19336.1117624415
"GMST","first_difference",423,1.00007438201672,18189.7292488485
"GMST","first_difference",424,1.00054331376282,18097.8397080634
"GMST","first_difference",425,0.999953151520281,20136.4648876106
"GMST","first_difference",426,1.00055003195382,21199.600462708
"GMST","first_difference",427,1.00019624976491,19971.7909747883
"GMST","first_difference",428,0.999969945791723,20414.0596768877
"GMST","first_difference",429,1.00023331212762,21155.7000697481
"GMST","first_difference",430,1.00000119081821,20323.8504557648
"GMST","first_difference",431,1.00007071761785,18993.2862533927
"GMST","first_difference",432,1.00045752214698,19959.7250395323
"GMST","first_difference",433,1.00016758823395,20709.3440204253
"GMST","first_difference",434,1.00025871534877,19338.78338237
"GMST","first_difference",435,1.00016914974058,19705.4051350737
"GMST","first_difference",436,1.00034800182935,17487.316828991
"GMST","first_difference",437,1.00002177600139,19227.7529898551
"GMST","first_difference",438,1.00022155953233,19246.3892549171
"GMST","first_difference",439,1.0004335003412,17139.9130198498
"GMST","first_difference",440,1.00056072456234,17103.711739172
"GMST","first_difference",441,1.00064247772517,18005.21700518
"GMST","first_difference",442,1.00003741747718,18317.2867949382
"GMST","first_difference",443,1.00039688103837,18327.6420194392
"GMST","first_difference",444,1.00009054718676,17318.3041409171
"GMST","first_difference",445,1.00032489984989,16501.2216245471
"GMST","first_difference",446,1.00029723637178,16717.9667984692
"GMST","first_difference",447,1.00015028207719,18407.3414716673
"GMST","first_difference",448,1.00000912211944,18160.7619345721
"GMST","first_difference",449,1.0001057085877,18391.7042692603
"GMST","first_difference",450,0.999993995152767,18608.9589813244
"GMST","first_difference",451,1.00011570354804,17971.1222534063
"GMST","first_difference",452,1.00007681598402,18650.589353432
"GMST","first_difference",453,1.00010623266189,18817.0049262975
"GMST","first_difference",454,1.00028993929932,17609.2239241928
"GMST","first_difference",455,1.00014937546436,21581.1810526515
"GMST","first_difference",456,1.00030683183252,20623.2323854249
"GMST","first_difference",457,1.00033626295164,20507.2180865258
"GMST","first_difference",458,1.0001473440098,19090.4764399015
"GMST","first_difference",459,1.00014209279209,20317.1349173394
"GMST","first_difference",460,0.999992947156241,20650.9542855502
"GMST","first_difference",461,1.00034912524115,20515.3710658551
"GMST","first_difference",462,1.00014375126524,18672.6005482557
"GMST","first_difference",463,1.00015957724932,19197.1677570756
"GMST","first_difference",464,1.00019035716822,18894.5231648573
"GMST","first_difference",465,1.0005019324909,18004.2600143824
"GMST","first_difference",466,1.0000807865492,16650.298333972
"GMST","first_difference",467,1.00003032085222,15305.5306877518
"GMST","first_difference",468,1.00044078239975,16295.0653157394
"GMST","first_difference",469,1.00006253226019,14241.8719963959
"GMST","first_difference",470,1.0003102926345,15706.5835960499
"GMST","first_difference",471,1.00048531634545,15680.3545090137
"GMST","first_difference",472,1.0000145701312,16970.332082346
"GMST","first_difference",473,1.00014933920441,19533.1253773754
"GMST","first_difference",474,1.00007488695273,18925.3755166883
"GMST","first_difference",475,1.00005517089495,21718.9114364008
"GMST","first_difference",476,1.0001417146653,21867.2837766508
"GMST","first_difference",477,0.999989928972905,21734.4001765424
"GMST","first_difference",478,1.00009185933335,22895.1448430431
"GMST","first_difference",479,0.999994527700597,22696.9501020817
"GMST","first_difference",480,0.99998198307688,23035.5034750755
"GMST","first_difference",481,1.00021217368881,23493.3241543483
"GMST","first_difference",482,0.999954852230339,23627.401110751
"GMST","first_difference",483,0.999981415877436,23495.7894874412
"GMST","first_difference",484,0.999996732130714,23073.2501766871
"GMST","first_difference",485,0.999938589065928,23188.5907509027
"GMST","first_difference",486,0.999956721700257,23671.3483991212
"GMST","first_difference",487,1.00000120906329,24735.0089903881
"GMST","first_difference",488,0.999971945723221,24108.4683491884
"GMST","first_difference",489,1.00001106987886,24000
"GMST","first_difference",490,1.00020350435306,22560.1624675534
"GMST","first_difference",491,0.999980648821856,23781.2895822731
"GMST","first_difference",492,1.00010129839834,24022.5601742441
"GMST","first_difference",493,1.0001498526962,24011.675199469
"GMST","first_difference",494,1.00003335462384,23145.5419216369
"GMST","first_difference",495,0.999970698628433,23692.5994164442
"GMST","first_difference",496,1.0002048406717,23542.1543057418
"GMST","first_difference",497,1.0002129653192,22409.2107008274
"GMST","first_difference",498,0.999951143914043,22948.1739107332
"GMST","first_difference",499,1.00008681537064,24000
"GMST","first_difference",500,1.00012998060251,24512.5610516297
"GMST","first_difference",501,1.00017463002034,23590.2082039405
"GMST","first_difference",502,1.0000117141006,24000
"GMST","first_difference",503,1.00007976980517,22802.7981160263
"GMST","first_difference",504,1.00003419762273,24000
"GMST","first_difference",505,1.00006650440531,23493.4963060029
"GMST","first_difference",506,1.00001490239886,23742.1375053714
"GMST","first_difference",507,1.00001691139536,24000
"GMST","first_difference",508,0.999967834919231,23898.3286267402
"GMST","first_difference",509,0.999972025264966,23088.7685574455
"GMST","first_difference",510,1.00014444115091,23659.3957558495
"GMST","first_difference",511,1.00012994272881,23157.9268405067
"GMST","first_difference",512,0.999934000526078,22979.7893665093
"GMST","first_difference",513,0.999945984998243,22547.0530614504
"GMST","first_difference",514,0.999977497215668,23374.4925360842
"GMST","first_difference",515,1.00012172312562,22940.4698658141
"GMST","first_difference",516,1.00004209920311,22543.2614010995
"GMST","first_difference",517,1.00000331351967,24000
"GMST","first_difference",518,0.99995779335603,24196.6718123356
"GMST","first_difference",519,0.999932877950778,22693.899062334
"GMST","first_difference",520,1.00025263086017,23578.5487718188
"GMST","first_difference",521,1.00021348927116,23204.4612909705
"GMST","first_difference",522,0.999986107550018,23366.3359607263
"GMST","first_difference",523,1.00002565850918,23221.4832999764
"GMST","first_difference",524,1.0000878172242,22960.8330813694
"GMST","first_difference",525,1.00001719643743,23206.9783167308
"GMST","first_difference",526,1.00000031979618,22540.5934568657
"GMST","first_difference",527,1.0001389088305,23240.4435700392
"GMST","first_difference",528,0.999939661928694,21460.401258708
"GMST","first_difference",529,0.999998927949224,22941.3064960301
"GMST","first_difference",530,0.999958454830559,22995.342783886
"GMST","first_difference",531,0.99995064987167,22559.7584035185
"GMST","first_difference",532,1.00005531976039,21433.6240156051
"GMST","first_difference",533,1.00034043973894,21395.7328381522
"GMST","first_difference",534,1.00009154153379,17782.4220563942
"GMST","first_difference",535,1.0003216776822,15993.3246367674
"GMST","first_difference",536,1.00016707024248,15216.6951117022
"GMST","first_difference",537,1.00009615791608,13687.161147759
"GMST","first_difference",538,1.00009232183459,17602.9519622547
"GMST","first_difference",539,0.999985405389634,21517.3506923537
"BWT","raw",1,1.0001581349865,23179.0137887782
"BWT","raw",2,1.0001156841093,23736.7441293895
"BWT","raw",3,1.00002403268828,23767.0153770526
"BWT","raw",4,1.00015380853715,25326.8516113336
"BWT","raw",5,1.00001952898935,23696.9081652163
"BWT","raw",6,0.999982685886823,23953.3315587003
"BWT","raw",7,0.999897768492788,24274.2301167401
"BWT","raw",8,1.00021222531301,24000
"BWT","raw",9,1.00007156034301,24125.3315124261
"BWT","raw",10,0.999979233295297,24243.7861731834
"BWT","raw",11,1.00004966782051,25048.1022393825
"BWT","raw",12,0.999980214758693,24234.8192384329
"BWT","raw",13,1.00001532045867,24332.326779847
"BWT","raw",14,0.999977765314719,24000
"BWT","raw",15,1.00002162322955,24000
"BWT","raw",16,0.999969583697671,24195.4814910965
"BWT","raw",17,0.999945199982815,24000
"BWT","raw",18,1.00011181300744,24000
"BWT","raw",19,0.999957994385005,23751.6804853456
"BWT","raw",20,1.00010627901331,24114.878874473
"BWT","raw",21,1.00003089213598,24000
"BWT","raw",22,1.00002073848568,24000
"BWT","raw",23,1.00014317909641,24269.3314989275
"BWT","raw",24,1.00010551277329,25448.5872980724
"BWT","raw",25,0.999955908629605,24654.1070743406
"BWT","raw",26,0.999910320881157,25233.4560068135
"BWT","raw",27,1.00011286475584,25211.5324035751
"BWT","raw",28,0.999998514119811,24299.9540948569
"BWT","raw",29,0.999985455484415,23849.5841710508
"BWT","raw",30,0.999900606884126,23960.6995070401
"BWT","raw",31,1.00000270025902,24255.8742601754
"BWT","raw",32,1.00002603878587,24000
"BWT","raw",33,0.99996953307851,23406.3092631505
"BWT","raw",34,1.00003091500434,24000
"BWT","raw",35,1.00008907301496,24000
"BWT","raw",36,0.999968390877077,23744.636511373
"BWT","raw",37,1.00003209300133,24000
"BWT","raw",38,1.00028629518586,24000
"BWT","raw",39,1.0002232595091,24271.3602437241
"BWT","raw",40,1.00004653248803,24249.4414895071
"BWT","raw",41,1.00002405381984,23930.1558571074
"BWT","raw",42,0.999925794809003,23914.8450927064
"BWT","raw",43,1.00005570906223,24248.8437099241
"BWT","raw",44,1.00002741274305,25210.074670422
"BWT","raw",45,1.00016406758261,24001.0334700063
"BWT","raw",46,0.999985953906008,24000
"BWT","raw",47,1.00002179421712,23657.3397800479
"BWT","raw",48,0.99997427114969,23491.4877838242
"BWT","raw",49,1.00010445929064,23990.6069698864
"BWT","raw",50,0.999992004836086,24224.042680781
"BWT","raw",51,1.00000442310502,24000
"BWT","raw",52,1.00013179641872,24000
"BWT","raw",53,1.00003716007116,24000
"BWT","raw",54,0.999905194059552,23760.6474250446
"BWT","raw",55,0.999939801937669,23752.3230493218
"BWT","raw",56,0.999987121327969,23665.7195728346
"BWT","raw",57,1.00000633330259,24000
"BWT","raw",58,1.00003755575125,23595.0061934064
"BWT","raw",59,1.00010719976715,23433.6785635892
"BWT","raw",60,1.00006827652685,23865.6863896976
"BWT","raw",61,1.00000968158021,23713.1784003975
"BWT","raw",62,1.00016169221744,23777.5422152689
"BWT","raw",63,1.00016010563493,24000
"BWT","raw",64,1.00010113587041,24000
"BWT","raw",65,0.999977465750534,24000
"BWT","raw",66,0.999967515237959,23714.120885126
"BWT","raw",67,1.00004257267767,24549.5723186442
"BWT","raw",68,1.00005479661151,24225.1448992533
"BWT","raw",69,0.999978435477376,23815.6466864577
"BWT","raw",70,1.00003171077508,23718.3852965313
"BWT","raw",71,1.00006563187028,23865.9971077959
"BWT","raw",72,1.00010682273905,24416.8612140542
"BWT","raw",73,0.999999562406673,23717.1912693067
"BWT","raw",74,1.00004040465035,23464.0347777874
"BWT","raw",75,1.00005001854389,24122.367478054
"BWT","raw",76,1.00002974877494,25110.8119403248
"BWT","raw",77,1.00001450751946,23690.6432639116
"BWT","raw",78,1.00010503960553,23565.7300233524
"BWT","raw",79,1.00009867431684,24277.1947222844
"BWT","raw",80,0.999934583830098,24315.5193898261
"BWT","raw",81,0.999973876537739,24000
"BWT","raw",82,0.999969043129791,23999.9999999999
"BWT","raw",83,0.999997213503798,24383.7186826156
"BWT","raw",84,1.00003855094035,24575.5046428825
"BWT","raw",85,0.999991080732808,24497.2723788225
"BWT","raw",86,1.00002226161672,24609.2148271727
"BWT","raw",87,0.999936816287297,24317.0683784445
"BWT","raw",88,0.999954747226189,25437.3696792707
"BWT","raw",89,0.999986366394304,25004.5523797257
"BWT","raw",90,0.999944280335047,24271.4012810454
"BWT","raw",91,0.999943414654137,24000
"BWT","raw",92,0.999991851195448,24000
"BWT","raw",93,0.999897851022607,24253.5828600901
"BWT","raw",94,1.0002052533519,24711.3781393721
"BWT","raw",95,0.999932112909701,24531.9556715854
"BWT","raw",96,0.9999107265333,23884.1811457546
"BWT","raw",97,1.00000224372514,23861.9556358747
"BWT","raw",98,0.999918709439008,23291.9377313978
"BWT","raw",99,1.00001119169534,24072.6367375489
"BWT","raw",100,0.999952169637787,24000
"BWT","raw",101,0.999912212615273,24000
"BWT","raw",102,0.99994743629052,24460.9343244749
"BWT","raw",103,0.999964087637821,24054.3936440438
"BWT","raw",104,0.999957305451856,23470.2908078026
"BWT","raw",105,1.00000597743788,24000
"BWT","raw",106,0.999967386601223,23660.2415943298
"BWT","raw",107,1.00000778620937,23883.5200344791
"BWT","raw",108,1.00004940879279,23643.0297241934
"BWT","raw",109,1.00002995573373,24223.4396635551
"BWT","raw",110,1.00011730225848,24000
"BWT","raw",111,1.00000116159869,24476.2137654424
"BWT","raw",112,0.999996639723352,23725.8740147544
"BWT","raw",113,1.00008115811639,25367.8249857516
"BWT","raw",114,1.00006861098922,23209.1636561513
"BWT","raw",115,1.00008892527779,24327.9069928744
"BWT","raw",116,0.999942994811629,24492.1189059325
"BWT","raw",117,1.00001139826469,24444.609205646
"BWT","raw",118,1.00007830802864,24545.707858261
"BWT","raw",119,1.00013422138826,24028.5773426146
"BWT","raw",120,0.999946397558903,24171.4513251246
"BWT","raw",121,1.00005725029654,24058.0585620986
"BWT","raw",122,1.00029771019233,24000
"BWT","raw",123,1.00036623087289,24000
"BWT","raw",124,1.00000146174502,24188.394692072
"BWT","raw",125,0.999951464594963,23440.3986314986
"BWT","raw",126,1.00011623070304,24649.0004732019
"BWT","raw",127,1.00010284371302,25458.5066796878
"BWT","raw",128,1.00008562932926,23992.0343072281
"BWT","raw",129,1.00010045957417,23999.9999999999
"BWT","raw",130,1.00013781139434,23976.9055313725
"BWT","raw",131,1.00017960731675,23540.3611290642
"BWT","raw",132,1.00003322335,23153.5122215873
"BWT","raw",133,1.00009690691341,23479.7504862228
"BWT","raw",134,1.00013862939968,23480.0296685431
"BWT","raw",135,1.00005223664109,24091.9599448842
"BWT","raw",136,1.00007718404144,24000
"BWT","raw",137,1.00010273752101,24397.5591464694
"BWT","raw",138,0.999996451448371,24000
"BWT","raw",139,1.00004743990319,24000
"BWT","raw",140,1.00003267712308,23666.7391296866
"BWT","raw",141,1.00005956381434,23761.2186875632
"BWT","raw",142,1.0000060797069,23501.7070824911
"BWT","raw",143,1.00013828930073,23756.5599595689
"BWT","raw",144,1.00002965068143,23761.2063959177
"BWT","raw",145,1.00009206222789,24254.263591222
"BWT","raw",146,1.00029815667835,24000
"BWT","raw",147,1.00019003443233,24000
"BWT","raw",148,1.00006265432641,24000
"BWT","raw",149,1.00001183427127,25048.9217938293
"BWT","raw",150,1.00002641814757,24178.5634431886
"BWT","raw",151,1.00014451390407,24656.8182624034
"BWT","raw",152,1.0000815151676,24706.5526555561
"BWT","raw",153,1.000077111,23498.5407742854
"BWT","raw",154,1.00002394601811,22766.062748525
"BWT","raw",155,1.00022001991373,24000
"BWT","raw",156,1.00002800358672,24222.7354033282
"BWT","raw",157,1.00005739089259,24233.2584975757
"BWT","raw",158,0.999989724824542,23709.5290801702
"BWT","raw",159,1.00009128296754,23301.3556362382
"BWT","raw",160,1.00017240000628,24000
"BWT","raw",161,1.00006701448104,24341.8534811684
"BWT","raw",162,0.999986138087115,24705.5058919079
"BWT","raw",163,1.00005858585215,24445.4343926133
"BWT","raw",164,0.999989801105288,24555.1176269458
"BWT","raw",165,0.999923785798457,24423.7155829524
"BWT","raw",166,1.00000692525689,24252.5304423762
"BWT","raw",167,0.999962624740237,24000
"BWT","raw",168,1.00006535499644,24329.6863054737
"BWT","raw",169,1.00019507623982,24767.7864619126
"BWT","raw",170,1.00009395762093,24631.1643606662
"BWT","raw",171,1.00001462170675,24000
"BWT","raw",172,0.999954639469389,24000
"BWT","raw",173,0.999938217999847,22752.2795648379
"BWT","raw",174,0.999935048453705,23776.8843496755
"BWT","raw",175,0.999977720631296,24000
"BWT","raw",176,0.999977518792685,24000
"BWT","raw",177,0.99993151970691,24000
"BWT","raw",178,0.999968763747581,24343.2252337906
"BWT","raw",179,0.99998183090715,23647.8972520694
"BWT","raw",180,0.999943827130455,23593.3335192051
"BWT","raw",181,1.00005292199943,24000
"BWT","raw",182,0.999997553076907,23532.5854803795
"BWT","raw",183,0.999999945539995,24226.998245562
"BWT","raw",184,1.00014814767034,24000
"BWT","raw",185,1.00009330095232,24367.2719824096
"BWT","raw",186,1.00018001985933,23915.2292151718
"BWT","raw",187,1.0000251850142,24290.7901167762
"BWT","raw",188,0.999982163236853,24744.8085360888
"BWT","raw",189,1.00001578506938,24235.7573585797
"BWT","raw",190,1.00007464443531,24160.8272165838
"BWT","raw",191,1.00009579930144,24698.8810220321
"BWT","raw",192,0.999904448048905,24979.7244386203
"BWT","raw",193,0.999958002237841,24000
"BWT","raw",194,0.999978190904252,24544.6785670426
"BWT","raw",195,0.999951376905014,23373.9345274074
"BWT","raw",196,1.00000766433464,24241.5530883937
"BWT","raw",197,1.00000251332547,24481.8358092543
"BWT","raw",198,0.999998762513257,24518.2116011127
"BWT","raw",199,0.999925481539532,24650.7266627582
"BWT","raw",200,0.999957259288766,24879.8090241181
"BWT","raw",201,1.00008688002852,24229.6800461777
"BWT","raw",202,1.00005648499885,24279.969559766
"BWT","raw",203,0.9999756086079,24000
"BWT","raw",204,1.00002664727785,24000
"BWT","raw",205,1.00004910270203,24000
"BWT","raw",206,0.999977637709697,24000
"BWT","raw",207,1.00011484761125,24000
"BWT","raw",208,1.00008848697863,24000
"BWT","raw",209,1.00002924921551,24854.3735543239
"BWT","raw",210,0.99999177693283,24000
"BWT","raw",211,1.00009000970737,24935.9643784206
"BWT","raw",212,1.0001433280952,22997.4847385695
"BWT","raw",213,1.00017145665614,23609.6888540615
"BWT","raw",214,1.00017671240835,23776.6513941744
"BWT","raw",215,1.00003859200843,24306.4014004118
"BWT","raw",216,1.00007458249084,23747.0194997016
"BWT","raw",217,1.00011349588361,24000
"BWT","raw",218,0.999991667556491,24176.8253232184
"BWT","raw",219,0.999903618945283,24000
"BWT","raw",220,0.999938663667838,22836.358132119
"BWT","raw",221,1.00002536889895,22690.0096380142
"BWT","raw",222,1.00005619674144,23262.0657463869
"BWT","raw",223,0.999923628719508,22967.1636957898
"BWT","raw",224,0.999995597248661,24166.4278633638
"BWT","raw",225,1.00000176114524,23689.1260613057
"BWT","raw",226,0.99992899777076,24258.8361947876
"BWT","raw",227,1.00003854399333,24000
"BWT","raw",228,1.00012483161472,24087.1913451846
"BWT","raw",229,1.00009072747628,23617.8897781378
"BWT","raw",230,1.00010799107391,24238.547352677
"BWT","raw",231,0.999995760857482,24000
"BWT","raw",232,1.00001140464494,24256.3660524105
"BWT","raw",233,1.00004164486067,24000
"BWT","raw",234,0.999944151505951,24000
"BWT","raw",235,1.00001687899322,24000
"BWT","raw",236,0.999968539229292,23735.8790912763
"BWT","raw",237,0.999970993154868,23368.0343591118
"BWT","raw",238,1.00000970140055,24000
"BWT","raw",239,0.999937034889651,24000
"BWT","raw",240,0.999962405261021,23735.3694803536
"BWT","raw",241,0.999956729359603,23957.395489548
"BWT","raw",242,1.00002767217995,23735.8110782557
"BWT","raw",243,0.999992908326999,23712.8267423288
"BWT","raw",244,0.999958671934754,23502.511944385
"BWT","raw",245,1.00005481337314,23708.5929445505
"BWT","raw",246,1.00001305171478,24383.279118453
"BWT","raw",247,1.00001851831075,24273.5750612003
"BWT","raw",248,1.00005571097165,24436.3730096497
"BWT","raw",249,1.00012549204016,24296.4416076122
"BWT","raw",250,0.999989124156752,24000
"BWT","raw",251,1.00012668710317,24955.8015629463
"BWT","raw",252,1.000090704816,24038.845939608
"BWT","raw",253,1.00009924422147,23956.8771762992
"BWT","raw",254,1.00011466139799,24000
"BWT","raw",255,1.00019941414601,24000
"BWT","raw",256,1.00007775445467,24000
"BWT","raw",257,1.0000408639462,23753.5250955877
"BWT","raw",258,1.00003387558042,24342.2606925919
"BWT","raw",259,1.00005149352756,24426.4517730198
"BWT","raw",260,0.999971566034328,24000
"BWT","raw",261,0.999987485041547,24000
"BWT","raw",262,1.00007830724456,24000
"BWT","raw",263,1.00004487605436,23575.0143284692
"BWT","raw",264,1.00006470718293,23639.5729472652
"BWT","raw",265,0.999994173633455,24000
"BWT","raw",266,1.00017116528648,24217.7545821828
"BWT","raw",267,1.00022513142063,24374.1656200277
"BWT","raw",268,1.00008208213115,23065.311280108
"BWT","raw",269,1.0002083026179,22941.8932702585
"BWT","raw",270,1.00023396119204,24000
"BWT","raw",271,1.00008243007672,23558.8027890598
"BWT","raw",272,1.00004188837356,23772.4353645046
"BWT","raw",273,1.0001014352783,23655.6470939878
"BWT","raw",274,1.0001017374089,23410.8145582653
"BWT","raw",275,1.00028844896731,23376.9472164496
"BWT","raw",276,1.00006323008411,24000
"BWT","raw",277,1.00005369717965,24379.5569374738
"BWT","raw",278,0.999997470717233,24168.9331734052
"BWT","raw",279,0.999893147625833,23437.5804406733
"BWT","raw",280,1.00001662362323,23833.4374520538
"BWT","raw",281,1.00006201275835,24371.8789620033
"BWT","raw",282,1.0001446528897,24000
"BWT","raw",283,1.00018747379704,24000.0000000001
"BWT","raw",284,1.00006490821784,24000
"BWT","raw",285,1.00011282444868,24000
"BWT","raw",286,1.00004691208412,25185.9429110074
"BWT","raw",287,0.999965669510999,24323.7433023975
"BWT","raw",288,1.00000060073564,24000.0000000001
"BWT","raw",289,0.999940015450205,23705.7189452298
"BWT","raw",290,0.999960093845853,23030.0279120452
"BWT","raw",291,0.999899746768497,24000
"BWT","raw",292,1.0000043297418,24887.4510761267
"BWT","raw",293,1.00014850140913,24000
"BWT","raw",294,0.999985872262379,24000
"BWT","raw",295,0.999964013208956,24000
"BWT","raw",296,0.999990335550066,23777.2549016688
"BWT","raw",297,1.00001551309063,24000
"BWT","raw",298,1.00007241079774,23755.9767328229
"BWT","raw",299,1.00011342730703,24070.2977553402
"BWT","raw",300,1.0001148715532,23643.0082899996
"BWT","raw",301,1.00003196535886,24000
"BWT","raw",302,0.999957443763512,24000
"BWT","raw",303,0.99997167203076,24142.3105396015
"BWT","raw",304,0.999974083424326,23770.9161373704
"BWT","raw",305,1.00003022355125,24357.9238894257
"BWT","raw",306,1.00017315636659,25378.1448221141
"BWT","raw",307,1.00006100721197,24000
"BWT","raw",308,1.0000266204656,24210.0924559057
"BWT","raw",309,0.999944104461825,23635.7821658001
"BWT","raw",310,0.999931791925119,23775.9368339461
"BWT","raw",311,0.999971953530745,24083.066626975
"BWT","raw",312,1.00006571507005,23781.1510886551
"BWT","raw",313,1.00010459785703,23742.3285674708
"BWT","raw",314,1.00008361372038,23688.7350226996
"BWT","raw",315,1.0000342858841,24008.3565951213
"BWT","raw",316,1.00009870961069,24000
"BWT","raw",317,1.000035862915,23536.3523300855
"BWT","raw",318,1.00018159312468,24000
"BWT","raw",319,1.00011097747608,23712.9084332642
"BWT","raw",320,1.0000448021311,23855.2466918376
"BWT","raw",321,1.00001749725396,23715.2006189287
"BWT","raw",322,0.9999811651074,24000
"BWT","raw",323,0.999910170286597,24000
"BWT","raw",324,1.00008387643991,23587.7297816944
"BWT","raw",325,1.00002071158981,23034.956439762
"BWT","raw",326,1.00003882382109,23419.736691449
"BWT","raw",327,1.00003927035422,23226.7012009194
"BWT","raw",328,1.00002501511463,23370.5479641449
"BWT","raw",329,1.00005017527192,23672.0053399846
"BWT","raw",330,1.00000534558804,23445.1711594218
"BWT","raw",331,0.999985996196761,24000
"BWT","raw",332,0.999982097639483,24046.241258161
"BWT","raw",333,0.999993616092187,24345.9798669288
"BWT","raw",334,0.99998567690559,24616.3515673736
"BWT","raw",335,1.00005912187805,24517.7049255974
"BWT","raw",336,1.00022099208234,24411.2365626428
"BWT","raw",337,1.00016135073591,24603.7468075982
"BWT","raw",338,1.00017247599641,24296.5055573521
"BWT","raw",339,1.0001171842136,23747.0060868062
"BWT","raw",340,1.0000037979407,24132.3010541701
"BWT","raw",341,1.00002587260523,23848.6258587581
"BWT","raw",342,1.00001916684289,23624.1687726165
"BWT","raw",343,1.00000551428622,23278.2555831242
"BWT","raw",344,0.999979431502199,23352.9036591688
"BWT","raw",345,1.00005191254237,23337.0331649644
"BWT","raw",346,0.999980261158825,24259.9732706476
"BWT","raw",347,1.00000373787596,23689.7505887801
"BWT","raw",348,1.00002741016527,23717.0744876218
"BWT","raw",349,1.00003080032301,24717.0963009618
"BWT","raw",350,1.00020977759382,23717.2772309339
"BWT","raw",351,0.999993601721284,23440.5533499841
"BWT","raw",352,0.99996512134171,23821.5919332652
"BWT","raw",353,0.999954136915077,24000
"BWT","raw",354,0.999893078798938,24000
"BWT","raw",355,0.999953083904982,24000
"BWT","raw",356,1.0000113852315,23686.846823358
"BWT","raw",357,1.00004719952278,24370.0520397704
"BWT","raw",358,1.00007712044667,24203.1738711847
"BWT","raw",359,0.999923369906385,23984.62537732
"BWT","raw",360,0.999924849765369,23130.7906035297
"BWT","raw",361,1.00004409796214,23862.7183701353
"BWT","raw",362,1.00004430728871,24120.7686905284
"BWT","raw",363,1.00000837806899,23695.1655666058
"BWT","raw",364,1.00003334437429,24327.6636875127
"BWT","raw",365,0.999920387268003,24390.0674271823
"BWT","raw",366,1.00005730629141,25321.9282075367
"BWT","raw",367,1.00008931068274,24000
"BWT","raw",368,1.00006281588603,24909.4637248542
"BWT","raw",369,1.00005836894076,24022.0992400963
"BWT","raw",370,0.999977890680309,24246.5300377506
"BWT","raw",371,1.00005105528976,24486.5847804044
"BWT","raw",372,1.00005508320793,24783.8086041226
"BWT","raw",373,1.00010541895632,25106.0735084741
"BWT","raw",374,1.00003615578227,24863.2903043558
"BWT","raw",375,0.999982141518796,24000.0000000001
"BWT","raw",376,1.00006312787586,25655.2391357092
"BWT","raw",377,1.00011977383041,24577.9800687272
"BWT","raw",378,1.00008840768507,24869.524724302
"BWT","raw",379,0.999981482818056,24916.5098004505
"BWT","raw",380,1.00011804194071,29665.2545721994
"BWT","raw",381,1.00003199393609,25695.4925946299
"BWT","raw",382,0.999998820081423,26018.723141913
"BWT","raw",383,1.00004505295171,24352.206586096
"BWT","raw",384,1.00002716303855,24000
"BWT","raw",385,1.00002431694269,24715.6719277218
"BWT","raw",386,0.999987602587778,24244.3430050808
"BWT","raw",387,0.999962796950513,24281.8232240296
"BWT","raw",388,1.00002865983413,24000
"BWT","raw",389,1.00012014772142,24246.6860551534
"BWT","raw",390,1.00002991880891,24000
"BWT","raw",391,0.999968406536254,24000
"BWT","raw",392,0.999922341623448,24702.9915107689
"BWT","raw",393,0.999978653484356,24000
"BWT","raw",394,1.00006653278705,24000.0000000001
"BWT","raw",395,1.00012656559253,24000
"BWT","raw",396,1.00004067986315,24000
"BWT","raw",397,1.00002308527014,23476.1684473552
"BWT","raw",398,0.999991498920397,23632.4583101541
"BWT","raw",399,1.00008193404591,23647.1349352006
"BWT","raw",400,1.00007923812638,24055.1304870927
"BWT","raw",401,1.00006102621747,22808.6550115186
"BWT","raw",402,1.00010820098323,24000
"BWT","raw",403,1.00006385303848,24000
"BWT","raw",404,1.00011225940647,24000
"BWT","raw",405,1.00002663286463,23764.7582062096
"BWT","raw",406,1.00010866782519,23257.2589015506
"BWT","raw",407,1.00017948090125,24633.8459063672
"BWT","raw",408,1.00013634234401,24834.4000898056
"BWT","raw",409,1.00012654186929,24851.4387685423
"BWT","raw",410,1.00017905733721,24000
"BWT","raw",411,1.00008103060733,24000
"BWT","raw",412,1.00015752256276,24000
"BWT","raw",413,1.00005474084394,24323.7468206152
"BWT","raw",414,1.00013535622305,24000
"BWT","raw",415,1.00012017621438,24252.9902229485
"BWT","raw",416,1.00008665978374,24000
"BWT","raw",417,1.00015239622447,24539.1689189146
"BWT","raw",418,1.00000605050114,24654.3251394738
"BWT","raw",419,0.999973508927177,24000
"BWT","raw",420,1.00011701782333,25749.1155744109
"BWT","raw",421,0.99999926242356,23574.7358753427
"BWT","raw",422,1.00013416984981,24228.3980611847
"BWT","raw",423,1.0000968132929,23766.4810622114
"BWT","raw",424,1.00000861286796,23455.7085386147
"BWT","raw",425,1.00001929574918,24159.0908654086
"BWT","raw",426,1.00006883893831,23850.4196509125
"BWT","raw",427,1.00007688965628,24131.1710250995
"BWT","raw",428,1.00003573513322,23941.85081291
"BWT","raw",429,1.00000946882802,24000
"BWT","raw",430,1.00009079339473,24556.9005227465
"BWT","raw",431,1.00018186544924,23700.9103755926
"BWT","raw",432,1.00004330165102,23670.1583629183
"BWT","raw",433,1.00005229680063,23731.7875742133
"BWT","raw",434,1.00008533479013,24000
"BWT","raw",435,1.00001358497376,24000
"BWT","raw",436,0.999949960444345,24322.8461115137
"BWT","raw",437,1.00009239808778,24377.3859730147
"BWT","raw",438,0.999913340215985,24182.4746964569
"BWT","raw",439,0.999961580094394,24323.1537171886
"BWT","raw",440,0.999993176255468,24132.6990986059
"BWT","raw",441,0.999962528417951,24000
"BWT","raw",442,1.00005180482626,24000
"BWT","raw",443,0.99996388598189,24000
"BWT","raw",444,0.999972151178955,24000
"BWT","raw",445,1.0000053161895,24000
"BWT","raw",446,0.999944322449734,23588.977672846
"BWT","raw",447,0.99993208570883,24396.9526027064
"BWT","raw",448,1.00011244767679,23976.2087848124
"BWT","raw",449,1.00005512579645,23802.251243822
"BWT","raw",450,0.999926896198126,24000
"BWT","raw",451,0.999959038233639,24000
"BWT","raw",452,0.999942571444252,24000
"BWT","raw",453,0.999962835998658,24478.4350085988
"BWT","raw",454,1.00000325458047,23751.4157823008
"BWT","raw",455,0.9999708202588,24529.1030542292
"BWT","raw",456,0.999990533865748,25606.2801190055
"BWT","raw",457,0.999948938067728,24763.2647866263
"BWT","raw",458,1.00017874539417,24240.4918754484
"BWT","raw",459,1.00008288806426,23677.415464158
"BWT","raw",460,1.00011053891838,23495.4460082402
"BWT","raw",461,0.999978056385622,24000
"BWT","raw",462,1.00022144802397,23681.108176371
"BWT","raw",463,1.0000040598812,23704.2986688406
"BWT","raw",464,0.999907239008195,23866.1815087424
"BWT","raw",465,0.999981921494164,22550.7019655698
"BWT","raw",466,0.999956381227357,21649.0717059875
"BWT","raw",467,1.00017951713158,21223.9244207357
"BWT","raw",468,1.00011192944681,17686.4289361252
"BWT","raw",469,1.00019446087602,14788.2015120266
"BWT","raw",470,1.00007499112646,12288.6089747546
"BWT","raw",471,1.00029416555232,10040.1763723838
"BWT","raw",472,1.00051130301564,7638.3148004655
"BWT","raw",473,1.00070482713475,5211.70107554965
"BWT","raw",474,1.00097527860029,4370.5649810005
"BWT","raw",475,1.00090003470078,4636.30668557223
"BWT","raw",476,1.00036812765908,4524.16921335714
"BWT","raw",477,1.00040443473032,4547.9457743705
"BWT","raw",478,1.00036184718137,4863.79187264177
"BWT","raw",479,1.00060155212321,5228.17474761301
"BWT","raw",480,1.00077891996639,5213.75889800524
"BWT","raw",481,1.00077382314904,5092.60366661827
"BWT","raw",482,1.00106932091407,5214.96756147548
"BWT","raw",483,1.00102243640464,4873.78149733863
"BWT","raw",484,1.00116831115299,4592.78693522194
"BWT","raw",485,1.00119564558392,4270.57796839677
"BWT","raw",486,1.0009944323631,3753.13783469771
"BWT","raw",487,1.00143058181226,3949.70216461162
"BWT","raw",488,1.00126065875921,4646.745536571
"BWT","raw",489,1.00101394896369,5378.26971082473
"BWT","raw",490,1.00083822334149,6017.56003289045
"BWT","raw",491,1.00080061551975,7050.53401597131
"BWT","raw",492,1.00039741368651,7543.59232133255
"BWT","raw",493,1.00034777162499,8673.48928256686
"BWT","raw",494,1.00045344891545,9367.69787145669
"BWT","raw",495,1.00021475184953,9867.73394304522
"BWT","raw",496,1.00034091900369,9967.34753569668
"BWT","raw",497,1.00024440596043,10358.4078514745
"BWT","raw",498,1.00012866252293,9969.21698390193
"BWT","raw",499,1.00013789945432,9747.22208564857
"BWT","raw",500,1.00024611303942,8913.44026754544
"BWT","raw",501,1.00024127553304,9735.56805425543
"BWT","raw",502,1.00030333613114,10030.6258986702
"BWT","raw",503,1.00032416957805,9987.47044444431
"BWT","raw",504,1.00023217394067,9554.80493224071
"BWT","raw",505,1.00014217369406,9120.19438202781
"BWT","raw",506,1.00010519591147,7214.55670475015
"BWT","raw",507,1.00025616339248,6623.81178782352
"BWT","raw",508,1.00015267550658,6308.24382816588
"BWT","raw",509,1.00000944701339,6126.73017180207
"BWT","raw",510,1.00001572621712,5667.93792801682
"BWT","raw",511,1.0001618225026,5418.84616022276
"BWT","raw",512,1.00022044105115,5311.50735764352
"BWT","raw",513,1.00021857261046,5114.74715780644
"BWT","raw",514,1.00031923671312,4983.78205198778
"BWT","raw",515,1.00040294946172,5087.58214046809
"BWT","raw",516,1.00053874038997,4985.33415213389
"BWT","raw",517,1.00038054099241,5036.46009719967
"BWT","raw",518,1.00065574617883,5338.77882970438
"BWT","raw",519,1.00064995358724,5542.3543654778
"BWT","raw",520,1.00049266763199,5621.6691435733
"BWT","raw",521,1.0003972941601,5705.50571230914
"BWT","raw",522,1.00037795896589,5867.48689643346
"BWT","raw",523,1.00033408822411,5351.6542011998
"BWT","raw",524,1.00065921947911,4563.22972958005
"BWT","raw",525,1.00106519643706,3971.04588700856
"BWT","raw",526,1.00114832777939,3434.17811787507
"BWT","raw",527,1.00145731590772,3157.35955095181
"BWT","raw",528,1.00135575093153,2916.58166831318
"BWT","raw",529,1.00168623687439,2865.47099967239
"BWT","raw",530,1.00184500032447,2883.49967882707
"BWT","raw",531,1.00128105956954,2628.97241337856
"BWT","raw",532,1.00124532168925,2336.07555456067
"BWT","raw",533,1.00094934609885,1997.97353098
"BWT","raw",534,1.00116709586259,2056.1322831005
"BWT","raw",535,1.00099829211453,1918.72843747591
"BWT","raw",536,1.00105560608226,1904.01010873742
"BWT","raw",537,1.0009059888408,1767.70883840668
"BWT","raw",538,1.00080149327319,1662.60060730725
"BWT","raw",539,1.00084759776294,1731.17589082089
"BWT","raw",540,1.00099255291067,1972.99714445858
"BWT","centered",1,1.00014037095718,23012.8071822118
"BWT","centered",2,1.00009639128029,23705.2061592252
"BWT","centered",3,1.00002348144058,23610.9931052575
"BWT","centered",4,1.00015411004068,25151.1242509455
"BWT","centered",5,1.00006182601409,23823.6038061372
"BWT","centered",6,1.00004507092251,23894.5224356702
"BWT","centered",7,0.999902546413013,24193.1073488454
"BWT","centered",8,1.00029929919194,24000
"BWT","centered",9,1.00003561229837,24013.8676288087
"BWT","centered",10,1.00003861510504,24935.0874095226
"BWT","centered",11,1.0001182082372,24396.1515921063
"BWT","centered",12,1.00004569401382,24354.3021283908
"BWT","centered",13,1.00000546508522,24648.9630021207
"BWT","centered",14,1.00003508727493,24000
"BWT","centered",15,1.00004222348459,24000
"BWT","centered",16,0.999969718672282,24290.7649162471
"BWT","centered",17,0.999981842698327,24000
"BWT","centered",18,1.00013931429646,24000
"BWT","centered",19,0.99994694528768,23734.9622652917
"BWT","centered",20,1.00006821228961,23173.8270356601
"BWT","centered",21,1.00007131191803,23748.3618739295
"BWT","centered",22,1.00002533376084,24000
"BWT","centered",23,1.00013334228001,24000
"BWT","centered",24,1.00006506922916,25005.9175110206
"BWT","centered",25,0.999978580446665,24312.6867322507
"BWT","centered",26,0.999897063844024,24762.6009925303
"BWT","centered",27,1.00008048976829,25097.2399240516
"BWT","centered",28,1.00006102819924,24283.3140892757
"BWT","centered",29,0.999978283870967,23803.4455724652
"BWT","centered",30,0.99992544393605,23923.7967522879
"BWT","centered",31,1.00001969217852,24000.0000000001
"BWT","centered",32,1.00013229493325,24000
"BWT","centered",33,0.999993346907219,23364.1326901566
"BWT","centered",34,1.00006379342712,23532.6876982737
"BWT","centered",35,1.00009357537434,24000
"BWT","centered",36,0.999976740407897,23718.3872384847
"BWT","centered",37,1.0000494981506,24000
"BWT","centered",38,1.00019310816711,24000
"BWT","centered",39,1.0000485553746,24253.0399681732
"BWT","centered",40,1.00008171470661,24242.4915549804
"BWT","centered",41,1.00000949931423,23837.1470212082
"BWT","centered",42,0.999938684041128,23591.1134633846
"BWT","centered",43,1.00007946305123,24234.9173147192
"BWT","centered",44,1.00002431199108,24000
"BWT","centered",45,1.00008693188046,23854.0229838561
"BWT","centered",46,1.00001603990355,23335.4470623589
"BWT","centered",47,1.00008544545929,24474.7059302978
"BWT","centered",48,1.00003588955853,24986.3648064661
"BWT","centered",49,1.0000437404336,23963.2490063584
"BWT","centered",50,1.00001232936853,24000
"BWT","centered",51,1.00007169106249,24000
"BWT","centered",52,1.000223910179,24000
"BWT","centered",53,1.00012537964455,24000
"BWT","centered",54,0.999944096292568,23715.5130674697
"BWT","centered",55,0.99995687600416,23508.9616771266
"BWT","centered",56,1.00003577087885,23498.4914136281
"BWT","centered",57,1.0000840550503,24000
"BWT","centered",58,1.00010132482861,23240.4329614338
"BWT","centered",59,1.0001743750462,23614.787697652
"BWT","centered",60,1.00014550534471,23784.711549579
"BWT","centered",61,1.00007886370356,23649.5097049672
"BWT","centered",62,1.00024107678432,23747.4711197803
"BWT","centered",63,1.00018796607527,24000
"BWT","centered",64,1.00012013975603,24000
"BWT","centered",65,0.99996571193876,24000
"BWT","centered",66,1.00003334426044,23500.3558507572
"BWT","centered",67,1.00002164257852,24527.703105463
"BWT","centered",68,1.0000242920031,24000
"BWT","centered",69,0.999969695394856,23768.3728173195
"BWT","centered",70,1.00003394960974,23743.0637835207
"BWT","centered",71,1.000093090947,23611.6786643299
"BWT","centered",72,1.00012535001379,24456.2024567791
"BWT","centered",73,1.00002035407706,23736.0160593479
"BWT","centered",74,1.00002713044573,23719.9289017415
"BWT","centered",75,1.00003259826477,23938.4927827269
"BWT","centered",76,1.00005312751638,24317.9855396559
"BWT","centered",77,1.00000192341447,23803.314428404
"BWT","centered",78,1.00008533015441,23643.1918085134
"BWT","centered",79,1.00009144290928,24036.3944163566
"BWT","centered",80,0.999921295635766,24228.4430888777
"BWT","centered",81,0.999999651100353,24000
"BWT","centered",82,0.999990259803509,24000
"BWT","centered",83,0.999938142085675,24000
"BWT","centered",84,1.00002658506209,24455.5883212913
"BWT","centered",85,0.999985332232497,24436.3792128266
"BWT","centered",86,1.00000471242347,24060.8545261309
"BWT","centered",87,0.999933920050372,24274.5180970486
"BWT","centered",88,0.999977959544599,25795.3972232153
"BWT","centered",89,1.00001549221529,25164.5377455638
"BWT","centered",90,0.999965182147864,24000
"BWT","centered",91,0.999991375180407,24000
"BWT","centered",92,0.999921257588434,24000
"BWT","centered",93,0.999907307894317,24238.7108423957
"BWT","centered",94,1.0002069552677,24451.3703062917
"BWT","centered",95,0.999897459547913,24508.3995886295
"BWT","centered",96,0.999953150093293,23571.1323492652
"BWT","centered",97,1.00003315342206,23738.615385698
"BWT","centered",98,0.999906867473363,23170.9941725995
"BWT","centered",99,0.999976278937337,23917.200926464
"BWT","centered",100,0.999941666767249,24000
"BWT","centered",101,0.999897854409435,24000
"BWT","centered",102,0.999926288785758,24763.8598404628
"BWT","centered",103,1.00008690099287,23915.7500246871
"BWT","centered",104,0.999976656344425,23483.6721078353
"BWT","centered",105,1.00004644900142,24000
"BWT","centered",106,1.00002080125142,24005.4416913865
"BWT","centered",107,1.0000479852637,23747.7587430271
"BWT","centered",108,0.999999813236349,23524.3562082508
"BWT","centered",109,1.00009666425106,23884.4103188598
"BWT","centered",110,1.00002229764762,24000
"BWT","centered",111,1.00007321627562,24539.5467002606
"BWT","centered",112,1.00000970065071,23914.0192565118
"BWT","centered",113,1.0001027521049,24968.5281101594
"BWT","centered",114,1.00009117394077,23982.5714475221
"BWT","centered",115,1.00013791227163,24094.3715434962
"BWT","centered",116,0.999963669546545,23608.1816735672
"BWT","centered",117,1.00005831668875,24268.2879617613
"BWT","centered",118,1.00012836980739,24410.0221053197
"BWT","centered",119,1.00008784172021,23959.4867924783
"BWT","centered",120,1.0000286108242,23911.970272802
"BWT","centered",121,1.00000510591331,23947.4440861622
"BWT","centered",122,1.00028088908728,23527.499557163
"BWT","centered",123,1.0002163369784,24000
"BWT","centered",124,0.999987524447147,24222.9535451705
"BWT","centered",125,0.999982323087506,23696.8652933385
"BWT","centered",126,1.00016276060027,24453.0851651642
"BWT","centered",127,1.00013552137814,25255.3232279322
"BWT","centered",128,1.00013497060441,23585.7678582817
"BWT","centered",129,1.00003127403157,24576.234045212
"BWT","centered",130,1.00006370176967,23904.0078716844
"BWT","centered",131,1.00017666545661,23437.5888303491
"BWT","centered",132,1.00002421337109,22128.8667722547
"BWT","centered",133,1.00024049791143,22497.5862457474
"BWT","centered",134,1.00016536005851,23239.8016055108
"BWT","centered",135,1.00007312952811,23903.5364445407
"BWT","centered",136,1.00007581804409,23762.8720496899
"BWT","centered",137,1.00009417903589,24035.8780483966
"BWT","centered",138,0.999972981045377,24000
"BWT","centered",139,1.00000046995029,24000
"BWT","centered",140,1.00000190167046,23646.7237844226
"BWT","centered",141,1.00004505434284,23750.9341755442
"BWT","centered",142,1.00003064610407,23486.4893220117
"BWT","centered",143,1.00018833659704,23778.5241359288
"BWT","centered",144,1.00001676960331,24000
"BWT","centered",145,1.0000781751921,24310.1664654991
"BWT","centered",146,1.00028620614814,23779.1333409246
"BWT","centered",147,1.0001925658306,24000
"BWT","centered",148,1.00005507619334,24000
"BWT","centered",149,0.999983754681313,24587.5211882409
"BWT","centered",150,0.999999070371128,24719.1237093193
"BWT","centered",151,1.00004689641753,24575.8503187337
"BWT","centered",152,1.00000299626096,24671.2727337055
"BWT","centered",153,1.00007871647298,24309.6841988122
"BWT","centered",154,1.00005314384488,24000
"BWT","centered",155,1.00018709894112,24000
"BWT","centered",156,1.00002763983348,24227.9498305143
"BWT","centered",157,1.00002959162853,24234.7627785039
"BWT","centered",158,0.999940971038942,23236.8152567519
"BWT","centered",159,1.00009402224352,23304.4447517461
"BWT","centered",160,1.00016853040831,24000
"BWT","centered",161,1.00004911168467,23999.9999999999
"BWT","centered",162,1.00000512075035,24000
"BWT","centered",163,1.00006025919221,24290.9814828879
"BWT","centered",164,1.00001815544635,24523.0787084963
"BWT","centered",165,0.999922387853989,24400.7599424878
"BWT","centered",166,1.00007331501586,24285.2377413844
"BWT","centered",167,0.999959987342705,23730.7445805687
"BWT","centered",168,1.00003750430611,24349.196131652
"BWT","centered",169,1.00016739364018,24631.188800506
"BWT","centered",170,1.00006521610745,24573.6987912482
"BWT","centered",171,0.999991456903909,24000
"BWT","centered",172,0.99994746673604,24000
"BWT","centered",173,0.999925457086586,23674.0711290846
"BWT","centered",174,0.999974647938264,23671.8218014706
"BWT","centered",175,0.999957338535653,24000
"BWT","centered",176,1.00005987097252,24000
"BWT","centered",177,0.999941800341088,24000
"BWT","centered",178,0.999945365061742,24340.3991565307
"BWT","centered",179,1.00001748492998,23371.3058986353
"BWT","centered",180,0.999979961839833,23561.0317559342
"BWT","centered",181,1.00001498976812,23682.3801139784
"BWT","centered",182,1.00003085239582,23576.6008153743
"BWT","centered",183,1.00005615690002,23771.6471431366
"BWT","centered",184,1.00007301849745,24000
"BWT","centered",185,1.00011516188355,24304.6039467207
"BWT","centered",186,1.00023077661414,24000
"BWT","centered",187,1.00005949370805,24000
"BWT","centered",188,1.00000180862715,24483.6638968805
"BWT","centered",189,1.00005657279102,24060.7094618205
"BWT","centered",190,1.0001222446007,24000
"BWT","centered",191,1.00014581594428,24563.46479231
"BWT","centered",192,0.999951517432429,22989.4096460027
"BWT","centered",193,1.00000477806649,24000
"BWT","centered",194,1.00002795364923,24369.5695970234
"BWT","centered",195,0.999990491505708,23100.0075135696
"BWT","centered",196,1.00003680023961,23141.4062775762
"BWT","centered",197,1.00002217153477,24346.2566015749
"BWT","centered",198,0.999992751839706,24518.8538212007
"BWT","centered",199,0.999953567295389,24607.7188073998
"BWT","centered",200,0.999962110029382,24824.8836513504
"BWT","centered",201,1.00013292975526,23770.0978842227
"BWT","centered",202,1.00006340097378,24281.6595949678
"BWT","centered",203,0.999975877956314,24000
"BWT","centered",204,1.00000131124522,24000
"BWT","centered",205,1.00007670679697,23916.3323242599
"BWT","centered",206,0.999952832730796,24000
"BWT","centered",207,1.0000895072279,24000
"BWT","centered",208,1.00010120209505,24224.2426527857
"BWT","centered",209,1.00003742565115,24766.6569654917
"BWT","centered",210,0.999978930601643,24000
"BWT","centered",211,1.00006154296426,24320.8998659187
"BWT","centered",212,1.00008200286149,24110.2410975147
"BWT","centered",213,1.00019683091907,23720.5089255707
"BWT","centered",214,1.00016219314033,24257.2767582432
"BWT","centered",215,1.00010402273148,24380.1878109593
"BWT","centered",216,1.00006525642205,23765.6622192135
"BWT","centered",217,1.00009282460057,24000
"BWT","centered",218,1.00001700998576,24102.7570322034
"BWT","centered",219,0.999952399716735,24000
"BWT","centered",220,0.999995032381135,22783.1709358795
"BWT","centered",221,1.00008395565969,22683.6804388988
"BWT","centered",222,1.00009430050607,23250.0513983934
"BWT","centered",223,0.999913541360354,22943.3028286707
"BWT","centered",224,0.999956495468888,24058.210556498
"BWT","centered",225,0.999961312622991,23664.6326994244
"BWT","centered",226,0.999888960092524,23826.7450199536
"BWT","centered",227,0.999960908830031,24223.4220026759
"BWT","centered",228,1.00002757110592,23683.6135269876
"BWT","centered",229,1.00007565465405,23579.9795912525
"BWT","centered",230,1.00013474625288,23855.426789364
"BWT","centered",231,0.999997210713809,24000
"BWT","centered",232,1.0000115131547,24254.8631130492
"BWT","centered",233,0.999988691170536,24000
"BWT","centered",234,0.999978978602982,23858.5712574299
"BWT","centered",235,1.00005537322838,23481.7695996831
"BWT","centered",236,0.999967018198711,23958.8123241464
"BWT","centered",237,1.00005649095038,23405.545396563
"BWT","centered",238,1.00004529417631,24000
"BWT","centered",239,0.99992320549366,24000
"BWT","centered",240,0.999952079316238,23486.7730282372
"BWT","centered",241,0.999906502875136,23329.9787557937
"BWT","centered",242,0.999965852068175,23318.5438897211
"BWT","centered",243,0.999944500713704,23458.5064917263
"BWT","centered",244,0.999967815755681,23473.6516281081
"BWT","centered",245,0.999999258266838,23066.7701660384
"BWT","centered",246,0.999981713696888,24384.2368245939
"BWT","centered",247,0.999960223484372,24265.4308130072
"BWT","centered",248,0.999992104951461,24563.9430027876
"BWT","centered",249,1.00006068148644,24561.1768174119
"BWT","centered",250,0.999941886821756,23627.1659780303
"BWT","centered",251,1.00014113964803,24695.052504343
"BWT","centered",252,1.00004567940863,24000.6908723236
"BWT","centered",253,1.00005843493701,23923.2947604205
"BWT","centered",254,1.00007947489358,24000
"BWT","centered",255,1.00018353374424,24000
"BWT","centered",256,1.00006221450567,24000
"BWT","centered",257,1.00002975954151,23527.4298133536
"BWT","centered",258,0.999968708097336,24359.643671959
"BWT","centered",259,0.99999603189711,24375.2103851096
"BWT","centered",260,0.999972254420693,24000
"BWT","centered",261,0.999980301029814,23550.8624304908
"BWT","centered",262,1.00010003975557,24000
"BWT","centered",263,1.00006963815379,23560.6064435123
"BWT","centered",264,1.00002880570463,23763.1845854007
"BWT","centered",265,0.999938476753846,24000
"BWT","centered",266,1.00009449757918,24228.8482202904
"BWT","centered",267,1.00018779245984,24370.3580443586
"BWT","centered",268,1.0000532235231,22629.1974899822
"BWT","centered",269,1.00005194626154,22743.6843328964
"BWT","centered",270,1.00009257682033,23481.6902982947
"BWT","centered",271,0.99997304129146,23475.7505331267
"BWT","centered",272,1.00001388401079,23775.4462751041
"BWT","centered",273,1.00015696111013,23655.2282954313
"BWT","centered",274,1.00010088171742,23395.3446765846
"BWT","centered",275,1.00025386741929,23343.7016043341
"BWT","centered",276,1.00001738974039,24000
"BWT","centered",277,1.00006095562962,24311.1369960654
"BWT","centered",278,0.999980968667895,23712.2541511866
"BWT","centered",279,0.999916764413195,23247.6007114291
"BWT","centered",280,0.999987236003485,23728.8494567599
"BWT","centered",281,1.0000629293226,24430.473014516
"BWT","centered",282,1.00015813383758,24000
"BWT","centered",283,1.00011803541328,24000
"BWT","centered",284,0.999991219240409,24000
"BWT","centered",285,1.00008063441204,24000
"BWT","centered",286,0.999984314228105,25110.5689996442
"BWT","centered",287,0.999961819783971,24018.046174249
"BWT","centered",288,0.99998243922583,23265.2449429665
"BWT","centered",289,0.999977500142875,23656.7553474652
"BWT","centered",290,0.99997690825631,22756.4654294071
"BWT","centered",291,0.999923825025255,23763.878183403
"BWT","centered",292,0.999940596045045,24227.8672363452
"BWT","centered",293,1.00009653461566,24000
"BWT","centered",294,1.00000985482812,24000
"BWT","centered",295,0.999933288180668,23801.2927084089
"BWT","centered",296,1.00002023296441,23698.667715649
"BWT","centered",297,1.00000425861065,24000
"BWT","centered",298,1.00002989951059,23768.4508448841
"BWT","centered",299,1.00005554458199,24042.0625791878
"BWT","centered",300,1.00006027420169,23599.4682275562
"BWT","centered",301,1.00001202248255,24000
"BWT","centered",302,0.999962344212777,24000
"BWT","centered",303,0.999996031543306,24124.2939136547
"BWT","centered",304,0.999933134232095,23733.3207714244
"BWT","centered",305,1.0000607551157,24094.8902772111
"BWT","centered",306,1.00016434959496,24652.443701074
"BWT","centered",307,1.00008227357258,24000
"BWT","centered",308,1.00008429342313,23981.6816030093
"BWT","centered",309,0.999955653219068,23479.6854712314
"BWT","centered",310,0.999929467282383,23740.3867204841
"BWT","centered",311,1.00003068827956,24083.4658037995
"BWT","centered",312,1.00002961857919,23756.7737186839
"BWT","centered",313,1.00011387433722,23107.5435705328
"BWT","centered",314,1.00008237768642,23588.4289661693
"BWT","centered",315,1.00006004839647,24052.561328284
"BWT","centered",316,1.00013532725104,23660.1584585666
"BWT","centered",317,1.00005378810814,23772.0476476176
"BWT","centered",318,1.00014552238807,23558.851139399
"BWT","centered",319,1.00009167435683,23349.253899027
"BWT","centered",320,1.00003885917255,23706.7355264545
"BWT","centered",321,1.00008314264203,23259.8146675208
"BWT","centered",322,1.00001907164305,23977.1332418471
"BWT","centered",323,0.99992809052528,24000
"BWT","centered",324,1.00006450739238,24085.4638371379
"BWT","centered",325,1.00002934958012,22798.7814223614
"BWT","centered",326,0.999997259077571,23649.7742235065
"BWT","centered",327,1.00001844860654,23436.4241114096
"BWT","centered",328,0.999997945454304,23729.7264540815
"BWT","centered",329,1.00003769798551,23624.520940503
"BWT","centered",330,0.999967779685478,23301.7106859927
"BWT","centered",331,0.999974288820626,23326.9369388589
"BWT","centered",332,0.999977545916087,23910.5887739165
"BWT","centered",333,0.999994043635246,24000
"BWT","centered",334,1.00002577493816,24572.2910760886
"BWT","centered",335,1.00013607802737,24468.4930429705
"BWT","centered",336,1.0002206626845,24000
"BWT","centered",337,1.0000424385686,24533.1565677081
"BWT","centered",338,1.00018017242453,24281.2156200647
"BWT","centered",339,1.0000728534142,23192.8638560085
"BWT","centered",340,1.00002964349594,23804.532971812
"BWT","centered",341,1.00006384254337,23737.8461103712
"BWT","centered",342,1.00005989971305,23509.928818524
"BWT","centered",343,1.00001199875364,22221.1609562179
"BWT","centered",344,1.00002153205352,23255.4670394285
"BWT","centered",345,1.00002399221033,23363.9005605004
"BWT","centered",346,0.999975737946563,24030.2576526047
"BWT","centered",347,0.999988625247208,23655.3498838766
"BWT","centered",348,1.0000015762677,23698.9213610045
"BWT","centered",349,0.999973055112324,24569.5407431748
"BWT","centered",350,1.00007587828188,23784.4274990137
"BWT","centered",351,0.999983011804537,23720.3588328781
"BWT","centered",352,1.00001140618974,23777.4062652431
"BWT","centered",353,0.999956242394214,23999.9999999999
"BWT","centered",354,0.999911441954785,24000
"BWT","centered",355,1.00002989037905,24000
"BWT","centered",356,1.00000779713383,23662.822196901
"BWT","centered",357,1.00001966093257,24027.9890676108
"BWT","centered",358,1.00004086470293,24128.7463554139
"BWT","centered",359,0.999915217746505,23877.902910259
"BWT","centered",360,0.999924030470129,23360.7773188552
"BWT","centered",361,1.00002285156056,23732.5402621979
"BWT","centered",362,1.00001708904098,23917.8475389366
"BWT","centered",363,0.999961076485412,23572.2141000516
"BWT","centered",364,1.00004655822156,23792.8176633447
"BWT","centered",365,0.999894845999355,24358.1794880373
"BWT","centered",366,1.0000255426903,25027.6284247008
"BWT","centered",367,1.00004349190564,24000
"BWT","centered",368,1.00008850846588,24287.5768237714
"BWT","centered",369,1.00012349611812,23983.4041252197
"BWT","centered",370,0.999920069037525,24231.9714608394
"BWT","centered",371,1.00002807906909,24487.4997387969
"BWT","centered",372,1.00009704888872,24774.1245146249
"BWT","centered",373,1.00015948474727,25051.2520138983
"BWT","centered",374,0.999952798283692,24822.4958437217
"BWT","centered",375,0.999955949655875,24000
"BWT","centered",376,1.00008126208892,24593.3693334204
"BWT","centered",377,1.00017752207703,24452.9151915118
"BWT","centered",378,1.00002382825823,24714.5230180119
"BWT","centered",379,1.00000403192653,26277.0316774972
"BWT","centered",380,1.00008998396215,28488.8610128901
"BWT","centered",381,0.999995479272617,25494.0626262828
"BWT","centered",382,0.999945853347732,24704.7836326377
"BWT","centered",383,0.999998704232941,24472.5738720139
"BWT","centered",384,0.999984309160865,24550.7859804568
"BWT","centered",385,1.00002411395324,24542.3235980745
"BWT","centered",386,0.999978103351456,24000
"BWT","centered",387,0.999978752143758,24257.0821933844
"BWT","centered",388,1.0000326128807,24000
"BWT","centered",389,1.00006289054163,24229.4440118964
"BWT","centered",390,0.999991066505834,23971.0232376517
"BWT","centered",391,0.999958174071347,24256.3155541862
"BWT","centered",392,1.00000580452675,24619.0447217268
"BWT","centered",393,1.00002272355971,24000
"BWT","centered",394,1.00002018690789,24000
"BWT","centered",395,1.00010839266046,24000
"BWT","centered",396,1.00000696948076,24000
"BWT","centered",397,0.999964047248166,23420.0711205803
"BWT","centered",398,1.00001748849102,23585.2577978238
"BWT","centered",399,1.00002783694805,22785.6336183576
"BWT","centered",400,1.00015618657794,22459.5194604137
"BWT","centered",401,1.0000064062515,22775.5332073006
"BWT","centered",402,1.00006448192518,23779.2185643102
"BWT","centered",403,1.00003148601095,24000
"BWT","centered",404,1.00004013443618,24000
"BWT","centered",405,1.0000639951355,23770.3721442023
"BWT","centered",406,1.00006039735473,24000
"BWT","centered",407,1.00012499215564,24245.4322532413
"BWT","centered",408,1.00007886861146,24676.8893197016
"BWT","centered",409,1.00009153331772,24000
"BWT","centered",410,1.00016234229104,24000
"BWT","centered",411,1.00007895556024,24000
"BWT","centered",412,1.00013044557152,24000
"BWT","centered",413,1.00000588190684,24229.2069401851
"BWT","centered",414,1.00007425465968,24000
"BWT","centered",415,1.00006576516174,24258.7774460591
"BWT","centered",416,1.00002331680353,24000
"BWT","centered",417,1.00015230522928,24243.4040302613
"BWT","centered",418,0.999981832797951,24587.0035274311
"BWT","centered",419,0.999973024230388,24000
"BWT","centered",420,1.00011472362688,23548.048485973
"BWT","centered",421,0.999977453424558,23539.9452098923
"BWT","centered",422,1.00015914380772,24211.1702384657
"BWT","centered",423,1.0000184486335,23653.0960697995
"BWT","centered",424,0.999996221132,23472.6300386838
"BWT","centered",425,1.00007600666514,24248.5265174489
"BWT","centered",426,1.00003584172653,23759.9048588675
"BWT","centered",427,1.00005234272126,23238.9027982018
"BWT","centered",428,0.999945214111871,23934.482840532
"BWT","centered",429,0.999981609290554,24000
"BWT","centered",430,1.00013199200758,24647.7682742146
"BWT","centered",431,1.00006635173255,23638.1914138384
"BWT","centered",432,1.00000617547032,23569.3741119809
"BWT","centered",433,1.00001972392066,23687.8885168307
"BWT","centered",434,1.00006940028897,24000
"BWT","centered",435,0.999998622255884,24000
"BWT","centered",436,0.999953001072575,24000
"BWT","centered",437,1.00009550412551,24555.4931690591
"BWT","centered",438,0.999953592423299,23980.8892846186
"BWT","centered",439,0.999939075549309,24292.3470543825
"BWT","centered",440,0.999965094130796,24000
"BWT","centered",441,0.999944726201037,24000
"BWT","centered",442,1.00002752401606,24000
"BWT","centered",443,0.999975128374378,24000
"BWT","centered",444,1.00003112654374,24000
"BWT","centered",445,0.999977972217201,24000
"BWT","centered",446,0.9999606205946,24000
"BWT","centered",447,0.999965338126243,24055.8544952599
"BWT","centered",448,1.00003380036761,23936.6735654514
"BWT","centered",449,1.00006149447181,23518.0032446558
"BWT","centered",450,0.999946587249753,24000
"BWT","centered",451,0.999992057307787,24000
"BWT","centered",452,0.999939229115988,24000
"BWT","centered",453,0.999997207404046,24263.876663908
"BWT","centered",454,0.999970107348967,23726.8290435038
"BWT","centered",455,0.999951285086232,24623.3419469069
"BWT","centered",456,1.00002315113568,24000
"BWT","centered",457,0.99993228698132,24633.4540543348
"BWT","centered",458,1.0000581629649,24246.7887925045
"BWT","centered",459,1.00002029618388,23773.0412579257
"BWT","centered",460,1.00005314455547,23532.6840745976
"BWT","centered",461,0.999969194790686,23774.4246500284
"BWT","centered",462,1.00021559868802,23702.3301594129
"BWT","centered",463,1.00000160457198,23976.6528879996
"BWT","centered",464,0.999915149024109,23926.5677344463
"BWT","centered",465,0.999952833640851,22635.2986878235
"BWT","centered",466,0.999990006003883,22040.5937381104
"BWT","centered",467,1.00007481521375,21565.3565738597
"BWT","centered",468,1.00012888661354,18305.8372993208
"BWT","centered",469,1.00016318909591,15393.559144491
"BWT","centered",470,1.00005106663082,13478.8867620763
"BWT","centered",471,1.00022180497472,10470.5188948603
"BWT","centered",472,1.00041777132013,8091.16361525246
"BWT","centered",473,1.00059960582218,5587.4528458261
"BWT","centered",474,1.00087817179617,4650.8977235173
"BWT","centered",475,1.00081279591246,4853.88835792091
"BWT","centered",476,1.00029339401862,4811.41472908443
"BWT","centered",477,1.00032415894621,4833.15961566938
"BWT","centered",478,1.00024339958714,5149.06397866605
"BWT","centered",479,1.00051166135979,5547.799947991
"BWT","centered",480,1.00070050788623,5674.00878803496
"BWT","centered",481,1.00068822438651,5623.05766956467
"BWT","centered",482,1.00097655058561,5623.50313190144
"BWT","centered",483,1.00094482332537,5360.08053617272
"BWT","centered",484,1.00114299897346,4983.45825598143
"BWT","centered",485,1.00115140632752,4637.80379647534
"BWT","centered",486,1.00093624782696,4103.93898226603
"BWT","centered",487,1.00140188048834,4290.40727413733
"BWT","centered",488,1.00128277840575,4955.77886802843
"BWT","centered",489,1.00102470272871,5712.60740934165
"BWT","centered",490,1.00083286111423,6752.63152198328
"BWT","centered",491,1.00082670285401,7632.59547536475
"BWT","centered",492,1.00041814176394,8448.97887301833
"BWT","centered",493,1.00036355459075,9558.46993859146
"BWT","centered",494,1.00045351956708,10228.9972251721
"BWT","centered",495,1.00022986646141,10802.3600298704
"BWT","centered",496,1.00028642406339,10942.9796591956
"BWT","centered",497,1.00024350905898,11322.4316888247
"BWT","centered",498,1.00015263513381,10694.7785973377
"BWT","centered",499,1.00017056815328,10497.929913381
"BWT","centered",500,1.00034095764861,9900.73970003568
"BWT","centered",501,1.00029046215384,10260.0898723976
"BWT","centered",502,1.00034200087543,10715.3324649237
"BWT","centered",503,1.00032771970835,11163.9359094217
"BWT","centered",504,1.00023245087892,11158.1468542398
"BWT","centered",505,1.00015925932291,10089.2986712315
"BWT","centered",506,1.00009331978681,8050.76349192821
"BWT","centered",507,1.0002744457249,7239.58695300559
"BWT","centered",508,1.00015327891747,7003.88482497349
"BWT","centered",509,0.999970924882785,6579.0380087705
"BWT","centered",510,1.00000616849094,6195.30619130868
"BWT","centered",511,1.00008222748994,6162.75057445668
"BWT","centered",512,1.00010481539966,5850.26036966911
"BWT","centered",513,1.00013152681077,5804.32015298498
"BWT","centered",514,1.00022584320469,5465.5925658495
"BWT","centered",515,1.00036512079849,5718.30122692359
"BWT","centered",516,1.0004115634288,5606.14108565832
"BWT","centered",517,1.00029167170868,5709.74969989092
"BWT","centered",518,1.00053665324605,5931.74940583417
"BWT","centered",519,1.00051530022525,6021.29569462894
"BWT","centered",520,1.00035701368497,5984.85220154518
"BWT","centered",521,1.00022837414331,6228.17679215316
"BWT","centered",522,1.00019714832736,6130.66238044779
"BWT","centered",523,1.00017047178876,5800.78040419367
"BWT","centered",524,1.00048082086734,4821.86298969268
"BWT","centered",525,1.0008486256899,4348.81500963675
"BWT","centered",526,1.00096825556872,3620.56835894279
"BWT","centered",527,1.00128856223463,3370.90959720464
"BWT","centered",528,1.00118298178085,3139.9963866378
"BWT","centered",529,1.00153023933718,3033.79776291292
"BWT","centered",530,1.00165187604926,2907.09997581122
"BWT","centered",531,1.00108061233898,2778.91074331671
"BWT","centered",532,1.00109156025754,2398.17719873418
"BWT","centered",533,1.00082296082795,2140.06484046351
"BWT","centered",534,1.00104378247347,2218.61097658419
"BWT","centered",535,1.00091822461375,2033.05941081718
"BWT","centered",536,1.0010096541474,2098.53323370361
"BWT","centered",537,1.00082808261029,1934.17182601165
"BWT","centered",538,1.00073687397906,1771.89717564646
"BWT","centered",539,1.00088353356967,1859.1245951517
"BWT","centered",540,1.00107965561602,2210.73779716638
"BWT","first_difference",1,1.00009473139884,24662.8104465311
"BWT","first_difference",2,0.999948439718793,24049.4085132326
"BWT","first_difference",3,1.00002923269762,23740.952433953
"BWT","first_difference",4,1.00003430354274,24000
"BWT","first_difference",5,1.00007886202417,24000.0000000001
"BWT","first_difference",6,1.00004741596597,24309.4350019801
"BWT","first_difference",7,1.0000342760756,24000
"BWT","first_difference",8,0.999986249755775,24942.2368509339
"BWT","first_difference",9,1.00008204334109,23727.2121267833
"BWT","first_difference",10,0.999920961912675,24745.6102447657
"BWT","first_difference",11,1.00004889754335,24000
"BWT","first_difference",12,0.999999573927372,23602.0279815504
"BWT","first_difference",13,1.00016890550366,24926.8402291268
"BWT","first_difference",14,0.999954580789441,24378.3921290121
"BWT","first_difference",15,0.999981685252038,24257.2278158051
"BWT","first_difference",16,0.999919896982349,24000
"BWT","first_difference",17,1.00003327460761,24000
"BWT","first_difference",18,0.999934400879801,24000
"BWT","first_difference",19,0.999940082910236,23131.4767545673
"BWT","first_difference",20,1.00004615008573,24252.4544160757
"BWT","first_difference",21,1.00001930892729,24000
"BWT","first_difference",22,0.999955047857424,25113.0562295207
"BWT","first_difference",23,1.00019679357944,24771.8450448856
"BWT","first_difference",24,1.00018010870995,24296.33954896
"BWT","first_difference",25,1.00010051480344,23576.4466852035
"BWT","first_difference",26,1.00008876217838,24823.464931018
"BWT","first_difference",27,1.00009793278218,23463.8248367985
"BWT","first_difference",28,1.00000505223431,23647.323220737
"BWT","first_difference",29,1.00006452990594,23428.5328038255
"BWT","first_difference",30,1.00019949808368,23062.8500375027
"BWT","first_difference",31,1.00019949014021,23943.6637572354
"BWT","first_difference",32,0.999980913584655,24137.5173157524
"BWT","first_difference",33,1.00008072476679,24407.913268948
"BWT","first_difference",34,1.00007840460398,23288.9404758473
"BWT","first_difference",35,1.00007543831451,23863.8213287148
"BWT","first_difference",36,1.00011932111915,24000.0000000001
"BWT","first_difference",37,0.99994763270274,23883.9963156908
"BWT","first_difference",38,0.999952382275114,24000
"BWT","first_difference",39,1.00002562761198,23938.7117872888
"BWT","first_difference",40,1.00001002802942,24212.1076116492
"BWT","first_difference",41,1.00005005258828,24000
"BWT","first_difference",42,1.00004892324026,23372.4160296757
"BWT","first_difference",43,1.00002492165524,24000
"BWT","first_difference",44,1.00007493543428,24272.85735808
"BWT","first_difference",45,1.00037841689223,24000
"BWT","first_difference",46,1.0000292358907,23561.766206006
"BWT","first_difference",47,1.00010950989091,24000
"BWT","first_difference",48,1.00008559997484,23494.3747344412
"BWT","first_difference",49,0.999899696280493,24658.5311382498
"BWT","first_difference",50,1.00003151137324,23830.1849279094
"BWT","first_difference",51,1.00007337059132,23452.9368890235
"BWT","first_difference",52,1.00006328543779,23900.3764775557
"BWT","first_difference",53,0.999999203389419,24411.9579763786
"BWT","first_difference",54,0.999979175542867,24000
"BWT","first_difference",55,1.00000255031795,24519.0898634465
"BWT","first_difference",56,1.00002984441291,24000
"BWT","first_difference",57,1.00005316675047,23572.4054664774
"BWT","first_difference",58,1.00005297795183,23764.7597012888
"BWT","first_difference",59,1.00000944672661,24000
"BWT","first_difference",60,0.999987129983494,23778.121869835
"BWT","first_difference",61,1.00013765486409,23459.4217856352
"BWT","first_difference",62,1.00008873289953,25589.3706821596
"BWT","first_difference",63,1.00003278243232,23445.1742505878
"BWT","first_difference",64,1.00007088426096,24377.9313914022
"BWT","first_difference",65,1.00003815445851,24102.2911168716
"BWT","first_difference",66,1.00007891481637,23289.0142355728
"BWT","first_difference",67,0.999971749109043,23762.3777644953
"BWT","first_difference",68,1.00002000046155,24274.9932491784
"BWT","first_difference",69,1.00000827913675,24701.1894638895
"BWT","first_difference",70,0.999967612836868,23747.2600621624
"BWT","first_difference",71,0.999935438370769,23827.3565513343
"BWT","first_difference",72,1.00007611014758,23994.3511283073
"BWT","first_difference",73,1.00003093639756,24241.8000124928
"BWT","first_difference",74,1.00011544140716,23678.10224365
"BWT","first_difference",75,1.00009389430587,23479.3523908382
"BWT","first_difference",76,1.00008683072419,24161.4962094656
"BWT","first_difference",77,1.0000139573076,24253.5156256721
"BWT","first_difference",78,0.999997539102927,24000
"BWT","first_difference",79,1.00009887642959,24000
"BWT","first_difference",80,0.999925658453228,24821.1978765522
"BWT","first_difference",81,1.00006818964222,24161.4829969455
"BWT","first_difference",82,1.00000454127323,24000
"BWT","first_difference",83,1.00003634056224,25122.9197898215
"BWT","first_difference",84,1.00004520028737,25076.4428583553
"BWT","first_difference",85,1.00007106892873,23378.4113473526
"BWT","first_difference",86,1.00008367255119,24141.1793472549
"BWT","first_difference",87,1.00013388039153,24000
"BWT","first_difference",88,0.999918989120768,24320.0600809831
"BWT","first_difference",89,1.00010454784909,24000
"BWT","first_difference",90,0.999932381822293,25348.3396930554
"BWT","first_difference",91,0.999989708432043,24595.0999842783
"BWT","first_difference",92,0.999984958039849,24611.8701163861
"BWT","first_difference",93,1.00008443178874,24212.4718673943
"BWT","first_difference",94,0.999946259059634,24062.395946063
"BWT","first_difference",95,1.00000444941933,26670.5951863117
"BWT","first_difference",96,0.999959456864087,23598.5937260024
"BWT","first_difference",97,1.00020540934889,23889.8856643986
"BWT","first_difference",98,1.00010751974759,24000
"BWT","first_difference",99,1.00000679920265,24367.8415427584
"BWT","first_difference",100,1.00006213481063,23572.934130198
"BWT","first_difference",101,1.00000204929552,24000
"BWT","first_difference",102,0.999979783817476,24000
"BWT","first_difference",103,1.00007097017626,24002.9145679724
"BWT","first_difference",104,0.999903342290255,23738.6699065735
"BWT","first_difference",105,0.999991037982655,24302.4540849063
"BWT","first_difference",106,1.00002596844676,23776.2346343186
"BWT","first_difference",107,0.999930983940064,23781.4509247224
"BWT","first_difference",108,1.00006026009656,24120.0918000806
"BWT","first_difference",109,1.00000630144795,23767.8053447663
"BWT","first_difference",110,1.00004690309756,24000
"BWT","first_difference",111,1.00000329478851,24000.0000000001
"BWT","first_difference",112,1.00003958193609,23414.705707249
"BWT","first_difference",113,1.00005649501912,23610.4367034465
"BWT","first_difference",114,1.00003347024938,24000
"BWT","first_difference",115,1.0001920535593,24267.5183381725
"BWT","first_difference",116,1.00019772564707,24736.3892555472
"BWT","first_difference",117,1.00006007114542,24013.9786009056
"BWT","first_difference",118,0.999950478069686,23774.8048607586
"BWT","first_difference",119,1.00004364399814,24892.6435089609
"BWT","first_difference",120,1.00015694986722,24130.6581502771
"BWT","first_difference",121,1.00010401644059,24553.5315039945
"BWT","first_difference",122,0.999938046510676,24000
"BWT","first_difference",123,1.0000964813962,24000
"BWT","first_difference",124,0.999973172869166,24000
"BWT","first_difference",125,1.00021896343452,23632.9064987671
"BWT","first_difference",126,1.00008023404213,23999.9999999999
"BWT","first_difference",127,1.00011954513847,24162.9144474457
"BWT","first_difference",128,0.999976699585647,25398.4919810476
"BWT","first_difference",129,0.999952041851743,24000
"BWT","first_difference",130,1.00003199495239,23699.4751312679
"BWT","first_difference",131,1.00000454079726,24000
"BWT","first_difference",132,1.00007941989501,24000
"BWT","first_difference",133,0.999985690638827,24000
"BWT","first_difference",134,1.00001814138961,24000
"BWT","first_difference",135,0.999955317455174,24732.0952588675
"BWT","first_difference",136,1.00020532020979,24263.5430257191
"BWT","first_difference",137,1.00001739265104,24036.6563380858
"BWT","first_difference",138,0.999960811605146,25389.9097947307
"BWT","first_difference",139,1.000059968637,23279.5684775719
"BWT","first_difference",140,1.00008782772318,23856.6454058048
"BWT","first_difference",141,0.999957785133257,24000
"BWT","first_difference",142,0.999991999974563,24572.9392441806
"BWT","first_difference",143,0.999965661846695,25161.2453932268
"BWT","first_difference",144,1.00025294597972,24509.8680204327
"BWT","first_difference",145,1.0001347183677,24470.2845793373
"BWT","first_difference",146,1.00017326051736,23746.4707968368
"BWT","first_difference",147,1.00009023863613,24000
"BWT","first_difference",148,0.999995003122742,24174.4350892274
"BWT","first_difference",149,0.999959399429256,24251.9992433449
"BWT","first_difference",150,0.999941096963914,24007.6127955977
"BWT","first_difference",151,1.00005323573895,24000
"BWT","first_difference",152,1.00010805441644,24000
"BWT","first_difference",153,0.999956191298092,24948.8499217187
"BWT","first_difference",154,1.00010338222498,24000
"BWT","first_difference",155,1.00010708905705,24116.3834203176
"BWT","first_difference",156,1.00005135837998,24336.8885072358
"BWT","first_difference",157,1.00026776858597,24000
"BWT","first_difference",158,1.00009078764302,23903.8008080141
"BWT","first_difference",159,1.00009016386582,24000
"BWT","first_difference",160,0.999963030889722,25047.1450728355
"BWT","first_difference",161,1.00018591301111,24390.540999944
"BWT","first_difference",162,1.00016028248415,24389.6657898564
"BWT","first_difference",163,1.00015639008064,24238.5322562919
"BWT","first_difference",164,1.00010046204221,24706.2048953139
"BWT","first_difference",165,1.00004441920582,23291.6257912877
"BWT","first_difference",166,0.999987054127051,24000
"BWT","first_difference",167,0.999973780370014,24039.4650516998
"BWT","first_difference",168,0.999983652150664,23754.38192267
"BWT","first_difference",169,1.00029157591239,24000
"BWT","first_difference",170,1.00000058394369,25279.0883911935
"BWT","first_difference",171,1.00004526031646,23756.2801918016
"BWT","first_difference",172,0.999895850828689,23741.674889903
"BWT","first_difference",173,1.00001622060071,24254.8259520045
"BWT","first_difference",174,1.00005790978735,24642.9624946723
"BWT","first_difference",175,1.00006158974868,24000
"BWT","first_difference",176,0.999988618543983,24000
"BWT","first_difference",177,1.00001310168639,24000
"BWT","first_difference",178,1.00010197285072,24031.4713572123
"BWT","first_difference",179,1.0001679686314,23617.6527270374
"BWT","first_difference",180,1.0001089157128,24000
"BWT","first_difference",181,0.999939046389985,24000
"BWT","first_difference",182,1.00003930826895,24476.9749423188
"BWT","first_difference",183,0.99997279987647,23815.9324961416
"BWT","first_difference",184,0.999913588944887,25137.2001955786
"BWT","first_difference",185,1.0001105565582,24000
"BWT","first_difference",186,1.00002585632303,24000
"BWT","first_difference",187,0.999968446169998,23772.8323816972
"BWT","first_difference",188,0.999989322745116,23740.5397062355
"BWT","first_difference",189,0.999974458816406,24552.2544911569
"BWT","first_difference",190,0.99996359487526,23719.9350285437
"BWT","first_difference",191,1.00015124929005,23999.9999999999
"BWT","first_difference",192,1.00004758823892,23615.6844110364
"BWT","first_difference",193,0.999935990789201,24316.2344850042
"BWT","first_difference",194,1.000106189037,24446.4144815227
"BWT","first_difference",195,0.999951395247757,23659.2372841687
"BWT","first_difference",196,0.999970061754892,23617.7380026626
"BWT","first_difference",197,1.00003827273699,23833.1266331782
"BWT","first_difference",198,1.00014625209503,23753.5095952648
"BWT","first_difference",199,1.00003134153491,23582.2659576423
"BWT","first_difference",200,1.00003362313186,24000
"BWT","first_difference",201,1.00007374011062,24286.9197493061
"BWT","first_difference",202,1.00009462185099,23525.0512166973
"BWT","first_difference",203,0.99992166570919,24383.297045457
"BWT","first_difference",204,1.00004183078603,24796.8334968882
"BWT","first_difference",205,1.00019203927103,24519.2409696409
"BWT","first_difference",206,1.00008337959956,24266.6486779155
"BWT","first_difference",207,1.00000616602049,24010.9406642464
"BWT","first_difference",208,1.00014321613917,24291.2888464046
"BWT","first_difference",209,1.0000157873986,24000
"BWT","first_difference",210,1.00001089154061,24000
"BWT","first_difference",211,1.00004589506504,24462.2578592166
"BWT","first_difference",212,0.999971075206234,24063.8432921534
"BWT","first_difference",213,1.0001252705688,24000
"BWT","first_difference",214,1.00004684989814,23456.9115234573
"BWT","first_difference",215,1.00010989927537,24477.7863532742
"BWT","first_difference",216,0.999975569485332,23104.0818014955
"BWT","first_difference",217,1.0001726975086,23632.1006412274
"BWT","first_difference",218,1.00018260089882,23189.844190151
"BWT","first_difference",219,1.00000611146443,24363.178400816
"BWT","first_difference",220,1.00007482963752,24000
"BWT","first_difference",221,1.00013062922738,24223.8190176722
"BWT","first_difference",222,0.999998412432114,24443.0495270298
"BWT","first_difference",223,1.0001250843677,24000
"BWT","first_difference",224,0.999960354789054,22849.2083503994
"BWT","first_difference",225,1.00061586926763,24029.8718271357
"BWT","first_difference",226,1.00000312390396,24233.966965893
"BWT","first_difference",227,1.00017860983546,24000
"BWT","first_difference",228,0.99996072918004,24330.9657087242
"BWT","first_difference",229,0.999915088066206,24239.5569262532
"BWT","first_difference",230,0.999944093131646,24175.0856036752
"BWT","first_difference",231,1.00014509756285,23698.548812835
"BWT","first_difference",232,1.00002023163691,24687.4913040384
"BWT","first_difference",233,1.00035542919594,23820.118477722
"BWT","first_difference",234,1.00004305171818,23494.038715221
"BWT","first_difference",235,1.00017477343387,23677.8798988275
"BWT","first_difference",236,0.999985305162843,24000
"BWT","first_difference",237,0.99989094162402,23745.4960073656
"BWT","first_difference",238,0.999992566358901,23477.1974869102
"BWT","first_difference",239,0.999951826897756,22077.0748122867
"BWT","first_difference",240,0.999964884021608,24021.1571141101
"BWT","first_difference",241,1.0000936794699,22998.3276726054
"BWT","first_difference",242,0.999998055927559,24247.3631852471
"BWT","first_difference",243,1.00008169339121,23500.0608074519
"BWT","first_difference",244,1.00000617560285,24334.5339274621
"BWT","first_difference",245,0.999953135675622,24345.7838949382
"BWT","first_difference",246,1.00007483395737,24000
"BWT","first_difference",247,1.00016116077645,22917.2294927116
"BWT","first_difference",248,1.0001133953167,24000
"BWT","first_difference",249,0.999993602257767,24011.526868607
"BWT","first_difference",250,1.00000375280928,23244.6482564557
"BWT","first_difference",251,0.999927396384567,23447.0223592182
"BWT","first_difference",252,1.00010738536002,24000
"BWT","first_difference",253,0.999973020504394,23653.7099823578
"BWT","first_difference",254,1.00007467270477,24000
"BWT","first_difference",255,1.00006279138827,22846.7995334302
"BWT","first_difference",256,1.000031393132,24000
"BWT","first_difference",257,1.00006011426472,24000.0000000001
"BWT","first_difference",258,0.999937063680974,24042.262607248
"BWT","first_difference",259,1.00014050137064,24000.0000000001
"BWT","first_difference",260,1.00001376392039,24000
"BWT","first_difference",261,1.00005073325714,23771.6980993316
"BWT","first_difference",262,1.00000394445199,24000
"BWT","first_difference",263,1.00003409535661,24304.0565796988
"BWT","first_difference",264,0.999958701017106,24057.5803113346
"BWT","first_difference",265,0.999946298297017,24274.3909550576
"BWT","first_difference",266,0.999966615232491,24000
"BWT","first_difference",267,0.999926107321572,23426.8923620508
"BWT","first_difference",268,1.00000756816909,23778.7298976547
"BWT","first_difference",269,0.999981816935206,24900.6662760338
"BWT","first_difference",270,0.999859646318842,24000
"BWT","first_difference",271,1.00015166535291,23651.889846245
"BWT","first_difference",272,1.00024844104567,24338.813467138
"BWT","first_difference",273,1.00001712192734,24000
"BWT","first_difference",274,0.999952443152698,23517.3564213623
"BWT","first_difference",275,0.999907891113239,23666.9394782621
"BWT","first_difference",276,0.999979241907156,24000
"BWT","first_difference",277,0.999941519089961,25016.3826821881
"BWT","first_difference",278,1.0000044896212,23434.3943039551
"BWT","first_difference",279,0.999997379752495,24000
"BWT","first_difference",280,0.999924306003166,23534.6996189374
"BWT","first_difference",281,1.00007310693577,24000
"BWT","first_difference",282,1.00006923278969,23993.7206120676
"BWT","first_difference",283,0.999983549242206,24601.7194749864
"BWT","first_difference",284,1.00002247599504,24000
"BWT","first_difference",285,1.00005051131771,23297.6854708883
"BWT","first_difference",286,1.00009954802463,23661.3255686504
"BWT","first_difference",287,0.999979593521988,24000
"BWT","first_difference",288,1.00004092819799,23918.0118032519
"BWT","first_difference",289,0.999945440599594,24000
"BWT","first_difference",290,1.00000776715484,23396.2230329751
"BWT","first_difference",291,1.00000926026652,24000
"BWT","first_difference",292,1.0000373100777,24834.6700496273
"BWT","first_difference",293,0.999954849026447,24364.3807711417
"BWT","first_difference",294,0.999979994836018,24296.9658337612
"BWT","first_difference",295,0.999958947193147,24741.5878557982
"BWT","first_difference",296,0.999981933329885,24000
"BWT","first_difference",297,1.00011028125423,23127.1289696079
"BWT","first_difference",298,1.0000540968365,24000
"BWT","first_difference",299,0.999953466324634,24123.0107072784
"BWT","first_difference",300,0.99996481741171,24000
"BWT","first_difference",301,1.00002125159788,23598.69700836
"BWT","first_difference",302,1.00004735308056,24048.7552554167
"BWT","first_difference",303,1.0001713845872,24000
"BWT","first_difference",304,0.99993009299953,23501.3446937122
"BWT","first_difference",305,0.99997995515737,24000
"BWT","first_difference",306,1.00003181465932,23594.2203365943
"BWT","first_difference",307,0.999967996753002,24159.523715365
"BWT","first_difference",308,0.999949675982893,24000
"BWT","first_difference",309,1.00003593338089,24157.150519227
"BWT","first_difference",310,1.00014816200627,24005.8996578772
"BWT","first_difference",311,1.00014084649528,23670.9834747047
"BWT","first_difference",312,1.00005257792685,23495.4326918784
"BWT","first_difference",313,1.00002565416077,24733.6456795183
"BWT","first_difference",314,0.999928383982612,23563.8975122235
"BWT","first_difference",315,1.00002618598996,23472.1369260743
"BWT","first_difference",316,1.00009107962756,24761.6733929963
"BWT","first_difference",317,1.00005119185474,24248.8335016244
"BWT","first_difference",318,0.999929831326846,24000
"BWT","first_difference",319,1.00009087266357,24503.3824966629
"BWT","first_difference",320,1.00007816146048,24000
"BWT","first_difference",321,0.999918868260705,24296.2560889169
"BWT","first_difference",322,0.999973453196211,23329.726577841
"BWT","first_difference",323,1.00010790856206,23788.4707711104
"BWT","first_difference",324,1.00001962425365,23026.2599394303
"BWT","first_difference",325,1.00004158308421,23999.9999999999
"BWT","first_difference",326,1.00001693263357,24017.8786979756
"BWT","first_difference",327,0.999951505665288,23621.6088571573
"BWT","first_difference",328,1.0000503226988,21939.6478379903
"BWT","first_difference",329,0.999965246434313,24000
"BWT","first_difference",330,1.00000295018879,24667.7095225384
"BWT","first_difference",331,1.00001093905764,23664.3890774815
"BWT","first_difference",332,1.00004975285792,24983.0604669149
"BWT","first_difference",333,0.999922362776224,23555.6683321892
"BWT","first_difference",334,1.00009047095574,24769.1329179933
"BWT","first_difference",335,1.0001551121008,24000
"BWT","first_difference",336,0.999972400916627,24000
"BWT","first_difference",337,1.00000761791746,24000
"BWT","first_difference",338,0.999996658163474,24087.2738136667
"BWT","first_difference",339,1.00005373610848,24710.6603756796
"BWT","first_difference",340,1.00008548495383,24723.5754137442
"BWT","first_difference",341,1.00001775239394,23114.544538254
"BWT","first_difference",342,1.00021690517907,24911.5218503847
"BWT","first_difference",343,1.0001480025271,23413.3816687615
"BWT","first_difference",344,1.00005059006472,24617.9498702932
"BWT","first_difference",345,1.00005393553742,24424.0743152827
"BWT","first_difference",346,1.00006392225999,23483.9511766068
"BWT","first_difference",347,0.999929850636603,24000
"BWT","first_difference",348,1.00000763465658,23905.5957297977
"BWT","first_difference",349,1.00015508725804,24000
"BWT","first_difference",350,0.999929290925613,23603.0904571157
"BWT","first_difference",351,1.00012328093539,24534.4690690117
"BWT","first_difference",352,0.999983365600821,22884.8344925419
"BWT","first_difference",353,1.00005561887905,24755.8415327394
"BWT","first_difference",354,1.00027582036829,23607.3252090265
"BWT","first_difference",355,1.00017005410628,23128.9787576776
"BWT","first_difference",356,1.00015281191521,24000
"BWT","first_difference",357,1.00006738689988,24757.0825027343
"BWT","first_difference",358,1.00006793634998,25155.6884050237
"BWT","first_difference",359,1.00007272923901,24233.8189383086
"BWT","first_difference",360,1.00013456291911,23901.7881712029
"BWT","first_difference",361,0.99992850164829,24311.9876126406
"BWT","first_difference",362,1.00005498323043,24502.8142410483
"BWT","first_difference",363,1.00018262279962,24324.0085286618
"BWT","first_difference",364,1.00007540690381,24000
"BWT","first_difference",365,1.00010178661791,24652.8282941741
"BWT","first_difference",366,0.999948651812804,24309.540001548
"BWT","first_difference",367,1.00005722865644,24597.1674995794
"BWT","first_difference",368,0.999973137219359,23760.8374821481
"BWT","first_difference",369,1.00007631592867,24000
"BWT","first_difference",370,1.00004301450505,25223.8916434348
"BWT","first_difference",371,1.00004885686166,24540.5347516373
"BWT","first_difference",372,1.00016624156641,24000
"BWT","first_difference",373,1.00003559974431,24000
"BWT","first_difference",374,1.0000532573269,24000
"BWT","first_difference",375,1.00010636082773,24000.0000000001
"BWT","first_difference",376,1.00012885493813,24000
"BWT","first_difference",377,1.00003705921904,24000
"BWT","first_difference",378,1.00010167695407,24000
"BWT","first_difference",379,1.0001442784951,25242.2102268726
"BWT","first_difference",380,1.00010605060631,24000
"BWT","first_difference",381,1.00003909436622,24471.4893641946
"BWT","first_difference",382,0.999959095497059,24000
"BWT","first_difference",383,0.999993139082839,23761.1951862599
"BWT","first_difference",384,1.00011280290479,23637.8721343036
"BWT","first_difference",385,1.00032704682399,24255.1584892044
"BWT","first_difference",386,1.00011214413472,24000
"BWT","first_difference",387,1.00004835212499,23578.9877086094
"BWT","first_difference",388,1.00002899427519,24097.4032109802
"BWT","first_difference",389,1.00004197157562,23775.7782393392
"BWT","first_difference",390,0.999977908025581,24288.2260740516
"BWT","first_difference",391,1.00014484818023,24000
"BWT","first_difference",392,1.00002064540485,23725.6892673287
"BWT","first_difference",393,1.0000376566538,23636.2468627837
"BWT","first_difference",394,1.00002059165469,24232.5036033397
"BWT","first_difference",395,1.0000929633991,24031.1209726972
"BWT","first_difference",396,0.999985391817598,24000
"BWT","first_difference",397,0.999925153879701,24000
"BWT","first_difference",398,1.00002228169872,24555.5362382391
"BWT","first_difference",399,0.999883486917096,24097.6420164584
"BWT","first_difference",400,0.999923752938887,24267.6065516645
"BWT","first_difference",401,0.999969201665031,24000
"BWT","first_difference",402,0.999962599560969,25637.4950655106
"BWT","first_difference",403,0.999973928425184,24366.8748690921
"BWT","first_difference",404,0.999997608712682,23741.2156802784
"BWT","first_difference",405,1.00008547167664,23938.4094203069
"BWT","first_difference",406,1.00000195678633,23563.0089777306
"BWT","first_difference",407,1.0000719177791,24000
"BWT","first_difference",408,1.00002998636276,24000
"BWT","first_difference",409,1.00004456001357,24525.4793957664
"BWT","first_difference",410,1.00004087269437,24076.9674024347
"BWT","first_difference",411,0.999964304390002,24273.8144828908
"BWT","first_difference",412,1.00010977493224,23775.5069016021
"BWT","first_difference",413,1.00019546908698,23880.5599754537
"BWT","first_difference",414,1.00006580228796,24000
"BWT","first_difference",415,1.00010965974306,24000
"BWT","first_difference",416,1.00022646622103,24275.4426638832
"BWT","first_difference",417,1.00007738395906,24864.6785029547
"BWT","first_difference",418,1.00005268571785,25104.5696748071
"BWT","first_difference",419,1.00005625574356,23522.7786835813
"BWT","first_difference",420,0.999909171953732,23461.5929187051
"BWT","first_difference",421,0.999963492341633,23981.5188303896
"BWT","first_difference",422,1.00001646079334,23616.2596607429
"BWT","first_difference",423,1.00000810966151,23388.7543364087
"BWT","first_difference",424,1.00007174698413,24482.213455473
"BWT","first_difference",425,1.00006858045084,24554.6311383856
"BWT","first_difference",426,1.00002687950057,23300.7442744666
"BWT","first_difference",427,1.00020613475468,23727.0045545714
"BWT","first_difference",428,1.00002096313242,24000.0000000001
"BWT","first_difference",429,1.00024042964859,25059.9013760832
"BWT","first_difference",430,1.00002120388336,24000
"BWT","first_difference",431,1.00001426405287,24127.7121789167
"BWT","first_difference",432,0.999977160014154,23182.4102850015
"BWT","first_difference",433,1.0000053684363,24000
"BWT","first_difference",434,1.00007262266391,23756.102497281
"BWT","first_difference",435,0.999975757611512,23777.3222292179
"BWT","first_difference",436,0.999950454254617,24331.1160216786
"BWT","first_difference",437,1.00015033455344,24482.4973490069
"BWT","first_difference",438,0.999947834722695,27089.7015061767
"BWT","first_difference",439,1.00007852270175,24325.0224193311
"BWT","first_difference",440,0.999903267617187,24395.0698382745
"BWT","first_difference",441,1.00014882337769,24000
"BWT","first_difference",442,1.00003768969077,24377.0660810959
"BWT","first_difference",443,1.00012962780408,23295.7635987717
"BWT","first_difference",444,1.00010485909518,24000
"BWT","first_difference",445,1.00006968697516,23533.0912765638
"BWT","first_difference",446,1.00005877922993,24000
"BWT","first_difference",447,1.00008682675381,23670.0101503308
"BWT","first_difference",448,1.0000040404611,24411.2434988612
"BWT","first_difference",449,1.00008253965392,24041.1961906044
"BWT","first_difference",450,1.00006643600074,24000.0000000001
"BWT","first_difference",451,0.999986593507691,24369.4303498329
"BWT","first_difference",452,1.00009578315888,25680.5103550051
"BWT","first_difference",453,0.999991522946114,23848.3191758364
"BWT","first_difference",454,1.00004469844859,24055.1844287674
"BWT","first_difference",455,1.00016455310154,24000
"BWT","first_difference",456,1.00021715930167,24000
"BWT","first_difference",457,1.00012708380753,24000
"BWT","first_difference",458,1.00023129690939,23923.2759056193
"BWT","first_difference",459,0.99999891992919,24687.0232731948
"BWT","first_difference",460,1.00006400602894,24000
"BWT","first_difference",461,1.00001330773481,24000
"BWT","first_difference",462,0.9999703080984,24000
"BWT","first_difference",463,1.00007895118461,24358.4214929528
"BWT","first_difference",464,0.999959439365659,24023.3037974898
"BWT","first_difference",465,1.0000664373186,24000
"BWT","first_difference",466,1.00003096862018,23528.805485878
"BWT","first_difference",467,1.00009094903715,23927.5132397685
"BWT","first_difference",468,1.00011493581654,23316.5164461945
"BWT","first_difference",469,1.00025980830363,24000
"BWT","first_difference",470,1.0002728633416,22399.3334569394
"BWT","first_difference",471,1.00002341836677,22639.9699178654
"BWT","first_difference",472,1.00000542083652,22667.4024782307
"BWT","first_difference",473,1.00010601653191,23425.9970387771
"BWT","first_difference",474,0.999981617724759,21966.7402178596
"BWT","first_difference",475,1.00022050254499,21192.4311400449
"BWT","first_difference",476,0.999990783154119,21566.8942758754
"BWT","first_difference",477,1.00002312061098,21784.3979091445
"BWT","first_difference",478,1.00013966382112,22218.3072685647
"BWT","first_difference",479,0.999975210170477,21443.5009801911
"BWT","first_difference",480,0.999961081487932,21290.1335322861
"BWT","first_difference",481,1.00001968634074,21698.4208743036
"BWT","first_difference",482,1.00021574810658,21604.6733311446
"BWT","first_difference",483,1.00000174654019,20134.1076938918
"BWT","first_difference",484,1.00014828098321,20362.3713308811
"BWT","first_difference",485,1.00015971988452,19924.7385414909
"BWT","first_difference",486,1.000000545302,20086.9078714859
"BWT","first_difference",487,0.999945757068935,21603.3766208713
"BWT","first_difference",488,0.999942588442396,21006.7413559203
"BWT","first_difference",489,1.00023020421815,21424.1639517242
"BWT","first_difference",490,1.00003435647437,21267.197385202
"BWT","first_difference",491,1.00007542740061,23335.1676514108
"BWT","first_difference",492,1.00010560819764,22929.4024005558
"BWT","first_difference",493,1.0000215512655,22907.4521264916
"BWT","first_difference",494,1.000099751179,22949.0336013415
"BWT","first_difference",495,1.00003815716709,24000
"BWT","first_difference",496,1.00019117756159,23458.0313528078
"BWT","first_difference",497,1.00008894881093,22687.3805902957
"BWT","first_difference",498,1.00017876650378,22720.5320103585
"BWT","first_difference",499,1.00002578109751,22667.6164479695
"BWT","first_difference",500,1.00002573152535,23251.9061947981
"BWT","first_difference",501,0.99991528198562,23395.4068215671
"BWT","first_difference",502,1.00003273730765,23210.605384082
"BWT","first_difference",503,1.00000186595188,21971.6932654335
"BWT","first_difference",504,0.999965117204951,23378.4555673831
"BWT","first_difference",505,1.00011832845324,21488.1993467425
"BWT","first_difference",506,1.00012131149389,20846.4901877667
"BWT","first_difference",507,1.00009704510705,21784.0598392438
"BWT","first_difference",508,0.999960424644554,22140.7859175098
"BWT","first_difference",509,0.999933022756518,21320.9316370053
"BWT","first_difference",510,1.00015734928291,21026.2867331221
"BWT","first_difference",511,1.00021719122321,21973.8323015388
"BWT","first_difference",512,1.00006053204354,22289.6213975016
"BWT","first_difference",513,1.000108460165,22359.0343159458
"BWT","first_difference",514,1.0000356329872,22060.7987608835
"BWT","first_difference",515,1.0000242689227,20593.2793008331
"BWT","first_difference",516,0.999976314631785,21354.6452498922
"BWT","first_difference",517,1.00014826920556,21091.409671213
"BWT","first_difference",518,1.00004332883293,21334.7791563433
"BWT","first_difference",519,1.00004843837286,21881.2017698262
"BWT","first_difference",520,1.00006408684183,22898.8731609366
"BWT","first_difference",521,1.00008173708409,19963.9276847777
"BWT","first_difference",522,1.00007349586098,21690.9509571488
"BWT","first_difference",523,1.00035580857008,20243.8804216302
"BWT","first_difference",524,1.00014681680365,20517.6142661299
"BWT","first_difference",525,1.00005082304165,18780.9243063417
"BWT","first_difference",526,1.00019058076476,20062.9176688576
"BWT","first_difference",527,1.00005471991148,18049.040951658
"BWT","first_difference",528,0.999966065344806,18459.700007918
"BWT","first_difference",529,0.999923881671356,20375.7007363641
"BWT","first_difference",530,1.00019863922543,18643.4100381592
"BWT","first_difference",531,1.0001620906228,17334.5147399288
"BWT","first_difference",532,1.00012577332578,17506.7522283541
"BWT","first_difference",533,1.00022085818704,17065.3531531331
"BWT","first_difference",534,1.00004924787634,16231.7815513255
"BWT","first_difference",535,1.00003111495149,16304.7988561352
"BWT","first_difference",536,1.00006867583639,14102.9753032309
"BWT","first_difference",537,1.00032535453944,13580.3338720711
"BWT","first_difference",538,1.00062844444889,12406.1150748715
"BWT","first_difference",539,1.00050295846592,15940.3108019744
