"parameter","form","time.index","Rhat","ESS"
"d13CO2","raw",1,1.00187698860778,22363.0833238115
"d13CO2","raw",2,1.00136435171954,22592.1140479597
"d13CO2","raw",3,1.00100347165065,22678.5548740921
"d13CO2","raw",4,1.00081034138833,22925.9278688574
"d13CO2","raw",5,1.00060526896414,23328.5707715369
"d13CO2","raw",6,1.00049279706081,23300.8238830834
"d13CO2","raw",7,1.00038076593729,23304.8042799185
"d13CO2","raw",8,1.00029914328481,23331.0741391197
"d13CO2","raw",9,1.00025764727497,23363.0227615307
"d13CO2","raw",10,1.00019919356173,23375.9985634686
"d13CO2","raw",11,1.00016848296676,23582.9999862098
"d13CO2","raw",12,1.00012587928973,23587.0508700135
"d13CO2","raw",13,1.00009245240218,23596.422458458
"d13CO2","raw",14,1.00007048358415,23566.3202365759
"d13CO2","raw",15,1.00008091080878,23532.7239030947
"d13CO2","raw",16,1.00008010595819,23572.5456491008
"d13CO2","raw",17,1.00007603813477,23583.3658734144
"d13CO2","raw",18,1.00008168898004,23621.3839432193
"d13CO2","raw",19,1.00005997252537,23617.7508711578
"d13CO2","raw",20,1.00003899384141,23622.7035004216
"d13CO2","raw",21,1.00002318004658,23649.1238772686
"d13CO2","raw",22,1.00000404236746,23618.1306954401
"d13CO2","raw",23,0.999997209004661,23622.213756276
"d13CO2","raw",24,0.999986477624021,23619.9592749497
"d13CO2","raw",25,0.999970717141242,23615.522585561
"d13CO2","raw",26,0.999984857718026,23635.2806592565
"d13CO2","raw",27,0.999971549862283,23632.7227750472
"d13CO2","raw",28,0.999952624918186,23602.9688555696
"d13CO2","raw",29,0.999946941177527,23608.7386550497
"d13CO2","raw",30,0.999937382143929,23589.1107979871
"d13CO2","raw",31,0.99992215075281,23612.8441222718
"d13CO2","raw",32,0.999916372684837,23612.994958383
"d13CO2","raw",33,0.999930009131203,23624.1702605607
"d13CO2","raw",34,0.999930175888504,23600.8311991687
"d13CO2","raw",35,0.999929577611945,23588.4899170055
"d13CO2","raw",36,0.999932576621166,23574.3022387107
"d13CO2","raw",37,0.999933175724922,23545.1308694919
"d13CO2","raw",38,0.99994223429645,23565.8876480805
"d13CO2","raw",39,0.999945654793097,23583.9390061594
"d13CO2","raw",40,0.999937353272796,23575.6152361914
"d13CO2","raw",41,0.99993117943665,23576.9704268389
"d13CO2","raw",42,0.999940852269756,23548.6850679632
"d13CO2","raw",43,0.999940861508367,23539.6404639635
"d13CO2","raw",44,0.999927594517505,23557.1499676957
"d13CO2","raw",45,0.999936545225631,23582.8440271666
"d13CO2","raw",46,0.999931320637052,23602.7935187984
"d13CO2","raw",47,0.999926386121641,23621.2072851106
"d13CO2","raw",48,0.999923322636691,23617.4300269452
"d13CO2","raw",49,0.999922787752139,23615.9528851436
"d13CO2","raw",50,0.999936094061193,23629.709518567
"d13CO2","raw",51,0.999931990516516,23638.4682954925
"d13CO2","raw",52,0.99993227674549,23669.9954513119
"d13CO2","raw",53,0.999932685360617,23642.1003756902
"d13CO2","raw",54,0.999941020837108,23639.3645917755
"d13CO2","raw",55,0.999940211166412,23661.2659765049
"d13CO2","raw",56,0.999947640846953,23654.3533739494
"d13CO2","raw",57,0.999949848657129,23644.0070147909
"d13CO2","raw",58,0.999945722485202,23643.8782400856
"d13CO2","raw",59,0.999954468494328,23437.4842391715
"d13CO2","raw",60,0.999945518901184,23666.5134616391
"d13CO2","raw",61,0.999928778295957,23690.2216552053
"d13CO2","raw",62,0.999918269679656,23678.0066129072
"d13CO2","raw",63,0.999927763001581,23693.2044113151
"d13CO2","raw",64,0.999920989593276,23680.3549575913
"d13CO2","raw",65,0.999915378515823,23646.0681174365
"d13CO2","raw",66,0.999927644489302,23651.3213600605
"d13CO2","raw",67,0.999943636489872,23677.8254510805
"d13CO2","raw",68,0.99996078288019,23704.3411967206
"d13CO2","raw",69,0.99996108678353,23716.3095827508
"d13CO2","raw",70,0.999951029773454,23718.2905765272
"d13CO2","raw",71,0.999962746752347,23739.6647398067
"d13CO2","raw",72,0.999969753504675,23729.9737919318
"d13CO2","raw",73,0.999964957018824,23711.7284445124
"d13CO2","raw",74,0.999967892092106,23666.0002579819
"d13CO2","raw",75,0.999967715410881,23718.7525136235
"d13CO2","raw",76,0.999950234235166,23727.7831424735
"d13CO2","raw",77,0.999955569617798,23680.9439099524
"d13CO2","raw",78,0.999953133952863,23683.5951316598
"d13CO2","raw",79,0.999964048382753,23705.128557166
"d13CO2","raw",80,0.999963638267791,23688.3565127284
"d13CO2","raw",81,0.999960641783977,23690.2138618711
"d13CO2","raw",82,0.999949041923664,23678.2783574962
"d13CO2","raw",83,0.999940828187523,23694.8379013763
"d13CO2","raw",84,0.99994757141969,23665.103311266
"d13CO2","raw",85,0.999947320917061,23679.481916309
"d13CO2","raw",86,0.999952240173701,23692.2516289253
"d13CO2","raw",87,0.99994638361626,23682.197412122
"d13CO2","raw",88,0.99994559413234,23662.2178376585
"d13CO2","raw",89,0.999962781947218,23657.7480134798
"d13CO2","raw",90,0.999973041167166,23664.887223678
"d13CO2","raw",91,0.999964622990616,23650.3093058653
"d13CO2","raw",92,0.999950787307736,23674.8321433695
"d13CO2","raw",93,0.999964429287897,23637.0278119059
"d13CO2","raw",94,0.999967914745685,23417.5271724179
"d13CO2","raw",95,0.999955160868613,23648.2486347415
"d13CO2","raw",96,0.999959530928094,23430.2672763452
"d13CO2","raw",97,0.999943345704564,23425.0061632604
"d13CO2","raw",98,0.999932134869833,23457.4870250365
"d13CO2","raw",99,0.999946103255987,23425.7330566711
"d13CO2","raw",100,0.999933223944958,23624.7418129286
"d13CO2","raw",101,0.999943373117767,23627.5243940428
"d13CO2","raw",102,0.999948663676618,23637.3500445394
"d13CO2","raw",103,0.999957276804994,23628.0700545132
"d13CO2","raw",104,0.999967456190194,23596.550030923
"d13CO2","raw",105,0.999968409311936,23597.3118681494
"d13CO2","raw",106,0.99996405684086,23582.8320728651
"d13CO2","raw",107,0.999955872018306,23393.4035053204
"d13CO2","raw",108,0.999944657294094,23628.2201819406
"d13CO2","raw",109,0.999960753218192,23434.5475388489
"d13CO2","raw",110,0.999957152033517,23640.9150369308
"d13CO2","raw",111,0.999945943636647,23614.134395748
"d13CO2","raw",112,0.999956830831981,23627.5270574202
"d13CO2","raw",113,0.999959387824605,23431.4824491633
"d13CO2","raw",114,0.999954837232984,23675.862193001
"d13CO2","raw",115,0.999958017775505,23463.1257040616
"d13CO2","raw",116,0.999951336366195,23471.4102774889
"d13CO2","raw",117,0.999956453792088,23443.6160106901
"d13CO2","raw",118,0.999947598203301,23456.9103821454
"d13CO2","raw",119,0.999957049704234,23439.8287278902
"d13CO2","raw",120,0.999944243179315,23413.3397135255
"d13CO2","raw",121,0.999957548069532,23669.8758160883
"d13CO2","raw",122,0.999949283622927,23641.7710411305
"d13CO2","raw",123,0.999942539187721,23419.0426646752
"d13CO2","raw",124,0.999957783495586,23458.1938687274
"d13CO2","raw",125,0.999953750956604,23422.5062828509
"d13CO2","raw",126,0.999965664860369,23427.4224797082
"d13CO2","raw",127,0.9999828064149,23402.6360144594
"d13CO2","raw",128,0.9999795708297,23631.3217972155
"d13CO2","raw",129,0.999967550510873,23604.7160197345
"d13CO2","raw",130,0.999967700872382,23602.4061551524
"d13CO2","raw",131,0.999955760622449,23642.7539712363
"d13CO2","raw",132,0.999971438681424,23643.378342927
"d13CO2","raw",133,0.99995914035579,23667.0057544144
"d13CO2","raw",134,0.999957671974191,23648.8022659722
"d13CO2","raw",135,0.999960618110637,23652.614675615
"d13CO2","raw",136,0.999948398465798,23631.5158419273
"d13CO2","raw",137,0.999956987279063,23646.6461437848
"d13CO2","raw",138,0.999953001439181,23606.6121530396
"d13CO2","raw",139,0.999963522772958,23611.2196950511
"d13CO2","raw",140,0.999962596309248,23610.4013073459
"d13CO2","raw",141,0.999960898265008,23629.3690745716
"d13CO2","raw",142,0.999983066199773,23641.8738037465
"d13CO2","raw",143,0.999971135502342,23671.5269448862
"d13CO2","raw",144,0.999967337959006,23397.5520206842
"d13CO2","raw",145,0.999964915688305,23405.64844121
"d13CO2","raw",146,0.99997547849733,23629.8228332308
"d13CO2","raw",147,0.999967157409552,23617.1530256097
"d13CO2","raw",148,0.999971659760266,23634.4535599013
"d13CO2","raw",149,0.999979807481643,23624.1637832173
"d13CO2","raw",150,0.999962191737076,23632.5600429013
"d13CO2","raw",151,0.999944319018568,23644.2005031671
"d13CO2","raw",152,0.999946565395909,23659.4549422619
"d13CO2","raw",153,0.999939780210137,23666.7692424373
"d13CO2","raw",154,0.9999493767917,23657.4666147395
"d13CO2","raw",155,0.999953621296191,23616.9502344793
"d13CO2","raw",156,0.999962337130375,23437.250618997
"d13CO2","raw",157,0.999964579304884,23397.3499352499
"d13CO2","raw",158,0.999971951904715,23465.0933609298
"d13CO2","raw",159,0.999977788218729,23470.9327461441
"d13CO2","raw",160,0.999957952339328,23657.0741705337
"d13CO2","raw",161,0.999962950378848,23655.6246052195
"d13CO2","raw",162,0.999967035844587,23674.4568771461
"d13CO2","raw",163,0.999985718834487,23646.8341343594
"d13CO2","raw",164,0.999983904787053,23632.8416402371
"d13CO2","raw",165,0.999989724647345,23671.5493660169
"d13CO2","raw",166,0.999997176783728,23671.4159174518
"d13CO2","raw",167,0.999973407280929,23691.3556773828
"d13CO2","raw",168,0.99995851609845,23436.1816814006
"d13CO2","raw",169,0.999952248231661,23454.5170133981
"d13CO2","raw",170,0.999956980186735,23657.307188353
"d13CO2","raw",171,0.999956835756802,23467.7200346457
"d13CO2","raw",172,0.999941571360161,23510.9251278196
"d13CO2","raw",173,0.999958189594105,23714.4550235459
"d13CO2","raw",174,0.999963462095733,23460.0962675952
"d13CO2","raw",175,0.999955949877542,23450.6793052474
"d13CO2","raw",176,0.999960521037146,23669.6881926821
"d13CO2","raw",177,0.999971946554764,23670.8643500124
"d13CO2","raw",178,0.99997343054907,23652.7421198124
"d13CO2","raw",179,0.999971979691653,23465.0094772178
"d13CO2","raw",180,0.999954863858773,23648.5856852092
"d13CO2","raw",181,0.999956428831453,23658.773474925
"d13CO2","raw",182,0.99995503619573,23657.2375127794
"d13CO2","raw",183,0.999951350490909,23647.8123254845
"d13CO2","raw",184,0.999955720521004,23612.0094055302
"d13CO2","raw",185,0.999961362929081,23629.7437990852
"d13CO2","raw",186,0.999954789893208,23602.342105722
"d13CO2","raw",187,0.999958113239356,23638.8839385892
"d13CO2","raw",188,0.999956077215659,23638.9432158034
"d13CO2","raw",189,0.999953075089944,23660.9422857742
"d13CO2","raw",190,0.999958392528133,23656.0168822187
"d13CO2","raw",191,0.999958606211101,23651.2579919296
"d13CO2","raw",192,0.999967546661894,23645.1480646318
"d13CO2","raw",193,0.999972866307648,23655.9105613073
"d13CO2","raw",194,0.999976553296543,23646.3354856359
"d13CO2","raw",195,0.999976416398714,23639.5619671545
"d13CO2","raw",196,0.999987418159606,23674.4845861414
"d13CO2","raw",197,0.999982337513696,23689.496867766
"d13CO2","raw",198,0.999983906527545,23668.1628691787
"d13CO2","raw",199,0.999986007689515,23679.476056503
"d13CO2","raw",200,0.999958407953944,23683.5715153754
"d13CO2","raw",201,0.999951673350468,23645.832285307
"d13CO2","raw",202,0.999952276929873,23674.3087279267
"d13CO2","raw",203,0.999959180795955,23680.3614582651
"d13CO2","raw",204,0.999975899178309,23689.3672899739
"d13CO2","raw",205,0.999961171965227,23701.9857892577
"d13CO2","raw",206,0.999948319420545,23658.7700312092
"d13CO2","raw",207,0.999946303419593,23619.7109516031
"d13CO2","raw",208,0.999952616151638,23622.5797459086
"d13CO2","raw",209,0.999934488016467,23629.3780386752
"d13CO2","raw",210,0.999933555730173,23635.5095570197
"d13CO2","raw",211,0.999940854107276,23608.7958629004
"d13CO2","raw",212,0.99996926418509,23603.6008114998
"d13CO2","raw",213,0.999944726758068,23575.7811061758
"d13CO2","raw",214,0.999932572096153,23623.4946091701
"d13CO2","raw",215,0.999914564008972,23642.2731504506
"d13CO2","raw",216,0.999926951265456,23660.677403327
"d13CO2","raw",217,0.999931796336421,23660.0704265504
"d13CO2","raw",218,0.999916436736318,23676.9524770643
"d13CO2","raw",219,0.999917286406095,23665.7734047686
"d13CO2","raw",220,0.999926706120536,23656.6234476351
"d13CO2","raw",221,0.999940008156118,23673.9813157
"d13CO2","raw",222,0.999945795557468,23674.2244564529
"d13CO2","raw",223,0.99995793915685,23689.3983444353
"d13CO2","raw",224,0.999925554858228,23694.9932772008
"d13CO2","raw",225,0.999926944259006,23688.9938477615
"d13CO2","raw",226,0.99992750113023,23675.5021416178
"d13CO2","raw",227,0.999928279488278,23449.4034681555
"d13CO2","raw",228,0.999920038001895,23448.8701976122
"d13CO2","raw",229,0.999937074434761,23432.8583361478
"d13CO2","raw",230,0.999926313974218,23637.4420423035
"d13CO2","raw",231,0.999939311998867,23655.2688312406
"d13CO2","raw",232,0.999943107722054,23692.2776136804
"d13CO2","raw",233,0.999939286493911,23714.6281176144
"d13CO2","raw",234,0.99994888128058,23718.7028806225
"d13CO2","raw",235,0.999947855932858,23722.3290956615
"d13CO2","raw",236,0.999935628871788,23725.7779573083
"d13CO2","raw",237,0.999943944847865,23692.5144052823
"d13CO2","raw",238,0.999947250309198,23645.3519233114
"d13CO2","raw",239,0.999956968346715,23644.1330175655
"d13CO2","raw",240,0.999955616933796,23674.6347005739
"d13CO2","raw",241,0.999948209221481,23679.2365218201
"d13CO2","raw",242,0.999950514545913,23678.511004482
"d13CO2","raw",243,0.999920698309766,23703.8100718376
"d13CO2","raw",244,0.999934176018222,23736.0646577871
"d13CO2","raw",245,0.999938884765654,23704.0940286176
"d13CO2","raw",246,0.999941737406084,23710.4466922827
"d13CO2","raw",247,0.999939782397426,23723.2482845798
"d13CO2","raw",248,0.999950527627379,23724.5154035658
"d13CO2","raw",249,0.999937628164551,23726.1969220891
"d13CO2","raw",250,0.99993644475319,23723.7153112984
"d13CO2","raw",251,0.999925266253737,23495.4565652482
"d13CO2","raw",252,0.999936757468731,23687.0609354968
"d13CO2","raw",253,0.99993130704181,23689.8072307766
"d13CO2","raw",254,0.99997134945006,23716.2018936716
"d13CO2","raw",255,0.999934307543169,23672.7294756669
"d13CO2","raw",256,0.999941857896359,23662.6328850924
"d13CO2","raw",257,0.999945906391846,23702.7471679177
"d13CO2","raw",258,0.999948816426477,23694.6132738698
"d13CO2","raw",259,0.999939212124759,23686.8867622101
"d13CO2","raw",260,0.999943743366356,23689.5551494351
"d13CO2","raw",261,0.999943879689863,23673.8480278643
"d13CO2","raw",262,0.999948969886211,23686.2114245202
"d13CO2","raw",263,0.999953171664853,23705.3311057334
"d13CO2","raw",264,0.999956843195628,23735.7668349972
"d13CO2","raw",265,0.999934879952189,23488.5727873916
"d13CO2","raw",266,0.999939820488428,23717.6801867643
"d13CO2","raw",267,0.999914529146893,23699.4767215307
"d13CO2","raw",268,0.9999109020357,23701.0434846276
"d13CO2","raw",269,0.999907063189507,23704.3649644577
"d13CO2","raw",270,0.999903922927577,23684.6907696829
"d13CO2","raw",271,0.999903478578946,23651.8662836114
"d13CO2","raw",272,0.999902911802625,23682.5489538908
"d13CO2","raw",273,0.999920488383116,23731.6604034044
"d13CO2","raw",274,0.999911934950723,23739.0285260133
"d13CO2","raw",275,0.999916702592176,23737.254205837
"d13CO2","raw",276,0.999908328456688,23762.5073908124
"d13CO2","raw",277,0.999920971462959,23757.1851933442
"d13CO2","raw",278,0.999925038829666,23735.8689994366
"d13CO2","raw",279,0.999912127371112,23728.9552768621
"d13CO2","raw",280,0.999919612344104,23777.8375730651
"d13CO2","raw",281,0.999921922081552,24000
"d13CO2","raw",282,0.999916724339298,24000
"d13CO2","raw",283,0.999922426366749,24000
"d13CO2","raw",284,0.999929595950029,24000
"d13CO2","raw",285,0.999929495318552,23757.8593507062
"d13CO2","raw",286,0.999934328255938,23752.3232408348
"d13CO2","raw",287,0.999929256151426,23745.8372303264
"d13CO2","raw",288,0.999940989581286,23756.9293475821
"d13CO2","raw",289,0.999946597644065,23742.2417550042
"d13CO2","raw",290,0.999954086250043,23749.0909983742
"d13CO2","raw",291,0.999953651471172,23750.3476518447
"d13CO2","raw",292,0.999952784282387,23732.4267599656
"d13CO2","raw",293,0.999954695741304,23726.507267091
"d13CO2","raw",294,0.999960320393783,23706.4215159873
"d13CO2","raw",295,0.999947320006815,23713.1956354218
"d13CO2","raw",296,0.999939460925823,23717.2053211443
"d13CO2","raw",297,0.999946421670705,23721.4981383981
"d13CO2","raw",298,0.999944719213731,23719.9224596726
"d13CO2","raw",299,0.999944830860672,23703.115436333
"d13CO2","raw",300,0.999930952802847,23680.0189999982
"d13CO2","raw",301,0.999935829574234,23663.6934382561
"d13CO2","raw",302,0.999938563652547,23660.5245711252
"d13CO2","raw",303,0.999950774428402,23658.9155935903
"d13CO2","raw",304,0.999963027711658,23659.994555349
"d13CO2","raw",305,0.999951373907173,23693.4160567479
"d13CO2","raw",306,0.999954038357519,23682.2770323446
"d13CO2","raw",307,0.999959129143157,23699.4609318158
"d13CO2","raw",308,0.999942041486635,23712.7843938628
"d13CO2","raw",309,0.999940771944146,23672.8007522901
"d13CO2","raw",310,0.999949249895723,23680.7002605837
"d13CO2","raw",311,0.999949040984996,23661.1645323538
"d13CO2","raw",312,0.999944197964607,23670.6323838467
"d13CO2","raw",313,0.999941439779461,23658.0192033474
"d13CO2","raw",314,0.99995986352905,23650.9225672628
"d13CO2","raw",315,0.999950137896027,23653.1283420009
"d13CO2","raw",316,0.999948295756464,23660.2740901794
"d13CO2","raw",317,0.999937483032237,23641.0343271005
"d13CO2","raw",318,0.999929307602504,23666.0974804291
"d13CO2","raw",319,0.99993184848013,23678.5133100515
"d13CO2","raw",320,0.999928686456125,23674.9356661215
"d13CO2","raw",321,0.999940619962417,23681.0147205572
"d13CO2","raw",322,0.999936128135934,23670.2310644019
"d13CO2","raw",323,0.999976671650807,23648.6940699864
"d13CO2","raw",324,0.999943666785944,23674.4017971118
"d13CO2","raw",325,0.999961199081898,23709.5835617071
"d13CO2","raw",326,0.999944538505442,23684.0030769658
"d13CO2","raw",327,0.999925100617901,23687.3659068567
"d13CO2","raw",328,0.999919908264606,23666.9160434922
"d13CO2","raw",329,0.999926106830774,23651.1384726747
"d13CO2","raw",330,0.99992750484031,23638.3882448917
"d13CO2","raw",331,0.999939264005818,23675.1393675241
"d13CO2","raw",332,0.999942770886626,23682.513944171
"d13CO2","raw",333,0.999944367501244,23674.6124980488
"d13CO2","raw",334,0.999945499526527,23676.2095372325
"d13CO2","raw",335,0.999937951465993,23674.696352762
"d13CO2","raw",336,0.999939897366724,23674.5434966967
"d13CO2","raw",337,0.999935325030462,23667.6036215403
"d13CO2","raw",338,0.999943759405278,23649.1723704074
"d13CO2","raw",339,0.999937770867822,23660.4098841391
"d13CO2","raw",340,0.999972528578827,23643.88903889
"d13CO2","raw",341,0.999921857349608,23643.8319190445
"d13CO2","raw",342,0.999916152312833,23671.1316442889
"d13CO2","raw",343,0.999965185329955,23656.7550567496
"d13CO2","raw",344,0.999957340114746,23663.9601635261
"d13CO2","raw",345,0.999941505069717,23621.8916808155
"d13CO2","raw",346,0.999917983298664,23603.7346301246
"d13CO2","raw",347,0.999966674535785,23655.2289646842
"d13CO2","raw",348,0.99994730425207,23657.9253281151
"d13CO2","raw",349,0.999927021151454,23656.63170276
"d13CO2","raw",350,0.999930616314794,23654.9341824568
"d13CO2","raw",351,0.99994063435237,23671.5199449585
"d13CO2","raw",352,0.999963589420836,23662.4987110339
"d13CO2","raw",353,0.999973748540443,23664.4986065042
"d13CO2","raw",354,0.999981573228998,23677.3305598303
"d13CO2","raw",355,0.999960621351885,23671.7793846403
"d13CO2","raw",356,0.999977472582525,23645.8245252292
"d13CO2","raw",357,0.999967069816052,23621.8334781976
"d13CO2","raw",358,0.999959332609671,23580.0992822486
"d13CO2","raw",359,0.999933480850035,23581.0367730499
"d13CO2","raw",360,0.999929481805469,23577.3778049478
"d13CO2","raw",361,0.999922716599888,23603.1353885957
"d13CO2","raw",362,0.99991474306139,23610.8608652036
"d13CO2","raw",363,0.999907179105493,23606.3368174754
"d13CO2","raw",364,0.999906560962672,23617.0345979238
"d13CO2","raw",365,0.999917344622286,23622.5074583807
"d13CO2","raw",366,0.999922277643197,23598.3077194833
"d13CO2","raw",367,0.999916187692095,23624.3893547214
"d13CO2","raw",368,0.999934753440009,23646.3526161556
"d13CO2","raw",369,0.999933047760214,23641.4633380415
"d13CO2","raw",370,0.999925329733105,23651.9578196777
"d13CO2","raw",371,0.999929547774415,23641.6468185508
"d13CO2","raw",372,0.999916031701061,23660.5141836176
"d13CO2","raw",373,0.999915058900798,23674.9021735788
"d13CO2","raw",374,0.999965688174497,23650.451113232
"d13CO2","raw",375,0.999920902115319,23664.2203073041
"d13CO2","raw",376,0.999915012269427,23694.6239730453
"d13CO2","raw",377,0.99992954731313,23695.4093165407
"d13CO2","raw",378,0.999914300375174,23722.4667975848
"d13CO2","raw",379,0.999938762391239,23723.5700487665
"d13CO2","raw",380,0.999922773706297,23711.193341036
"d13CO2","raw",381,0.999934400763753,23689.3816398522
"d13CO2","raw",382,0.999928735995183,23720.2700486102
"d13CO2","raw",383,0.999939104395658,23733.4976287867
"d13CO2","raw",384,0.999936945986479,23728.1051321756
"d13CO2","raw",385,0.999951411163576,23718.9252189826
"d13CO2","raw",386,0.99992990037189,23464.597574616
"d13CO2","raw",387,0.999932255420794,23472.2663471014
"d13CO2","raw",388,0.99993429296593,23701.9905873591
"d13CO2","raw",389,0.999936815860651,23700.9322146439
"d13CO2","raw",390,0.999930932358609,23713.9273887418
"d13CO2","raw",391,0.999931872956985,23685.8657938844
"d13CO2","raw",392,0.999931001794462,23682.0430836408
"d13CO2","raw",393,0.999938084407306,23705.3937972728
"d13CO2","raw",394,0.999939081844487,23695.9908457355
"d13CO2","raw",395,0.999931592298332,23682.5962011584
"d13CO2","raw",396,0.999941568944454,23694.1093283696
"d13CO2","raw",397,0.999963840747506,23680.0752295466
"d13CO2","raw",398,0.99996343923943,23661.2911700242
"d13CO2","raw",399,0.999963754306649,23669.8343445025
"d13CO2","raw",400,0.999957130299834,23668.5415698948
"d13CO2","raw",401,0.999944593364237,23681.6857136894
"d13CO2","raw",402,0.999933715032121,23699.8825593316
"d13CO2","raw",403,0.999957246069632,23684.4820123329
"d13CO2","raw",404,0.999939445282699,23701.0041687928
"d13CO2","raw",405,0.999935034588042,23714.9219061115
"d13CO2","raw",406,0.999921974999949,23685.9190622351
"d13CO2","raw",407,0.999920843295568,23642.9765647333
"d13CO2","raw",408,0.999934377409522,23616.5103840006
"d13CO2","raw",409,0.99993441186069,23613.5209173351
"d13CO2","raw",410,0.999929363793141,23635.7047590386
"d13CO2","raw",411,0.999947253809326,23678.439802606
"d13CO2","raw",412,0.999951473894598,23686.8181423385
"d13CO2","raw",413,0.999956899688532,23698.6975093531
"d13CO2","raw",414,0.999958351873415,23653.8871032857
"d13CO2","raw",415,0.999949080053706,23674.1121590786
"d13CO2","raw",416,0.999943774546163,23685.2324870712
"d13CO2","raw",417,0.999937015567696,23713.6499997662
"d13CO2","raw",418,0.999944742920399,23670.5221105321
"d13CO2","raw",419,0.999947189650982,23641.8091096816
"d13CO2","raw",420,0.999942462706646,23687.4523576282
"d13CO2","raw",421,0.99994764567346,23697.19013042
"d13CO2","raw",422,0.999943314318151,23710.0711030159
"d13CO2","raw",423,0.999952863405558,23695.1627185245
"d13CO2","raw",424,0.999943356473554,23697.0109138527
"d13CO2","raw",425,0.999951139132733,23697.7746500055
"d13CO2","raw",426,0.999944954066377,23703.083526524
"d13CO2","raw",427,0.999941686849133,23720.6401195422
"d13CO2","raw",428,0.999942716171239,23739.380361794
"d13CO2","raw",429,0.999937074632674,23694.5610038363
"d13CO2","raw",430,0.999937831658075,23666.9353318548
"d13CO2","raw",431,0.999935593161246,23652.0819539957
"d13CO2","raw",432,0.999940069703408,23632.5666748049
"d13CO2","raw",433,0.999937028163719,23642.8205128309
"d13CO2","raw",434,0.999935728342472,23668.2685677948
"d13CO2","raw",435,0.999948059114841,23664.1968454747
"d13CO2","raw",436,0.999952240887314,23696.10992029
"d13CO2","raw",437,0.999946109948758,23683.1619425636
"d13CO2","raw",438,0.999943831873412,23716.2484265824
"d13CO2","raw",439,0.999950695115901,23721.3206221437
"d13CO2","raw",440,0.999952112165836,23709.2773739447
"d13CO2","raw",441,0.999933798410632,23670.6699793859
"d13CO2","raw",442,0.999926043891341,23697.5949525189
"d13CO2","raw",443,0.999927084717105,23693.9402897734
"d13CO2","raw",444,0.999930669145648,23670.8794512267
"d13CO2","raw",445,0.99993345857247,23689.6468463644
"d13CO2","raw",446,0.999920490599122,23673.5717501444
"d13CO2","raw",447,0.999917722064702,23696.8630411162
"d13CO2","raw",448,0.999912311280546,23691.3245526145
"d13CO2","raw",449,0.999932012848304,23687.0874767289
"d13CO2","raw",450,0.999932895490793,23698.5318775678
"d13CO2","raw",451,0.999941088724276,23703.4165900485
"d13CO2","raw",452,0.999933220391506,23713.4936425406
"d13CO2","raw",453,0.999937800262608,23715.9124208022
"d13CO2","raw",454,0.999932084391915,23739.6558679307
"d13CO2","raw",455,0.99992559311628,23718.2486861519
"d13CO2","raw",456,0.999932132976774,23700.5257445254
"d13CO2","raw",457,0.999943977366577,23702.5794299766
"d13CO2","raw",458,0.999936755245368,23707.6644604649
"d13CO2","raw",459,0.999943080553968,23658.1560110944
"d13CO2","raw",460,0.999938513494183,23687.2454856712
"d13CO2","raw",461,0.999936625257783,23694.1346898199
"d13CO2","raw",462,0.999927164290821,23682.6988940523
"d13CO2","raw",463,0.999936069396179,23676.2970269833
"d13CO2","raw",464,0.999940961557993,23670.9319211068
"d13CO2","raw",465,0.999937555210412,23673.0738601061
"d13CO2","raw",466,0.999936352964416,23657.7100116245
"d13CO2","raw",467,0.999946312401373,23666.3792697456
"d13CO2","raw",468,0.999952344356403,23683.4819652607
"d13CO2","raw",469,0.999956016459319,23670.2852154148
"d13CO2","raw",470,0.999952816270689,23652.7063715512
"d13CO2","raw",471,0.999941967026742,23670.6856740907
"d13CO2","raw",472,0.999950365430992,23650.2747881808
"d13CO2","raw",473,0.999945778689743,23665.8842954264
"d13CO2","raw",474,0.999943120263693,23684.0261336709
"d13CO2","raw",475,0.999941790484459,23648.0789648049
"d13CO2","raw",476,0.999933505005427,23705.3647212194
"d13CO2","raw",477,0.999937383845475,23698.2912836973
"d13CO2","raw",478,0.999942396146419,23678.1456928767
"d13CO2","raw",479,0.999924313807934,23702.3705920321
"d13CO2","raw",480,0.999930524295495,23707.8217007644
"d13CO2","raw",481,0.99992775906699,23686.208133706
"d13CO2","raw",482,0.999940966200255,23459.3992729421
"d13CO2","raw",483,0.999930689144072,23681.3313183366
"d13CO2","raw",484,0.999930184822166,23645.383183163
"d13CO2","raw",485,0.99992664979572,23622.4021764119
"d13CO2","raw",486,0.999949192118789,23671.1520517187
"d13CO2","raw",487,0.999942090168492,23468.2094777785
"d13CO2","raw",488,0.999923929406936,23637.6248171063
"d13CO2","raw",489,0.999918192025849,23682.0608696635
"d13CO2","raw",490,0.999915816857996,23691.0525691705
"d13CO2","raw",491,0.999922650201581,23708.9137818303
"d13CO2","raw",492,0.999919582003057,23678.8981859562
"d13CO2","raw",493,0.999961755708512,23667.8359345556
"d13CO2","raw",494,0.999938632772498,23655.3265579633
"d13CO2","raw",495,0.999934215438535,23639.798230679
"d13CO2","raw",496,0.999935208030646,23634.5377380426
"d13CO2","raw",497,0.999941291847937,23592.8429009949
"d13CO2","raw",498,0.999933506503411,23624.0819318268
"d13CO2","raw",499,0.999923287442602,23614.8488707354
"d13CO2","raw",500,0.999948817550346,23630.6774651462
"d13CO2","raw",501,0.999956166444955,23587.5897686577
"d13CO2","raw",502,0.999939288947382,23567.7848725397
"d13CO2","raw",503,0.999936212792276,23551.7635222458
"d13CO2","raw",504,0.999937101290879,23560.6852421862
"d13CO2","raw",505,0.999957590192948,23567.2735062131
"d13CO2","raw",506,0.999961496134685,23589.9700126381
"d13CO2","raw",507,0.999967189287908,23594.3216464773
"d13CO2","raw",508,0.999972883836892,23603.5535990657
"d13CO2","raw",509,0.999979146496314,23607.8414995055
"d13CO2","raw",510,0.999988484846072,23608.8981605648
"d13CO2","raw",511,1.0000002142496,23624.7877922809
"d13CO2","raw",512,0.999999009763914,23416.9715469106
"d13CO2","raw",513,0.999991035072077,23383.7968736278
"d13CO2","raw",514,0.999988377423555,23621.0820835876
"d13CO2","raw",515,0.999973709503333,23407.3938048633
"d13CO2","raw",516,0.999990503674954,23419.3479365592
"d13CO2","raw",517,0.999979834692417,23407.8611666072
"d13CO2","raw",518,0.999986730827966,23640.0921731502
"d13CO2","raw",519,0.999976043253074,23449.9095520995
"d13CO2","raw",520,0.999961765020541,23638.5718093962
"d13CO2","raw",521,0.999972743112323,23658.9495041697
"d13CO2","raw",522,0.999980296141081,23638.2841307796
"d13CO2","raw",523,0.999986553246234,23397.5781363562
"d13CO2","raw",524,0.999985792845172,23621.5835238452
"d13CO2","raw",525,0.999987538108039,23446.8422418494
"d13CO2","raw",526,0.999986203471908,23684.5674835327
"d13CO2","raw",527,0.999983930164721,23432.0357561223
"d13CO2","raw",528,0.999992632083815,23433.5375173263
"d13CO2","raw",529,0.999996529721289,23473.0029299172
"d13CO2","raw",530,0.999992058911062,23691.9914540511
"d13CO2","raw",531,0.999998142046755,23731.8425289759
"d13CO2","raw",532,0.999995793335961,23706.0328555943
"d13CO2","raw",533,0.999997232269003,23664.5505568494
"d13CO2","raw",534,1.00000529531585,23658.8615720429
"d13CO2","raw",535,0.999996146828276,23655.9296972272
"d13CO2","raw",536,0.999999106691216,23645.4754453048
"d13CO2","raw",537,0.999977916808487,23682.129360792
"d13CO2","raw",538,0.999949973557787,23660.8056220386
"d13CO2","raw",539,0.999956929805837,23648.6276817279
"d13CO2","raw",540,0.999944932479395,23623.2138525386
"d13CO2","raw",541,0.999968551596567,23598.924471716
"d13CO2","raw",542,0.999961054729114,23640.7235103366
"d13CO2","raw",543,0.999956583085908,23680.2224389662
"d13CO2","raw",544,0.999970267019815,23681.5669009164
"d13CO2","raw",545,0.99993382403599,23664.4176664698
"d13CO2","raw",546,0.999946909296566,23659.5677505665
"d13CO2","raw",547,0.999972234435441,23639.7753191881
"d13CO2","raw",548,0.999964582352899,23643.0242803093
"d13CO2","raw",549,0.999942223904376,23670.2465161924
"d13CO2","raw",550,0.99994383802343,23672.3097775799
"d13CO2","raw",551,0.999944151832715,23695.1470240567
"d13CO2","raw",552,0.999958568256961,23681.1843130803
"d13CO2","raw",553,0.999940066787243,23650.14221546
"d13CO2","raw",554,0.999955768876528,23712.6505728744
"d13CO2","raw",555,0.999974722097326,23702.6079826958
"d13CO2","raw",556,0.999935039120604,23687.5421757976
"d13CO2","raw",557,0.999954389317518,23675.2564869043
"d13CO2","raw",558,1.00000966870544,23656.327895139
"d13CO2","raw",559,0.999965724526797,23665.7550755254
"d13CO2","raw",560,0.999972364522782,23668.2621470598
"d13CO2","raw",561,0.999956220360027,23694.3823845853
"d13CO2","raw",562,0.999962561485188,23672.711206612
"d13CO2","raw",563,0.999926963441344,23676.9821997877
"d13CO2","raw",564,0.999952251002444,23664.7235215559
"d13CO2","raw",565,0.999958174840565,23641.0091645879
"d13CO2","raw",566,0.999984134126796,23616.1321500759
"d13CO2","raw",567,0.999989254888625,23672.5892156847
"d13CO2","raw",568,0.999993933604818,23670.1450694381
"d13CO2","raw",569,0.999966984826519,23656.2510319521
"d13CO2","raw",570,0.99995545185416,23666.269220555
"d13CO2","raw",571,0.999974315524529,23679.0135120588
"d13CO2","raw",572,0.999975819126081,23684.3201643177
"d13CO2","raw",573,0.999985115089541,23682.4378334677
"d13CO2","raw",574,0.999979018629241,23663.9911599243
"d13CO2","raw",575,0.999959232347553,23689.3558683348
"d13CO2","raw",576,0.999953602866101,23670.4274144196
"d13CO2","raw",577,0.999959974871599,23683.5177365931
"d13CO2","raw",578,0.99996302345641,23683.1817075978
"d13CO2","raw",579,0.99994679655424,23670.7602701491
"d13CO2","raw",580,0.999954952658873,23652.6790485974
"d13CO2","raw",581,0.999954859588218,23671.7785863438
"d13CO2","raw",582,0.999944781657312,23675.8063158961
"d13CO2","raw",583,0.999946776054519,23685.1693195745
"d13CO2","raw",584,0.999950836007595,23663.1901741774
"d13CO2","raw",585,0.999965984648256,23648.6967165934
"d13CO2","raw",586,0.999968269740444,23627.4813252102
"d13CO2","raw",587,0.999970703436069,23410.9994455617
"d13CO2","raw",588,0.999954664341057,23650.4595663007
"d13CO2","raw",589,0.99996207513814,23665.6379815201
"d13CO2","raw",590,0.999971818800804,23664.1888344225
"d13CO2","raw",591,0.999985021078355,23669.4101135924
"d13CO2","raw",592,0.999979523387385,23675.6588810202
"d13CO2","raw",593,0.999968615369109,23658.932148036
"d13CO2","raw",594,0.999961505483496,23645.4133145137
"d13CO2","raw",595,0.999952751112686,23640.8286013826
"d13CO2","raw",596,0.999957675380124,23618.9044785232
"d13CO2","raw",597,0.999974031556025,23638.38865878
"d13CO2","raw",598,0.999957156878542,23660.3552501022
"d13CO2","raw",599,0.999944467079463,23626.9193634014
"d13CO2","raw",600,0.999947663820301,23612.2907509985
"d13CO2","raw",601,0.999946422174235,23594.2172941007
"d13CO2","raw",602,0.999947648166863,23612.9339040027
"d13CO2","raw",603,0.999944403701877,23624.5325999471
"d13CO2","raw",604,0.999931314009193,23663.8593103989
"d13CO2","raw",605,0.999938221050242,23693.800584296
"d13CO2","raw",606,0.999938707767159,23671.5444271559
"d13CO2","raw",607,0.999939759197827,23639.0633199552
"d13CO2","raw",608,0.999926785678151,23599.7135400021
"d13CO2","raw",609,0.999936786739946,23620.0204146156
"d13CO2","raw",610,0.999937252628185,23619.5280209257
"d13CO2","raw",611,0.999957035583397,23607.0216136971
"d13CO2","raw",612,0.999959572992329,23616.0278867092
"d13CO2","raw",613,0.999965879080597,23640.4723124998
"d13CO2","raw",614,0.999974675541564,23634.8535305063
"d13CO2","raw",615,0.999960194076248,23648.1894669112
"d13CO2","raw",616,0.999969878132357,23661.4302698574
"d13CO2","raw",617,0.999956648355538,23654.9315161737
"d13CO2","raw",618,0.999942464975015,23676.0268152816
"d13CO2","raw",619,0.999967341059679,23686.3701637873
"d13CO2","raw",620,0.999978964065658,23645.1032484384
"d13CO2","raw",621,0.999954309260304,23628.406892755
"d13CO2","raw",622,0.999970011453291,23637.619178927
"d13CO2","raw",623,0.999967070799939,23619.94190124
"d13CO2","raw",624,0.999952988269537,23623.3781794479
"d13CO2","raw",625,0.999959858340208,23632.9108499319
"d13CO2","raw",626,0.999942601052322,23659.4505511597
"d13CO2","raw",627,0.999962747438555,23642.1788051348
"d13CO2","raw",628,0.999966869328173,23642.3225271234
"d13CO2","raw",629,0.999976964792246,23602.5059423043
"d13CO2","raw",630,0.999960662842627,23599.3438703429
"d13CO2","raw",631,0.999952470188233,23626.7159024399
"d13CO2","raw",632,0.999954546380252,23604.9302723167
"d13CO2","raw",633,0.999955213139122,23629.0805007379
"d13CO2","raw",634,0.999970081888204,23637.9127145071
"d13CO2","raw",635,0.999969524765475,23654.4930512207
"d13CO2","raw",636,0.999964021988748,23630.8350426103
"d13CO2","raw",637,0.999973954287432,23661.8668572132
"d13CO2","raw",638,0.999984339398623,23648.5202876918
"d13CO2","raw",639,0.999976942449618,23623.0984091718
"d13CO2","raw",640,0.999981543407904,23652.5193983279
"d13CO2","raw",641,0.999998046555387,23659.9275198274
"d13CO2","raw",642,1.00001574716608,23670.548328359
"d13CO2","raw",643,0.999994371839874,23707.007625944
"d13CO2","raw",644,1.00000190625612,23695.0805370913
"d13CO2","raw",645,0.999995408950792,23664.951377973
"d13CO2","raw",646,0.999984681928822,23624.7090488194
"d13CO2","raw",647,1.00001312781028,23629.8301583568
"d13CO2","raw",648,0.999994088977526,23629.0868360233
"d13CO2","raw",649,0.999991206713071,23615.8070180235
"d13CO2","raw",650,1.00000237655211,23604.2845909844
"d13CO2","raw",651,1.00002956324953,23587.3363520777
"d13CO2","raw",652,1.00003751742694,23149.8252005074
"d13CO2","raw",653,1.00003765154195,23361.0598775141
"d13CO2","raw",654,1.00000387887776,23309.6974307792
"d13CO2","raw",655,1.00001253004636,23529.7656984947
"d13CO2","raw",656,1.00000487078025,23351.6425829984
"d13CO2","raw",657,1.00000251499855,23579.2840572826
"d13CO2","raw",658,0.999987392378754,23565.1378034246
"d13CO2","raw",659,1.0000044781182,23598.6842307511
"d13CO2","raw",660,1.00001166023092,23586.788612443
"d13CO2","centered",1,1.043629710284,309.239837015857
"d13CO2","centered",2,1.03609577767635,427.591783739348
"d13CO2","centered",3,1.02907796870978,596.556113707538
"d13CO2","centered",4,1.02423896471407,752.559958455472
"d13CO2","centered",5,1.0192742879308,1028.61385392513
"d13CO2","centered",6,1.01639377474457,1369.61152178905
"d13CO2","centered",7,1.01292220961449,1838.73212966737
"d13CO2","centered",8,1.01084025355818,2334.12525848312
"d13CO2","centered",9,1.00956658463941,2674.17591627324
"d13CO2","centered",10,1.00837506909071,2960.65063740477
"d13CO2","centered",11,1.00746599008217,4316.65340201628
"d13CO2","centered",12,1.00659216147319,5201.8157501688
"d13CO2","centered",13,1.00530327525674,5614.20261461411
"d13CO2","centered",14,1.00478888454349,7106.63278666699
"d13CO2","centered",15,1.00468168940427,7693.79817879739
"d13CO2","centered",16,1.00489313908908,7819.60018400952
"d13CO2","centered",17,1.0042431399107,8210.76849320829
"d13CO2","centered",18,1.00413028891167,9064.78422217207
"d13CO2","centered",19,1.00380787998577,8784.96706694768
"d13CO2","centered",20,1.00323682584468,9966.50435643777
"d13CO2","centered",21,1.00299539186676,10964.0530913821
"d13CO2","centered",22,1.00264104143465,11987.085154894
"d13CO2","centered",23,1.00203009631119,11512.1037940415
"d13CO2","centered",24,1.00204373148181,11943.2793708973
"d13CO2","centered",25,1.00174179756369,12554.6734854894
"d13CO2","centered",26,1.00207192774336,13238.8312211653
"d13CO2","centered",27,1.00193433972313,12306.1626506466
"d13CO2","centered",28,1.00149055037048,13114.3139716433
"d13CO2","centered",29,1.00115951146944,13417.4018960486
"d13CO2","centered",30,1.00107239512828,13913.3460401561
"d13CO2","centered",31,1.00097707089731,14035.2500053973
"d13CO2","centered",32,1.00099483641186,13784.3031770591
"d13CO2","centered",33,1.00087179668823,14262.7338707824
"d13CO2","centered",34,1.00070913897031,14679.6153037185
"d13CO2","centered",35,1.00080868888286,14343.0261671917
"d13CO2","centered",36,1.00090388597012,14310.0775739481
"d13CO2","centered",37,1.00071617054523,14690.1667612536
"d13CO2","centered",38,1.00057076066298,14796.5361361074
"d13CO2","centered",39,1.00022456849047,14710.9465308454
"d13CO2","centered",40,1.00021918983772,15296.7045091553
"d13CO2","centered",41,1.00004239179416,15061.9666892107
"d13CO2","centered",42,1.00014243557839,15349.9329918056
"d13CO2","centered",43,1.00043136773414,15257.2732491171
"d13CO2","centered",44,1.0002547219738,15449.9616496358
"d13CO2","centered",45,1.00016072951856,15557.3903937123
"d13CO2","centered",46,1.00017785969078,16131.6290807184
"d13CO2","centered",47,1.00010953777862,16609.1698293808
"d13CO2","centered",48,1.00004538220996,16707.5857481527
"d13CO2","centered",49,0.999967122597087,16035.9760760813
"d13CO2","centered",50,1.00001906223362,16417.7761542836
"d13CO2","centered",51,1.00015854633759,16960.9270626994
"d13CO2","centered",52,1.00014986707977,17907.0089111135
"d13CO2","centered",53,1.00023182079697,18005.4541817165
"d13CO2","centered",54,1.00008767716628,17757.834600053
"d13CO2","centered",55,1.00019090817958,17913.624546937
"d13CO2","centered",56,1.00010102583054,17784.1081770632
"d13CO2","centered",57,1.00003246570007,17742.407358339
"d13CO2","centered",58,1.00008713126806,17291.6580244326
"d13CO2","centered",59,1.00024724608398,17982.4610238227
"d13CO2","centered",60,1.00013612398008,17530.0261464977
"d13CO2","centered",61,1.00008616980418,17519.542679671
"d13CO2","centered",62,1.00008719545208,16952.0015369005
"d13CO2","centered",63,1.0000728324141,17813.1885650221
"d13CO2","centered",64,0.999968714789218,18104.8863362849
"d13CO2","centered",65,0.999990536787571,16688.8292511716
"d13CO2","centered",66,1.00000925757214,17393.3350328112
"d13CO2","centered",67,0.999976426355973,16490.5705177873
"d13CO2","centered",68,0.999941261082919,16509.1377137297
"d13CO2","centered",69,0.999971782796669,16828.6215718806
"d13CO2","centered",70,0.999998527700207,16341.7436560777
"d13CO2","centered",71,1.00002547071913,16714.8866891883
"d13CO2","centered",72,1.00006891691921,16237.9308841095
"d13CO2","centered",73,1.00004637060952,16051.1094445422
"d13CO2","centered",74,1.00013676335336,16013.2008045212
"d13CO2","centered",75,1.00005887169211,15644.8501542593
"d13CO2","centered",76,1.00009080202194,15096.9277139309
"d13CO2","centered",77,1.00014698499985,14923.5629829031
"d13CO2","centered",78,1.00018811855261,15744.1007194272
"d13CO2","centered",79,1.00014838221764,15295.878324613
"d13CO2","centered",80,1.00003308757275,15700.9339342128
"d13CO2","centered",81,1.0000333109587,15227.2872453188
"d13CO2","centered",82,1.00001177278476,15299.3878346062
"d13CO2","centered",83,1.00001040502026,15365.041187662
"d13CO2","centered",84,0.999961691944701,16145.0032641189
"d13CO2","centered",85,0.999923783637275,15431.2113319272
"d13CO2","centered",86,0.999921944289162,15558.9479198306
"d13CO2","centered",87,1.00001928327934,15391.195340145
"d13CO2","centered",88,0.999887495888316,15184.2285437378
"d13CO2","centered",89,1.00003739317322,16097.4923163968
"d13CO2","centered",90,0.999975551730906,16037.8409089938
"d13CO2","centered",91,1.00002322531198,15327.1086312907
"d13CO2","centered",92,1.00002169020493,15217.5261457783
"d13CO2","centered",93,1.00001346033986,15300.3914518801
"d13CO2","centered",94,0.999996591203676,15389.7947124159
"d13CO2","centered",95,1.00002422992403,15638.2942115292
"d13CO2","centered",96,1.00002946893611,16049.7955521916
"d13CO2","centered",97,0.999966930595608,16526.8738531337
"d13CO2","centered",98,1.00004867806023,16621.6790542409
"d13CO2","centered",99,1.00009239760198,16306.6826431976
"d13CO2","centered",100,1.00002698546344,17078.0953454683
"d13CO2","centered",101,0.999932168786043,16617.6953322712
"d13CO2","centered",102,1.00005171383048,17182.6800940584
"d13CO2","centered",103,1.00003844268434,17195.8797373284
"d13CO2","centered",104,1.00009631884178,17626.8076671962
"d13CO2","centered",105,1.00006354271599,17294.458781075
"d13CO2","centered",106,1.0000140315265,17831.6084851828
"d13CO2","centered",107,1.0000276824095,17965.1858561719
"d13CO2","centered",108,1.00004455739739,17645.0468616168
"d13CO2","centered",109,1.00009204248585,18120.6699527589
"d13CO2","centered",110,1.00021484799711,18014.6278630339
"d13CO2","centered",111,1.00021325913366,18096.2050388304
"d13CO2","centered",112,1.00012946311188,17357.0399751534
"d13CO2","centered",113,1.00008535663665,17373.5969576912
"d13CO2","centered",114,1.00003835062963,16930.7758602974
"d13CO2","centered",115,0.99997458587105,16844.5548321912
"d13CO2","centered",116,1.00006653506117,16624.9358741896
"d13CO2","centered",117,1.0000345980028,16830.5599765615
"d13CO2","centered",118,1.00002420271822,16470.7588180179
"d13CO2","centered",119,1.00008741664933,15786.0111510716
"d13CO2","centered",120,1.0000381319093,14563.0172898221
"d13CO2","centered",121,1.00009435853788,14378.081411729
"d13CO2","centered",122,1.00010958395317,14476.3649700145
"d13CO2","centered",123,1.00001834377521,15337.7330696728
"d13CO2","centered",124,1.00013674170596,14537.1886386462
"d13CO2","centered",125,1.00001419023416,14655.2258677455
"d13CO2","centered",126,0.999983720579225,14473.8133708346
"d13CO2","centered",127,1.00007711835987,14622.0563412827
"d13CO2","centered",128,1.00001196552222,15879.4845680986
"d13CO2","centered",129,0.999994529437221,14691.859250613
"d13CO2","centered",130,0.99995939383401,14732.6727116051
"d13CO2","centered",131,1.00000267937404,15112.0745984717
"d13CO2","centered",132,1.00002884322793,15144.0177136406
"d13CO2","centered",133,1.00003477545774,15198.1689700104
"d13CO2","centered",134,1.00002375914794,14646.74746224
"d13CO2","centered",135,1.00001847661188,15682.9418229115
"d13CO2","centered",136,1.00015969353588,15581.5023763536
"d13CO2","centered",137,1.00008348406286,15985.182830922
"d13CO2","centered",138,1.00016090212441,16170.8738742029
"d13CO2","centered",139,1.00006191328229,16278.4442471105
"d13CO2","centered",140,0.999996082618264,17339.0282435363
"d13CO2","centered",141,1.00004302209899,16708.4856738671
"d13CO2","centered",142,1.00014651362549,16602.6443919312
"d13CO2","centered",143,1.00012821453584,16178.9983047375
"d13CO2","centered",144,1.00001507711502,16821.8165092768
"d13CO2","centered",145,1.00006334942721,16954.5055469277
"d13CO2","centered",146,1.00010452069028,16824.427894937
"d13CO2","centered",147,0.99998301075311,16779.7517598887
"d13CO2","centered",148,1.0000279243753,17292.2308954533
"d13CO2","centered",149,1.00003791018066,17138.9630235619
"d13CO2","centered",150,1.00006889338542,17122.6520453172
"d13CO2","centered",151,1.00006236818365,17137.4836912219
"d13CO2","centered",152,0.999979302458947,17394.5907239919
"d13CO2","centered",153,0.999922381434406,16876.8768414342
"d13CO2","centered",154,0.999953976761864,16515.5886777251
"d13CO2","centered",155,1.00002331740593,15611.9239071584
"d13CO2","centered",156,1.00021581133187,16184.3351898173
"d13CO2","centered",157,1.0000088100499,16339.1954112591
"d13CO2","centered",158,1.00010318944984,16838.6717616322
"d13CO2","centered",159,1.00006729990875,16408.349556431
"d13CO2","centered",160,1.00030437795125,16613.1835878845
"d13CO2","centered",161,1.00005198590865,15875.4939835781
"d13CO2","centered",162,0.999967343867958,16249.2147822377
"d13CO2","centered",163,1.00005162686113,16840.1562854881
"d13CO2","centered",164,1.00003500162205,16979.6639206012
"d13CO2","centered",165,1.00012592695817,16549.0924232536
"d13CO2","centered",166,1.00024491896164,17038.7405536525
"d13CO2","centered",167,1.00008327402445,18326.9033630919
"d13CO2","centered",168,0.99991604919661,18456.3646826651
"d13CO2","centered",169,0.999986194415631,18103.2164415531
"d13CO2","centered",170,1.00001293296538,17566.6158659946
"d13CO2","centered",171,1.00001354128878,17067.661033867
"d13CO2","centered",172,0.999947972664751,17449.6776633249
"d13CO2","centered",173,1.00005351526208,17080.8428064949
"d13CO2","centered",174,1.00000922899456,17788.5239030881
"d13CO2","centered",175,0.999987522581131,18654.8984887565
"d13CO2","centered",176,1.00001064464478,18967.2292383268
"d13CO2","centered",177,1.00008852765783,18427.5136341189
"d13CO2","centered",178,1.00005494385801,18073.2793399474
"d13CO2","centered",179,1.00008911119473,17669.4974991145
"d13CO2","centered",180,1.0000898944318,17452.7821197203
"d13CO2","centered",181,1.00008563821133,18400.8479811894
"d13CO2","centered",182,1.00008997857877,18804.6158465317
"d13CO2","centered",183,1.0000415421639,18068.9726894031
"d13CO2","centered",184,1.00004754394944,18618.7924096284
"d13CO2","centered",185,1.00008807251542,19054.0209365422
"d13CO2","centered",186,1.00013327913949,19208.8090897348
"d13CO2","centered",187,0.999991436685689,19442.0978996618
"d13CO2","centered",188,1.00001359007067,19041.1906523604
"d13CO2","centered",189,0.999993950705101,19634.4920956651
"d13CO2","centered",190,0.999950619385352,18955.8624128736
"d13CO2","centered",191,1.00001978794961,19295.4567756127
"d13CO2","centered",192,0.999959035228512,18934.1019052436
"d13CO2","centered",193,1.00003578331357,18145.8346136479
"d13CO2","centered",194,1.00004978045305,19312.1775227996
"d13CO2","centered",195,0.999975094925309,19238.7588332168
"d13CO2","centered",196,1.00011841814752,19318.2782565546
"d13CO2","centered",197,1.00003783943311,19651.5616792605
"d13CO2","centered",198,1.00006345536475,19602.0033334043
"d13CO2","centered",199,1.00014387353187,19564.254985601
"d13CO2","centered",200,1.00002005524003,19673.1769667194
"d13CO2","centered",201,1.0000111674862,19746.7882320748
"d13CO2","centered",202,1.00016865604786,19228.408742789
"d13CO2","centered",203,1.00002861291909,20156.0697709587
"d13CO2","centered",204,1.00020538780553,19856.0849983328
"d13CO2","centered",205,1.00004670056817,20240.8883011212
"d13CO2","centered",206,1.00000285142893,19171.088723198
"d13CO2","centered",207,1.00004634053484,19116.4390897274
"d13CO2","centered",208,1.00006353020378,19613.5776782935
"d13CO2","centered",209,0.999987087628072,19099.6053620758
"d13CO2","centered",210,0.99991553013048,18840.5462045875
"d13CO2","centered",211,1.00000842432247,19048.1320937516
"d13CO2","centered",212,1.00004616714671,17703.9285374004
"d13CO2","centered",213,0.999972210290956,18244.4354072373
"d13CO2","centered",214,0.99997011380822,18646.5800126183
"d13CO2","centered",215,1.00000312017174,18446.4282487391
"d13CO2","centered",216,1.00002734822874,18263.4579862583
"d13CO2","centered",217,0.999945652522639,18262.8369644886
"d13CO2","centered",218,0.999958262303496,17675.9676830723
"d13CO2","centered",219,1.00004497855124,17523.6895398397
"d13CO2","centered",220,1.00005597188568,17579.3565350615
"d13CO2","centered",221,1.00009034422244,18157.8367550361
"d13CO2","centered",222,1.00007439884424,18028.5456783857
"d13CO2","centered",223,1.0000842093928,18192.2137574746
"d13CO2","centered",224,1.00013897780481,18295.9136359613
"d13CO2","centered",225,1.00002725437423,17772.7831640135
"d13CO2","centered",226,1.00003133474944,17517.6489367777
"d13CO2","centered",227,1.00007047274125,17213.3451016648
"d13CO2","centered",228,0.999969062384411,17239.9646260338
"d13CO2","centered",229,1.00000437178416,17394.5937923808
"d13CO2","centered",230,1.00002061558145,17655.9245011415
"d13CO2","centered",231,1.00005745749134,17456.1965574002
"d13CO2","centered",232,1.00011508527323,16671.6523437389
"d13CO2","centered",233,1.00005859038535,16836.7227434529
"d13CO2","centered",234,1.00004558745145,17708.3640719841
"d13CO2","centered",235,1.00003814533698,17533.98410643
"d13CO2","centered",236,1.00001588282176,18185.431658588
"d13CO2","centered",237,1.00007108357902,18480.1029092409
"d13CO2","centered",238,1.00026680023472,18301.9810425408
"d13CO2","centered",239,1.00038807974354,17948.7839017336
"d13CO2","centered",240,1.00020222485102,18261.9527894617
"d13CO2","centered",241,1.00018164888536,17968.0416875055
"d13CO2","centered",242,1.00003204763846,17894.6710727182
"d13CO2","centered",243,0.999980121331314,17558.0058614732
"d13CO2","centered",244,1.00005727103372,17332.5469188548
"d13CO2","centered",245,0.99994748250991,16785.8759843165
"d13CO2","centered",246,0.999986894577126,17315.955680787
"d13CO2","centered",247,0.999954341323491,18362.8562597005
"d13CO2","centered",248,1.00000510262936,18046.2342033776
"d13CO2","centered",249,0.999908438311465,17471.4779644349
"d13CO2","centered",250,1.00015785430959,17487.9007259867
"d13CO2","centered",251,1.0000842279901,17403.9027385656
"d13CO2","centered",252,1.0002736039197,17889.7516169559
"d13CO2","centered",253,1.00030096458288,17668.177213379
"d13CO2","centered",254,1.00005294212104,18384.4592277579
"d13CO2","centered",255,0.999939072527954,17455.141960004
"d13CO2","centered",256,0.999992497312913,18140.9976895292
"d13CO2","centered",257,1.00010765303788,18374.5274038221
"d13CO2","centered",258,0.999980858761606,18047.5485922898
"d13CO2","centered",259,0.999986224720305,18301.1382146593
"d13CO2","centered",260,1.00005378757214,18876.0720525937
"d13CO2","centered",261,0.999963788820466,18241.8743041052
"d13CO2","centered",262,0.999956199152045,19446.1636442313
"d13CO2","centered",263,1.0000222760034,19283.4655675636
"d13CO2","centered",264,0.999984043736976,19339.5132185805
"d13CO2","centered",265,0.999936412132298,20172.1265250848
"d13CO2","centered",266,1.00002182926387,20611.7538661825
"d13CO2","centered",267,1.00001013213626,20106.212456698
"d13CO2","centered",268,0.999947356624204,20052.2268151094
"d13CO2","centered",269,1.00005316042675,19380.9287711668
"d13CO2","centered",270,1.00012453125487,19707.8802588516
"d13CO2","centered",271,1.00017813602009,20440.056656064
"d13CO2","centered",272,1.0001942517737,20539.4411560451
"d13CO2","centered",273,1.00021225857016,20565.2948676176
"d13CO2","centered",274,0.999989471146002,20867.9330549077
"d13CO2","centered",275,1.00000904799959,20638.3183887563
"d13CO2","centered",276,1.00004735217503,20214.7448883681
"d13CO2","centered",277,1.0000014319727,20867.093555132
"d13CO2","centered",278,0.999980957209227,20966.7597351384
"d13CO2","centered",279,1.00001473966874,20799.5052368875
"d13CO2","centered",280,1.0000020286795,21245.0602442891
"d13CO2","centered",281,1.00007587656712,21135.5894750422
"d13CO2","centered",282,1.00005745128742,20943.986041835
"d13CO2","centered",283,0.99999735776895,21145.9850652915
"d13CO2","centered",284,0.999998308910114,21184.5130237152
"d13CO2","centered",285,1.0000001256164,20789.6037242369
"d13CO2","centered",286,1.0000885868053,21007.5483436153
"d13CO2","centered",287,1.0000411711349,20730.4516544419
"d13CO2","centered",288,1.00000007033995,21175.541849371
"d13CO2","centered",289,1.00007903089419,21433.6687395229
"d13CO2","centered",290,1.00002428999033,21942.1578561187
"d13CO2","centered",291,1.00005431099472,22171.9590600304
"d13CO2","centered",292,1.00012305303797,21827.9347472354
"d13CO2","centered",293,1.0000662824198,22320.9812054651
"d13CO2","centered",294,1.00006113943848,21580.2914059805
"d13CO2","centered",295,1.00003349045879,22216.3928561135
"d13CO2","centered",296,0.999996149306011,21863.9190080505
"d13CO2","centered",297,1.00007069056797,21860.7774220496
"d13CO2","centered",298,1.00005803617082,21254.8752534094
"d13CO2","centered",299,1.00017395942859,21803.529215828
"d13CO2","centered",300,1.0000704291571,22308.8373691015
"d13CO2","centered",301,1.00004870866754,21672.9916498499
"d13CO2","centered",302,1.00023342790335,21508.6307176251
"d13CO2","centered",303,1.00018065932124,22268.3203449748
"d13CO2","centered",304,1.00020048678496,21918.469105742
"d13CO2","centered",305,1.00022214106946,21605.9050210416
"d13CO2","centered",306,1.00007647659877,21165.7539120538
"d13CO2","centered",307,1.00006569011787,21737.7219851809
"d13CO2","centered",308,1.000311925252,21911.3553649651
"d13CO2","centered",309,1.00020566759983,21522.8765411163
"d13CO2","centered",310,1.00031281137116,21233.2436246201
"d13CO2","centered",311,1.00047246446407,21460.4934558388
"d13CO2","centered",312,1.00043487922049,20978.4956293454
"d13CO2","centered",313,1.00030667309976,21675.7790417264
"d13CO2","centered",314,1.00029573661287,21458.4155528518
"d13CO2","centered",315,1.00026139544742,20609.8012647511
"d13CO2","centered",316,1.00026598588326,19995.4065799988
"d13CO2","centered",317,1.0002679876596,19891.6662407342
"d13CO2","centered",318,1.00028102759468,20288.3851097419
"d13CO2","centered",319,1.00037266794403,20198.1508343142
"d13CO2","centered",320,1.00016032576738,19787.288281549
"d13CO2","centered",321,1.00005120993683,20080.5920736383
"d13CO2","centered",322,1.00003146467912,18746.8758907591
"d13CO2","centered",323,1.00021841391217,17635.1488367252
"d13CO2","centered",324,1.0002138824259,18110.7745796115
"d13CO2","centered",325,1.00019390457999,18281.9979486497
"d13CO2","centered",326,1.00016072051678,17664.2324873007
"d13CO2","centered",327,1.0000470368378,16380.4998933835
"d13CO2","centered",328,0.999987463119818,17371.6496799351
"d13CO2","centered",329,1.00010438952606,17413.0689248998
"d13CO2","centered",330,0.999962284477576,16405.9713302544
"d13CO2","centered",331,1.00013387769789,16313.8078025781
"d13CO2","centered",332,1.00020060403573,16540.3708255123
"d13CO2","centered",333,1.0002065231862,17152.0767756861
"d13CO2","centered",334,1.00003951670096,16857.5665111066
"d13CO2","centered",335,0.999957162507875,16213.5464319023
"d13CO2","centered",336,0.999999408257501,16392.3552278372
"d13CO2","centered",337,0.999935474302109,15768.7942351396
"d13CO2","centered",338,0.999930662999836,16148.8423055138
"d13CO2","centered",339,1.00012435277262,16527.8800013416
"d13CO2","centered",340,1.00002074049489,16427.8431413001
"d13CO2","centered",341,1.00017931962634,17168.9488385045
"d13CO2","centered",342,1.00020482653428,16850.2515302519
"d13CO2","centered",343,1.0000239049833,17637.887986531
"d13CO2","centered",344,1.00012157160521,17383.8337889698
"d13CO2","centered",345,1.00012571797837,17418.5648123332
"d13CO2","centered",346,1.00008554139314,17105.7172163132
"d13CO2","centered",347,1.00008262009737,17398.8439637977
"d13CO2","centered",348,1.00029010245308,17811.9772794587
"d13CO2","centered",349,1.00022951372093,18360.5799135481
"d13CO2","centered",350,1.00004502602837,18042.0113703723
"d13CO2","centered",351,1.00000820082522,18156.9505460286
"d13CO2","centered",352,0.999939087033253,18686.2974509243
"d13CO2","centered",353,1.00001657255065,17888.9061771169
"d13CO2","centered",354,1.00010503794286,18181.3434858114
"d13CO2","centered",355,1.00003204507373,17603.3297843225
"d13CO2","centered",356,1.00014141371627,17994.2720577802
"d13CO2","centered",357,1.00009583224733,18426.4020962208
"d13CO2","centered",358,1.00021618195249,19121.9990968708
"d13CO2","centered",359,0.999923067110805,19051.0806560588
"d13CO2","centered",360,0.999889811122485,18935.4830720842
"d13CO2","centered",361,1.00012095792744,19160.6985125313
"d13CO2","centered",362,1.00023656513626,19264.0773893877
"d13CO2","centered",363,1.00011853867013,19300.0007292756
"d13CO2","centered",364,1.00009227869075,19319.9819959927
"d13CO2","centered",365,0.999971769070174,19316.2159932766
"d13CO2","centered",366,1.00006397723883,20104.6070896751
"d13CO2","centered",367,1.00007864782197,20300.1774304673
"d13CO2","centered",368,0.999945475300345,19125.4796560739
"d13CO2","centered",369,1.00006261039504,18764.0297652376
"d13CO2","centered",370,1.00010591515416,19982.3308787358
"d13CO2","centered",371,1.00011572001552,19367.5985935604
"d13CO2","centered",372,1.00017371051383,19668.9792545412
"d13CO2","centered",373,1.00005372989927,19476.7596592222
"d13CO2","centered",374,1.00000575549362,19607.2487600777
"d13CO2","centered",375,1.00008184049326,19390.7256056853
"d13CO2","centered",376,0.999992321660106,20304.1603292801
"d13CO2","centered",377,1.00016099983415,20529.1079197594
"d13CO2","centered",378,1.00010474293199,20440.7956746841
"d13CO2","centered",379,1.00002164350956,20497.0349498971
"d13CO2","centered",380,1.00008215271494,19735.2551348648
"d13CO2","centered",381,0.999989958881925,19514.0405643821
"d13CO2","centered",382,1.00009289451082,19928.6736803787
"d13CO2","centered",383,1.00001422839535,20504.8332568754
"d13CO2","centered",384,1.0000465758371,19912.978471535
"d13CO2","centered",385,1.00014223076643,19168.8969617302
"d13CO2","centered",386,1.00014533786392,19357.7941868472
"d13CO2","centered",387,1.000049901455,20150.7692546553
"d13CO2","centered",388,1.00022151485223,19261.4858351952
"d13CO2","centered",389,1.00030976012479,20054.7959835137
"d13CO2","centered",390,1.00007317712745,19719.6120557471
"d13CO2","centered",391,1.00001016234263,19716.1554183254
"d13CO2","centered",392,1.00000030239175,20094.9760681449
"d13CO2","centered",393,1.00003308896564,19958.4355124945
"d13CO2","centered",394,0.999945961180705,19719.8394752271
"d13CO2","centered",395,1.00006472158209,19601.4516904635
"d13CO2","centered",396,1.00003883008413,19905.2543164414
"d13CO2","centered",397,1.0001255176277,19249.1953633725
"d13CO2","centered",398,1.00002632901683,18573.7778785461
"d13CO2","centered",399,1.00003629568872,19005.1475902634
"d13CO2","centered",400,1.00006008259361,19132.4108017998
"d13CO2","centered",401,1.00006877044932,19959.3042292498
"d13CO2","centered",402,1.00013131926685,20289.5963217731
"d13CO2","centered",403,1.00027534518372,19392.869715567
"d13CO2","centered",404,1.00011661121099,19499.6324534912
"d13CO2","centered",405,1.00024235801915,19233.3105249225
"d13CO2","centered",406,1.00046119152406,19191.0973652463
"d13CO2","centered",407,1.00010082698971,19747.1845457042
"d13CO2","centered",408,1.00015231966217,19522.4379866354
"d13CO2","centered",409,1.00010496753587,19051.0453644871
"d13CO2","centered",410,1.00007024772258,19050.4947249651
"d13CO2","centered",411,1.00005982034949,19012.9349543262
"d13CO2","centered",412,1.00015311018402,18480.1663480585
"d13CO2","centered",413,1.00012926516793,18929.5239822859
"d13CO2","centered",414,1.00020231014763,20014.270221898
"d13CO2","centered",415,1.00008832519368,18958.4128528596
"d13CO2","centered",416,1.00003843098561,18935.78043822
"d13CO2","centered",417,0.99999735815379,18934.6359785633
"d13CO2","centered",418,1.00000301520585,19040.1041200087
"d13CO2","centered",419,1.00010719653598,18734.0339003967
"d13CO2","centered",420,1.00006485749448,18651.3210944671
"d13CO2","centered",421,1.0000124306536,18456.2121893119
"d13CO2","centered",422,1.0002316071444,18518.4946626963
"d13CO2","centered",423,1.00020926680211,18126.0944702629
"d13CO2","centered",424,1.00034009490286,18773.929561823
"d13CO2","centered",425,1.00034995713985,18647.5837309527
"d13CO2","centered",426,1.00023963701723,17815.4649426804
"d13CO2","centered",427,1.00007765425995,18166.287425957
"d13CO2","centered",428,1.00008958519907,17663.5816777515
"d13CO2","centered",429,1.00018704153036,17049.2141665886
"d13CO2","centered",430,1.00003591736685,17727.311485779
"d13CO2","centered",431,1.00006778774304,18116.5153457478
"d13CO2","centered",432,1.00006207697714,17159.0434738939
"d13CO2","centered",433,1.0000619633316,17326.4704355449
"d13CO2","centered",434,1.00012203115083,17275.2037434126
"d13CO2","centered",435,1.00020573667228,16955.3648704649
"d13CO2","centered",436,1.00013869775659,16552.2575948515
"d13CO2","centered",437,1.00012139868287,17554.4736633182
"d13CO2","centered",438,1.00006908490057,17623.2295638491
"d13CO2","centered",439,1.00016931963051,17679.3731262719
"d13CO2","centered",440,1.00013091386077,17887.6457102017
"d13CO2","centered",441,1.00006871129675,18484.63305984
"d13CO2","centered",442,1.00002263165987,18256.99431337
"d13CO2","centered",443,1.00000087156411,18386.4002272461
"d13CO2","centered",444,0.999989869576649,17627.1526433467
"d13CO2","centered",445,1.00005202522076,17796.8669190496
"d13CO2","centered",446,1.00001022513777,17824.5517756501
"d13CO2","centered",447,0.999991440785229,18167.6061962137
"d13CO2","centered",448,1.00003760801126,18226.5106988602
"d13CO2","centered",449,1.00002322975731,18258.282738262
"d13CO2","centered",450,0.999948085375355,18124.0754791643
"d13CO2","centered",451,1.00001692846213,18270.9225568206
"d13CO2","centered",452,0.999922223158835,18609.0467278782
"d13CO2","centered",453,0.999931472084195,18060.7389324881
"d13CO2","centered",454,1.00000476722526,18715.7434199922
"d13CO2","centered",455,1.00009828230881,18241.4159694027
"d13CO2","centered",456,1.00019946587741,17764.2271988825
"d13CO2","centered",457,1.00015603492481,18163.7880340532
"d13CO2","centered",458,1.00020244219568,18101.3030266455
"d13CO2","centered",459,1.00017825738619,17510.1157428088
"d13CO2","centered",460,1.00002166844618,18047.254727112
"d13CO2","centered",461,0.999965515189836,17996.8619451514
"d13CO2","centered",462,1.0000588106186,18008.8368393844
"d13CO2","centered",463,1.00018188833729,17937.4612735734
"d13CO2","centered",464,0.999952796817601,18105.6587134638
"d13CO2","centered",465,0.999982253659943,17893.1426001317
"d13CO2","centered",466,0.999967739274107,18737.258887564
"d13CO2","centered",467,1.00000598353208,18952.120406043
"d13CO2","centered",468,0.999992618305892,19668.6090922389
"d13CO2","centered",469,1.00004679824642,19422.103805581
"d13CO2","centered",470,1.00010166661721,19431.2297369925
"d13CO2","centered",471,1.0000972095879,19644.6966860019
"d13CO2","centered",472,1.00006144273049,19712.6170708305
"d13CO2","centered",473,0.999930445723826,19369.7032295629
"d13CO2","centered",474,1.00010841420322,19537.8905850882
"d13CO2","centered",475,1.00017886783457,19532.2482083876
"d13CO2","centered",476,1.00010717121835,20208.7333536572
"d13CO2","centered",477,1.00009870400742,20101.7092323056
"d13CO2","centered",478,1.00025940402465,18780.5143794365
"d13CO2","centered",479,1.0000951329229,18575.7941738715
"d13CO2","centered",480,1.00002415570879,18136.7498524844
"d13CO2","centered",481,1.00018320192253,19563.6400351832
"d13CO2","centered",482,1.00034296309071,19356.4654220093
"d13CO2","centered",483,1.00018677202609,19478.6224913359
"d13CO2","centered",484,0.999959832122439,18676.8847309885
"d13CO2","centered",485,0.99993681730173,18900.8008113953
"d13CO2","centered",486,0.999975411719084,18637.9404600377
"d13CO2","centered",487,1.00016005895353,17869.162829333
"d13CO2","centered",488,1.00009906476144,18154.1112473686
"d13CO2","centered",489,1.00009441482141,17804.9266725366
"d13CO2","centered",490,1.00026101560385,17630.6107297496
"d13CO2","centered",491,1.0001226004878,17611.6566302009
"d13CO2","centered",492,1.00010120344985,16739.5200961883
"d13CO2","centered",493,1.00015953238437,17065.2253383952
"d13CO2","centered",494,1.00020375597656,17244.9778923328
"d13CO2","centered",495,1.00015201844157,17832.0173017228
"d13CO2","centered",496,1.00022411550504,17245.7642733322
"d13CO2","centered",497,1.00022675765923,16504.1797565551
"d13CO2","centered",498,1.00013635061258,15161.6745432196
"d13CO2","centered",499,1.00010103820817,15929.8378881231
"d13CO2","centered",500,0.999977547966719,15031.2725611926
"d13CO2","centered",501,0.999969282219816,15799.292139096
"d13CO2","centered",502,0.999942706248708,15735.032525698
"d13CO2","centered",503,0.999987739891096,14801.873889641
"d13CO2","centered",504,1.00002976908384,15028.3319373764
"d13CO2","centered",505,1.00027172650983,13957.0528205633
"d13CO2","centered",506,1.000108384208,13193.619775042
"d13CO2","centered",507,1.00025512334522,13254.3035079525
"d13CO2","centered",508,1.00026113845516,13883.6170042334
"d13CO2","centered",509,1.00026486440388,13619.9781780277
"d13CO2","centered",510,1.00030439911421,12749.6453899868
"d13CO2","centered",511,1.0003873130968,12546.2547249919
"d13CO2","centered",512,1.00032218853692,12047.6456056349
"d13CO2","centered",513,1.00024556357229,12828.3395303558
"d13CO2","centered",514,1.00026172185517,11981.7506596635
"d13CO2","centered",515,1.00013846554489,12295.9274160987
"d13CO2","centered",516,1.0003089129623,12166.452221963
"d13CO2","centered",517,1.00034475506734,12414.8872523636
"d13CO2","centered",518,1.0004574613679,12500.5598359301
"d13CO2","centered",519,1.00043594897688,12616.9166228325
"d13CO2","centered",520,1.00023291039544,12818.3547860028
"d13CO2","centered",521,1.00022782586378,12540.4921273783
"d13CO2","centered",522,1.00023654801306,12598.7879501708
"d13CO2","centered",523,1.00032336729598,12479.222974955
"d13CO2","centered",524,1.00037825494105,12312.7799054235
"d13CO2","centered",525,1.00044463943342,12612.4901326525
"d13CO2","centered",526,1.00034846955567,13148.0956871972
"d13CO2","centered",527,1.00032478606797,13080.9517435852
"d13CO2","centered",528,1.00043770325423,13943.952481839
"d13CO2","centered",529,1.00043841398231,13699.1244988227
"d13CO2","centered",530,1.00086055551695,13931.4201277863
"d13CO2","centered",531,1.00102699993997,13377.7580690241
"d13CO2","centered",532,1.00070020281434,14244.4632476403
"d13CO2","centered",533,1.00072982582185,13949.8978223413
"d13CO2","centered",534,1.00072337255352,14001.7238819485
"d13CO2","centered",535,1.00047793590318,14347.7045459711
"d13CO2","centered",536,1.00052143992199,13910.6409701642
"d13CO2","centered",537,1.00042878294703,14988.9950548092
"d13CO2","centered",538,1.00039196034963,14762.6458601742
"d13CO2","centered",539,1.000360517909,14209.8231051868
"d13CO2","centered",540,1.00038252243009,15419.0606376432
"d13CO2","centered",541,1.00015248447651,15696.2349639462
"d13CO2","centered",542,1.00017143052561,15399.19613947
"d13CO2","centered",543,1.00013285122546,14935.7461380674
"d13CO2","centered",544,1.00022755798751,15210.783165963
"d13CO2","centered",545,1.00017615860161,15391.6942104017
"d13CO2","centered",546,1.00002149408607,15255.1753032728
"d13CO2","centered",547,1.0000491013839,15265.5495352097
"d13CO2","centered",548,1.00007495152236,15599.5852480326
"d13CO2","centered",549,1.0000700744731,15807.6300507472
"d13CO2","centered",550,1.00015313075792,16188.7827900474
"d13CO2","centered",551,1.00005960726664,15864.0568530167
"d13CO2","centered",552,1.00008249198824,15670.3653253796
"d13CO2","centered",553,1.00007955794251,15797.4073983947
"d13CO2","centered",554,1.00005550803388,14859.7306367578
"d13CO2","centered",555,1.00017811474745,15288.3475833668
"d13CO2","centered",556,1.00016749436716,15182.9587357811
"d13CO2","centered",557,1.00025030508711,15472.719436566
"d13CO2","centered",558,1.00025438972543,15763.53055322
"d13CO2","centered",559,1.00021734022021,15465.8543360602
"d13CO2","centered",560,1.00023720496787,15381.7609650555
"d13CO2","centered",561,1.00019284170557,16250.7393668609
"d13CO2","centered",562,1.00018960157953,16489.8751285747
"d13CO2","centered",563,1.00013481097001,16202.1722283898
"d13CO2","centered",564,1.00033175841037,15693.5105374038
"d13CO2","centered",565,1.00021659524313,15955.0694121724
"d13CO2","centered",566,1.00041867630689,14419.0031870808
"d13CO2","centered",567,1.00059709854904,16073.193936814
"d13CO2","centered",568,1.0004844685105,15230.3830067984
"d13CO2","centered",569,1.00032905708606,15045.7206698554
"d13CO2","centered",570,1.00035393483724,15314.4498375318
"d13CO2","centered",571,1.00033401520348,15688.5603532092
"d13CO2","centered",572,1.00042543188236,15592.6144131761
"d13CO2","centered",573,1.00028730459431,15444.3472883959
"d13CO2","centered",574,1.00042928706242,15127.2321272352
"d13CO2","centered",575,1.00025768836594,15471.0778102109
"d13CO2","centered",576,1.00016433221977,15258.8749473946
"d13CO2","centered",577,1.00029512456667,14740.6998563344
"d13CO2","centered",578,1.0001407374339,15609.884690923
"d13CO2","centered",579,1.00019455656608,14697.8447459253
"d13CO2","centered",580,1.00024367451206,15097.1306191805
"d13CO2","centered",581,1.00020072710654,14775.4438138836
"d13CO2","centered",582,1.00027911543649,14267.5761178531
"d13CO2","centered",583,1.00016457699076,15069.0490880675
"d13CO2","centered",584,1.00015015396552,14663.7511994249
"d13CO2","centered",585,1.00016989104645,14584.5467838512
"d13CO2","centered",586,1.0002203647694,14473.9644242537
"d13CO2","centered",587,1.00023331566432,14444.5250818974
"d13CO2","centered",588,1.00022179464915,14895.295409475
"d13CO2","centered",589,1.00020769994507,14479.9630910928
"d13CO2","centered",590,1.00026971583021,14730.7456751421
"d13CO2","centered",591,1.00052850011687,14043.1139161572
"d13CO2","centered",592,1.00044550889333,14156.2548762542
"d13CO2","centered",593,1.00016633512783,13780.7402944715
"d13CO2","centered",594,1.00023897202843,14003.7154134709
"d13CO2","centered",595,1.00014142653139,14282.8597399867
"d13CO2","centered",596,1.00003816662089,14492.9411889364
"d13CO2","centered",597,1.00010859931889,14307.4470927775
"d13CO2","centered",598,1.00018014751508,14950.7710256736
"d13CO2","centered",599,1.00008045332936,14361.576966718
"d13CO2","centered",600,1.00009244053616,14492.7960397179
"d13CO2","centered",601,1.00027193212569,14266.0749691397
"d13CO2","centered",602,1.0004628587389,14425.9679193814
"d13CO2","centered",603,1.00037146995978,14233.964710631
"d13CO2","centered",604,1.00021331960805,13867.6897861678
"d13CO2","centered",605,1.00029415350209,13223.4329883013
"d13CO2","centered",606,1.00014636775534,13060.0533909033
"d13CO2","centered",607,1.00011090457257,12485.6752749345
"d13CO2","centered",608,1.00010017105738,12538.4968537379
"d13CO2","centered",609,1.00005701677868,12462.2942108508
"d13CO2","centered",610,1.00013800223136,13089.7014368729
"d13CO2","centered",611,1.00028653282409,12981.8850777672
"d13CO2","centered",612,1.00023554992941,13608.8916914463
"d13CO2","centered",613,1.00032188682022,12684.0034671688
"d13CO2","centered",614,1.00033456299425,13026.9144157926
"d13CO2","centered",615,1.00038323036401,13276.049430559
"d13CO2","centered",616,1.00015504164084,13807.5349332149
"d13CO2","centered",617,1.00002352351317,13690.0915020501
"d13CO2","centered",618,1.00008745713073,13611.7597823059
"d13CO2","centered",619,1.0001777827397,13568.9676726855
"d13CO2","centered",620,1.0003209741994,12669.7794648849
"d13CO2","centered",621,1.00010456295049,14070.0328834453
"d13CO2","centered",622,1.00013587506176,13610.3598176802
"d13CO2","centered",623,1.00006289660707,13529.9695681603
"d13CO2","centered",624,1.00012976075681,13275.3453521984
"d13CO2","centered",625,1.00017015515132,13626.3733437538
"d13CO2","centered",626,1.00006319404935,13740.4117234699
"d13CO2","centered",627,1.00005321040392,13649.2991340384
"d13CO2","centered",628,1.00017372891362,12510.7068282178
"d13CO2","centered",629,1.0001227012636,12905.2418273184
"d13CO2","centered",630,1.00016690864062,12647.5771582867
"d13CO2","centered",631,1.00030887268662,12836.2621790613
"d13CO2","centered",632,1.00026595813721,12966.6656805993
"d13CO2","centered",633,1.00019263952291,12565.3813643329
"d13CO2","centered",634,1.00029553503068,12175.8028586888
"d13CO2","centered",635,1.00023860835769,12282.4390779331
"d13CO2","centered",636,1.00011390372689,12716.8478876671
"d13CO2","centered",637,1.00036724903352,13214.8816950979
"d13CO2","centered",638,1.00029225220705,13282.9393951518
"d13CO2","centered",639,1.00018019294744,13818.2670596457
"d13CO2","centered",640,1.00011928659007,14324.4313770181
"d13CO2","centered",641,1.00033452145894,14372.9154154542
"d13CO2","centered",642,1.00049273241088,13784.3813300128
"d13CO2","centered",643,1.0003924170144,13948.3897891493
"d13CO2","centered",644,1.00057409676432,13554.1869731229
"d13CO2","centered",645,1.00050822158526,12956.2271744966
"d13CO2","centered",646,1.00042345591885,13174.7833153166
"d13CO2","centered",647,1.00059910304471,12601.681124753
"d13CO2","centered",648,1.00046960059925,11769.3331849104
"d13CO2","centered",649,1.00032140809897,11578.7522458771
"d13CO2","centered",650,1.00052627118233,11450.8930341041
"d13CO2","centered",651,1.00080052308358,10936.5561227269
"d13CO2","centered",652,1.00093252599068,10496.1436900587
"d13CO2","centered",653,1.00098066407041,10365.1715613534
"d13CO2","centered",654,1.00058747270711,10554.4127663022
"d13CO2","centered",655,1.00087747277818,10986.5070248212
"d13CO2","centered",656,1.00080064989419,11022.8873435996
"d13CO2","centered",657,1.00070356341504,11166.2962685746
"d13CO2","centered",658,1.00058213163359,11589.3315712229
"d13CO2","centered",659,1.0005666403468,12257.6173209431
"d13CO2","centered",660,1.00047076599153,13024.0976314713
"d13CO2","first_difference",1,1.00443064634891,6347.18019279559
"d13CO2","first_difference",2,1.002387496582,17187.5666762808
"d13CO2","first_difference",3,1.00114560006539,21204.3432699504
"d13CO2","first_difference",4,1.00133802663113,22360.0877665348
"d13CO2","first_difference",5,1.00041895403506,23254.7201998827
"d13CO2","first_difference",6,1.00087353341506,23495.6094584989
"d13CO2","first_difference",7,1.00031636237976,24000
"d13CO2","first_difference",8,1.00021361882895,23207.5473846095
"d13CO2","first_difference",9,1.00009396169626,24000
"d13CO2","first_difference",10,1.00010677948732,24209.9636884414
"d13CO2","first_difference",11,1.00009721624003,24079.9161870175
"d13CO2","first_difference",12,1.00011719987972,23563.9480272268
"d13CO2","first_difference",13,1.00002452716372,23690.2834099032
"d13CO2","first_difference",14,0.999975765449861,23700.9738598193
"d13CO2","first_difference",15,1.00010780853993,24291.9904964742
"d13CO2","first_difference",16,1.00005754787922,24232.1843157212
"d13CO2","first_difference",17,1.00018237066335,23993.7474549325
"d13CO2","first_difference",18,1.00010544686199,24484.5821111001
"d13CO2","first_difference",19,1.00014830490513,24225.163236496
"d13CO2","first_difference",20,1.00001576605222,23141.5584472921
"d13CO2","first_difference",21,1.00014052427528,24000
"d13CO2","first_difference",22,1.00019268662454,24616.9905185486
"d13CO2","first_difference",23,1.00001308485294,25246.1652435574
"d13CO2","first_difference",24,1.00005005980363,24780.3893590264
"d13CO2","first_difference",25,0.999978241324239,24224.309078504
"d13CO2","first_difference",26,1.00006246702299,23499.3012806818
"d13CO2","first_difference",27,1.00004499125371,24165.1262422089
"d13CO2","first_difference",28,1.00003123496187,24000
"d13CO2","first_difference",29,1.00002145194278,24084.3223152308
"d13CO2","first_difference",30,1.00001666085863,23684.6410644702
"d13CO2","first_difference",31,1.00000621841849,23713.8000953982
"d13CO2","first_difference",32,0.999990021851412,24606.8036649206
"d13CO2","first_difference",33,1.00003500470996,23756.1933927966
"d13CO2","first_difference",34,1.00008161699638,24000
"d13CO2","first_difference",35,0.999975851916435,23422.8389431221
"d13CO2","first_difference",36,0.999939547388257,24000
"d13CO2","first_difference",37,1.00007831731551,24473.016662841
"d13CO2","first_difference",38,1.0002070183618,23642.0082083794
"d13CO2","first_difference",39,1.00005343967196,24420.9560533006
"d13CO2","first_difference",40,1.00004173629828,25030.3178928746
"d13CO2","first_difference",41,1.00010456550692,23218.6912609464
"d13CO2","first_difference",42,1.00015126560614,23697.4816870403
"d13CO2","first_difference",43,1.00013076076658,24417.2213859787
"d13CO2","first_difference",44,0.999980071920864,23699.2808156304
"d13CO2","first_difference",45,0.999914363646939,23545.7163804081
"d13CO2","first_difference",46,1.00019775563421,23889.3244316162
"d13CO2","first_difference",47,1.00012370445508,23915.352902502
"d13CO2","first_difference",48,0.999905610909127,24998.2081379207
"d13CO2","first_difference",49,1.00009881933089,23633.3615351619
"d13CO2","first_difference",50,1.00026124982259,23895.4609741449
"d13CO2","first_difference",51,1.00005067217045,23584.6940036976
"d13CO2","first_difference",52,0.999965683212645,24728.793225984
"d13CO2","first_difference",53,1.00003049741785,24168.5815569395
"d13CO2","first_difference",54,0.999935747745747,23596.0965674764
"d13CO2","first_difference",55,1.00049596814236,24778.5296032042
"d13CO2","first_difference",56,0.999923525692447,25252.1690969252
"d13CO2","first_difference",57,1.00003645093848,24423.4962311528
"d13CO2","first_difference",58,1.00010183488732,24000
"d13CO2","first_difference",59,1.00005075202556,23385.5151800759
"d13CO2","first_difference",60,0.999997199858862,24000
"d13CO2","first_difference",61,0.999920187853436,24000
"d13CO2","first_difference",62,1.00023369582363,23999.9999999999
"d13CO2","first_difference",63,1.00008774917696,23765.8254332157
"d13CO2","first_difference",64,1.00008104878759,23914.3962701463
"d13CO2","first_difference",65,1.00006817458382,24167.5761866358
"d13CO2","first_difference",66,1.00000815702902,24670.1933470071
"d13CO2","first_difference",67,1.0000457921684,23731.0301564884
"d13CO2","first_difference",68,1.00001939100725,24000
"d13CO2","first_difference",69,1.00015507335168,23831.7953572839
"d13CO2","first_difference",70,1.00012483427184,23707.2138315307
"d13CO2","first_difference",71,0.999988633484936,24556.2331333045
"d13CO2","first_difference",72,1.00001471715513,24000
"d13CO2","first_difference",73,0.999950241241629,24486.6137555849
"d13CO2","first_difference",74,1.00013494245366,24290.0921483089
"d13CO2","first_difference",75,1.00001574707605,23564.3501727812
"d13CO2","first_difference",76,0.99996253268296,24527.1590795066
"d13CO2","first_difference",77,0.999957853627796,24197.3731855931
"d13CO2","first_difference",78,1.00014618612453,24000
"d13CO2","first_difference",79,1.00006484090397,23735.9299519981
"d13CO2","first_difference",80,0.999999640108962,24663.0635037834
"d13CO2","first_difference",81,0.999971407487034,24000
"d13CO2","first_difference",82,0.99998012692097,23669.2816310074
"d13CO2","first_difference",83,1.0000996268312,24000
"d13CO2","first_difference",84,1.00001889816541,24000
"d13CO2","first_difference",85,0.99993201512211,25203.1252148963
"d13CO2","first_difference",86,0.999902106968991,23618.1975348675
"d13CO2","first_difference",87,0.999919619809786,24000
"d13CO2","first_difference",88,1.00016386886093,23708.9356886052
"d13CO2","first_difference",89,1.00006095841885,24000
"d13CO2","first_difference",90,1.00013573562538,24487.7427944824
"d13CO2","first_difference",91,1.00009020185046,24252.0227502188
"d13CO2","first_difference",92,1.00008118075441,24289.6463564138
"d13CO2","first_difference",93,0.999960998874482,24372.0935833683
"d13CO2","first_difference",94,1.00000305763079,24128.8164316964
"d13CO2","first_difference",95,0.999998055206748,23276.9879346867
"d13CO2","first_difference",96,1.00001197241023,25223.901112446
"d13CO2","first_difference",97,1.00005569146459,24000
"d13CO2","first_difference",98,1.00006912627708,23975.4325782824
"d13CO2","first_difference",99,1.00015455482256,24466.6790631023
"d13CO2","first_difference",100,1.00005550841221,23747.2189549959
"d13CO2","first_difference",101,1.00000667205525,23345.8735560439
"d13CO2","first_difference",102,1.00026818528622,24000
"d13CO2","first_difference",103,0.999908579978922,23724.384171559
"d13CO2","first_difference",104,1.00000330550841,24290.2475577472
"d13CO2","first_difference",105,1.00000173386106,24275.1377325247
"d13CO2","first_difference",106,1.00001229714049,24000
"d13CO2","first_difference",107,1.00009353246326,23999.9999999999
"d13CO2","first_difference",108,1.00013904868661,24000
"d13CO2","first_difference",109,0.999996889310888,24000
"d13CO2","first_difference",110,1.00000962072972,24000
"d13CO2","first_difference",111,1.00024130718328,24241.8548097342
"d13CO2","first_difference",112,1.0000031542561,23694.1306212055
"d13CO2","first_difference",113,1.00001589686582,24306.8870676835
"d13CO2","first_difference",114,1.00001849773989,23048.2414105821
"d13CO2","first_difference",115,1.00001926804493,24337.4966893519
"d13CO2","first_difference",116,1.00019462974883,24000
"d13CO2","first_difference",117,0.999984283735648,24494.7868884036
"d13CO2","first_difference",118,1.00003320194408,24308.1776726933
"d13CO2","first_difference",119,1.00001883546015,24828.6172030569
"d13CO2","first_difference",120,0.999919347215354,23906.4051088685
"d13CO2","first_difference",121,1.00002478825379,23659.7572731829
"d13CO2","first_difference",122,0.999997140070011,24000
"d13CO2","first_difference",123,1.00008703212276,23783.8393348775
"d13CO2","first_difference",124,1.0001341810144,24000
"d13CO2","first_difference",125,1.00000860403045,24277.3780575111
"d13CO2","first_difference",126,1.00003216732835,24000
"d13CO2","first_difference",127,1.00003350803172,23411.2745521834
"d13CO2","first_difference",128,1.00004975443998,23626.2751120681
"d13CO2","first_difference",129,1.00000084446224,24096.9671003664
"d13CO2","first_difference",130,0.999951055700843,24236.1590658115
"d13CO2","first_difference",131,1.00003777422448,23369.2739500536
"d13CO2","first_difference",132,1.00009070918804,23903.4233320563
"d13CO2","first_difference",133,0.99994579730493,23740.3236459682
"d13CO2","first_difference",134,1.0000740734863,24000
"d13CO2","first_difference",135,1.00012345269723,25154.8109099179
"d13CO2","first_difference",136,1.00001444407031,23726.2698921623
"d13CO2","first_difference",137,1.00001496454064,24249.7208494807
"d13CO2","first_difference",138,0.999957029646779,24000
"d13CO2","first_difference",139,0.999976836529453,24000
"d13CO2","first_difference",140,0.999996153846129,23634.1058614838
"d13CO2","first_difference",141,1.00001697716598,24000
"d13CO2","first_difference",142,0.999983212692464,25033.0092324224
"d13CO2","first_difference",143,1.00001040308663,23330.9774040448
"d13CO2","first_difference",144,1.00002867397978,24231.9331358672
"d13CO2","first_difference",145,1.00003736146669,24228.8392838299
"d13CO2","first_difference",146,1.00014211527879,24353.3372559275
"d13CO2","first_difference",147,1.00002203213061,23922.1885915256
"d13CO2","first_difference",148,0.999986632291811,24256.325749753
"d13CO2","first_difference",149,1.00007305557506,24000
"d13CO2","first_difference",150,1.00003114820788,24110.7866666218
"d13CO2","first_difference",151,1.00001152623642,24000
"d13CO2","first_difference",152,1.00006772483471,24000
"d13CO2","first_difference",153,1.0000150909927,24000
"d13CO2","first_difference",154,0.999956605258217,23437.7228592286
"d13CO2","first_difference",155,1.00007249181591,24263.1530931104
"d13CO2","first_difference",156,1.00008276809873,24492.8780903504
"d13CO2","first_difference",157,1.00003586013841,24000
"d13CO2","first_difference",158,0.99996735700294,24000
"d13CO2","first_difference",159,0.999978297702301,24063.4750253755
"d13CO2","first_difference",160,0.999965922592636,24899.8761033131
"d13CO2","first_difference",161,0.999971452591661,22940.5757436439
"d13CO2","first_difference",162,0.999991981614787,23845.7517387882
"d13CO2","first_difference",163,1.00006362335936,24288.3308453635
"d13CO2","first_difference",164,1.0001404837268,23746.1550135829
"d13CO2","first_difference",165,0.999912538260716,25176.6300719815
"d13CO2","first_difference",166,1.0001334178998,24532.5284522638
"d13CO2","first_difference",167,1.00019652920241,24237.9037090231
"d13CO2","first_difference",168,1.00004147024006,22872.6845584343
"d13CO2","first_difference",169,1.00000931010335,24313.0862867087
"d13CO2","first_difference",170,1.00014501807394,23880.9008622655
"d13CO2","first_difference",171,0.999995178075621,24629.2255382193
"d13CO2","first_difference",172,1.00001693682458,24476.683374879
"d13CO2","first_difference",173,1.00003075954874,24000
"d13CO2","first_difference",174,0.999957758500507,23117.677174938
"d13CO2","first_difference",175,0.999935374581229,24012.2756727063
"d13CO2","first_difference",176,1.00013175389411,26474.9358460265
"d13CO2","first_difference",177,0.999950460956131,22923.7450136434
"d13CO2","first_difference",178,1.00008216379389,25358.9214427623
"d13CO2","first_difference",179,1.00008497849448,24125.7533322656
"d13CO2","first_difference",180,1.00001997700027,24255.333749203
"d13CO2","first_difference",181,1.00002450035177,24302.3278142833
"d13CO2","first_difference",182,1.00001565696862,24160.6943118186
"d13CO2","first_difference",183,1.00021717921963,24000
"d13CO2","first_difference",184,1.00004261635738,24226.3809392961
"d13CO2","first_difference",185,0.999968190672353,24507.1209339103
"d13CO2","first_difference",186,1.0000084058147,24440.2666735472
"d13CO2","first_difference",187,1.00008194790633,24000
"d13CO2","first_difference",188,0.999943543251216,24072.3851829502
"d13CO2","first_difference",189,0.999917428034513,23676.1195077351
"d13CO2","first_difference",190,1.00005923909036,24223.717164213
"d13CO2","first_difference",191,1.00004685909662,24112.4990804103
"d13CO2","first_difference",192,1.00014502180613,23986.6073654933
"d13CO2","first_difference",193,1.00005016089718,24077.0935514153
"d13CO2","first_difference",194,0.999952102725947,23333.9820514395
"d13CO2","first_difference",195,1.00004495806714,23899.3990559167
"d13CO2","first_difference",196,1.00004027680128,23038.3215742903
"d13CO2","first_difference",197,1.00002613810105,24030.4044805424
"d13CO2","first_difference",198,1.00013861977075,23731.9735357427
"d13CO2","first_difference",199,1.00021170081508,25680.769985413
"d13CO2","first_difference",200,1.00000368433443,24853.0176040989
"d13CO2","first_difference",201,1.00016194882641,24243.851389265
"d13CO2","first_difference",202,1.00009875361544,23265.2888754582
"d13CO2","first_difference",203,0.999965838801657,24000.0000000001
"d13CO2","first_difference",204,1.00006306298144,24371.9536705195
"d13CO2","first_difference",205,0.999982370963994,24000
"d13CO2","first_difference",206,0.999946173841535,24000
"d13CO2","first_difference",207,1.00000830498655,24712.256596319
"d13CO2","first_difference",208,1.00009018350809,24000
"d13CO2","first_difference",209,1.00009775672135,24566.2856646401
"d13CO2","first_difference",210,1.00025363000532,24419.1718903995
"d13CO2","first_difference",211,1.00011360555185,24001.8081545381
"d13CO2","first_difference",212,1.00004004972542,24708.6061688843
"d13CO2","first_difference",213,1.00002141042815,25021.715580101
"d13CO2","first_difference",214,0.999990111388997,24000
"d13CO2","first_difference",215,0.999987849359339,24490.4732482858
"d13CO2","first_difference",216,0.99999758899681,24580.9658013821
"d13CO2","first_difference",217,1.00013355674634,23591.8613543471
"d13CO2","first_difference",218,1.00016106474859,24141.6176598633
"d13CO2","first_difference",219,1.00006343364176,23646.2356685091
"d13CO2","first_difference",220,1.00003784434511,24000
"d13CO2","first_difference",221,0.999981602461823,24004.8344022452
"d13CO2","first_difference",222,0.999954803922272,24219.6776342191
"d13CO2","first_difference",223,0.999971656696135,24000
"d13CO2","first_difference",224,1.00001510895783,24455.0033060468
"d13CO2","first_difference",225,1.00003964606066,24000
"d13CO2","first_difference",226,1.00015514742558,24228.8638940573
"d13CO2","first_difference",227,1.0000312741375,24000
"d13CO2","first_difference",228,1.00015775711028,23714.0917683725
"d13CO2","first_difference",229,1.00007143967245,24583.8377432673
"d13CO2","first_difference",230,1.00001622895614,24000
"d13CO2","first_difference",231,1.000051057234,23262.6722728546
"d13CO2","first_difference",232,1.00000655250928,23793.5213080959
"d13CO2","first_difference",233,0.999918935165989,23161.6143453465
"d13CO2","first_difference",234,1.00015018675211,24789.1241932948
"d13CO2","first_difference",235,1.00002123510223,24000
"d13CO2","first_difference",236,0.999982693322886,24508.6611646449
"d13CO2","first_difference",237,1.00015431045895,23365.6930670837
"d13CO2","first_difference",238,1.00002192663705,23668.1377454537
"d13CO2","first_difference",239,0.999949172869548,24000
"d13CO2","first_difference",240,0.99996576473118,23719.8573325196
"d13CO2","first_difference",241,1.00026058397666,23757.6551656107
"d13CO2","first_difference",242,1.00028821970256,23780.5553641794
"d13CO2","first_difference",243,1.00002586049226,24000
"d13CO2","first_difference",244,0.999952955254385,24000
"d13CO2","first_difference",245,0.999976190144352,24282.6266108893
"d13CO2","first_difference",246,1.00008990077686,24527.6245273066
"d13CO2","first_difference",247,1.0000374054091,22881.8841713309
"d13CO2","first_difference",248,1.00009016911437,23763.8061215111
"d13CO2","first_difference",249,0.99998933219558,24000
"d13CO2","first_difference",250,1.00023446868797,24000
"d13CO2","first_difference",251,0.999991300796715,24087.4276172903
"d13CO2","first_difference",252,1.00000786917868,23542.6957806921
"d13CO2","first_difference",253,1.00002954375638,25950.5883211371
"d13CO2","first_difference",254,0.999969914669211,25156.729755864
"d13CO2","first_difference",255,0.999974849014298,23630.9865641393
"d13CO2","first_difference",256,1.00010073339636,24046.3845831743
"d13CO2","first_difference",257,1.00014231674596,23405.8466345145
"d13CO2","first_difference",258,1.00001295779528,24000
"d13CO2","first_difference",259,1.00005490197372,23638.9221001744
"d13CO2","first_difference",260,1.00016729638807,23749.3304042618
"d13CO2","first_difference",261,0.999957528732807,23816.632462703
"d13CO2","first_difference",262,0.999928848708385,24000
"d13CO2","first_difference",263,1.00003875804519,24000
"d13CO2","first_difference",264,1.00002827809292,24000
"d13CO2","first_difference",265,1.00006579871854,24000
"d13CO2","first_difference",266,1.00020956225936,24000
"d13CO2","first_difference",267,0.999998696750444,23734.6349625245
"d13CO2","first_difference",268,0.999981882055454,24226.1324113637
"d13CO2","first_difference",269,1.00024613923169,24000
"d13CO2","first_difference",270,1.0001159064028,24000
"d13CO2","first_difference",271,1.00006076188765,23451.6947579739
"d13CO2","first_difference",272,1.00000080099079,23647.1463907893
"d13CO2","first_difference",273,1.00011190830769,24000
"d13CO2","first_difference",274,0.99999633731537,24522.616323839
"d13CO2","first_difference",275,1.00004061620705,23442.1612869571
"d13CO2","first_difference",276,1.00010693516882,24645.3462071277
"d13CO2","first_difference",277,1.000107972751,24000
"d13CO2","first_difference",278,0.999949123432393,23163.6927374361
"d13CO2","first_difference",279,0.999987825502373,24482.9210119825
"d13CO2","first_difference",280,0.999947500015034,24324.3744472196
"d13CO2","first_difference",281,1.00000400337949,24000
"d13CO2","first_difference",282,1.0000320478798,24545.4583352474
"d13CO2","first_difference",283,1.00004020100027,24235.1968365986
"d13CO2","first_difference",284,0.999940678630928,24459.6431385369
"d13CO2","first_difference",285,0.999999120907397,24000
"d13CO2","first_difference",286,0.999926127505097,23561.4492639608
"d13CO2","first_difference",287,1.00005772562474,24000
"d13CO2","first_difference",288,1.00007769320445,24279.3856800644
"d13CO2","first_difference",289,1.00001964220485,24037.9370619902
"d13CO2","first_difference",290,1.00003750106495,23987.1816484455
"d13CO2","first_difference",291,0.999955820890413,23979.7376407045
"d13CO2","first_difference",292,1.00007105371992,24000
"d13CO2","first_difference",293,0.999979499305348,24000
"d13CO2","first_difference",294,0.999899389752353,24453.9085870458
"d13CO2","first_difference",295,0.999928153498765,26589.2148473082
"d13CO2","first_difference",296,1.00004014300367,24000
"d13CO2","first_difference",297,1.00001222708795,23579.4188085179
"d13CO2","first_difference",298,1.00021039582141,23685.2951387987
"d13CO2","first_difference",299,1.00008645240831,24007.147353309
"d13CO2","first_difference",300,1.00005797457329,23777.6026202427
"d13CO2","first_difference",301,1.00018949415783,25031.1063952276
"d13CO2","first_difference",302,1.000011089244,23773.0447409612
"d13CO2","first_difference",303,1.00027062239143,24451.4609066035
"d13CO2","first_difference",304,0.999910860234758,24319.3962950799
"d13CO2","first_difference",305,1.00002273698668,24268.694505565
"d13CO2","first_difference",306,0.999929697113256,24000
"d13CO2","first_difference",307,1.00003491252308,24544.7788088087
"d13CO2","first_difference",308,1.00005799397552,23550.2490660356
"d13CO2","first_difference",309,1.00006662682914,23760.0397263629
"d13CO2","first_difference",310,0.999964745595398,23783.2022202895
"d13CO2","first_difference",311,1.00023845573421,23755.5273024605
"d13CO2","first_difference",312,1.00007027858279,24000
"d13CO2","first_difference",313,1.000020132205,24000
"d13CO2","first_difference",314,0.999931946088667,23199.5080907119
"d13CO2","first_difference",315,1.00003019466677,23721.861242806
"d13CO2","first_difference",316,1.00003329053073,23064.5214958731
"d13CO2","first_difference",317,1.00015691475411,24000
"d13CO2","first_difference",318,1.00005733538748,23748.5291614681
"d13CO2","first_difference",319,1.00002266985021,24332.8030349015
"d13CO2","first_difference",320,1.00012279119178,25274.9676592326
"d13CO2","first_difference",321,0.999904191623231,24257.5279161338
"d13CO2","first_difference",322,1.00004598625897,24000
"d13CO2","first_difference",323,1.00005768098389,23316.4883007857
"d13CO2","first_difference",324,1.0000481739628,23669.6242120807
"d13CO2","first_difference",325,0.999953567712314,23690.3296472841
"d13CO2","first_difference",326,0.999989612688788,24177.4273193998
"d13CO2","first_difference",327,1.00017343415769,24000
"d13CO2","first_difference",328,1.00010722975348,24000
"d13CO2","first_difference",329,1.00010835423854,23733.4945431211
"d13CO2","first_difference",330,1.00012972995104,24595.555471266
"d13CO2","first_difference",331,0.9999785766327,24122.5664167934
"d13CO2","first_difference",332,1.00003771207329,24000
"d13CO2","first_difference",333,1.00001439131495,23822.5475201386
"d13CO2","first_difference",334,0.999943861470383,24751.2899484057
"d13CO2","first_difference",335,1.00003570936842,24000
"d13CO2","first_difference",336,1.00006830620938,24000
"d13CO2","first_difference",337,0.999967801107204,23621.4177267669
"d13CO2","first_difference",338,0.999969006662358,24681.2506803936
"d13CO2","first_difference",339,1.00013937400402,24296.5993786706
"d13CO2","first_difference",340,0.999973847793658,24000
"d13CO2","first_difference",341,1.00004265197103,24000
"d13CO2","first_difference",342,0.999936614940465,24287.5087790074
"d13CO2","first_difference",343,1.00015755328528,24584.2886834957
"d13CO2","first_difference",344,1.00002745355477,23719.5716527693
"d13CO2","first_difference",345,1.00006930506543,24000
"d13CO2","first_difference",346,0.999969131192834,24000
"d13CO2","first_difference",347,1.0001834823378,23739.6091140205
"d13CO2","first_difference",348,1.00010975907575,23520.1932549397
"d13CO2","first_difference",349,0.999995466580687,23824.2470896627
"d13CO2","first_difference",350,1.00015290911362,23828.9528983569
"d13CO2","first_difference",351,1.00007040900213,24000
"d13CO2","first_difference",352,0.999981538054178,24000
"d13CO2","first_difference",353,1.00007657154673,24260.2739466544
"d13CO2","first_difference",354,1.00004629371658,24000
"d13CO2","first_difference",355,0.999938190428224,24840.8682195523
"d13CO2","first_difference",356,1.0000617141645,24000
"d13CO2","first_difference",357,0.99998097310493,23827.3990098938
"d13CO2","first_difference",358,1.00012565002183,23833.0829528932
"d13CO2","first_difference",359,1.00012712004593,24000
"d13CO2","first_difference",360,1.00015218187347,24126.4091416806
"d13CO2","first_difference",361,0.999960393935286,23865.0936207372
"d13CO2","first_difference",362,0.999981810863791,23938.3802368554
"d13CO2","first_difference",363,1.00010428845711,24117.3885800209
"d13CO2","first_difference",364,1.00016797064688,23249.2839407393
"d13CO2","first_difference",365,1.00005418094534,23093.040153066
"d13CO2","first_difference",366,0.999880333663576,23250.2544963158
"d13CO2","first_difference",367,1.00009986084839,24000
"d13CO2","first_difference",368,1.00007374457118,24000
"d13CO2","first_difference",369,1.00014881987958,23385.8336144123
"d13CO2","first_difference",370,1.00024261114336,24000
"d13CO2","first_difference",371,1.00006068121815,24222.8132412877
"d13CO2","first_difference",372,1.00007631809052,23282.8109016678
"d13CO2","first_difference",373,1.00008146680611,24234.7665703622
"d13CO2","first_difference",374,1.0000328722181,23994.9726920876
"d13CO2","first_difference",375,1.000042708431,23470.9341565231
"d13CO2","first_difference",376,1.0000678017346,24000
"d13CO2","first_difference",377,1.0000588419291,23843.2565659628
"d13CO2","first_difference",378,1.00008421027643,23723.1961039102
"d13CO2","first_difference",379,1.00006735424529,23741.9438552635
"d13CO2","first_difference",380,0.999923032590551,23951.7574035037
"d13CO2","first_difference",381,1.00000989229277,24000.0000000001
"d13CO2","first_difference",382,1.00000120070369,24386.9655402616
"d13CO2","first_difference",383,1.00002668386267,23776.8467066891
"d13CO2","first_difference",384,1.00014962474781,23122.4892382269
"d13CO2","first_difference",385,1.00042078455405,23600.2540186803
"d13CO2","first_difference",386,0.999956276366283,23765.0197011428
"d13CO2","first_difference",387,1.00001075781363,23999.9999999999
"d13CO2","first_difference",388,1.00000449438242,24000
"d13CO2","first_difference",389,1.00010862780425,24000.0000000001
"d13CO2","first_difference",390,0.999889612802414,24782.2645042157
"d13CO2","first_difference",391,0.999990485156667,25377.0660207189
"d13CO2","first_difference",392,1.0000214036749,24000
"d13CO2","first_difference",393,1.00015233349669,24225.3124292365
"d13CO2","first_difference",394,0.999978121032516,24051.9743045691
"d13CO2","first_difference",395,1.00000813942311,24000
"d13CO2","first_difference",396,1.00026861224023,24521.3604227924
"d13CO2","first_difference",397,1.00017016212719,24000
"d13CO2","first_difference",398,0.999937787571269,24000
"d13CO2","first_difference",399,0.999980055905123,24263.1284979795
"d13CO2","first_difference",400,1.00001981621096,24000
"d13CO2","first_difference",401,1.00003484798372,24192.5717175707
"d13CO2","first_difference",402,1.00004909373228,24281.0809015335
"d13CO2","first_difference",403,1.00017933324003,24000
"d13CO2","first_difference",404,1.00011563661722,23113.5561383756
"d13CO2","first_difference",405,1.00025097373421,23753.267371526
"d13CO2","first_difference",406,1.00018914018647,23653.3672550054
"d13CO2","first_difference",407,1.00007054999544,25285.7903240067
"d13CO2","first_difference",408,0.999948429521725,24658.2301602813
"d13CO2","first_difference",409,1.00001882440407,24027.8410317346
"d13CO2","first_difference",410,1.00015329717279,24108.0806602029
"d13CO2","first_difference",411,1.00004704007289,23656.5689629424
"d13CO2","first_difference",412,0.999926467318321,24176.5211163337
"d13CO2","first_difference",413,1.00006166247851,23847.9263081892
"d13CO2","first_difference",414,1.00002714467998,24198.8518245225
"d13CO2","first_difference",415,1.00006081670539,24201.2750687141
"d13CO2","first_difference",416,1.00007794928943,23753.9141049051
"d13CO2","first_difference",417,0.999921943312202,24783.3422788728
"d13CO2","first_difference",418,1.00019439656599,24000
"d13CO2","first_difference",419,1.00011855996096,24000
"d13CO2","first_difference",420,1.00001759450967,24268.3014311373
"d13CO2","first_difference",421,1.00004052494252,24000
"d13CO2","first_difference",422,1.00002689734966,23649.8397222562
"d13CO2","first_difference",423,1.00004483451603,23663.6531422182
"d13CO2","first_difference",424,1.00004414071493,22768.97550614
"d13CO2","first_difference",425,0.999994746622411,23627.3758491454
"d13CO2","first_difference",426,1.00003386230533,24228.502203595
"d13CO2","first_difference",427,0.999969256752459,24727.1592825679
"d13CO2","first_difference",428,0.999931956761418,23955.4598563177
"d13CO2","first_difference",429,0.999998521039011,24000
"d13CO2","first_difference",430,0.999991223834604,23632.8515578097
"d13CO2","first_difference",431,1.0000449605266,24238.059910925
"d13CO2","first_difference",432,0.999884754163839,23684.4488367701
"d13CO2","first_difference",433,0.999979015574081,23074.7282847936
"d13CO2","first_difference",434,1.0000099954622,24000
"d13CO2","first_difference",435,0.999989517718269,23744.1345532211
"d13CO2","first_difference",436,0.99991717784168,24488.1586882597
"d13CO2","first_difference",437,0.99998019110487,22965.7167889255
"d13CO2","first_difference",438,0.999901810062613,23262.2385427436
"d13CO2","first_difference",439,1.00010094149785,23917.6699754778
"d13CO2","first_difference",440,1.00009734025691,24000
"d13CO2","first_difference",441,0.999929792449179,24148.7835020592
"d13CO2","first_difference",442,1.00004300276258,24000
"d13CO2","first_difference",443,1.00007287979042,24000
"d13CO2","first_difference",444,1.00002996473892,23048.4545383539
"d13CO2","first_difference",445,1.00008548990549,24000
"d13CO2","first_difference",446,1.0001535918329,24269.406733939
"d13CO2","first_difference",447,1.00002395777101,23705.6500033003
"d13CO2","first_difference",448,1.00021759350167,22676.0311409055
"d13CO2","first_difference",449,0.999982964090446,24418.0067289162
"d13CO2","first_difference",450,1.00005885869514,23673.441642074
"d13CO2","first_difference",451,0.999995792071786,24562.9506384192
"d13CO2","first_difference",452,0.99999046521312,23746.5721230619
"d13CO2","first_difference",453,1.00010307265644,23542.243483441
"d13CO2","first_difference",454,0.999959994779977,24185.5256005925
"d13CO2","first_difference",455,1.00006962447549,24231.3207150953
"d13CO2","first_difference",456,1.00007368477605,24083.7935095572
"d13CO2","first_difference",457,1.00023011872952,24246.5841012309
"d13CO2","first_difference",458,1.00010723174268,24000
"d13CO2","first_difference",459,1.00000575135337,24000
"d13CO2","first_difference",460,1.00009971863148,24000
"d13CO2","first_difference",461,1.00001492778959,24824.9255926767
"d13CO2","first_difference",462,1.00018074328705,24000
"d13CO2","first_difference",463,1.00001336252882,24723.8638109459
"d13CO2","first_difference",464,1.00002616784114,23500.7308864671
"d13CO2","first_difference",465,1.00007688028002,23347.907082634
"d13CO2","first_difference",466,1.00016500202685,24000
"d13CO2","first_difference",467,1.00005350534715,24857.0877515003
"d13CO2","first_difference",468,1.00000824282082,24373.438208265
"d13CO2","first_difference",469,0.999999296258182,24083.2552266796
"d13CO2","first_difference",470,0.999968308201279,24929.5709084958
"d13CO2","first_difference",471,0.999977957870985,24257.5406357918
"d13CO2","first_difference",472,1.00010587665063,24847.755579915
"d13CO2","first_difference",473,1.0000583518442,23518.963833387
"d13CO2","first_difference",474,1.00008688906617,23734.217920744
"d13CO2","first_difference",475,1.00013047023114,23264.6050189301
"d13CO2","first_difference",476,0.999957802785353,23756.8363009159
"d13CO2","first_difference",477,1.00006856172307,24000
"d13CO2","first_difference",478,1.00018276333872,24890.9135885113
"d13CO2","first_difference",479,1.00017625242128,24347.6950507919
"d13CO2","first_difference",480,1.00004457518839,23764.9472370856
"d13CO2","first_difference",481,1.00003399890069,22692.7756289402
"d13CO2","first_difference",482,1.00025364462227,24000
"d13CO2","first_difference",483,1.00012466761658,24301.864302292
"d13CO2","first_difference",484,1.0000198589564,25409.7346463192
"d13CO2","first_difference",485,1.00022985640621,23668.8111390905
"d13CO2","first_difference",486,1.00002344276198,24000
"d13CO2","first_difference",487,0.99999735929573,23999.9999999999
"d13CO2","first_difference",488,1.00011792534028,24360.1951518205
"d13CO2","first_difference",489,1.00003629343447,24010.8806242151
"d13CO2","first_difference",490,1.00003928158248,23925.4782233997
"d13CO2","first_difference",491,1.00002166607676,23672.7175323506
"d13CO2","first_difference",492,1.00006035438401,24000
"d13CO2","first_difference",493,0.999974450430498,24345.6157220614
"d13CO2","first_difference",494,0.999942208996852,23821.9017795345
"d13CO2","first_difference",495,1.00010672009017,23293.5954949113
"d13CO2","first_difference",496,1.00007019735935,23968.2877980786
"d13CO2","first_difference",497,1.00002006767949,24000
"d13CO2","first_difference",498,0.999974161689317,24000
"d13CO2","first_difference",499,1.00008896182757,24000
"d13CO2","first_difference",500,0.999903252984107,24000
"d13CO2","first_difference",501,1.00005620504892,23761.8745056503
"d13CO2","first_difference",502,0.999947898209957,23514.7291307369
"d13CO2","first_difference",503,0.999961417155858,23743.0726392557
"d13CO2","first_difference",504,1.00016441953073,24454.0255493291
"d13CO2","first_difference",505,0.999915994072339,23432.2661057303
"d13CO2","first_difference",506,1.00007807985878,23223.2968870938
"d13CO2","first_difference",507,1.00009897323334,24393.4413568859
"d13CO2","first_difference",508,1.00007986075297,23765.3483705847
"d13CO2","first_difference",509,1.00008672604322,24000
"d13CO2","first_difference",510,0.999966341201291,24285.8280150613
"d13CO2","first_difference",511,0.999901010114819,24807.9968192205
"d13CO2","first_difference",512,0.999978004969093,23419.1563674511
"d13CO2","first_difference",513,1.00001517612791,24000
"d13CO2","first_difference",514,0.999981173057861,25259.4068493168
"d13CO2","first_difference",515,1.00005955269054,24023.1807673725
"d13CO2","first_difference",516,1.00005753772029,24325.1919138473
"d13CO2","first_difference",517,0.99999290517413,24000
"d13CO2","first_difference",518,1.00003770204704,23759.7693052238
"d13CO2","first_difference",519,1.00003750836379,24681.7708652417
"d13CO2","first_difference",520,1.00001063472867,24753.9272730206
"d13CO2","first_difference",521,1.0000171608107,26601.3363001284
"d13CO2","first_difference",522,0.999944270274442,23586.2497182108
"d13CO2","first_difference",523,0.999902755496802,24312.335251828
"d13CO2","first_difference",524,0.99995665335742,24000
"d13CO2","first_difference",525,1.0000275071889,24000
"d13CO2","first_difference",526,1.0002189702103,24616.6356579012
"d13CO2","first_difference",527,0.999903001926273,24000
"d13CO2","first_difference",528,0.999925022651303,24334.3930340497
"d13CO2","first_difference",529,1.00031383148305,24000
"d13CO2","first_difference",530,0.999905697575041,24000
"d13CO2","first_difference",531,1.00022427791678,23634.2083972563
"d13CO2","first_difference",532,0.999938295857957,23559.2757286834
"d13CO2","first_difference",533,1.00001343855467,23741.665904766
"d13CO2","first_difference",534,1.00004661790893,23768.2689757199
"d13CO2","first_difference",535,1.00013424029711,24000
"d13CO2","first_difference",536,1.00002381384425,25014.0655067198
"d13CO2","first_difference",537,1.00021979278947,24168.2738152558
"d13CO2","first_difference",538,0.999956041405076,23808.4914660474
"d13CO2","first_difference",539,0.999975518163872,24000
"d13CO2","first_difference",540,1.00009031470509,23139.1391933076
"d13CO2","first_difference",541,0.999970551679113,24000
"d13CO2","first_difference",542,0.999956819063799,23999.9999999999
"d13CO2","first_difference",543,0.999949863146615,23999.9999999999
"d13CO2","first_difference",544,0.999945334296788,23967.9843979637
"d13CO2","first_difference",545,1.00009705322134,24770.8465393836
"d13CO2","first_difference",546,0.999980925451157,24000
"d13CO2","first_difference",547,1.00001307849551,24000
"d13CO2","first_difference",548,0.99993758124577,24351.5770371425
"d13CO2","first_difference",549,1.00004062240106,25220.758149939
"d13CO2","first_difference",550,0.999945678250664,24000
"d13CO2","first_difference",551,1.00001913639141,23569.9275885886
"d13CO2","first_difference",552,1.00004328554412,23223.0167123697
"d13CO2","first_difference",553,1.00009405301873,25294.1194868147
"d13CO2","first_difference",554,1.00032557004514,24370.4905328569
"d13CO2","first_difference",555,0.999967717015908,23615.6568998467
"d13CO2","first_difference",556,1.00005758698001,23510.9370505945
"d13CO2","first_difference",557,1.00027757313174,24504.1540166548
"d13CO2","first_difference",558,1.00007699317724,24000
"d13CO2","first_difference",559,1.00005584006237,23757.9021496761
"d13CO2","first_difference",560,0.999997154350003,23937.9337942156
"d13CO2","first_difference",561,1.00012286657794,23866.1673311261
"d13CO2","first_difference",562,1.00000459258168,24734.9753971341
"d13CO2","first_difference",563,1.0000897168133,24000
"d13CO2","first_difference",564,1.00010538573552,23266.0521237399
"d13CO2","first_difference",565,0.999989928964701,24000
"d13CO2","first_difference",566,1.00008546251804,23117.8855928864
"d13CO2","first_difference",567,1.00004700094784,24177.3850311697
"d13CO2","first_difference",568,1.0000740371126,24066.3032752462
"d13CO2","first_difference",569,1.00001760263397,24668.5109810223
"d13CO2","first_difference",570,1.00009731791579,24000
"d13CO2","first_difference",571,1.00001830058207,24000
"d13CO2","first_difference",572,1.00005980004776,23611.2654203123
"d13CO2","first_difference",573,1.00003288231462,24000.0000000001
"d13CO2","first_difference",574,1.0001436677014,24288.6402012877
"d13CO2","first_difference",575,0.999985175574023,24000
"d13CO2","first_difference",576,0.999938728707345,23588.7908713055
"d13CO2","first_difference",577,1.0000314347024,23720.6670925603
"d13CO2","first_difference",578,0.999999592944575,23505.1423977928
"d13CO2","first_difference",579,1.00000857690869,23713.8812910711
"d13CO2","first_difference",580,1.00004820275036,24626.1802746142
"d13CO2","first_difference",581,1.00009879248581,23060.1309344318
"d13CO2","first_difference",582,0.999996455255426,23961.5575407036
"d13CO2","first_difference",583,0.999995881425066,23738.1641593429
"d13CO2","first_difference",584,1.00004647687946,24000
"d13CO2","first_difference",585,1.00009294383631,24025.2170695972
"d13CO2","first_difference",586,1.00004606716946,24000
"d13CO2","first_difference",587,1.00011422351328,24242.5562017759
"d13CO2","first_difference",588,1.00019867280574,23054.8917432579
"d13CO2","first_difference",589,1.00001181894471,24529.9739242049
"d13CO2","first_difference",590,1.0000144094131,24209.1161925519
"d13CO2","first_difference",591,0.999931157653998,23470.176586953
"d13CO2","first_difference",592,1.00027434125222,24162.3947196057
"d13CO2","first_difference",593,0.999923609428113,24000
"d13CO2","first_difference",594,1.00010160020656,24273.2791373188
"d13CO2","first_difference",595,1.00008213258418,24000
"d13CO2","first_difference",596,1.00004651167408,24064.8387460385
"d13CO2","first_difference",597,1.00021097164162,24147.6528951676
"d13CO2","first_difference",598,1.00013177386574,23764.8924360402
"d13CO2","first_difference",599,0.999995776766648,23532.6471402532
"d13CO2","first_difference",600,0.99997176766537,24000
"d13CO2","first_difference",601,1.000161092014,23706.0948390416
"d13CO2","first_difference",602,0.999994536044483,23458.0802501549
"d13CO2","first_difference",603,1.0000302519135,24308.4467946676
"d13CO2","first_difference",604,1.0000180652839,23740.9101057703
"d13CO2","first_difference",605,0.999987661037696,24000
"d13CO2","first_difference",606,1.00001108971986,24000
"d13CO2","first_difference",607,1.0000350452394,24257.8290610685
"d13CO2","first_difference",608,1.00011967307466,22973.7454753482
"d13CO2","first_difference",609,1.0000409530615,24000
"d13CO2","first_difference",610,0.999996634858445,23773.5101485745
"d13CO2","first_difference",611,1.00016626659837,24000
"d13CO2","first_difference",612,1.00008080886024,24246.1303771525
"d13CO2","first_difference",613,1.00000490757492,22224.0464520199
"d13CO2","first_difference",614,0.99999590832243,23960.9865794505
"d13CO2","first_difference",615,1.00000264110529,24261.7168886579
"d13CO2","first_difference",616,1.00008061782391,23546.312372916
"d13CO2","first_difference",617,1.00001069858888,24607.3721901679
"d13CO2","first_difference",618,1.00001004499752,23763.2423512284
"d13CO2","first_difference",619,1.00004088840298,24818.4395961691
"d13CO2","first_difference",620,1.00013003928608,24337.716083877
"d13CO2","first_difference",621,1.00001733517363,23820.3087461968
"d13CO2","first_difference",622,0.999889764761297,23636.2546283474
"d13CO2","first_difference",623,1.00022631183796,23852.08101761
"d13CO2","first_difference",624,1.00002681073701,24240.220797536
"d13CO2","first_difference",625,1.0000145615278,23531.165318515
"d13CO2","first_difference",626,0.999974767339966,23535.1095733599
"d13CO2","first_difference",627,1.00041976743639,23699.4608378248
"d13CO2","first_difference",628,0.999946062475359,24000
"d13CO2","first_difference",629,1.00008888083968,23763.4634862386
"d13CO2","first_difference",630,1.00006531734431,22967.2315516133
"d13CO2","first_difference",631,1.00015668966804,24000
"d13CO2","first_difference",632,0.999933210676726,24000
"d13CO2","first_difference",633,0.999946959403881,23633.2242008581
"d13CO2","first_difference",634,0.999951495210415,24000
"d13CO2","first_difference",635,1.00007034939991,24952.0594402916
"d13CO2","first_difference",636,1.00007909167672,24000
"d13CO2","first_difference",637,1.00008381345567,24348.3490567429
"d13CO2","first_difference",638,0.999995699279856,24000
"d13CO2","first_difference",639,1.00001183090673,23755.6730646683
"d13CO2","first_difference",640,1.00008776410057,24000
"d13CO2","first_difference",641,1.00005923915811,24000
"d13CO2","first_difference",642,1.00008953255968,23688.5939022248
"d13CO2","first_difference",643,0.99990674574909,23144.2134148999
"d13CO2","first_difference",644,1.00004209224589,23611.974460177
"d13CO2","first_difference",645,0.999997505327608,24636.7093377613
"d13CO2","first_difference",646,1.00014501914901,23111.1220963326
"d13CO2","first_difference",647,1.00008784622193,23697.8588701445
"d13CO2","first_difference",648,0.999988058502149,23719.2380782111
"d13CO2","first_difference",649,1.00016080045356,23775.2169279769
"d13CO2","first_difference",650,1.00004395302553,24464.2701980307
"d13CO2","first_difference",651,0.999990960328308,24000
"d13CO2","first_difference",652,1.00020249820424,24000
"d13CO2","first_difference",653,1.00021925191893,23880.2141962027
"d13CO2","first_difference",654,1.00019896098606,24000
"d13CO2","first_difference",655,0.999998539401131,23748.1964240152
"d13CO2","first_difference",656,0.999987811992751,24293.1908032073
"d13CO2","first_difference",657,1.00007892438878,23774.5171348208
"d13CO2","first_difference",658,0.99997838885896,24000
"d13CO2","first_difference",659,1.00024019215607,24000
"GMST","raw",1,1.00426684133834,8109.74030685022
"GMST","raw",2,1.00456745652293,8749.10895970308
"GMST","raw",3,1.00421824417197,8602.68838384984
"GMST","raw",4,1.00382889895485,8879.66192401856
"GMST","raw",5,1.00333239978163,9811.61105981831
"GMST","raw",6,1.00316568779528,11980.1361463783
"GMST","raw",7,1.00323083782583,12966.02907582
"GMST","raw",8,1.0031870481048,12977.2589231892
"GMST","raw",9,1.00283489613286,11990.2279155464
"GMST","raw",10,1.00264402282908,12302.2367261078
"GMST","raw",11,1.00250466638269,12607.4891255703
"GMST","raw",12,1.00222911824241,12564.522641629
"GMST","raw",13,1.00188226411485,12816.490008452
"GMST","raw",14,1.00197887625824,12702.0686165593
"GMST","raw",15,1.00163580851903,12820.8628038481
"GMST","raw",16,1.00144335548193,13172.5317150868
"GMST","raw",17,1.00159109852385,12912.0686549348
"GMST","raw",18,1.00147974372662,12814.7224323432
"GMST","raw",19,1.00137636938066,12870.0484126844
"GMST","raw",20,1.00122735646983,13041.9289445207
"GMST","raw",21,1.00136694661634,13578.3848234985
"GMST","raw",22,1.00144293714045,13578.6774856554
"GMST","raw",23,1.00138849326223,13375.9957267939
"GMST","raw",24,1.00137650083114,13804.6364623282
"GMST","raw",25,1.00127455525981,14107.0514539312
"GMST","raw",26,1.00117953657046,13597.895270508
"GMST","raw",27,1.00142888030844,13566.0751227315
"GMST","raw",28,1.0013793403399,13817.7988069391
"GMST","raw",29,1.0011465372559,13871.2655560518
"GMST","raw",30,1.00106648586228,14324.5310040116
"GMST","raw",31,1.00094608050275,14361.3398603136
"GMST","raw",32,1.00107557428289,14304.6371935768
"GMST","raw",33,1.00099782120619,14347.4078426113
"GMST","raw",34,1.00093617177375,14380.0957158399
"GMST","raw",35,1.0005769498781,15259.3157267284
"GMST","raw",36,1.00059714877541,14965.0943944178
"GMST","raw",37,1.00062858511667,15328.8832272688
"GMST","raw",38,1.00052112905147,15559.6593132267
"GMST","raw",39,1.00053144345548,15994.1999236005
"GMST","raw",40,1.0004326250039,15906.3986784905
"GMST","raw",41,1.00042085990797,15689.7483519131
"GMST","raw",42,1.00034894376074,16077.4828067818
"GMST","raw",43,1.00042190531362,15658.5034924686
"GMST","raw",44,1.00041137226927,16248.1441182166
"GMST","raw",45,1.00050811529565,16681.7128413222
"GMST","raw",46,1.00030723075944,16669.1294114657
"GMST","raw",47,1.00025783193405,16406.1605658974
"GMST","raw",48,1.00023347035274,16426.7990952213
"GMST","raw",49,1.00012671070962,17221.4403253749
"GMST","raw",50,1.0002246500767,17018.0590405266
"GMST","raw",51,1.00013466824239,16564.5960243974
"GMST","raw",52,1.00013322515242,16596.0800202492
"GMST","raw",53,1.00023145154605,17377.0033613596
"GMST","raw",54,1.0002703772436,17758.77568235
"GMST","raw",55,1.00031317980092,17262.6990901713
"GMST","raw",56,1.00021544550352,16611.9260760731
"GMST","raw",57,1.00034677016976,16757.4324530871
"GMST","raw",58,1.00036810875104,17378.9416551949
"GMST","raw",59,1.00033706560059,18094.949416774
"GMST","raw",60,1.00017865268956,18339.8071342718
"GMST","raw",61,1.0001659493052,18468.3836908559
"GMST","raw",62,1.00012830737235,18156.6282880376
"GMST","raw",63,1.00012981322915,18063.6753462186
"GMST","raw",64,1.00004257074436,18190.1266586202
"GMST","raw",65,1.00005182474688,17758.9939199109
"GMST","raw",66,1.0000837845248,17140.2665816043
"GMST","raw",67,1.00006409568522,17678.2366351217
"GMST","raw",68,0.999990775030042,17113.2825799911
"GMST","raw",69,0.999976054315271,17099.0762219226
"GMST","raw",70,0.99992018136771,17315.2898889059
"GMST","raw",71,0.999906406986664,17247.8464734561
"GMST","raw",72,0.999997656798796,17403.3458235071
"GMST","raw",73,1.00003721659886,18285.99412686
"GMST","raw",74,1.00000541689669,17449.7300063553
"GMST","raw",75,1.00004221641337,18370.9178354698
"GMST","raw",76,1.0000459125589,18710.4779945396
"GMST","raw",77,1.00013553008191,18522.3402510455
"GMST","raw",78,1.0001329094463,18317.0619005457
"GMST","raw",79,1.00008449863328,18259.3450925008
"GMST","raw",80,1.00006866563711,18159.8489854285
"GMST","raw",81,1.00016748514197,17518.9203866623
"GMST","raw",82,1.00019878000031,17810.3528290894
"GMST","raw",83,1.00021164778996,17193.4954524372
"GMST","raw",84,1.00007504673158,17135.0747733126
"GMST","raw",85,1.00007036921249,16595.8004663766
"GMST","raw",86,1.00007150073666,16674.864452911
"GMST","raw",87,1.0000800508069,16593.7072210523
"GMST","raw",88,0.999957180302488,16209.1872870336
"GMST","raw",89,1.00002845826667,15695.726100103
"GMST","raw",90,0.999943721824379,15790.9624402148
"GMST","raw",91,0.999907551935727,15919.3027349875
"GMST","raw",92,1.00003957529098,15965.4077548566
"GMST","raw",93,1.00012658541721,15373.1927943653
"GMST","raw",94,1.00018113215821,14949.6470365627
"GMST","raw",95,1.00011403860106,15045.8085846406
"GMST","raw",96,1.00023618321388,15082.4795075993
"GMST","raw",97,1.0001795071072,15073.9639010279
"GMST","raw",98,1.00017606447352,15385.3171330176
"GMST","raw",99,1.00028471333688,15129.0344934887
"GMST","raw",100,1.00028741683603,14890.5806134152
"GMST","raw",101,1.00029982987375,14908.6264263988
"GMST","raw",102,1.00023438131714,14970.3904911779
"GMST","raw",103,1.00025309366205,14862.3720652612
"GMST","raw",104,1.00017280774799,14533.572118632
"GMST","raw",105,1.00029690560411,14450.8429398247
"GMST","raw",106,1.00025394494621,14388.8557033295
"GMST","raw",107,1.00015454222578,14116.6817233365
"GMST","raw",108,1.00021383560585,14014.5260699754
"GMST","raw",109,1.00016232801811,13981.7091284479
"GMST","raw",110,1.00016597122044,13842.5810389988
"GMST","raw",111,1.00034354818024,13591.6641295714
"GMST","raw",112,1.00015780831427,13873.3192458074
"GMST","raw",113,1.0001693691172,13941.4486903866
"GMST","raw",114,1.00012131377482,13681.8263448925
"GMST","raw",115,1.00014521872362,13685.8051065001
"GMST","raw",116,1.00022673748654,13695.1241848406
"GMST","raw",117,1.00016361071102,13099.0203998484
"GMST","raw",118,1.00020022840103,12981.4050527618
"GMST","raw",119,1.00026317082331,13099.0980941984
"GMST","raw",120,1.00026964297449,13506.5397710643
"GMST","raw",121,1.00019973730403,13668.329982487
"GMST","raw",122,1.00013308530291,13108.5977942263
"GMST","raw",123,1.0001139180404,13177.7721858045
"GMST","raw",124,1.00010007751878,13368.9821966475
"GMST","raw",125,1.00012530973508,13302.8949578217
"GMST","raw",126,1.00008756600416,12886.203131427
"GMST","raw",127,1.00022484486529,13172.8254161317
"GMST","raw",128,1.00035712309691,13020.0274195234
"GMST","raw",129,1.0003064513078,13089.7045067382
"GMST","raw",130,1.00018549497688,13706.5175881087
"GMST","raw",131,1.00021018942297,13047.1186045341
"GMST","raw",132,1.00025184748355,13176.7019541473
"GMST","raw",133,1.00024297273784,13334.2560767518
"GMST","raw",134,1.00028183266682,13803.3674862623
"GMST","raw",135,1.00042267458099,13333.9789829729
"GMST","raw",136,1.00018189982316,13903.2514485103
"GMST","raw",137,1.0001963758378,13778.6634928412
"GMST","raw",138,1.00021560433065,13431.2680357711
"GMST","raw",139,1.00011850376152,13676.2177761345
"GMST","raw",140,1.00022350296875,13920.7530702798
"GMST","raw",141,1.00036086046272,13799.5867326422
"GMST","raw",142,1.00029992457383,13741.3479863431
"GMST","raw",143,1.00029375530531,13525.7805025922
"GMST","raw",144,1.00025907030451,13711.689654284
"GMST","raw",145,1.0002665258118,13558.1722927236
"GMST","raw",146,1.00031484921022,13087.4195508452
"GMST","raw",147,1.0002602946927,13207.739265768
"GMST","raw",148,1.00028492667089,13381.8059326342
"GMST","raw",149,1.00023267667422,13414.7572316141
"GMST","raw",150,1.00024334531048,13561.3923366698
"GMST","raw",151,1.00021093896494,13379.6093616931
"GMST","raw",152,1.00022501937605,13496.933749876
"GMST","raw",153,1.00023054735683,13894.6407638302
"GMST","raw",154,1.00013657068214,13851.9716452838
"GMST","raw",155,1.00017199512923,13686.446163104
"GMST","raw",156,1.00011862645547,13570.7760310941
"GMST","raw",157,1.00005281912419,13272.7400326828
"GMST","raw",158,1.00005670580487,13326.4348663412
"GMST","raw",159,1.00003700179169,13522.1371761659
"GMST","raw",160,1.00006089889994,13421.9273762902
"GMST","raw",161,0.999995260150414,13849.5927767827
"GMST","raw",162,1.00002843104257,14048.2884806673
"GMST","raw",163,1.00010494527392,13800.717491695
"GMST","raw",164,1.00014270088014,13872.751191961
"GMST","raw",165,0.999985304226691,13577.7481136495
"GMST","raw",166,1.00007391189572,13437.6349297546
"GMST","raw",167,1.00004616368282,13713.1199846297
"GMST","raw",168,1.00003225094366,13947.1009567303
"GMST","raw",169,1.00004798655619,13599.8468528677
"GMST","raw",170,1.00013057621077,13832.8560051314
"GMST","raw",171,1.00007120992807,13630.05707447
"GMST","raw",172,0.999981463808325,13769.9241669243
"GMST","raw",173,0.999950300984721,14338.7163820844
"GMST","raw",174,1.00003039951015,13818.3170222371
"GMST","raw",175,1.00015331315205,13745.023828304
"GMST","raw",176,1.00008009938331,14063.9588475377
"GMST","raw",177,1.00010218069102,13825.1264204805
"GMST","raw",178,1.00004116992333,13666.3035891991
"GMST","raw",179,1.00003409431891,13729.0377069501
"GMST","raw",180,1.00004835446103,14259.902150931
"GMST","raw",181,0.999971729927384,13855.435768589
"GMST","raw",182,1.00001661306103,13817.5614124607
"GMST","raw",183,0.999959917546951,13879.2497169408
"GMST","raw",184,1.00003170252279,13956.7559619368
"GMST","raw",185,0.999977385712289,14356.4463779133
"GMST","raw",186,0.999979004236149,13292.7372100992
"GMST","raw",187,1.00006394280377,13771.8165203023
"GMST","raw",188,1.0001436329944,13949.0358541858
"GMST","raw",189,1.00002235037441,13456.6427754046
"GMST","raw",190,1.00008429011441,13338.0766895917
"GMST","raw",191,1.00003398109254,13193.1631231994
"GMST","raw",192,1.00003114491269,13384.118262968
"GMST","raw",193,1.00015392313083,13354.988935546
"GMST","raw",194,1.0000483233453,13339.044479695
"GMST","raw",195,1.00007491548673,13752.7911533639
"GMST","raw",196,1.00009187687219,13071.8029385099
"GMST","raw",197,1.00025493184499,13321.7921884097
"GMST","raw",198,1.00010491026678,13628.5480265147
"GMST","raw",199,0.999996734556482,13706.9926375185
"GMST","raw",200,1.00006640629144,13470.5232102456
"GMST","raw",201,1.00004757289552,13926.2885137039
"GMST","raw",202,1.00005869064258,13854.2733635039
"GMST","raw",203,1.00007546008753,13936.2219716268
"GMST","raw",204,1.00011487107601,13366.3860372522
"GMST","raw",205,1.0000876981777,13780.3736951716
"GMST","raw",206,1.00023887297622,13977.5380801661
"GMST","raw",207,1.00023073559149,13159.2946066606
"GMST","raw",208,1.00028787176305,13454.1738448151
"GMST","raw",209,1.00024931985547,13512.4302764558
"GMST","raw",210,1.00012199672026,13572.7131701593
"GMST","raw",211,1.00012120794669,14460.2418498325
"GMST","raw",212,1.00015936502993,14661.2175621055
"GMST","raw",213,1.00019404134544,14698.5042118244
"GMST","raw",214,1.0002641940906,14580.4548856924
"GMST","raw",215,1.00025590954539,14865.3438477571
"GMST","raw",216,1.00024667293945,15201.1020123081
"GMST","raw",217,1.00018112541612,15212.0812518994
"GMST","raw",218,1.00017814095212,15313.228135767
"GMST","raw",219,1.00019824452401,14721.7470389283
"GMST","raw",220,1.00011803871247,14943.561684531
"GMST","raw",221,1.0000462314435,14642.6225587186
"GMST","raw",222,1.00016078352949,15143.3523475848
"GMST","raw",223,0.999966588595756,15044.3056875275
"GMST","raw",224,0.999969455191172,15153.8260293762
"GMST","raw",225,0.999965569220437,15124.1087397727
"GMST","raw",226,1.00001757880956,14936.4975525933
"GMST","raw",227,1.00022653377416,15002.0622297556
"GMST","raw",228,1.00001694150761,14900.0020996751
"GMST","raw",229,1.00008823307868,14816.5015013321
"GMST","raw",230,1.00013610396176,14838.4071291929
"GMST","raw",231,1.00004513818897,15100.2075478091
"GMST","raw",232,1.00009182495438,15843.7811401242
"GMST","raw",233,1.00029717057013,15551.2796399772
"GMST","raw",234,1.00030882707651,15421.2355356745
"GMST","raw",235,1.00025461943875,15313.5417419041
"GMST","raw",236,1.0002138791527,15382.7212522244
"GMST","raw",237,1.00024604562252,15391.892254714
"GMST","raw",238,1.00025801605159,15784.6894288855
"GMST","raw",239,1.00028025352109,15644.2819187317
"GMST","raw",240,1.00041357582324,16171.6338005835
"GMST","raw",241,1.00045231753095,16034.8980354145
"GMST","raw",242,1.00050456598921,15851.4284002078
"GMST","raw",243,1.00032064806522,15703.0849070314
"GMST","raw",244,1.00029858350863,15965.4767407054
"GMST","raw",245,1.00034438557718,16777.5478559741
"GMST","raw",246,1.00034850409763,16927.7313674888
"GMST","raw",247,1.00033866959091,17516.5520618683
"GMST","raw",248,1.00031214906642,17268.3663359341
"GMST","raw",249,1.00022704998973,17850.0715150546
"GMST","raw",250,1.00011182080946,17931.8784315763
"GMST","raw",251,1.00015261456967,18074.4870052163
"GMST","raw",252,1.00016088425572,18018.8581082302
"GMST","raw",253,1.00016250735456,18303.2947804255
"GMST","raw",254,1.00009980206213,19216.1854974501
"GMST","raw",255,1.00000146180942,18315.3479563125
"GMST","raw",256,0.999935081349563,18234.3660369434
"GMST","raw",257,0.999992321564128,18571.0122816821
"GMST","raw",258,1.00006133302353,18734.7302908438
"GMST","raw",259,1.00004111259869,17974.4961418594
"GMST","raw",260,1.00009810403755,19305.0174291383
"GMST","raw",261,1.00010671543311,20040.0857630985
"GMST","raw",262,0.999989186615196,19934.5437691891
"GMST","raw",263,1.00001748355906,20421.2806239058
"GMST","raw",264,1.00009945932154,20499.7899292323
"GMST","raw",265,1.00005698874671,20713.7448732404
"GMST","raw",266,1.00009130905125,19618.8420446903
"GMST","raw",267,1.00015499357268,19955.3269054194
"GMST","raw",268,1.00009934968726,20536.5232233765
"GMST","raw",269,1.00003936403874,20895.1413867368
"GMST","raw",270,0.999990497573404,21544.9532121921
"GMST","raw",271,1.00000411068951,21500.4420897472
"GMST","raw",272,1.00002740295418,22285.711668028
"GMST","raw",273,0.99994037093227,21996.7369903507
"GMST","raw",274,1.0000948390754,21306.9774477393
"GMST","raw",275,0.999987930299496,22459.7379814516
"GMST","raw",276,1.00000732447536,22586.9418711469
"GMST","raw",277,1.00004664268041,22258.0230300324
"GMST","raw",278,1.00002883986769,21925.7063175774
"GMST","raw",279,1.00012888408137,21719.2590408991
"GMST","raw",280,1.00003120568799,22397.7137096932
"GMST","raw",281,1.00012783997951,22086.5359469384
"GMST","raw",282,1.00005162687831,23014.7188182035
"GMST","raw",283,1.00015221939683,22861.7347287628
"GMST","raw",284,1.00024125590014,22884.980191469
"GMST","raw",285,1.00020523738563,22574.9035604113
"GMST","raw",286,1.00028984777815,22745.4928638831
"GMST","raw",287,1.00024049232216,22898.5089970019
"GMST","raw",288,1.00008270390696,22786.012834331
"GMST","raw",289,0.999957432837255,22854.5378092859
"GMST","raw",290,0.99996305400742,22302.1692994513
"GMST","raw",291,0.999969688256549,22777.5132018533
"GMST","raw",292,1.00000723462443,23012.9506539545
"GMST","raw",293,0.999982576651285,22110.266289059
"GMST","raw",294,0.999920012521642,22076.8455232565
"GMST","raw",295,1.00000581587996,22516.3338315041
"GMST","raw",296,1.00003455786533,21860.9946547098
"GMST","raw",297,0.999994334671988,22204.8233172605
"GMST","raw",298,1.00001388133223,21504.4684408213
"GMST","raw",299,1.00007848148468,22500.3604063542
"GMST","raw",300,1.00006656610582,21942.2415440723
"GMST","raw",301,1.00000572729236,23042.4632322196
"GMST","raw",302,1.00015569540762,22584.3379791637
"GMST","raw",303,0.99996444492536,22964.7524819222
"GMST","raw",304,0.999950596369185,23061.7758058303
"GMST","raw",305,0.999979172485654,22529.5454433891
"GMST","raw",306,0.999998325166451,22315.3198543924
"GMST","raw",307,0.999926426179935,22700.9317946798
"GMST","raw",308,0.999930045400498,22293.9704193493
"GMST","raw",309,0.999991638211915,21978.3636278543
"GMST","raw",310,1.00009155948976,22944.6415019061
"GMST","raw",311,0.999898586990196,22689.0342750372
"GMST","raw",312,0.999888737282245,22729.3451950293
"GMST","raw",313,0.999929894940653,22721.2885393015
"GMST","raw",314,1.00001405344617,22186.0436048635
"GMST","raw",315,0.999971326024928,22516.9199042081
"GMST","raw",316,0.999991119741541,22623.805147116
"GMST","raw",317,0.999969939320355,22464.7830479029
"GMST","raw",318,0.999928340224557,22717.1289850657
"GMST","raw",319,1.00004309052853,22668.5475612217
"GMST","raw",320,1.00011531345284,21643.3070423299
"GMST","raw",321,1.0000397276677,21960.4746270496
"GMST","raw",322,0.99999707524227,21955.302341466
"GMST","raw",323,0.999997632247069,21693.6125356328
"GMST","raw",324,1.00002071914072,21999.5817146052
"GMST","raw",325,1.00028139406428,22328.5749505539
"GMST","raw",326,1.00004112048443,21468.5753591315
"GMST","raw",327,1.00001220762466,21273.2128827557
"GMST","raw",328,1.00008021240607,21509.4715760216
"GMST","raw",329,1.00006441528442,21411.7057662635
"GMST","raw",330,1.00005975490329,21332.6822417669
"GMST","raw",331,1.00004176549352,21492.7027530082
"GMST","raw",332,1.00000397368599,21513.4244468001
"GMST","raw",333,1.00003395236893,21284.9397250507
"GMST","raw",334,1.00004978348481,21234.6918811117
"GMST","raw",335,1.00004905925628,21382.2930865709
"GMST","raw",336,1.00011134447359,21636.1358143118
"GMST","raw",337,1.00010831660309,21532.2442897775
"GMST","raw",338,1.00013503918636,21371.9348889086
"GMST","raw",339,1.00008922717095,21417.7975741765
"GMST","raw",340,1.00019076248847,20379.4771874411
"GMST","raw",341,1.00006310835265,21044.1506422728
"GMST","raw",342,0.999962291949772,21301.3218664766
"GMST","raw",343,0.999977591433274,21168.6808849235
"GMST","raw",344,0.999974460529966,20881.6679913176
"GMST","raw",345,1.00009836992801,21388.3813673794
"GMST","raw",346,1.00008483128234,21817.3509361816
"GMST","raw",347,1.00013642005636,21907.0234961423
"GMST","raw",348,1.00004688784489,21790.4140118447
"GMST","raw",349,1.00001874325783,21937.1380099112
"GMST","raw",350,1.00005550787001,21967.5289541375
"GMST","raw",351,1.00004240721961,21975.9708610233
"GMST","raw",352,1.00000310702881,21911.7127138936
"GMST","raw",353,0.999978721465145,21696.9025658743
"GMST","raw",354,0.999973030737433,21856.46247081
"GMST","raw",355,0.999950610833871,22073.3459411938
"GMST","raw",356,0.999937893406307,21730.7117088676
"GMST","raw",357,0.999948253927373,21564.2521776123
"GMST","raw",358,0.999947667313658,21747.9705837861
"GMST","raw",359,0.999990330799095,21785.0829781986
"GMST","raw",360,1.00003409292075,21314.622913539
"GMST","raw",361,1.000004437281,21711.0108186724
"GMST","raw",362,1.00001413133672,21803.4307658178
"GMST","raw",363,1.00005188855452,21977.786708999
"GMST","raw",364,0.99999087765086,21845.8711485014
"GMST","raw",365,0.99996700294298,21955.6733440253
"GMST","raw",366,0.999992800769248,21535.5835870693
"GMST","raw",367,1.00000598866756,20521.0276132342
"GMST","raw",368,1.00002826866439,20124.2799725909
"GMST","raw",369,0.999996335720289,20746.750572974
"GMST","raw",370,1.00012908156111,20008.2488854237
"GMST","raw",371,1.0003102148338,21238.9471976259
"GMST","raw",372,1.00030086256915,20869.8922737511
"GMST","raw",373,1.00011968347247,20792.0865606814
"GMST","raw",374,1.00004975731808,20884.3828840064
"GMST","raw",375,0.99997596494879,20990.5724053545
"GMST","raw",376,1.0000232596113,21372.7848966225
"GMST","raw",377,0.999981379634119,20680.9639628539
"GMST","raw",378,0.999968202829453,20523.0907663792
"GMST","raw",379,0.999951689485178,20133.4681018388
"GMST","raw",380,0.999993418997479,20920.9622382159
"GMST","raw",381,0.99993806593324,20362.5742342635
"GMST","raw",382,0.999949887838191,20959.9104455539
"GMST","raw",383,0.999981165045869,20248.6222331099
"GMST","raw",384,0.999998860996339,20172.5362150968
"GMST","raw",385,1.00002163220171,20120.5048756215
"GMST","raw",386,1.00007519864587,21045.577446721
"GMST","raw",387,1.00008112799577,21771.6582031703
"GMST","raw",388,1.00024132025463,21203.2631483085
"GMST","raw",389,1.00015528743181,21730.975124635
"GMST","raw",390,1.0001382910625,21923.310442668
"GMST","raw",391,1.00014776627079,21463.3644967507
"GMST","raw",392,1.00007442693561,21868.2230861683
"GMST","raw",393,0.999980893614534,22171.4906602003
"GMST","raw",394,1.00004428508979,22173.2497539139
"GMST","raw",395,1.00015324149445,22855.2840341185
"GMST","raw",396,1.00007003066423,22754.5137675767
"GMST","raw",397,1.00008786507745,22692.7786758198
"GMST","raw",398,1.00008311495803,22475.8739560475
"GMST","raw",399,1.00006459250912,21652.4342059988
"GMST","raw",400,1.00002450566185,21952.5121491203
"GMST","raw",401,1.00004160147245,21984.4918331739
"GMST","raw",402,0.999911715978533,22039.659129365
"GMST","raw",403,0.999978268770658,21811.6908106879
"GMST","raw",404,0.999931029513093,21847.9253379262
"GMST","raw",405,0.999992808391433,20754.1176409471
"GMST","raw",406,1.00008442514773,20901.4133701615
"GMST","raw",407,1.00010764138,21204.8232306155
"GMST","raw",408,1.00002989827084,21428.1104605622
"GMST","raw",409,1.00009870601524,20903.2407407597
"GMST","raw",410,1.00001082129746,20987.8341117643
"GMST","raw",411,0.999992047472352,21291.1916654679
"GMST","raw",412,0.999999146267791,21489.2140695134
"GMST","raw",413,1.0000904759896,21294.3967156527
"GMST","raw",414,1.00003824905272,21458.1415591789
"GMST","raw",415,1.00005590771545,21595.6194857907
"GMST","raw",416,1.00020482614869,21363.414727304
"GMST","raw",417,1.0001887918014,19673.6511129962
"GMST","raw",418,1.00016732388899,19998.4509556379
"GMST","raw",419,1.00014984896599,20067.0974768511
"GMST","raw",420,1.00038913003884,20000.6109745779
"GMST","raw",421,1.00028484697322,19725.6276579181
"GMST","raw",422,1.00012729387026,19569.2136148098
"GMST","raw",423,1.00010628462772,19350.4470845735
"GMST","raw",424,1.00033287020068,19608.3475885672
"GMST","raw",425,1.00035290412595,19133.5691215747
"GMST","raw",426,1.00013991447698,19378.1124661333
"GMST","raw",427,1.0000101218599,19260.2828130215
"GMST","raw",428,1.00003254434473,19123.7832417612
"GMST","raw",429,1.00005296032577,19036.7459236907
"GMST","raw",430,1.00008063347928,18747.3743865967
"GMST","raw",431,1.00009712388234,19543.3164187159
"GMST","raw",432,1.00015665158052,19688.0106328251
"GMST","raw",433,1.00019315773192,19895.7008291457
"GMST","raw",434,1.00016418008829,19818.6771319764
"GMST","raw",435,1.0001030429902,19150.9199971903
"GMST","raw",436,1.0000734245849,19481.4923314703
"GMST","raw",437,1.00001381781554,19057.4110248019
"GMST","raw",438,1.00003870779066,19655.0392107707
"GMST","raw",439,1.00003042375671,19093.8682713544
"GMST","raw",440,1.00002611846393,19542.2275667204
"GMST","raw",441,1.00013246491178,18572.19472737
"GMST","raw",442,1.00009877718436,18341.5132968536
"GMST","raw",443,1.00004958506106,18522.0885951784
"GMST","raw",444,1.00000451175263,18867.7960492746
"GMST","raw",445,0.999963767171729,19389.6359296073
"GMST","raw",446,0.999964156976906,19305.3826975969
"GMST","raw",447,0.999941714456216,19898.4982096018
"GMST","raw",448,0.999923647919979,19388.4384186854
"GMST","raw",449,1.00002678756995,19174.8824748635
"GMST","raw",450,0.999972260673257,19327.0513100632
"GMST","raw",451,1.00016249820851,19563.7617794859
"GMST","raw",452,1.00006072304034,19451.1408819394
"GMST","raw",453,1.00024101970297,19810.6144581447
"GMST","raw",454,1.0001341205098,19227.464382501
"GMST","raw",455,1.0000544147687,19330.3477675365
"GMST","raw",456,0.999999702704658,19254.9170411484
"GMST","raw",457,0.999964951843604,19358.1402972831
"GMST","raw",458,0.999945022632503,18406.867493134
"GMST","raw",459,0.999987509588869,18293.6605615703
"GMST","raw",460,0.999981795198936,19637.8617172683
"GMST","raw",461,0.999973138511489,18808.8071965725
"GMST","raw",462,1.00003237961685,17970.8899414649
"GMST","raw",463,1.00006921483557,18039.8450017453
"GMST","raw",464,1.00001869261872,18076.3447692765
"GMST","raw",465,0.99996678486401,18551.6574694268
"GMST","raw",466,0.999944353952686,18023.5572709583
"GMST","raw",467,0.999963414455959,18149.1017166391
"GMST","raw",468,0.999965482240779,17871.0358009815
"GMST","raw",469,0.999929331105191,17622.6385597362
"GMST","raw",470,1.00002154541064,17729.2266718421
"GMST","raw",471,0.999937385009568,17817.2157352205
"GMST","raw",472,0.999932688603885,17503.7458892848
"GMST","raw",473,1.00003644192503,18206.1957093164
"GMST","raw",474,1.00000480958689,18737.0760076595
"GMST","raw",475,1.00004825158327,18171.55303692
"GMST","raw",476,1.00011584395999,18192.0133096569
"GMST","raw",477,1.00011427558617,17876.6186638421
"GMST","raw",478,1.00014931208403,18680.4742567757
"GMST","raw",479,1.00005958114534,18359.2592328994
"GMST","raw",480,1.0000993060602,18632.1674696691
"GMST","raw",481,1.00006863303747,18334.7587168342
"GMST","raw",482,1.00008697652802,18448.1802842533
"GMST","raw",483,1.00001855143948,18611.8410528702
"GMST","raw",484,1.00008613952978,18626.9203849816
"GMST","raw",485,0.999960497067869,18711.3861115451
"GMST","raw",486,0.999912721792254,18626.832595794
"GMST","raw",487,0.999936477310702,18677.9580908754
"GMST","raw",488,0.999953212135155,18398.6294677067
"GMST","raw",489,0.999936137176934,18028.7670126605
"GMST","raw",490,0.999928243294751,18148.1809321311
"GMST","raw",491,1.00002600087651,18029.0697263169
"GMST","raw",492,1.00002328290664,18050.4013994184
"GMST","raw",493,1.00007084543036,17811.4979904075
"GMST","raw",494,1.00007700780412,18845.5702226692
"GMST","raw",495,1.00011672571163,17648.7689468444
"GMST","raw",496,1.00016655926091,18091.0377096038
"GMST","raw",497,1.00004102712417,17371.5081503536
"GMST","raw",498,0.999980532881674,17427.5437761815
"GMST","raw",499,0.999966699544333,16749.7230543537
"GMST","raw",500,0.999896332098573,16775.4892083811
"GMST","raw",501,0.999901641464661,16480.2858931195
"GMST","raw",502,0.999898497093132,16440.2465936461
"GMST","raw",503,0.999934897839776,15709.5412169219
"GMST","raw",504,1.00001093785664,15845.9906290525
"GMST","raw",505,1.00000619697993,15798.9687546035
"GMST","raw",506,1.0000878707708,15832.8172317892
"GMST","raw",507,1.00003693367415,15619.5422817719
"GMST","raw",508,1.00013878310489,16231.2112690584
"GMST","raw",509,1.00015136850574,15793.2205841481
"GMST","raw",510,1.00013746267345,15599.7276045674
"GMST","raw",511,1.00013315827346,15557.1984066717
"GMST","raw",512,1.00007003920044,15705.6760692699
"GMST","raw",513,1.00008402745016,14861.0571277867
"GMST","raw",514,1.0002035370859,15059.3501697033
"GMST","raw",515,1.00009390082091,15012.6318380291
"GMST","raw",516,1.00016293310946,15106.8390378159
"GMST","raw",517,1.00028528357568,15048.5682627897
"GMST","raw",518,1.00013111464187,14924.012474355
"GMST","raw",519,1.00012593700127,14521.5364076073
"GMST","raw",520,1.00005349052067,14696.9897501946
"GMST","raw",521,1.00005226338951,15831.072345417
"GMST","raw",522,1.00002997969891,15617.0159962799
"GMST","raw",523,1.00005280476924,15639.2976868222
"GMST","raw",524,1.00000846664514,16234.5630336147
"GMST","raw",525,1.00001194088838,16188.0927417561
"GMST","raw",526,1.00014060388224,15755.7219800542
"GMST","raw",527,1.00005124206908,15932.6976392277
"GMST","raw",528,1.00001452486381,16327.2661642929
"GMST","raw",529,1.00011196380369,15943.5720361597
"GMST","raw",530,1.00012199972762,16214.1444626922
"GMST","raw",531,1.0000477708498,16501.5258395658
"GMST","raw",532,1.00000370668378,16260.2052796205
"GMST","raw",533,1.00003601202664,16259.6961210234
"GMST","raw",534,1.00005834299399,16861.4523035742
"GMST","raw",535,0.999939153403771,16725.6653307511
"GMST","raw",536,0.999938147397856,16749.6073084838
"GMST","raw",537,0.999962493963907,16972.6251114923
"GMST","raw",538,0.99990804172775,16368.1840201418
"GMST","raw",539,1.00001839305254,17356.8601943821
"GMST","raw",540,0.999965165352958,17595.4512116863
"GMST","raw",541,1.00002220625763,17888.98270366
"GMST","raw",542,0.99998073950466,17843.2149386025
"GMST","raw",543,0.999994881195139,18308.1554254926
"GMST","raw",544,1.00004544818205,18073.9911978758
"GMST","raw",545,1.00002009121137,17755.4066744823
"GMST","raw",546,1.00003771817519,17713.9910054712
"GMST","raw",547,1.00002176503811,18045.9091374735
"GMST","raw",548,1.00012207701562,19693.4299645487
"GMST","raw",549,1.00009822584077,19727.3420841642
"GMST","raw",550,1.00017395873366,18762.6059812072
"GMST","raw",551,1.00015721033422,18766.9074672362
"GMST","raw",552,1.00010500167529,19160.1033629627
"GMST","raw",553,1.00001451121295,19011.7941769685
"GMST","raw",554,0.999987128343559,19450.6989366983
"GMST","raw",555,1.00001789907731,19186.3467559017
"GMST","raw",556,0.9999836234256,19122.545033471
"GMST","raw",557,0.999963281641934,20394.0201195456
"GMST","raw",558,0.999968673053692,20538.6730435725
"GMST","raw",559,0.999965525529977,20342.9294236378
"GMST","raw",560,1.00003957246117,20171.3290623043
"GMST","raw",561,1.00002885254972,20656.9998281153
"GMST","raw",562,0.999949566427635,20698.2034693693
"GMST","raw",563,0.999997941809336,19627.2529007218
"GMST","raw",564,1.00004206740468,20115.9693182918
"GMST","raw",565,0.999981443812245,20369.308236943
"GMST","raw",566,1.00006983478261,20226.8379188411
"GMST","raw",567,1.00005191183511,19660.568202833
"GMST","raw",568,0.999957526382212,20711.7466684941
"GMST","raw",569,1.00004907255257,21163.8459556088
"GMST","raw",570,1.0001156601213,21606.3890068732
"GMST","raw",571,1.00011754968951,21959.05581778
"GMST","raw",572,1.00033158211701,21916.4189337362
"GMST","raw",573,1.00010608526614,21371.4361930025
"GMST","raw",574,1.00005709965396,21172.8205601554
"GMST","raw",575,0.999964443952778,20924.1707017322
"GMST","raw",576,0.999969488851905,20706.3763074744
"GMST","raw",577,1.00012561174446,21021.2265061864
"GMST","raw",578,1.00012095197683,21453.8391696728
"GMST","raw",579,1.00007205585802,21025.8096346348
"GMST","raw",580,1.00001825083455,21631.383566485
"GMST","raw",581,1.0000263068789,21377.0436485177
"GMST","raw",582,0.999980670103678,21261.3575936006
"GMST","raw",583,1.00000393754175,21068.0855342278
"GMST","raw",584,1.0001061047094,21000.4359344214
"GMST","raw",585,1.0000345148605,21074.6574793977
"GMST","raw",586,1.00002909620024,21005.166938699
"GMST","raw",587,1.00025513037055,21083.9624545579
"GMST","raw",588,1.00009202419285,20704.754587408
"GMST","raw",589,1.0000994606273,21099.6623842165
"GMST","raw",590,1.00016686705158,20892.5332547206
"GMST","raw",591,1.00007284729036,21815.9648938581
"GMST","raw",592,1.00005889253745,20940.8447002981
"GMST","raw",593,1.00009556913935,21461.8610613216
"GMST","raw",594,1.00007993411466,21168.9512520681
"GMST","raw",595,1.0000946833538,19813.2105057712
"GMST","raw",596,1.00014938793642,20523.6234700327
"GMST","raw",597,1.00027648704079,19735.7603407792
"GMST","raw",598,1.0000768339335,20158.5016230524
"GMST","raw",599,1.00001622381944,19818.6712450436
"GMST","raw",600,0.999992000984993,20026.8075536424
"GMST","raw",601,1.00007144535804,19540.2045373709
"GMST","raw",602,1.00006264882688,19753.1494748113
"GMST","raw",603,1.0000763478768,19122.7725065261
"GMST","raw",604,1.00001972769755,18744.9797647886
"GMST","raw",605,1.00005516939795,18460.3119712071
"GMST","raw",606,0.99998580908691,18243.9939609241
"GMST","raw",607,0.999999898303841,18384.3054413374
"GMST","raw",608,0.999989558071296,18006.5241638049
"GMST","raw",609,1.00012156135439,17862.7494632382
"GMST","raw",610,1.00004782316085,16862.1368401419
"GMST","raw",611,1.00008390873512,16231.7560980657
"GMST","raw",612,1.00002542922132,16386.2832322626
"GMST","raw",613,0.999980148732673,16419.8553357821
"GMST","raw",614,1.0000567393729,16059.6477867365
"GMST","raw",615,1.00002975877442,15868.4937132842
"GMST","raw",616,1.00021865265475,15895.5614689969
"GMST","raw",617,1.00025829475362,15601.0350479058
"GMST","raw",618,1.0001628224936,15197.1486084259
"GMST","raw",619,1.00022609776674,15122.6000393291
"GMST","raw",620,1.0002302956481,15315.0867743249
"GMST","raw",621,1.00011160449728,15313.1624685629
"GMST","raw",622,1.00025174608667,14771.7345277297
"GMST","raw",623,1.00014518793702,14631.0776812818
"GMST","raw",624,1.00019510393882,14292.2019298648
"GMST","raw",625,1.00012968538839,14267.5111280933
"GMST","raw",626,1.00027114790899,14229.3090215084
"GMST","raw",627,1.0002796606122,14786.7269248787
"GMST","raw",628,1.00021430649951,14664.9484232893
"GMST","raw",629,1.00009577094166,14504.6873489964
"GMST","raw",630,1.00008799301469,14171.8184414684
"GMST","raw",631,1.0001005241394,14991.1562041223
"GMST","raw",632,0.999997976532407,14903.7099529085
"GMST","raw",633,1.00011080895334,15140.7389105564
"GMST","raw",634,1.0000807056302,15024.0850111703
"GMST","raw",635,1.00004803561338,15413.634455328
"GMST","raw",636,1.00002345998016,15970.4940188638
"GMST","raw",637,1.00003479349054,15948.5767230694
"GMST","raw",638,1.00002718788676,16073.0365206809
"GMST","raw",639,1.00015494508245,16803.6199995942
"GMST","raw",640,1.00011833797751,16742.2017244026
"GMST","raw",641,1.00006485422893,17015.4500402469
"GMST","raw",642,1.00011824010701,18097.7567713112
"GMST","raw",643,1.0000791667668,18425.2282150757
"GMST","raw",644,1.00013080658892,18193.1165550801
"GMST","raw",645,1.00024792424419,18279.6631451675
"GMST","raw",646,1.00025366124135,18765.314933842
"GMST","raw",647,1.00038608151119,18202.9164150723
"GMST","raw",648,1.00038645572738,17573.0293708529
"GMST","raw",649,1.0001092194026,17850.78007196
"GMST","raw",650,1.00005589090255,18641.9757236235
"GMST","raw",651,1.00002574675263,17424.383947781
"GMST","raw",652,1.00003124915253,17498.2955301188
"GMST","raw",653,1.00011830488799,17876.0284443697
"GMST","raw",654,1.00018834971219,17196.5660915885
"GMST","raw",655,1.00027639547732,16889.3576881225
"GMST","raw",656,1.00018869703062,16916.1823341751
"GMST","raw",657,1.00022201519049,17110.3044968922
"GMST","raw",658,1.00012774443537,16986.79783397
"GMST","raw",659,1.00016292579326,18515.1315072227
"GMST","raw",660,1.00034267079625,19580.2903712387
"GMST","centered",1,1.00399166940151,8751.78437423068
"GMST","centered",2,1.00431603179555,8372.52418376251
"GMST","centered",3,1.00396929796468,8071.91671850286
"GMST","centered",4,1.00359050718796,8873.37104348037
"GMST","centered",5,1.00310936242291,9594.78655465445
"GMST","centered",6,1.00296156439452,11801.5823587668
"GMST","centered",7,1.00303749141681,13119.7305199226
"GMST","centered",8,1.00297584474063,12869.7332162664
"GMST","centered",9,1.00264469435636,12506.6428091497
"GMST","centered",10,1.0024471749875,12678.9808271096
"GMST","centered",11,1.00230089132456,13125.2919456448
"GMST","centered",12,1.00202130438565,13323.036946159
"GMST","centered",13,1.00168463858735,13464.69662294
"GMST","centered",14,1.00178411377142,13609.67802238
"GMST","centered",15,1.00144467551748,13425.6724827051
"GMST","centered",16,1.00124823518999,13311.67229757
"GMST","centered",17,1.00135692207789,13073.1301742046
"GMST","centered",18,1.00124793183995,13293.5043085308
"GMST","centered",19,1.00114958220303,13383.7338541217
"GMST","centered",20,1.0010001718139,13553.8198131583
"GMST","centered",21,1.00114085229755,14174.5466102045
"GMST","centered",22,1.00120513289083,14042.742551992
"GMST","centered",23,1.00115515264181,13844.8513449504
"GMST","centered",24,1.0011710749225,14052.6197539045
"GMST","centered",25,1.0010687452448,14545.1954136299
"GMST","centered",26,1.00096979881639,14426.7045774001
"GMST","centered",27,1.00116694290986,14595.5345018678
"GMST","centered",28,1.00112781761973,14674.9926199268
"GMST","centered",29,1.00091049606461,14593.2580615019
"GMST","centered",30,1.00085680303234,15105.3350613908
"GMST","centered",31,1.00077139879871,15161.7761537292
"GMST","centered",32,1.00087925593277,15276.6814668423
"GMST","centered",33,1.00078625128621,15391.7265862654
"GMST","centered",34,1.00073094831164,15096.5984680027
"GMST","centered",35,1.0003825137418,15960.7337378609
"GMST","centered",36,1.00041471430671,16015.4950316381
"GMST","centered",37,1.00043531733559,16325.827803365
"GMST","centered",38,1.00035248247689,16399.8042233933
"GMST","centered",39,1.00034263158713,16837.2409743654
"GMST","centered",40,1.00025498710638,16680.933894871
"GMST","centered",41,1.00024625089002,16551.5514707923
"GMST","centered",42,1.00017497971592,17074.201149058
"GMST","centered",43,1.00025743701878,16639.8238133042
"GMST","centered",44,1.00027989564326,16383.6224976645
"GMST","centered",45,1.0003663544882,17645.1558307486
"GMST","centered",46,1.00016872350977,17591.7660781421
"GMST","centered",47,1.00013185864907,17240.2418592688
"GMST","centered",48,1.00011020339243,16902.1126377256
"GMST","centered",49,1.00005264904534,17780.1806557372
"GMST","centered",50,1.00016356968471,17444.0822661457
"GMST","centered",51,1.00010572495642,17580.8774490903
"GMST","centered",52,1.00007922032427,17235.8751403274
"GMST","centered",53,1.00016122533222,17711.5848893055
"GMST","centered",54,1.00018145601583,18245.2819029194
"GMST","centered",55,1.00021682482074,17922.8307209868
"GMST","centered",56,1.00014314446226,17565.6892029105
"GMST","centered",57,1.00026524177435,17715.7622345044
"GMST","centered",58,1.00029806519996,18393.2693550211
"GMST","centered",59,1.00024046216954,18684.7908553186
"GMST","centered",60,1.00009180931479,18546.8272246351
"GMST","centered",61,1.00011224425286,19182.9961970874
"GMST","centered",62,1.00009647830051,18958.5523775897
"GMST","centered",63,1.0000788790583,19357.7905416207
"GMST","centered",64,1.0000840362548,19345.4023915607
"GMST","centered",65,1.00017604246765,18883.4442089151
"GMST","centered",66,1.00009509597431,18712.74212834
"GMST","centered",67,1.00004853143688,18977.0192677656
"GMST","centered",68,1.00011474567361,19301.7083710313
"GMST","centered",69,0.999969702470002,18297.1798094482
"GMST","centered",70,1.00000668326799,18498.4791549146
"GMST","centered",71,0.999979835661722,19589.2879842161
"GMST","centered",72,1.00006056931553,19456.9658679729
"GMST","centered",73,1.00006661550769,19559.6781503291
"GMST","centered",74,0.999962318197269,18752.2086369968
"GMST","centered",75,1.00007583735214,19132.6225520021
"GMST","centered",76,1.0000343349913,19873.9664918902
"GMST","centered",77,1.00009550033534,19362.9222593116
"GMST","centered",78,1.00005421832482,19933.237203205
"GMST","centered",79,1.00004061034806,19751.9800113671
"GMST","centered",80,1.00015691758167,19559.7034501817
"GMST","centered",81,1.00013700836961,19538.8995231643
"GMST","centered",82,1.00020956458677,19071.1534094123
"GMST","centered",83,1.00018540756707,18998.1046012813
"GMST","centered",84,1.00001707720653,18931.8252991788
"GMST","centered",85,1.00000550952819,18848.48388562
"GMST","centered",86,1.00005628163479,17742.9709307026
"GMST","centered",87,1.00016260919183,18175.3069208276
"GMST","centered",88,0.999928175829753,17559.0210819258
"GMST","centered",89,1.00000717309313,17631.4696432777
"GMST","centered",90,0.999898047255285,17282.6231448973
"GMST","centered",91,0.99989631911372,17424.1736210716
"GMST","centered",92,0.999963858318386,17329.2786568133
"GMST","centered",93,1.00004003813246,16942.1104026648
"GMST","centered",94,1.00008563585518,16596.6578439566
"GMST","centered",95,1.00002058537601,16585.3928651307
"GMST","centered",96,1.00014976466623,16875.2961757632
"GMST","centered",97,1.00010002149927,16108.9381401137
"GMST","centered",98,1.00008761416256,16415.8930841334
"GMST","centered",99,1.00017376066433,16163.8910329396
"GMST","centered",100,1.00016682220855,16186.3580572877
"GMST","centered",101,1.00019549509467,16473.4298704438
"GMST","centered",102,1.00016948617925,16649.6195833725
"GMST","centered",103,1.00018620590354,16504.6582103337
"GMST","centered",104,1.00009880173958,16207.9752277525
"GMST","centered",105,1.00019867105132,15997.7784062994
"GMST","centered",106,1.0001620726679,15714.8784478548
"GMST","centered",107,1.00008382123807,15659.3708546229
"GMST","centered",108,1.00011875387232,15585.3705153006
"GMST","centered",109,1.0000474703469,15561.0704798299
"GMST","centered",110,1.00004038492904,15703.9018667343
"GMST","centered",111,1.0002057127335,15486.0150744596
"GMST","centered",112,1.00006313089379,15718.1815351315
"GMST","centered",113,1.0000838832846,15701.837916875
"GMST","centered",114,1.00002840523713,15188.8617546543
"GMST","centered",115,1.00003831611081,15408.974315163
"GMST","centered",116,1.00013172256947,15213.8245689414
"GMST","centered",117,1.0001407920311,14634.3825286046
"GMST","centered",118,1.00015720449421,14457.1530219784
"GMST","centered",119,1.00014469378444,14575.4721574769
"GMST","centered",120,1.0001630353834,14977.3767085165
"GMST","centered",121,1.00009303257127,15119.848703633
"GMST","centered",122,1.00002142195891,14597.5067938864
"GMST","centered",123,1.00000303760446,14697.8341335497
"GMST","centered",124,0.999992060499181,14878.5565492582
"GMST","centered",125,1.0000978341267,14650.4748692552
"GMST","centered",126,1.00013093933152,14693.9880489746
"GMST","centered",127,1.00018189826704,14890.9241842635
"GMST","centered",128,1.00036734082527,14594.0551891382
"GMST","centered",129,1.00032344200331,15066.5933771258
"GMST","centered",130,1.00016484494415,15333.2171525645
"GMST","centered",131,1.0002562885311,14484.5214464905
"GMST","centered",132,1.00023739112298,14773.2143628266
"GMST","centered",133,1.00041059134292,14700.2649979016
"GMST","centered",134,1.00040752680795,15347.9231765027
"GMST","centered",135,1.00044686642573,14139.0494244614
"GMST","centered",136,1.00009014349457,15311.7046303606
"GMST","centered",137,1.00009968268437,15233.0190677131
"GMST","centered",138,1.00013647587052,14907.9849747166
"GMST","centered",139,1.00006616592088,15242.7501794203
"GMST","centered",140,1.00008973917175,15424.8368112302
"GMST","centered",141,1.00020897607554,15485.3271862665
"GMST","centered",142,1.00016497953281,15337.2596444683
"GMST","centered",143,1.00016962418346,14983.0596824543
"GMST","centered",144,1.00014522891785,15141.5037976048
"GMST","centered",145,1.00018336534684,15002.4123864855
"GMST","centered",146,1.00023479901941,14629.6957365394
"GMST","centered",147,1.00016803336597,14190.1372137165
"GMST","centered",148,1.000203217542,14793.7015397062
"GMST","centered",149,1.00015897025961,14896.5548311898
"GMST","centered",150,1.00016672575546,14986.9177963493
"GMST","centered",151,1.00013742966367,14830.5046971673
"GMST","centered",152,1.00016585378005,14961.9279401946
"GMST","centered",153,1.00018879046332,15403.038024607
"GMST","centered",154,1.00011266378299,15501.4734116002
"GMST","centered",155,1.0001421782803,15476.1564339954
"GMST","centered",156,1.00008725513022,15211.7397800516
"GMST","centered",157,1.00003985555325,14698.6627879532
"GMST","centered",158,1.00003155080809,14791.3496365318
"GMST","centered",159,1.0000025239763,15083.9847963274
"GMST","centered",160,1.00003219165482,15421.8022635573
"GMST","centered",161,0.99999454157416,15660.0902143138
"GMST","centered",162,1.00002902108156,15904.4015586629
"GMST","centered",163,1.00001615644633,15650.9986064053
"GMST","centered",164,1.00012236234684,15641.5234572056
"GMST","centered",165,0.999931510194114,15576.2740505075
"GMST","centered",166,1.00007861072156,15886.9666552202
"GMST","centered",167,0.999949140220137,15434.3275405088
"GMST","centered",168,0.999955041177754,15631.8922757754
"GMST","centered",169,0.999953786908261,15223.5574814826
"GMST","centered",170,1.00011291092234,15408.9699122865
"GMST","centered",171,1.00000901144404,15337.6093181243
"GMST","centered",172,1.00001004617481,15410.4014944191
"GMST","centered",173,0.999987391996909,15453.171992145
"GMST","centered",174,1.00005013610784,15416.4574494315
"GMST","centered",175,1.00005301194599,15379.6146413685
"GMST","centered",176,0.999999970509724,15738.6024500077
"GMST","centered",177,1.00005935032397,15368.2875780206
"GMST","centered",178,1.00011013470699,15254.0630134164
"GMST","centered",179,1.00000017042669,15489.6709228734
"GMST","centered",180,0.999994012890862,15574.410130111
"GMST","centered",181,0.999999391606096,15229.9291126066
"GMST","centered",182,1.00003493414685,15222.8565629816
"GMST","centered",183,0.999938532421297,15137.0984648692
"GMST","centered",184,1.00001257723801,15823.7353373341
"GMST","centered",185,1.00000513364777,15917.6230537615
"GMST","centered",186,0.999979182380269,15557.7197933411
"GMST","centered",187,1.00005223072708,15267.5536378359
"GMST","centered",188,1.0000542970843,15663.3241047335
"GMST","centered",189,1.00000338748323,14784.275436854
"GMST","centered",190,1.00000076741424,15049.6983457603
"GMST","centered",191,1.00006696412442,14777.1846252522
"GMST","centered",192,0.99999052620618,14925.7045075666
"GMST","centered",193,1.00007969015538,14917.4601601025
"GMST","centered",194,0.99999324494182,14960.8979179807
"GMST","centered",195,1.00011616158556,15299.8789226545
"GMST","centered",196,1.00005068974145,15067.2030176211
"GMST","centered",197,1.00008560484167,15164.8775952892
"GMST","centered",198,1.00009657607837,15945.2340951156
"GMST","centered",199,0.999992497348368,15415.9464713086
"GMST","centered",200,1.00004059540197,15586.8443052487
"GMST","centered",201,1.00000722228881,15984.9477330848
"GMST","centered",202,1.00000681131033,15625.3948800729
"GMST","centered",203,1.00001797526122,15661.6179308566
"GMST","centered",204,1.00003244568669,15938.3985144826
"GMST","centered",205,1.00000251822757,16007.1110928472
"GMST","centered",206,1.00016880666378,16562.011734958
"GMST","centered",207,1.00014520101102,15205.2313596072
"GMST","centered",208,1.00017762641972,15224.5172345368
"GMST","centered",209,1.0001528210148,15843.8492843913
"GMST","centered",210,1.00003240062846,15825.273197449
"GMST","centered",211,1.00005756522177,16255.821024238
"GMST","centered",212,1.00010176940752,16181.1186369058
"GMST","centered",213,1.00011668372633,16351.2557183321
"GMST","centered",214,1.00016446536813,16250.22775429
"GMST","centered",215,1.00015872634072,16579.0860271607
"GMST","centered",216,1.00014460107013,16987.8359135221
"GMST","centered",217,1.00011363933095,17002.4659078795
"GMST","centered",218,1.00010884755517,17032.3547859221
"GMST","centered",219,1.00021359678011,16753.866911204
"GMST","centered",220,1.00005347423587,16567.9585428744
"GMST","centered",221,1.00008311696214,16547.5175754778
"GMST","centered",222,1.00013264969572,17057.9083517153
"GMST","centered",223,0.999971404732258,17106.5140246117
"GMST","centered",224,0.999942896459465,17109.3973955842
"GMST","centered",225,0.999954998985723,17112.3486523151
"GMST","centered",226,1.00000223344493,17008.6841346113
"GMST","centered",227,1.00008866178885,16735.7163656948
"GMST","centered",228,1.00004991892594,16388.9264648225
"GMST","centered",229,1.00009452825492,16326.3381270378
"GMST","centered",230,1.00007041814049,16395.9208185358
"GMST","centered",231,1.00002615907675,16934.545826248
"GMST","centered",232,1.00010566792241,17484.3031914692
"GMST","centered",233,1.00024697067118,17102.172995952
"GMST","centered",234,1.00026697467705,17004.6669777441
"GMST","centered",235,1.00027668434172,16687.9399448226
"GMST","centered",236,1.00025259488848,16617.4046066222
"GMST","centered",237,1.00027373297779,16640.8550716959
"GMST","centered",238,1.00032555236795,17400.1573364849
"GMST","centered",239,1.00035303770347,17047.4395983729
"GMST","centered",240,1.00045962883266,17267.7849969277
"GMST","centered",241,1.00049673371445,17660.2973308385
"GMST","centered",242,1.00051136937719,17040.7843644466
"GMST","centered",243,1.0002996721837,17018.8462784313
"GMST","centered",244,1.00025272700011,17214.1466944275
"GMST","centered",245,1.0003094980117,18031.0581058958
"GMST","centered",246,1.00030112165036,18455.3835421445
"GMST","centered",247,1.00027951408289,18712.1877427087
"GMST","centered",248,1.00021344519065,18892.9485156066
"GMST","centered",249,1.00014632706307,19217.5357900253
"GMST","centered",250,1.00003882449607,18950.2388590466
"GMST","centered",251,1.00004973586413,18947.8281382617
"GMST","centered",252,1.00009583733748,18985.7713698105
"GMST","centered",253,1.00015233526909,19197.6545959435
"GMST","centered",254,1.00008786952844,19982.83669562
"GMST","centered",255,1.00000274546946,20089.4743640494
"GMST","centered",256,0.999961409986211,20512.0956032868
"GMST","centered",257,0.999977870780405,20075.8578658201
"GMST","centered",258,1.00001235855613,19781.56486788
"GMST","centered",259,1.00001674763827,20460.4802800258
"GMST","centered",260,0.999967293143906,20694.0069400971
"GMST","centered",261,1.00004479382294,21035.6916447239
"GMST","centered",262,1.0000107674691,21166.0007883202
"GMST","centered",263,1.00005532764008,21409.382835484
"GMST","centered",264,1.00012206097706,21266.895355735
"GMST","centered",265,0.99997971591237,21433.7533986985
"GMST","centered",266,1.00002139659556,20681.2324301155
"GMST","centered",267,1.0000467064508,20624.9368403501
"GMST","centered",268,1.00000448349905,21158.1723392056
"GMST","centered",269,1.00003266025649,21614.5960547545
"GMST","centered",270,1.00000247628143,22255.2590239055
"GMST","centered",271,0.999959051821019,22097.1703126006
"GMST","centered",272,1.00003849932194,22553.9126907633
"GMST","centered",273,0.999959448472837,22413.3144014304
"GMST","centered",274,0.999971090856602,22218.090160798
"GMST","centered",275,0.999910524925748,21971.390175363
"GMST","centered",276,1.00000143620467,22633.8162957611
"GMST","centered",277,0.999952614770155,22502.4025383936
"GMST","centered",278,1.00000656991442,22054.9024238213
"GMST","centered",279,1.00005700372134,22091.1578665058
"GMST","centered",280,1.00008083761126,22085.0208024912
"GMST","centered",281,1.00015544220289,21944.6693307589
"GMST","centered",282,1.00005310444799,22730.1717543668
"GMST","centered",283,1.0000955472177,21509.5609759295
"GMST","centered",284,1.00018382378501,22685.9914559198
"GMST","centered",285,1.0001900251195,22634.9377531303
"GMST","centered",286,1.00018557111078,22309.4914001721
"GMST","centered",287,1.00025655815404,22276.9314528112
"GMST","centered",288,1.00017658335955,22239.3682178085
"GMST","centered",289,1.00000904441507,22485.0484669305
"GMST","centered",290,1.00003657285402,21925.9467882237
"GMST","centered",291,1.00003853783046,21870.656075353
"GMST","centered",292,1.00003640298282,22386.5832890481
"GMST","centered",293,1.00002841285814,22034.1134570557
"GMST","centered",294,0.999928040490546,21787.9616246008
"GMST","centered",295,1.00008928997337,21525.9352031209
"GMST","centered",296,1.00003600819351,21628.2754996551
"GMST","centered",297,1.0000307831826,21328.8183163651
"GMST","centered",298,1.00002130055061,20906.9817414198
"GMST","centered",299,1.00006166324383,21419.4505395674
"GMST","centered",300,1.00000551437903,21447.9159011558
"GMST","centered",301,0.999997882672301,22260.4621138762
"GMST","centered",302,1.00005130212048,21929.3405649944
"GMST","centered",303,0.999962000552793,22418.5371923516
"GMST","centered",304,0.999972398207908,22486.6173492374
"GMST","centered",305,1.00005742461382,22175.6873895207
"GMST","centered",306,1.0000609681535,21949.5079497454
"GMST","centered",307,1.0000005400874,21919.7258456457
"GMST","centered",308,0.999945441911134,21504.6779868468
"GMST","centered",309,0.999926435520938,21323.233977465
"GMST","centered",310,0.999982965222199,21987.4741427945
"GMST","centered",311,0.999921746116611,21657.2365899104
"GMST","centered",312,0.999870383536144,22199.2166625694
"GMST","centered",313,0.999924942565877,22928.0712174846
"GMST","centered",314,0.999969831197958,21893.265825176
"GMST","centered",315,0.999946039845772,22061.1225845218
"GMST","centered",316,0.999920217776291,21747.3864320382
"GMST","centered",317,1.00000767792616,21846.4251351645
"GMST","centered",318,1.00000831555841,22240.1368222837
"GMST","centered",319,1.00016010721396,22409.6783353141
"GMST","centered",320,1.00021243851864,20814.8797237825
"GMST","centered",321,1.00018765440665,20831.1249087864
"GMST","centered",322,1.00007949078185,21206.9238225514
"GMST","centered",323,1.00005947068293,21454.5549906446
"GMST","centered",324,1.00002544120201,19910.1057657677
"GMST","centered",325,1.00016959576353,20155.2140773098
"GMST","centered",326,1.00004520858416,19687.9554298076
"GMST","centered",327,1.00003319678937,19756.6399890245
"GMST","centered",328,1.00004574814349,21019.1554241932
"GMST","centered",329,1.00007724827378,20746.6463776421
"GMST","centered",330,1.00003061130073,20654.9050794257
"GMST","centered",331,1.00001604234351,20354.4685747758
"GMST","centered",332,0.999951517656354,20586.1980087463
"GMST","centered",333,0.999959379508371,21087.1578851844
"GMST","centered",334,0.999959825174316,21024.624621056
"GMST","centered",335,1.00001722208794,21153.4819376277
"GMST","centered",336,1.00001509656487,21256.4370218454
"GMST","centered",337,1.00000213599145,21200.9298260466
"GMST","centered",338,0.999988445103141,20876.1609009534
"GMST","centered",339,0.999950268914376,20653.6061866371
"GMST","centered",340,1.00008008534975,19928.0640995512
"GMST","centered",341,0.999970914856306,20509.7645554848
"GMST","centered",342,0.999908892941022,20229.8766318584
"GMST","centered",343,0.999940013024346,20234.3307887134
"GMST","centered",344,0.999950338673537,20394.2476929987
"GMST","centered",345,1.00005431482576,21071.4145599499
"GMST","centered",346,1.00002759663885,21194.5014498363
"GMST","centered",347,1.0000584780163,20846.3946817017
"GMST","centered",348,0.999981378862137,21441.4367326904
"GMST","centered",349,0.999972387483793,21600.466557404
"GMST","centered",350,1.00001858266,21434.1275395764
"GMST","centered",351,1.00002234153914,21502.1379450079
"GMST","centered",352,1.00008836628939,21362.1024101217
"GMST","centered",353,0.999939196446357,21359.2178060672
"GMST","centered",354,0.999967999070173,21577.4243113793
"GMST","centered",355,0.99994082056765,21719.7573881915
"GMST","centered",356,0.999954467144366,20829.3621380159
"GMST","centered",357,0.99999813281834,21169.7492348747
"GMST","centered",358,1.00002599888834,21290.3051981841
"GMST","centered",359,1.00001803511755,21612.7824726199
"GMST","centered",360,1.0000276354841,21713.1219587936
"GMST","centered",361,1.00004190002379,21397.3927116173
"GMST","centered",362,0.999993413746684,21469.3852003328
"GMST","centered",363,0.999976614194143,21606.4612832364
"GMST","centered",364,1.00000104045098,20883.9908838677
"GMST","centered",365,0.99998667193613,21691.13513945
"GMST","centered",366,0.999988895834329,20983.4485113738
"GMST","centered",367,1.00002165654112,20080.8341553033
"GMST","centered",368,1.00000912082911,19579.8786391919
"GMST","centered",369,0.99997873633078,19817.6907070213
"GMST","centered",370,1.00006705813143,19714.0682679396
"GMST","centered",371,1.00020980210404,20507.1585310647
"GMST","centered",372,1.00014047254635,20113.0693904979
"GMST","centered",373,1.00006051289441,20016.2521512109
"GMST","centered",374,1.00006282261551,20680.0332031326
"GMST","centered",375,1.00001332319192,21228.5954278936
"GMST","centered",376,0.999983757305676,20570.797258329
"GMST","centered",377,0.999980533843051,20718.586624142
"GMST","centered",378,0.999981827961765,20123.7963994851
"GMST","centered",379,0.999975532299917,20735.9820234669
"GMST","centered",380,1.000135165097,20906.1465918355
"GMST","centered",381,0.999975585480724,20716.3248907205
"GMST","centered",382,0.999960687167491,20746.0520378735
"GMST","centered",383,0.999926486288067,20406.8839604968
"GMST","centered",384,0.999966740512599,20117.1523610226
"GMST","centered",385,0.99998613104146,19960.919323998
"GMST","centered",386,1.00004256451471,21246.4531040537
"GMST","centered",387,1.00005631921713,21582.3602049457
"GMST","centered",388,1.00019489218514,21178.5120655078
"GMST","centered",389,1.00018085366858,21177.6468576323
"GMST","centered",390,1.0001442445704,21992.0957483048
"GMST","centered",391,1.00011563335257,21348.0719591163
"GMST","centered",392,1.00002001031843,21863.3325408501
"GMST","centered",393,0.999979489164373,21661.8729523688
"GMST","centered",394,0.999988651476096,21558.075220535
"GMST","centered",395,1.00012411366114,22280.5096620431
"GMST","centered",396,1.00019081658775,22330.2011038377
"GMST","centered",397,1.00019016562442,22108.5111626607
"GMST","centered",398,1.00017408228499,22277.7147200417
"GMST","centered",399,1.00000168608203,21545.821188805
"GMST","centered",400,1.00000048922062,21840.0437204402
"GMST","centered",401,0.999993888005706,21908.4428687086
"GMST","centered",402,0.999949484448939,22008.1543949766
"GMST","centered",403,0.999983965545239,21769.8507655881
"GMST","centered",404,0.999919622425898,21819.810546941
"GMST","centered",405,1.00001629058591,20646.5651440238
"GMST","centered",406,1.00008688260838,20997.4832992082
"GMST","centered",407,1.00011308672328,21510.2755752102
"GMST","centered",408,1.00010521761205,21774.7318304641
"GMST","centered",409,1.00014896751414,20618.8017336637
"GMST","centered",410,1.00009324826663,22006.2937121731
"GMST","centered",411,1.00002420795461,22103.7751737614
"GMST","centered",412,1.00007026598383,21798.9987744397
"GMST","centered",413,1.00012254556633,21301.8237262566
"GMST","centered",414,1.00008511885765,21626.1681110971
"GMST","centered",415,1.00010384680896,21719.6251493978
"GMST","centered",416,1.00015383117939,21404.4979146627
"GMST","centered",417,1.0001570232202,20612.2286631554
"GMST","centered",418,1.00016196105058,20473.9067981739
"GMST","centered",419,1.00018481921104,20322.0866277099
"GMST","centered",420,1.00042522703219,20220.4831034991
"GMST","centered",421,1.00035408343644,20123.7026510585
"GMST","centered",422,1.00014255720143,20037.3987326055
"GMST","centered",423,1.00012440345312,19821.6204775319
"GMST","centered",424,1.00012277973163,20531.0475188772
"GMST","centered",425,1.0002138794382,19728.7430901046
"GMST","centered",426,1.00011228695825,20148.929892295
"GMST","centered",427,1.00006501962879,20493.6733837717
"GMST","centered",428,1.00009078517559,20314.7392712486
"GMST","centered",429,1.00008212640238,19760.6410901027
"GMST","centered",430,1.00010506775591,19342.9542198794
"GMST","centered",431,1.00016473974841,20031.0749835342
"GMST","centered",432,1.00026078405905,19796.1190598939
"GMST","centered",433,1.00031413731853,20870.8179607484
"GMST","centered",434,1.00021198396212,20047.1543758411
"GMST","centered",435,1.00021408768799,19817.1814611887
"GMST","centered",436,1.00020673690038,19884.3428529093
"GMST","centered",437,1.00010848489949,19703.6888150253
"GMST","centered",438,1.00013978330097,19844.2221091622
"GMST","centered",439,1.0001102803989,19743.6388872981
"GMST","centered",440,1.00012462647231,19374.8016267621
"GMST","centered",441,1.00014561016705,19202.0381169951
"GMST","centered",442,1.00018614734401,19045.7605872773
"GMST","centered",443,1.00010396597389,19165.7202314135
"GMST","centered",444,1.00006960480746,19860.8296709138
"GMST","centered",445,1.00003387822896,19786.3720524641
"GMST","centered",446,1.00001099895558,19626.588332736
"GMST","centered",447,1.00003711425848,20315.9172720275
"GMST","centered",448,0.999999045052299,19986.0776546509
"GMST","centered",449,1.00000513617026,19844.2526558824
"GMST","centered",450,1.00000437948235,19747.5181092137
"GMST","centered",451,1.00011982344594,20243.1344222907
"GMST","centered",452,1.00025523913448,19935.5371307576
"GMST","centered",453,1.00025605934336,20028.8789692205
"GMST","centered",454,1.00009273832158,19977.821220759
"GMST","centered",455,1.00007949707565,19993.7563866229
"GMST","centered",456,1.00004121362267,19942.1411018095
"GMST","centered",457,1.00006785050502,19750.2074182703
"GMST","centered",458,1.00003900086167,18790.370978873
"GMST","centered",459,0.999995410146345,18876.1748312703
"GMST","centered",460,1.00005201256566,19577.8875317927
"GMST","centered",461,1.00011385169524,19523.9781529708
"GMST","centered",462,1.00003210586927,18799.3079632372
"GMST","centered",463,1.00028154002088,18903.1127342236
"GMST","centered",464,1.00012325451897,18843.993986175
"GMST","centered",465,1.0001045112366,19138.6284533064
"GMST","centered",466,1.00008572361812,18368.2157988551
"GMST","centered",467,1.00002547728068,18769.5725641586
"GMST","centered",468,1.0000385241921,18707.4097643091
"GMST","centered",469,1.00004672378631,19008.5495581605
"GMST","centered",470,1.00008164552287,19134.4120906561
"GMST","centered",471,1.00006572602421,18907.7623477666
"GMST","centered",472,1.00009348302966,19162.4776797422
"GMST","centered",473,1.00024725395835,19530.5465807909
"GMST","centered",474,1.00022971736541,19593.5179133715
"GMST","centered",475,1.00026325495882,19246.7341869206
"GMST","centered",476,1.0003765240408,19052.8173412361
"GMST","centered",477,1.00036291618014,18756.5165642511
"GMST","centered",478,1.00041717062885,19191.9907967575
"GMST","centered",479,1.00030035664576,19563.7312677855
"GMST","centered",480,1.00037028134329,19336.0925692247
"GMST","centered",481,1.0003100690261,19115.9871351197
"GMST","centered",482,1.00034523705953,19262.676771922
"GMST","centered",483,1.00024360143392,19486.3705633046
"GMST","centered",484,1.00017534548165,19604.7009084577
"GMST","centered",485,1.0000086762796,19672.1082566078
"GMST","centered",486,1.00001543769989,19553.3693863025
"GMST","centered",487,1.00000580119576,19500.6622760919
"GMST","centered",488,1.00005478091583,19193.8478560155
"GMST","centered",489,1.00003854276394,18956.0545806196
"GMST","centered",490,1.0000330713631,19354.2132787972
"GMST","centered",491,0.99999713888066,18907.7505239022
"GMST","centered",492,1.00001891621458,18895.9370870533
"GMST","centered",493,1.00000411287847,18652.5967410497
"GMST","centered",494,1.00015251871348,18759.9710467147
"GMST","centered",495,1.000107235586,18464.3551344339
"GMST","centered",496,1.00017107329771,19113.5638558489
"GMST","centered",497,1.00005915875145,18582.6750802731
"GMST","centered",498,0.999971492283375,18295.6067275171
"GMST","centered",499,0.999978279184782,17721.96746689
"GMST","centered",500,0.999937103152453,18093.098702931
"GMST","centered",501,0.999927887566974,17771.5062908423
"GMST","centered",502,0.999931724466709,17591.4723672004
"GMST","centered",503,0.999957701985995,17812.171480263
"GMST","centered",504,0.999972236527231,17420.8499002929
"GMST","centered",505,0.999966720476334,16755.6208355691
"GMST","centered",506,1.00001756439206,16853.5236157267
"GMST","centered",507,0.999974614270891,16701.8180822398
"GMST","centered",508,1.00004998680902,17233.2522412387
"GMST","centered",509,1.00004777007378,16732.1974877735
"GMST","centered",510,1.0000901828943,16523.4875990091
"GMST","centered",511,1.00008685904565,16508.6109241136
"GMST","centered",512,0.999996215652324,16829.5427375717
"GMST","centered",513,1.00002183062153,15922.1200906288
"GMST","centered",514,1.00020981286819,15939.4838831307
"GMST","centered",515,1.000084769768,16070.4996359003
"GMST","centered",516,1.0001054040332,15825.9981236568
"GMST","centered",517,1.00009993342682,15765.8607162872
"GMST","centered",518,1.0001889012965,15670.4341536039
"GMST","centered",519,1.00015830025686,15952.5826152408
"GMST","centered",520,1.00012003489053,15983.3267885255
"GMST","centered",521,1.00014511200049,16493.5316878259
"GMST","centered",522,1.00015768145899,16993.9047260719
"GMST","centered",523,1.00012008976821,16647.5427794585
"GMST","centered",524,1.00004920864277,16518.2435802422
"GMST","centered",525,1.00010156990463,16904.0394643297
"GMST","centered",526,1.00015367535817,16296.0693880788
"GMST","centered",527,1.00018813566413,16583.0427791725
"GMST","centered",528,1.00018649961333,17062.9704589662
"GMST","centered",529,1.00032603769578,16629.5842762454
"GMST","centered",530,1.00034156437253,16225.9708158184
"GMST","centered",531,1.00024691047599,17071.5959657901
"GMST","centered",532,1.00015211497574,17153.7091620009
"GMST","centered",533,1.00004708520557,16876.7287864998
"GMST","centered",534,1.0000241356867,17408.0787106611
"GMST","centered",535,0.999994492268649,16815.1403158257
"GMST","centered",536,0.999995193640766,16835.8629611057
"GMST","centered",537,1.0001305664237,17011.0049825721
"GMST","centered",538,1.00004949448737,16805.1654368868
"GMST","centered",539,1.00005812938872,17560.60662099
"GMST","centered",540,1.00008625516136,17896.9829657924
"GMST","centered",541,1.0001245942547,17885.8761674738
"GMST","centered",542,1.00006123696295,18229.583434469
"GMST","centered",543,1.0000419165252,18489.7773821222
"GMST","centered",544,1.00015495593175,17981.29055734
"GMST","centered",545,1.00008925152392,18053.9277459287
"GMST","centered",546,1.00013107775373,17919.7054268081
"GMST","centered",547,1.00006591343329,17985.1763189902
"GMST","centered",548,1.00018356379231,19665.7488328628
"GMST","centered",549,1.00010018205663,18931.955993031
"GMST","centered",550,1.00016664747009,18441.6600467377
"GMST","centered",551,1.00024471618626,18925.7056879112
"GMST","centered",552,1.00012847733427,19064.3567813074
"GMST","centered",553,1.00009360763059,18865.4363808894
"GMST","centered",554,0.999975132930572,19179.1974701389
"GMST","centered",555,0.999960304893658,18782.5888994193
"GMST","centered",556,1.00003420159404,18799.1522923487
"GMST","centered",557,1.00000712403132,19773.4480484609
"GMST","centered",558,1.00002292902068,19432.1138344864
"GMST","centered",559,0.999997008684922,19630.9703044743
"GMST","centered",560,1.00001678609389,19715.147000289
"GMST","centered",561,1.00000452671571,19240.8042360232
"GMST","centered",562,0.999957495678967,19264.2019349173
"GMST","centered",563,0.999969769723145,18871.1740880619
"GMST","centered",564,1.00000942801508,18607.8245024311
"GMST","centered",565,0.999955126214155,18425.1060213349
"GMST","centered",566,0.999992999959138,18553.5722398671
"GMST","centered",567,1.00001314321163,18826.4773914954
"GMST","centered",568,0.999957360725507,19475.3737157247
"GMST","centered",569,1.00006380453342,19128.3201106002
"GMST","centered",570,1.00004685874206,19894.907415484
"GMST","centered",571,1.00008880913884,19968.643596839
"GMST","centered",572,1.00017950025191,19567.2635310056
"GMST","centered",573,1.00018524823396,18954.2929513647
"GMST","centered",574,1.00008748890261,18734.2504377052
"GMST","centered",575,1.00003484192441,19210.5360125794
"GMST","centered",576,1.00007287654149,18542.6023012211
"GMST","centered",577,1.00006780922502,19432.7413517387
"GMST","centered",578,1.00021257454544,19400.68845579
"GMST","centered",579,1.0002143008226,19274.1049254323
"GMST","centered",580,1.00021387568704,19302.0875763488
"GMST","centered",581,1.00026648912634,19378.2119998834
"GMST","centered",582,1.00015617173915,19593.7044458203
"GMST","centered",583,1.00011397658249,19570.4871553677
"GMST","centered",584,1.00016972880776,19707.8345306523
"GMST","centered",585,1.00020718921909,19143.047770191
"GMST","centered",586,1.00014968375892,19403.0582260527
"GMST","centered",587,1.00027038292551,19506.4255301087
"GMST","centered",588,1.00010848789185,19309.7907081116
"GMST","centered",589,1.0001003699351,20039.2559201613
"GMST","centered",590,1.00026212907715,19366.4278346666
"GMST","centered",591,1.00020931123966,19948.3444231111
"GMST","centered",592,1.0002083315546,18587.811974739
"GMST","centered",593,1.00020930116625,18712.9461364515
"GMST","centered",594,1.00018305690394,19652.2030894344
"GMST","centered",595,1.00020603792856,18474.7766675969
"GMST","centered",596,1.00034926260047,18541.5850172007
"GMST","centered",597,1.00054971322644,17772.2717897908
"GMST","centered",598,1.00023470065156,17133.8333297148
"GMST","centered",599,1.0001464866942,17405.7860035095
"GMST","centered",600,1.00006216816406,18302.6152521274
"GMST","centered",601,1.00010562750772,17767.4314647364
"GMST","centered",602,1.00010632250824,18053.2063656023
"GMST","centered",603,1.00015959616519,18420.305489455
"GMST","centered",604,1.00006627800971,17711.7405818869
"GMST","centered",605,1.00014599951285,17330.5634127727
"GMST","centered",606,1.00005640304556,17375.5733005218
"GMST","centered",607,0.999992854758497,17877.7125534979
"GMST","centered",608,0.999977106416614,17201.4228877326
"GMST","centered",609,1.00005489880297,16897.3397238517
"GMST","centered",610,1.0000428718136,16197.4580289553
"GMST","centered",611,1.00006739953018,15712.1441906158
"GMST","centered",612,1.0000604290292,15461.2821362893
"GMST","centered",613,1.00000663881775,15874.3439351951
"GMST","centered",614,1.00014688592028,15381.7636330975
"GMST","centered",615,1.00009859367818,14925.8437827177
"GMST","centered",616,1.00023798049388,14834.379189822
"GMST","centered",617,1.00027401370742,14995.2261802266
"GMST","centered",618,1.00020376564586,14828.4568383742
"GMST","centered",619,1.00032437389463,14680.9834739148
"GMST","centered",620,1.00027876546599,15006.917238273
"GMST","centered",621,1.00016911674707,14922.4050440569
"GMST","centered",622,1.00025342069515,14389.8959751826
"GMST","centered",623,1.00010786410922,14233.3776328044
"GMST","centered",624,1.00011426396726,13777.2344637934
"GMST","centered",625,1.00003331683025,13798.0206351089
"GMST","centered",626,1.00021714044613,14024.4363012431
"GMST","centered",627,1.00020951060344,14339.5474146204
"GMST","centered",628,1.00009423831517,14417.822340821
"GMST","centered",629,1.00000661318149,13557.9643869307
"GMST","centered",630,1.00002643393231,13832.3018902007
"GMST","centered",631,1.0000569597666,14154.7133536123
"GMST","centered",632,0.99999625772907,14832.8070290197
"GMST","centered",633,1.00007814271379,14763.0389966465
"GMST","centered",634,1.00004020547967,14652.897755732
"GMST","centered",635,0.999994514704558,15271.748173784
"GMST","centered",636,0.999989144638668,15685.1650905227
"GMST","centered",637,0.999980085463117,15689.4763178149
"GMST","centered",638,1.00011778404729,15507.1086920072
"GMST","centered",639,1.00032062362997,15652.1735612187
"GMST","centered",640,1.00026196563736,16006.0291450663
"GMST","centered",641,1.0001566063269,16039.2923546509
"GMST","centered",642,1.00026052276692,17233.1649160026
"GMST","centered",643,1.00027347666256,16789.3630996913
"GMST","centered",644,1.00039053306674,17361.8238204025
"GMST","centered",645,1.00039862929064,17295.1930339277
"GMST","centered",646,1.00032776159864,17894.1927441459
"GMST","centered",647,1.00047487650546,17106.2533129364
"GMST","centered",648,1.00050189981666,17186.5101018593
"GMST","centered",649,1.00022557467766,16821.8482381352
"GMST","centered",650,1.00009213736147,17163.7114143024
"GMST","centered",651,1.00006700325126,16970.7435571462
"GMST","centered",652,1.00009535645124,16384.8332740963
"GMST","centered",653,1.00022326939595,16784.9386308816
"GMST","centered",654,1.00028798058172,16130.6042620011
"GMST","centered",655,1.00021592427777,16056.4496459686
"GMST","centered",656,1.00013724816285,16541.8517956388
"GMST","centered",657,1.00021516358,16738.3743733034
"GMST","centered",658,1.00018085608096,17174.4943720782
"GMST","centered",659,1.00022703813842,17551.9404454318
"GMST","centered",660,1.0002194915707,18425.1561357622
"GMST","first_difference",1,0.999957952711821,24000
"GMST","first_difference",2,1.0000435602001,23715.8753966118
"GMST","first_difference",3,1.0001487785034,24000
"GMST","first_difference",4,1.00011309802908,23610.2656684478
"GMST","first_difference",5,1.00002534584036,24000
"GMST","first_difference",6,1.00007969730068,23771.2602462094
"GMST","first_difference",7,1.00005413173294,23531.5476690834
"GMST","first_difference",8,1.00002196672001,23688.9014074205
"GMST","first_difference",9,0.999987034215146,23740.3483302809
"GMST","first_difference",10,1.00007682082756,23867.9460993593
"GMST","first_difference",11,1.00015303756566,23472.4263270294
"GMST","first_difference",12,0.999977731162285,24000
"GMST","first_difference",13,1.000047496948,23558.1163853234
"GMST","first_difference",14,1.00015106215164,22777.1165958649
"GMST","first_difference",15,1.00003511595437,23453.4352210664
"GMST","first_difference",16,1.0000814181715,23512.524667602
"GMST","first_difference",17,0.999995748737803,23569.9344164066
"GMST","first_difference",18,0.999986921557269,23765.6907369304
"GMST","first_difference",19,1.00019840511191,24000
"GMST","first_difference",20,1.00007263163455,23743.0391847641
"GMST","first_difference",21,0.999920421885882,24068.5596142234
"GMST","first_difference",22,0.999952011436893,24341.5045531454
"GMST","first_difference",23,1.00013397482492,24000
"GMST","first_difference",24,1.00004199929669,24250.7349523063
"GMST","first_difference",25,0.999932809073262,23917.4692283228
"GMST","first_difference",26,1.00018907060133,25162.8035440585
"GMST","first_difference",27,1.00014619687394,23194.4593703436
"GMST","first_difference",28,1.00006824714775,24000
"GMST","first_difference",29,1.00007671981424,24000
"GMST","first_difference",30,0.999904444337735,24000
"GMST","first_difference",31,1.00015123440397,24520.8639036669
"GMST","first_difference",32,1.00004031297839,24350.2494859213
"GMST","first_difference",33,1.00002151926206,24000
"GMST","first_difference",34,1.00025703846217,24406.9093691288
"GMST","first_difference",35,0.999953163828541,23725.2617167614
"GMST","first_difference",36,0.999995358318587,24613.7564880412
"GMST","first_difference",37,1.00010730555381,24292.9822554316
"GMST","first_difference",38,1.00002114826958,23571.4874921555
"GMST","first_difference",39,1.00004309642973,24494.757118606
"GMST","first_difference",40,1.00003558680351,24249.8750078011
"GMST","first_difference",41,1.00008128072134,25331.4731053222
"GMST","first_difference",42,1.00008640184525,23710.4304295849
"GMST","first_difference",43,1.00006258384586,24299.181447323
"GMST","first_difference",44,0.999980283509137,24000
"GMST","first_difference",45,1.00021886148207,23689.3515710144
"GMST","first_difference",46,1.00018799180693,23354.0364122173
"GMST","first_difference",47,1.00000855318989,23435.0238908451
"GMST","first_difference",48,1.00008966081124,23574.7459141331
"GMST","first_difference",49,1.0001105921257,24000
"GMST","first_difference",50,0.999938768766925,24000
"GMST","first_difference",51,1.00003066157899,24400.3380267428
"GMST","first_difference",52,1.00002443707976,25155.7383835546
"GMST","first_difference",53,0.99998588564546,24380.5227243115
"GMST","first_difference",54,0.999990787091069,23781.7171463524
"GMST","first_difference",55,1.00005501159688,23917.005923709
"GMST","first_difference",56,1.00020381563144,23648.3963691342
"GMST","first_difference",57,1.00002601324047,24422.2131313367
"GMST","first_difference",58,1.00014740584672,24408.769320527
"GMST","first_difference",59,1.0000253638639,24000
"GMST","first_difference",60,1.00001243941595,24000
"GMST","first_difference",61,1.00001566447517,24000
"GMST","first_difference",62,1.00020930723221,24001.2506227191
"GMST","first_difference",63,1.00015322130493,24000
"GMST","first_difference",64,0.999958036328325,24345.8651737172
"GMST","first_difference",65,1.00001565832771,23036.6222075677
"GMST","first_difference",66,1.00014151149446,23165.4202689764
"GMST","first_difference",67,1.00013069171095,24000
"GMST","first_difference",68,1.00005922932295,24000
"GMST","first_difference",69,1.00004120055337,24617.7881543978
"GMST","first_difference",70,1.0000002493571,24225.9536426633
"GMST","first_difference",71,1.00021834346521,24440.6993790254
"GMST","first_difference",72,1.00025448181853,24000
"GMST","first_difference",73,0.999963081478132,24250.5997587608
"GMST","first_difference",74,1.00011344479028,24145.6332243038
"GMST","first_difference",75,1.00003005149661,24000
"GMST","first_difference",76,1.00003988747305,23952.8256787904
"GMST","first_difference",77,1.00014012858893,24769.2656396722
"GMST","first_difference",78,0.99998343141188,24336.3524615297
"GMST","first_difference",79,1.00009915027199,24348.5492250322
"GMST","first_difference",80,0.999998521715889,23795.9615818133
"GMST","first_difference",81,1.00018420670954,24262.3451758145
"GMST","first_difference",82,1.00000758753808,24000
"GMST","first_difference",83,1.00006892671656,24000
"GMST","first_difference",84,1.00017687765024,23518.7269762058
"GMST","first_difference",85,1.00031593656307,24000
"GMST","first_difference",86,0.999947939813766,24000
"GMST","first_difference",87,0.999895057204221,24000
"GMST","first_difference",88,1.0000972700081,24000
"GMST","first_difference",89,1.00008326219446,24000
"GMST","first_difference",90,1.00002676982502,24000
"GMST","first_difference",91,1.00008189055433,24000
"GMST","first_difference",92,0.999971125773248,23739.0146181635
"GMST","first_difference",93,1.00011703576573,24329.9747693849
"GMST","first_difference",94,1.00000821852103,24785.9378710168
"GMST","first_difference",95,1.00003878781904,24197.1925693068
"GMST","first_difference",96,1.0000200298942,22639.7753162646
"GMST","first_difference",97,0.999969073152508,24412.7940533984
"GMST","first_difference",98,0.999942656458819,24245.9945305731
"GMST","first_difference",99,1.00006524958129,23656.6934885405
"GMST","first_difference",100,1.0000928359636,24000
"GMST","first_difference",101,1.00010533456604,23433.8709307874
"GMST","first_difference",102,0.999977610823089,24000
"GMST","first_difference",103,1.00002316159174,23336.702741225
"GMST","first_difference",104,1.00008554903647,23736.006452243
"GMST","first_difference",105,0.999965136735786,23724.4917389435
"GMST","first_difference",106,1.0000838978753,24414.5553360093
"GMST","first_difference",107,0.999992349773367,23714.4155676652
"GMST","first_difference",108,1.00009264081161,23596.8905808075
"GMST","first_difference",109,0.999906015813334,24014.3432539258
"GMST","first_difference",110,1.00011347797018,24254.2286880246
"GMST","first_difference",111,1.00024935523735,24292.3264813966
"GMST","first_difference",112,1.00029323192796,24000
"GMST","first_difference",113,0.999951103716148,23149.8503733274
"GMST","first_difference",114,1.00002867415957,23732.2845961058
"GMST","first_difference",115,0.999922451022196,24229.9889003819
"GMST","first_difference",116,1.00016168331053,23179.8157175561
"GMST","first_difference",117,0.999988213379821,23655.5688674867
"GMST","first_difference",118,1.00004680921187,26027.466379747
"GMST","first_difference",119,0.999984321903732,23329.2844676117
"GMST","first_difference",120,1.00008532871982,23747.5113849541
"GMST","first_difference",121,1.00016739130168,23773.4385650733
"GMST","first_difference",122,0.999915515394744,24000
"GMST","first_difference",123,0.999988315219321,24143.9039160254
"GMST","first_difference",124,0.999947279166937,23723.2822557937
"GMST","first_difference",125,0.999987797432453,24631.7344644605
"GMST","first_difference",126,0.99997235524846,23921.8843815115
"GMST","first_difference",127,1.00001141687007,24000
"GMST","first_difference",128,1.00002399277073,23055.4148271729
"GMST","first_difference",129,0.999953050550404,24235.8926043541
"GMST","first_difference",130,0.999930790111692,23682.213895762
"GMST","first_difference",131,0.999937092864973,23757.195579111
"GMST","first_difference",132,1.00025008649726,24000
"GMST","first_difference",133,0.99996122796766,24023.4322012104
"GMST","first_difference",134,0.999964754216471,23461.1509046149
"GMST","first_difference",135,0.999993848916553,23764.5967412329
"GMST","first_difference",136,1.00003349253953,24067.6820076024
"GMST","first_difference",137,0.999975672076216,24742.3152790233
"GMST","first_difference",138,1.00015591921097,23506.2555530266
"GMST","first_difference",139,1.00001810702816,23488.1614077797
"GMST","first_difference",140,1.00005089365223,24000
"GMST","first_difference",141,0.999961079297251,23337.3975811559
"GMST","first_difference",142,0.999962084708303,24000
"GMST","first_difference",143,1.00006976508851,23029.7945022265
"GMST","first_difference",144,1.0002844965826,23332.1623013047
"GMST","first_difference",145,0.999885560782336,24977.4550924026
"GMST","first_difference",146,1.00016911028355,22577.8316178019
"GMST","first_difference",147,1.00002527191111,24000
"GMST","first_difference",148,1.00016263208907,23944.4092543406
"GMST","first_difference",149,0.999951379667473,23184.8188637633
"GMST","first_difference",150,1.0000478470695,24275.6152763937
"GMST","first_difference",151,0.99994203753912,24210.1425690308
"GMST","first_difference",152,1.00015430020973,24016.8561606882
"GMST","first_difference",153,0.999956528490071,23779.0687972118
"GMST","first_difference",154,1.00003479358859,23768.4240508812
"GMST","first_difference",155,1.00009998206917,24038.4767050977
"GMST","first_difference",156,1.00010437974282,23712.8069155505
"GMST","first_difference",157,0.999990521863553,24377.3792888511
"GMST","first_difference",158,1.00007882898046,23920.5738509127
"GMST","first_difference",159,0.99999610982912,24000
"GMST","first_difference",160,1.00002269197752,22746.6542125405
"GMST","first_difference",161,1.00007496041056,23766.7309889698
"GMST","first_difference",162,0.999961428506266,23343.1455255608
"GMST","first_difference",163,0.999930402923142,23699.2572435316
"GMST","first_difference",164,1.0000028522228,23441.1440107888
"GMST","first_difference",165,1.00000639394931,23733.9050148908
"GMST","first_difference",166,0.999959145530674,24304.5650747482
"GMST","first_difference",167,0.999983022841488,24000
"GMST","first_difference",168,0.999998227855353,24468.3557863462
"GMST","first_difference",169,1.00001685824667,24205.9207326587
"GMST","first_difference",170,1.00011852754239,23982.4170726825
"GMST","first_difference",171,1.00000341177847,23999.9999999999
"GMST","first_difference",172,1.00004757190251,23264.4766054451
"GMST","first_difference",173,1.00001303876543,23843.1673130238
"GMST","first_difference",174,1.00011491648569,24000
"GMST","first_difference",175,1.00002450446461,23660.850241337
"GMST","first_difference",176,1.00005669615323,23109.3572681559
"GMST","first_difference",177,1.00007590474373,23494.8396020295
"GMST","first_difference",178,1.00013429778379,23045.2284418828
"GMST","first_difference",179,1.00028285095851,24000
"GMST","first_difference",180,1.00023806964491,24000
"GMST","first_difference",181,1.00009361116387,25037.1597804792
"GMST","first_difference",182,1.00000505914371,23465.3586846257
"GMST","first_difference",183,1.00011146762532,23863.2340531142
"GMST","first_difference",184,1.00021317507846,23702.8841951374
"GMST","first_difference",185,1.00007744096906,23721.1411211318
"GMST","first_difference",186,1.00014855008071,24000
"GMST","first_difference",187,0.999959041523341,24000
"GMST","first_difference",188,1.00002984210382,24689.9622243683
"GMST","first_difference",189,1.0000779043003,24000
"GMST","first_difference",190,1.00009751772931,23118.1674817917
"GMST","first_difference",191,0.99995226325611,23808.7706988783
"GMST","first_difference",192,0.999970107354975,24275.1304916804
"GMST","first_difference",193,1.00004585995382,23509.1133977358
"GMST","first_difference",194,1.00002310487585,24000
"GMST","first_difference",195,0.999922281765777,24000.0000000001
"GMST","first_difference",196,1.00013392621832,24590.9854744568
"GMST","first_difference",197,1.00008826518196,23767.2028868084
"GMST","first_difference",198,1.00010697577489,23183.2180097084
"GMST","first_difference",199,1.00002684077249,24521.3900004664
"GMST","first_difference",200,1.00011894320444,24233.0496050665
"GMST","first_difference",201,1.00012410679311,24117.6821796117
"GMST","first_difference",202,1.00001184425437,24000
"GMST","first_difference",203,0.999979361850355,24286.3383406189
"GMST","first_difference",204,1.00008155688208,24000
"GMST","first_difference",205,1.0001312610064,23975.8213409428
"GMST","first_difference",206,0.999980776580903,24000
"GMST","first_difference",207,0.999989186477733,23164.5868573501
"GMST","first_difference",208,0.999932409197773,23722.8489664529
"GMST","first_difference",209,1.00011807262464,24256.3281729835
"GMST","first_difference",210,0.99992131386325,24718.6629744455
"GMST","first_difference",211,1.00003568100855,23808.2235817186
"GMST","first_difference",212,1.00032135341031,23800.6226454334
"GMST","first_difference",213,1.00006464501998,23809.8170953465
"GMST","first_difference",214,1.00003809607214,24119.3834505922
"GMST","first_difference",215,1.00008518489451,23655.0517076013
"GMST","first_difference",216,1.00006735662789,23741.3975889372
"GMST","first_difference",217,0.999995258044529,23624.4243122811
"GMST","first_difference",218,0.99991652461267,24218.7460208945
"GMST","first_difference",219,1.00014384732051,24883.1345602664
"GMST","first_difference",220,1.00018354964849,23592.5535673047
"GMST","first_difference",221,1.00007899947624,24144.838607752
"GMST","first_difference",222,1.00003522638709,24579.6940281587
"GMST","first_difference",223,1.00003228516601,23575.8309693891
"GMST","first_difference",224,1.00014373798449,24359.501708841
"GMST","first_difference",225,1.00009076247184,23515.7193385675
"GMST","first_difference",226,1.00008200322264,24000
"GMST","first_difference",227,1.00003937112579,24155.9644354538
"GMST","first_difference",228,1.00010888630506,24000
"GMST","first_difference",229,1.00017994753576,24000
"GMST","first_difference",230,0.999990256631356,23214.0796903877
"GMST","first_difference",231,1.00010500603551,24334.4655590914
"GMST","first_difference",232,1.00016203055794,24000
"GMST","first_difference",233,0.999996390868733,22447.8467468975
"GMST","first_difference",234,0.999972562793606,24292.2647483149
"GMST","first_difference",235,0.999996636394585,23909.5699136374
"GMST","first_difference",236,1.00005759017009,24344.4753562689
"GMST","first_difference",237,1.00000228047082,24342.5944679357
"GMST","first_difference",238,1.00014799322561,24435.7375218856
"GMST","first_difference",239,0.999990637315242,25026.2492393105
"GMST","first_difference",240,1.0000423955322,24253.7668806605
"GMST","first_difference",241,1.00004186258217,23808.014368086
"GMST","first_difference",242,1.00002176618251,24046.8426242598
"GMST","first_difference",243,1.00002794720505,23497.3983909073
"GMST","first_difference",244,1.00000100424236,23709.0745329741
"GMST","first_difference",245,1.00012043628665,24321.9720804408
"GMST","first_difference",246,1.00000687151748,23705.0651550457
"GMST","first_difference",247,1.00016610331452,23798.1662529851
"GMST","first_difference",248,1.00010769903442,24000
"GMST","first_difference",249,1.00000611719991,24608.7607512789
"GMST","first_difference",250,1.00000628836365,25810.6781244255
"GMST","first_difference",251,1.00026464039419,24896.4440966537
"GMST","first_difference",252,1.00008154053903,24741.0824694204
"GMST","first_difference",253,0.999978732390867,24242.0722975618
"GMST","first_difference",254,1.00023220587997,23687.1422422636
"GMST","first_difference",255,1.00002554638085,24869.2294708502
"GMST","first_difference",256,1.00009517722086,23177.5983339772
"GMST","first_difference",257,1.00000442116034,24000
"GMST","first_difference",258,1.00005199413603,24348.9359732575
"GMST","first_difference",259,1.00004770565324,24277.4634172811
"GMST","first_difference",260,0.999991499260179,23216.3955103904
"GMST","first_difference",261,0.999969689418667,24264.6261153412
"GMST","first_difference",262,0.999896660942351,23946.2578647091
"GMST","first_difference",263,0.999907630868439,24000
"GMST","first_difference",264,0.999943895495269,24151.2412091231
"GMST","first_difference",265,0.999985720209548,24000
"GMST","first_difference",266,0.999998116905895,24435.9311032314
"GMST","first_difference",267,1.00018127475583,24000
"GMST","first_difference",268,1.00000105919358,24095.3832316448
"GMST","first_difference",269,1.0000883948637,23994.3018084806
"GMST","first_difference",270,1.00011656712616,23587.0005412297
"GMST","first_difference",271,1.0000236762368,24879.6601455577
"GMST","first_difference",272,1.00005589380512,24502.040946989
"GMST","first_difference",273,1.00004442947462,23133.929877672
"GMST","first_difference",274,1.00003321614836,24000
"GMST","first_difference",275,0.999924975838171,24000
"GMST","first_difference",276,0.999962456038281,23487.609693662
"GMST","first_difference",277,1.00014079794434,25195.3540064295
"GMST","first_difference",278,1.00000237598107,24510.0216993838
"GMST","first_difference",279,0.999913579139065,24474.2859504754
"GMST","first_difference",280,1.00003317732515,24000
"GMST","first_difference",281,1.00000097643706,24000
"GMST","first_difference",282,1.00014269759414,24295.6193842516
"GMST","first_difference",283,1.00014075209119,24582.7964152499
"GMST","first_difference",284,1.00025980858022,24000
"GMST","first_difference",285,1.00000298112731,24000
"GMST","first_difference",286,1.00001111802999,24000
"GMST","first_difference",287,1.00012213048813,24000
"GMST","first_difference",288,1.00010717949533,23931.5790457884
"GMST","first_difference",289,0.999926871081686,24304.164807919
"GMST","first_difference",290,0.999977349831519,23782.9406729173
"GMST","first_difference",291,0.99993440279005,24000
"GMST","first_difference",292,0.99999118468486,24000
"GMST","first_difference",293,1.00005931413169,24000
"GMST","first_difference",294,1.00008919040399,23755.8946996374
"GMST","first_difference",295,1.00029500212704,23383.2723081886
"GMST","first_difference",296,1.00001752031032,24301.5256398493
"GMST","first_difference",297,1.00016653608631,22617.5613242168
"GMST","first_difference",298,1.00032264841934,24357.5077671377
"GMST","first_difference",299,1.00011771638551,23741.5135489079
"GMST","first_difference",300,0.999980379965618,23331.2467825646
"GMST","first_difference",301,1.00017035601442,23905.8905906588
"GMST","first_difference",302,0.999960162363755,23020.2624318606
"GMST","first_difference",303,0.999961553241642,24000
"GMST","first_difference",304,1.00000427565511,23783.5157425489
"GMST","first_difference",305,0.999944689981616,23653.0096072157
"GMST","first_difference",306,0.999994670951284,23066.808148882
"GMST","first_difference",307,1.00005997537858,23688.617680197
"GMST","first_difference",308,1.00010965354393,24315.6397525646
"GMST","first_difference",309,0.999966749270958,23757.5009100934
"GMST","first_difference",310,1.00012755434873,23999.9999999999
"GMST","first_difference",311,1.00002521406975,24936.8035567719
"GMST","first_difference",312,1.00001991534034,23801.6201429695
"GMST","first_difference",313,0.999966563256039,24000
"GMST","first_difference",314,1.00012318041055,24000
"GMST","first_difference",315,1.00036545575326,23931.0133689395
"GMST","first_difference",316,1.00004919104899,23639.3932874531
"GMST","first_difference",317,1.00004138950553,23863.235061079
"GMST","first_difference",318,1.00006208428299,24325.0305887523
"GMST","first_difference",319,1.00013108334125,23368.390282372
"GMST","first_difference",320,1.00015536622272,23066.6280697187
"GMST","first_difference",321,1.00000127769692,23685.5379727857
"GMST","first_difference",322,0.999914728113921,23837.107412388
"GMST","first_difference",323,0.999943163690755,23704.9170860599
"GMST","first_difference",324,1.0001149553962,25515.2952042746
"GMST","first_difference",325,0.999976518264634,23758.8957935495
"GMST","first_difference",326,1.00001356410367,24095.9506092773
"GMST","first_difference",327,0.999902691518229,23413.199550479
"GMST","first_difference",328,0.999992410345103,23646.3929541521
"GMST","first_difference",329,1.0000806057489,23687.3089719143
"GMST","first_difference",330,0.99996961246528,24919.6906655787
"GMST","first_difference",331,1.0000584226452,24228.2911118888
"GMST","first_difference",332,1.00012189243764,24382.1425849032
"GMST","first_difference",333,0.999955983798029,24778.3943370259
"GMST","first_difference",334,1.00012834423344,24000
"GMST","first_difference",335,1.00002684590706,23427.7309456974
"GMST","first_difference",336,0.999981504431803,24380.9619514055
"GMST","first_difference",337,1.00003482672965,24257.2788325625
"GMST","first_difference",338,1.00003287155026,24591.0901398091
"GMST","first_difference",339,1.00032276781286,24016.0681064779
"GMST","first_difference",340,1.00010929291513,24389.3313855041
"GMST","first_difference",341,1.00009741622839,23989.5283404238
"GMST","first_difference",342,1.00007504911059,24150.282246894
"GMST","first_difference",343,0.999965304627283,24000
"GMST","first_difference",344,1.00001181283889,24486.3761626072
"GMST","first_difference",345,1.00001357353755,23551.9529900152
"GMST","first_difference",346,1.0000561943289,24000
"GMST","first_difference",347,0.999979170469209,24727.6365665868
"GMST","first_difference",348,0.999954274167767,24540.8126172212
"GMST","first_difference",349,1.00005775081612,23701.8593164783
"GMST","first_difference",350,0.999983942801885,24227.0069967954
"GMST","first_difference",351,1.00007129167814,24301.7665656906
"GMST","first_difference",352,0.999868686822242,24000
"GMST","first_difference",353,1.00012188631268,22932.092449336
"GMST","first_difference",354,0.999997836934341,23797.5857527917
"GMST","first_difference",355,0.999941574785501,23936.2874212332
"GMST","first_difference",356,1.00012263221718,22583.4788370825
"GMST","first_difference",357,0.999960457734523,23421.8330578361
"GMST","first_difference",358,0.999943322791706,24000
"GMST","first_difference",359,1.0000681926399,24000
"GMST","first_difference",360,1.00000866248127,23746.0074475396
"GMST","first_difference",361,0.999970972971715,23663.6623327231
"GMST","first_difference",362,1.00008345916499,23855.859283464
"GMST","first_difference",363,1.00002897781852,24027.1708840424
"GMST","first_difference",364,1.00009654991809,24433.7823295685
"GMST","first_difference",365,0.999957846193645,24000
"GMST","first_difference",366,0.999976859777514,24234.0649674473
"GMST","first_difference",367,1.00032197571791,24534.4958282102
"GMST","first_difference",368,0.999990363263396,23856.2117650186
"GMST","first_difference",369,1.00016313286684,23759.7364676569
"GMST","first_difference",370,0.99991672196095,23725.0129185565
"GMST","first_difference",371,1.00010262540962,23683.0622829643
"GMST","first_difference",372,1.00012416903934,23520.203775614
"GMST","first_difference",373,1.00017288377887,24000
"GMST","first_difference",374,0.999967365803767,23258.0278846526
"GMST","first_difference",375,1.00006932665045,24860.2256886506
"GMST","first_difference",376,1.00004502841913,23897.605733562
"GMST","first_difference",377,0.999974725953854,23860.0572300203
"GMST","first_difference",378,1.00000111720469,23873.5661973154
"GMST","first_difference",379,0.999978088504596,25006.7582027999
"GMST","first_difference",380,1.00002267624933,25485.1896068461
"GMST","first_difference",381,1.00012909345962,23528.4327519692
"GMST","first_difference",382,0.999941227141207,24000
"GMST","first_difference",383,1.00013732265987,24695.0399288344
"GMST","first_difference",384,1.00008430572479,24784.5930517802
"GMST","first_difference",385,0.999953237678781,24213.1683126671
"GMST","first_difference",386,0.999968201245159,24891.4440443005
"GMST","first_difference",387,1.00014615364984,24372.1105960081
"GMST","first_difference",388,1.00000838839947,23769.6317524799
"GMST","first_difference",389,1.00000209799187,24000
"GMST","first_difference",390,1.00003907960891,24394.6901844224
"GMST","first_difference",391,1.00004672999145,25323.119605581
"GMST","first_difference",392,1.00009675525994,24680.1451882298
"GMST","first_difference",393,0.999956683627979,23999.9999999999
"GMST","first_difference",394,1.0000320723498,24000
"GMST","first_difference",395,1.00002670309545,24000
"GMST","first_difference",396,1.00006658008696,24238.1813580244
"GMST","first_difference",397,1.0000971840335,23323.9440145095
"GMST","first_difference",398,0.999990533063528,23778.2347648582
"GMST","first_difference",399,0.999990983587832,24000
"GMST","first_difference",400,1.00011752771642,23999.9999999999
"GMST","first_difference",401,1.00011364618995,24222.6020981753
"GMST","first_difference",402,0.999997206127652,24260.7568533517
"GMST","first_difference",403,1.00001377530555,23728.3886088291
"GMST","first_difference",404,1.00030806027749,23362.533560246
"GMST","first_difference",405,0.999975532572702,24107.7008943667
"GMST","first_difference",406,1.00010100157429,22880.264166333
"GMST","first_difference",407,0.999954829440596,23137.2426585713
"GMST","first_difference",408,1.00004691986126,24000
"GMST","first_difference",409,1.00026330990408,23306.2534862019
"GMST","first_difference",410,0.999961940231515,24000
"GMST","first_difference",411,1.00001507267493,26046.6915018505
"GMST","first_difference",412,0.999933194825182,24422.7064365977
"GMST","first_difference",413,1.00016536219007,24676.1038393688
"GMST","first_difference",414,1.00007611922056,24328.2174675106
"GMST","first_difference",415,1.00006233442014,24000
"GMST","first_difference",416,1.00009943069244,23276.5726347807
"GMST","first_difference",417,1.00002194019358,23729.5528393932
"GMST","first_difference",418,1.00003435661254,24143.228577428
"GMST","first_difference",419,1.00003869962128,23988.5292295547
"GMST","first_difference",420,1.00044398009337,24232.9999742536
"GMST","first_difference",421,1.00009242117128,23542.8664915378
"GMST","first_difference",422,1.00002159063444,24920.4235265861
"GMST","first_difference",423,1.00018276924323,24422.4473367935
"GMST","first_difference",424,1.00036814663849,23533.8903405362
"GMST","first_difference",425,1.00030808433219,23731.6227685517
"GMST","first_difference",426,1.00006939178548,23982.0605684214
"GMST","first_difference",427,0.99994165260869,23418.0189111495
"GMST","first_difference",428,0.99996937331294,25093.5885273896
"GMST","first_difference",429,0.999993569867505,23711.4265495823
"GMST","first_difference",430,1.00017939063738,23703.1996414479
"GMST","first_difference",431,1.00003472690367,23466.1141186089
"GMST","first_difference",432,1.0000521252899,25254.6747595174
"GMST","first_difference",433,0.999985294814825,22853.3617694636
"GMST","first_difference",434,0.999965165782999,24851.1310027395
"GMST","first_difference",435,1.00000765944391,24130.9367800138
"GMST","first_difference",436,0.999970822167211,24048.2640046309
"GMST","first_difference",437,0.999975361265285,24385.6542677309
"GMST","first_difference",438,1.00005367564823,25228.7453967544
"GMST","first_difference",439,0.999948194854391,24672.7526039325
"GMST","first_difference",440,0.999951962242522,23732.792126818
"GMST","first_difference",441,1.00011223597329,23759.3441788744
"GMST","first_difference",442,1.0000298561052,24711.4046393233
"GMST","first_difference",443,1.0001298984085,23696.9841584077
"GMST","first_difference",444,1.00021478746505,23420.7811938016
"GMST","first_difference",445,0.99992508928547,24000
"GMST","first_difference",446,1.00003850412672,24988.7741015396
"GMST","first_difference",447,1.00000068294164,24736.6880187675
"GMST","first_difference",448,1.00020633703784,24504.2609396986
"GMST","first_difference",449,1.0000906092432,24000
"GMST","first_difference",450,1.00016879865058,23978.8739483575
"GMST","first_difference",451,1.00006446239613,24265.4579097174
"GMST","first_difference",452,1.00002236108054,24000
"GMST","first_difference",453,1.00007172788102,23431.3463443284
"GMST","first_difference",454,1.0000769367102,24000
"GMST","first_difference",455,1.0001125653991,24275.4006844339
"GMST","first_difference",456,1.00004252174409,23657.4815464317
"GMST","first_difference",457,0.999921957208753,23440.7170316909
"GMST","first_difference",458,1.00013668354569,24752.1501285114
"GMST","first_difference",459,1.00020644417822,24182.6503552107
"GMST","first_difference",460,1.00012624519235,24277.7730810482
"GMST","first_difference",461,0.999985352198216,22825.0237917089
"GMST","first_difference",462,1.000078665345,23385.7381794554
"GMST","first_difference",463,0.999993166979469,23385.881018655
"GMST","first_difference",464,0.999991129295943,24000
"GMST","first_difference",465,0.999953669318531,23637.9455126845
"GMST","first_difference",466,0.999986788615043,24020.482392846
"GMST","first_difference",467,1.00000455215298,23590.0164777479
"GMST","first_difference",468,0.999893785046734,24000
"GMST","first_difference",469,1.00019706231278,24330.9568028076
"GMST","first_difference",470,1.00011499550079,24000
"GMST","first_difference",471,1.00000035398395,23488.7255176196
"GMST","first_difference",472,1.00008189811072,25931.9198899641
"GMST","first_difference",473,1.00003615238145,24167.6909769981
"GMST","first_difference",474,1.0000943616032,23574.4573234321
"GMST","first_difference",475,1.00005008384321,24000
"GMST","first_difference",476,1.00002944322537,25232.8499491892
"GMST","first_difference",477,0.999965938188759,24131.7722712596
"GMST","first_difference",478,0.999986052066885,25114.0029228728
"GMST","first_difference",479,0.9999743808618,24000
"GMST","first_difference",480,0.999956619192588,23700.9320067128
"GMST","first_difference",481,1.00012376488688,24145.2950433166
"GMST","first_difference",482,1.00018088733258,24428.294067055
"GMST","first_difference",483,1.00005059985986,24222.923440524
"GMST","first_difference",484,1.00022348870865,24000
"GMST","first_difference",485,0.999937424223825,23480.8469089685
"GMST","first_difference",486,0.999929009499384,23818.1935287353
"GMST","first_difference",487,1.00005305907375,24000
"GMST","first_difference",488,1.00012061139564,23774.7367761833
"GMST","first_difference",489,1.00007439760246,24223.0023641101
"GMST","first_difference",490,0.999920751636566,24000
"GMST","first_difference",491,1.0001480753052,24898.6715453865
"GMST","first_difference",492,0.999975981859156,24505.8894632423
"GMST","first_difference",493,0.999965580717195,23373.1944640708
"GMST","first_difference",494,1.00006023029051,23535.0095648357
"GMST","first_difference",495,0.999929476696215,24099.4874898092
"GMST","first_difference",496,1.00001386558328,23176.3797733639
"GMST","first_difference",497,1.00004926736914,23705.5632503737
"GMST","first_difference",498,0.999972995481869,23833.1264439049
"GMST","first_difference",499,1.00018400997207,23722.7295458889
"GMST","first_difference",500,1.00005755597716,23336.5675584339
"GMST","first_difference",501,0.999964348511254,23942.5576962086
"GMST","first_difference",502,1.00014284736021,22431.5225757455
"GMST","first_difference",503,0.999924467337769,24000
"GMST","first_difference",504,0.999962910976142,23924.8028093974
"GMST","first_difference",505,0.999918618794694,24000
"GMST","first_difference",506,1.00010037335719,23669.5833654502
"GMST","first_difference",507,1.0001171200715,24000
"GMST","first_difference",508,1.0000587017003,24576.4371374307
"GMST","first_difference",509,0.999968759030276,25302.8465847726
"GMST","first_difference",510,1.00031523341487,23982.387337323
"GMST","first_difference",511,0.999940735223772,23950.9823734732
"GMST","first_difference",512,0.999959144583427,24000
"GMST","first_difference",513,1.00003234123033,24224.4002488346
"GMST","first_difference",514,0.999995566304402,24000
"GMST","first_difference",515,1.00015149473902,23767.2751219317
"GMST","first_difference",516,0.999936697828819,24000
"GMST","first_difference",517,1.00001669725006,23985.0106667966
"GMST","first_difference",518,1.00005723218581,23721.4525147275
"GMST","first_difference",519,0.999913751842542,24115.9054305256
"GMST","first_difference",520,1.00012476712678,25741.8460207451
"GMST","first_difference",521,1.00008832094867,24932.2007039621
"GMST","first_difference",522,1.00012214698335,23154.8080560457
"GMST","first_difference",523,1.00004502471001,23755.5601894027
"GMST","first_difference",524,1.00008415086139,24000
"GMST","first_difference",525,1.00008335283455,24000
"GMST","first_difference",526,1.00004851287664,24000.0000000001
"GMST","first_difference",527,0.999976925177408,22427.1555903752
"GMST","first_difference",528,1.00009588235553,23209.6417259672
"GMST","first_difference",529,1.00004330529106,23937.751265371
"GMST","first_difference",530,0.99996428517781,22345.5312678655
"GMST","first_difference",531,1.00027440360303,24000
"GMST","first_difference",532,1.00000886305167,23191.4505347684
"GMST","first_difference",533,0.999996780248996,23662.7118080511
"GMST","first_difference",534,0.99995098492081,24000.0000000001
"GMST","first_difference",535,0.999945602980701,23185.8587462621
"GMST","first_difference",536,1.00004865039411,23501.3799863134
"GMST","first_difference",537,0.999955081253151,24000
"GMST","first_difference",538,1.0000113701096,24000
"GMST","first_difference",539,1.00005329355653,22741.9178090728
"GMST","first_difference",540,1.00004227090957,23640.7168292159
"GMST","first_difference",541,1.00000672462632,24000
"GMST","first_difference",542,1.00019885318583,24000
"GMST","first_difference",543,1.00004646846451,24290.1359808001
"GMST","first_difference",544,1.00002574067621,23316.3238458795
"GMST","first_difference",545,1.00005963385735,24000
"GMST","first_difference",546,1.00002309241902,24423.7810409655
"GMST","first_difference",547,0.999988626352527,24000
"GMST","first_difference",548,1.00000412154548,24892.0386739625
"GMST","first_difference",549,0.999990206568477,24102.1827634061
"GMST","first_difference",550,1.00002067440614,24787.0362385073
"GMST","first_difference",551,1.00014366061344,24484.2036161483
"GMST","first_difference",552,1.00023226531005,24000
"GMST","first_difference",553,1.00000129619249,24582.9753633314
"GMST","first_difference",554,0.999989420250037,24000
"GMST","first_difference",555,1.00001714072887,24000
"GMST","first_difference",556,1.00002266233821,24000
"GMST","first_difference",557,1.00004705092301,24624.3975021147
"GMST","first_difference",558,0.99998670636081,24231.5449312489
"GMST","first_difference",559,0.999981242813139,24483.8593956167
"GMST","first_difference",560,0.999987875147051,24275.0046732788
"GMST","first_difference",561,1.00000528632688,23239.4922948614
"GMST","first_difference",562,1.00010843344237,24169.0513239903
"GMST","first_difference",563,1.00003139477231,24599.8035425516
"GMST","first_difference",564,0.999999638229328,23725.0120452559
"GMST","first_difference",565,1.00007576426229,24000
"GMST","first_difference",566,0.999920653784062,24312.2569026022
"GMST","first_difference",567,0.999943387713463,23756.8740214359
"GMST","first_difference",568,1.00004977695114,24270.7160303101
"GMST","first_difference",569,1.00003469883378,24228.0824007953
"GMST","first_difference",570,0.999966526149281,23829.9272768556
"GMST","first_difference",571,1.00001326913839,24000
"GMST","first_difference",572,0.99995366039773,24719.1665165444
"GMST","first_difference",573,1.00002961587732,23991.4993075319
"GMST","first_difference",574,0.999998810755726,24494.799850305
"GMST","first_difference",575,0.999949825998706,24000
"GMST","first_difference",576,1.00010082595886,24000
"GMST","first_difference",577,1.00006583388833,24000
"GMST","first_difference",578,1.00003772232863,23088.885895476
"GMST","first_difference",579,1.00015180101488,24000
"GMST","first_difference",580,1.00015473027395,22812.0985292772
"GMST","first_difference",581,1.00007908865173,24191.9777135029
"GMST","first_difference",582,0.999978683462132,23664.9319109475
"GMST","first_difference",583,1.00017964883409,23660.8423503285
"GMST","first_difference",584,1.00006839969339,24282.5724299753
"GMST","first_difference",585,1.00003376192032,23074.073910819
"GMST","first_difference",586,0.99997940014647,24000
"GMST","first_difference",587,1.00007720898124,24060.0474272109
"GMST","first_difference",588,1.00002112188966,24628.9798085149
"GMST","first_difference",589,1.00011623276745,23746.7502691048
"GMST","first_difference",590,1.00003172062212,23647.876898734
"GMST","first_difference",591,1.00017370397274,24000
"GMST","first_difference",592,1.00014711900102,23540.7643808699
"GMST","first_difference",593,1.00008876143881,23755.2338061012
"GMST","first_difference",594,1.00004453378963,23383.3286028892
"GMST","first_difference",595,1.000034897085,24101.0581555731
"GMST","first_difference",596,1.00009659040792,24333.1086431585
"GMST","first_difference",597,1.00030804184527,23515.4595841444
"GMST","first_difference",598,0.999934153555851,23043.4576106212
"GMST","first_difference",599,0.999965032351303,24000
"GMST","first_difference",600,1.0000300793006,23846.74810466
"GMST","first_difference",601,1.00025968684436,24711.0740085941
"GMST","first_difference",602,1.00006768181398,24897.6751679651
"GMST","first_difference",603,0.999994282394438,24243.053449932
"GMST","first_difference",604,1.00000522258461,24000
"GMST","first_difference",605,1.00006313039236,24433.5558691092
"GMST","first_difference",606,1.00000709879689,23913.4991635473
"GMST","first_difference",607,1.00001698524007,24000
"GMST","first_difference",608,0.999997721648659,24264.2110524002
"GMST","first_difference",609,1.00006330621184,22860.7341397127
"GMST","first_difference",610,0.999927876589387,24277.5581800392
"GMST","first_difference",611,1.00001171739323,22627.3603770426
"GMST","first_difference",612,1.00007159086971,24000
"GMST","first_difference",613,1.00008197818412,23699.8199147297
"GMST","first_difference",614,1.00006400260176,24000
"GMST","first_difference",615,1.00008379939972,24000
"GMST","first_difference",616,1.00011474788356,24000
"GMST","first_difference",617,0.999998745325644,24000
"GMST","first_difference",618,1.00009038923364,24000
"GMST","first_difference",619,0.999941568259051,23777.74052254
"GMST","first_difference",620,1.00015833757437,23664.1546566216
"GMST","first_difference",621,0.999980779811007,24483.1420150895
"GMST","first_difference",622,1.00009878795761,24672.4336656529
"GMST","first_difference",623,1.00001694113972,24275.1212278065
"GMST","first_difference",624,1.00003052807192,24071.4396089167
"GMST","first_difference",625,1.00005738434368,24000
"GMST","first_difference",626,1.00012362711582,23662.4120081052
"GMST","first_difference",627,1.00000462663459,24000
"GMST","first_difference",628,1.00009170784626,24000
"GMST","first_difference",629,0.999971203551192,23257.3053817538
"GMST","first_difference",630,0.999967637632777,24000
"GMST","first_difference",631,0.999929321569391,24238.2054346634
"GMST","first_difference",632,1.00017348410462,24619.3861292436
"GMST","first_difference",633,1.00018963837198,24361.644646187
"GMST","first_difference",634,1.0001068830143,24163.618731997
"GMST","first_difference",635,0.999920323073592,23775.3620201758
"GMST","first_difference",636,1.00013656894824,24000
"GMST","first_difference",637,1.00003287009705,24000
"GMST","first_difference",638,1.00003780944283,24000
"GMST","first_difference",639,0.999921852296393,23731.0549695979
"GMST","first_difference",640,0.999960897121603,24324.1527861112
"GMST","first_difference",641,1.00007045737699,23753.0219896681
"GMST","first_difference",642,0.999945154462181,24047.9698839307
"GMST","first_difference",643,1.00012342634284,24128.5370833837
"GMST","first_difference",644,1.00021358466832,24000
"GMST","first_difference",645,1.00000859325043,24000
"GMST","first_difference",646,1.00010481892253,24579.9471368563
"GMST","first_difference",647,0.999919337204721,24000
"GMST","first_difference",648,1.000084873778,24127.4863507055
"GMST","first_difference",649,1.00002990283375,23754.5116762458
"GMST","first_difference",650,0.999975999619815,25139.1085158743
"GMST","first_difference",651,1.00017346254492,24984.8842552461
"GMST","first_difference",652,1.00000875226041,24000
"GMST","first_difference",653,0.999915682860523,23397.9751583729
"GMST","first_difference",654,1.00005747404754,24603.8223990352
"GMST","first_difference",655,1.00004214982361,24620.5287115198
"GMST","first_difference",656,1.00003789677369,24248.5020430995
"GMST","first_difference",657,0.999996318465279,24162.3971762039
"GMST","first_difference",658,1.00014139877529,24000
"GMST","first_difference",659,0.999990166329292,23989.585115098
"BWT","raw",1,1.01627410346652,1496.16765066691
"BWT","raw",2,1.01656335077993,1523.71127878035
"BWT","raw",3,1.01728519484971,1312.66077695151
"BWT","raw",4,1.01745866400003,1409.78470983329
"BWT","raw",5,1.01690461854552,1426.53757163316
"BWT","raw",6,1.01554713982108,1521.52447930288
"BWT","raw",7,1.01417610404092,1760.34968042364
"BWT","raw",8,1.012975524637,1894.90454677679
"BWT","raw",9,1.01192313434007,2182.31001611438
"BWT","raw",10,1.01068575111349,2365.39432558814
"BWT","raw",11,1.01009601699024,2911.44860386685
"BWT","raw",12,1.00943264736308,3864.40153283396
"BWT","raw",13,1.00856096854745,4014.71092374499
"BWT","raw",14,1.00803563671593,4321.44828006979
"BWT","raw",15,1.00706100021141,4941.96781681371
"BWT","raw",16,1.00691623807193,5597.41883825671
"BWT","raw",17,1.00640190054079,6463.90657158514
"BWT","raw",18,1.0057779350607,6404.15347747228
"BWT","raw",19,1.00544506781823,7880.77051889083
"BWT","raw",20,1.0048799421137,7972.08251192216
"BWT","raw",21,1.00455434865305,8715.55668441421
"BWT","raw",22,1.00414374477044,8376.75730587579
"BWT","raw",23,1.00366024638709,9783.19051661333
"BWT","raw",24,1.00355364574354,10058.8118442076
"BWT","raw",25,1.00315664694814,9881.25965841458
"BWT","raw",26,1.00303185875759,10015.0987370485
"BWT","raw",27,1.00257631467483,10171.6423741412
"BWT","raw",28,1.00239727802436,10117.7138241386
"BWT","raw",29,1.00232582903732,10659.3955602398
"BWT","raw",30,1.00232104900103,11419.0291385557
"BWT","raw",31,1.00212006600079,11325.451206549
"BWT","raw",32,1.0016940640555,11171.4597265099
"BWT","raw",33,1.00138996385473,11642.5738637189
"BWT","raw",34,1.00103699756555,11609.4710011036
"BWT","raw",35,1.0008676257503,11647.2152453351
"BWT","raw",36,1.00072852376834,11875.0511697751
"BWT","raw",37,1.00075219406316,12111.905918092
"BWT","raw",38,1.00064499727665,12347.1684901065
"BWT","raw",39,1.00050097672953,12278.5208336229
"BWT","raw",40,1.00050031679326,12582.7873210177
"BWT","raw",41,1.00042161664373,12699.3262636523
"BWT","raw",42,1.00046321682637,12838.8605595596
"BWT","raw",43,1.00049057539089,12950.1299020187
"BWT","raw",44,1.00041782959618,13571.1518559078
"BWT","raw",45,1.00020683271366,13510.375506354
"BWT","raw",46,1.0004225215393,13608.1407005229
"BWT","raw",47,1.00041770852113,13833.3182656637
"BWT","raw",48,1.00035313686587,14044.8022881775
"BWT","raw",49,1.00044620355402,13806.2343906237
"BWT","raw",50,1.00052022384405,13983.6068203705
"BWT","raw",51,1.00059212736247,14314.0835014195
"BWT","raw",52,1.00041082476518,14233.1997129027
"BWT","raw",53,1.00041266931647,14628.6210792318
"BWT","raw",54,1.00052839506992,15030.6142786414
"BWT","raw",55,1.00038108026771,14857.9335964043
"BWT","raw",56,1.0004689450734,14810.8919969513
"BWT","raw",57,1.00043648517525,14154.0336542817
"BWT","raw",58,1.00031458700317,14558.1460369416
"BWT","raw",59,1.00024046873386,14318.1488490836
"BWT","raw",60,1.00028565729217,14332.729598532
"BWT","raw",61,1.0002267724083,14609.5549079437
"BWT","raw",62,1.00028038635642,14442.7985360931
"BWT","raw",63,1.00018700009145,14632.7705262513
"BWT","raw",64,1.00014167817017,14447.0577251254
"BWT","raw",65,1.00016788777358,14410.6227191148
"BWT","raw",66,1.0001062376176,14450.7718465592
"BWT","raw",67,1.00020321442773,14125.8267184451
"BWT","raw",68,1.00014154233859,13490.5598656842
"BWT","raw",69,1.00012885404249,13698.25119105
"BWT","raw",70,1.00011760904348,13484.0511847299
"BWT","raw",71,1.00013814854208,13488.451816209
"BWT","raw",72,1.00008353490931,13175.0502927071
"BWT","raw",73,1.00009746468004,13468.2350463491
"BWT","raw",74,1.00017449587676,13496.3110424546
"BWT","raw",75,1.00022341398483,13787.1401838982
"BWT","raw",76,1.00027140932667,13869.4357529837
"BWT","raw",77,1.00043912939753,13063.1676878064
"BWT","raw",78,1.00047433729864,13442.0033215374
"BWT","raw",79,1.00030711853302,13372.8971322495
"BWT","raw",80,1.00029768932096,13160.2338079598
"BWT","raw",81,1.00023888334627,13034.7829380147
"BWT","raw",82,1.0001554187959,12692.4130830006
"BWT","raw",83,1.0001626066216,12546.1411657521
"BWT","raw",84,1.00004954042545,12777.0909368046
"BWT","raw",85,1.00000297589731,12067.7276575108
"BWT","raw",86,1.00000202296263,12370.8020127597
"BWT","raw",87,1.00001529407397,11640.575076713
"BWT","raw",88,1.0000291260191,12296.8240711714
"BWT","raw",89,1.00002737498344,12779.7168347924
"BWT","raw",90,1.00009697851484,13115.9603919794
"BWT","raw",91,1.00010347705622,13426.6050773778
"BWT","raw",92,1.00001496384842,13441.5577245456
"BWT","raw",93,0.999960259326723,13085.1265947494
"BWT","raw",94,0.99999354376169,13549.7840150851
"BWT","raw",95,0.999957477117603,13907.6801506219
"BWT","raw",96,0.999932823624813,13858.3057683956
"BWT","raw",97,0.999911598739632,14150.7363865401
"BWT","raw",98,1.00001563690086,13979.1152499333
"BWT","raw",99,1.00002853458732,14716.3967185624
"BWT","raw",100,1.00004943859627,14106.2265151746
"BWT","raw",101,0.99999562464257,14987.0078362759
"BWT","raw",102,0.999988725780416,15621.3299906202
"BWT","raw",103,0.999941642986061,15326.2378529947
"BWT","raw",104,0.999959092646629,15598.3022914021
"BWT","raw",105,0.999907230388167,15571.6943202276
"BWT","raw",106,0.999944078173031,15897.4207701591
"BWT","raw",107,1.00003333422556,15981.7669459017
"BWT","raw",108,0.999998162203011,15769.3533537704
"BWT","raw",109,0.999996367764401,15773.6229963695
"BWT","raw",110,0.999944578459374,16010.920980003
"BWT","raw",111,0.999965396396332,16179.3088850935
"BWT","raw",112,1.00001610335932,16042.3676650796
"BWT","raw",113,1.00006884858579,16374.472136065
"BWT","raw",114,1.00003287822175,16035.6921131856
"BWT","raw",115,1.00008294673663,15566.7552534882
"BWT","raw",116,1.00010038760274,15643.3041657098
"BWT","raw",117,1.00011367283425,14781.8145062612
"BWT","raw",118,1.00014337157841,14142.0145492122
"BWT","raw",119,1.00013069538174,14740.1643912697
"BWT","raw",120,1.00013809587332,13696.4013196214
"BWT","raw",121,1.00022587315142,13806.7749936701
"BWT","raw",122,1.00019775985909,13697.3449395827
"BWT","raw",123,1.00001787648936,13329.0501553269
"BWT","raw",124,1.00004327151133,13161.0198509954
"BWT","raw",125,1.00007542618338,13304.3557881801
"BWT","raw",126,0.99995138611212,13165.8964591607
"BWT","raw",127,0.999957037900102,12865.519117838
"BWT","raw",128,0.999966572634458,13024.3928221049
"BWT","raw",129,1.00014839501868,13446.9595074878
"BWT","raw",130,1.00016878942725,13009.5121998855
"BWT","raw",131,1.00024000946775,12935.1007704377
"BWT","raw",132,1.00031410850095,13625.9442757034
"BWT","raw",133,1.00016872740919,13871.7898241725
"BWT","raw",134,1.00016438747993,13905.9177340641
"BWT","raw",135,1.00027199410765,13804.3991475103
"BWT","raw",136,1.00016169442065,14109.1581551691
"BWT","raw",137,1.00026520228751,14139.6947003807
"BWT","raw",138,1.0002424671629,14230.58389602
"BWT","raw",139,1.00016469551935,14415.9144572792
"BWT","raw",140,1.00025485537419,14415.652081505
"BWT","raw",141,1.00024429813635,14553.0726637231
"BWT","raw",142,1.00016735259436,14405.4561866825
"BWT","raw",143,1.00017357613982,14309.6890818724
"BWT","raw",144,1.00020705339569,14530.9040810236
"BWT","raw",145,1.00032342043655,14698.3255909482
"BWT","raw",146,1.00034660037318,15285.3651042956
"BWT","raw",147,1.00029986674951,15035.6883814709
"BWT","raw",148,1.00024554809012,14864.7204877027
"BWT","raw",149,1.00013389102225,14451.2196075601
"BWT","raw",150,1.00007261601266,14445.6782180465
"BWT","raw",151,1.00002411129834,14611.6290068211
"BWT","raw",152,1.00005925782686,14189.1517470314
"BWT","raw",153,1.00015996666518,14211.1118311298
"BWT","raw",154,1.00007369140977,14651.0063052791
"BWT","raw",155,1.00002031893139,14649.7397447526
"BWT","raw",156,1.0000078360713,14711.0123975059
"BWT","raw",157,1.00000136762642,14663.9306680756
"BWT","raw",158,1.00001931721986,14589.8804096542
"BWT","raw",159,0.999982162993596,14283.3659408381
"BWT","raw",160,1.00001861985188,14687.2309205784
"BWT","raw",161,0.999988318052649,14727.0448098447
"BWT","raw",162,1.00003758147097,14596.8253167364
"BWT","raw",163,1.00000744061548,15280.4018219239
"BWT","raw",164,1.00001050190201,15127.1830320176
"BWT","raw",165,1.00004572171801,15156.1951577521
"BWT","raw",166,1.00004024078312,15867.038431569
"BWT","raw",167,0.999990210171743,15622.7394628277
"BWT","raw",168,1.00004827847824,15557.7635935597
"BWT","raw",169,1.00008750428434,15825.6273242275
"BWT","raw",170,1.00019233518442,15699.9968480719
"BWT","raw",171,1.00000715939546,15998.8145100075
"BWT","raw",172,1.00011494083861,16081.3974701552
"BWT","raw",173,1.00010313964149,16032.2530046329
"BWT","raw",174,1.00003539265334,15937.3982640157
"BWT","raw",175,1.00009246731378,16103.2834895209
"BWT","raw",176,1.00001328458103,16389.2982979375
"BWT","raw",177,1.00000492879653,17141.9038907755
"BWT","raw",178,1.00004170192507,17015.5447076637
"BWT","raw",179,0.99996464806937,17078.8515765738
"BWT","raw",180,0.999912892558449,17702.8646131387
"BWT","raw",181,0.999886370683446,17513.1514000557
"BWT","raw",182,1.00002607450837,17521.4921411999
"BWT","raw",183,1.00007851552148,17422.3013867591
"BWT","raw",184,1.00004137555286,17879.5511002599
"BWT","raw",185,1.00008592113158,17850.2174685063
"BWT","raw",186,0.999997682788518,17793.6452573789
"BWT","raw",187,0.999997992327796,17872.3719137967
"BWT","raw",188,0.999991492209069,18250.8025349765
"BWT","raw",189,1.00005382557986,18361.7193809627
"BWT","raw",190,1.00008680608771,18121.8568120495
"BWT","raw",191,1.00013854046924,18221.7278884839
"BWT","raw",192,1.00016757112513,18366.7842477987
"BWT","raw",193,1.00009967267461,18744.6016932025
"BWT","raw",194,1.00008206184288,18054.901081585
"BWT","raw",195,1.00002995667065,18214.4533780684
"BWT","raw",196,0.999986626309878,18861.5221184813
"BWT","raw",197,0.999964046110498,19285.4900109026
"BWT","raw",198,1.00001164130441,19184.6965661519
"BWT","raw",199,1.00008314953676,19242.2610195343
"BWT","raw",200,1.00012018944177,18684.025554964
"BWT","raw",201,1.0003692724627,17905.812217673
"BWT","raw",202,1.00021206125729,17990.2396281177
"BWT","raw",203,1.00008901169271,17957.9759856291
"BWT","raw",204,1.00005696039618,18463.3680898288
"BWT","raw",205,1.00004431337782,18274.705680958
"BWT","raw",206,1.00008899867618,17644.9092721687
"BWT","raw",207,0.999955637375646,18133.6833791364
"BWT","raw",208,1.00009031086856,17209.3433843098
"BWT","raw",209,1.00003981564733,17887.3315984004
"BWT","raw",210,0.999986419766252,17037.2658132808
"BWT","raw",211,1.00000127840909,16848.5088985019
"BWT","raw",212,1.00007708092565,16535.9233657975
"BWT","raw",213,1.00001155836171,16091.5486481796
"BWT","raw",214,1.00001382877924,16396.7984678558
"BWT","raw",215,1.00002226528854,16170.4355407773
"BWT","raw",216,0.999965303647987,15955.1021033152
"BWT","raw",217,0.999959624878979,16272.7942867985
"BWT","raw",218,1.00000465240332,16267.2410132683
"BWT","raw",219,1.00005005923094,16490.9527931523
"BWT","raw",220,1.00000903853671,16429.7698561913
"BWT","raw",221,1.00012004299977,15993.5837201254
"BWT","raw",222,1.00009727119543,15724.178073815
"BWT","raw",223,1.0000578131548,15460.3806143014
"BWT","raw",224,1.00023298391203,15183.6706377323
"BWT","raw",225,1.00014121840888,15135.3435596866
"BWT","raw",226,1.00025241344635,14988.6228953842
"BWT","raw",227,1.00010689594182,15904.3743818102
"BWT","raw",228,1.00007234860712,15800.3687684594
"BWT","raw",229,1.00011529776924,15059.3398766784
"BWT","raw",230,1.00025249379378,15343.976954114
"BWT","raw",231,1.00012354730771,15555.793582497
"BWT","raw",232,1.00007867122081,15409.1623323093
"BWT","raw",233,1.0000575011625,15668.9044749746
"BWT","raw",234,1.00009818253358,15706.202724556
"BWT","raw",235,1.0002290469618,15777.8064523443
"BWT","raw",236,1.00010081644033,16035.2907543733
"BWT","raw",237,1.00014399259009,16306.6636476967
"BWT","raw",238,1.00015865292247,16239.0192926885
"BWT","raw",239,1.00019281611632,16252.681125097
"BWT","raw",240,1.00010799252302,15911.5732165372
"BWT","raw",241,1.00007079599499,15976.4964078291
"BWT","raw",242,1.00006539696856,15771.3462021812
"BWT","raw",243,1.00010384840476,16138.8342674518
"BWT","raw",244,1.00000562703472,15791.2505762682
"BWT","raw",245,1.00013662803775,15795.7346024973
"BWT","raw",246,1.0000341294815,15751.119104608
"BWT","raw",247,0.999986387537936,16199.1559508382
"BWT","raw",248,1.00004702893634,16505.5508228654
"BWT","raw",249,1.00016586026527,16045.8028025005
"BWT","raw",250,1.00013712170029,16360.6027665323
"BWT","raw",251,1.00001256546556,15741.2484067649
"BWT","raw",252,1.0000351890188,16143.8652926738
"BWT","raw",253,0.999932783943385,16044.4661180169
"BWT","raw",254,1.00000765893628,15499.8870744268
"BWT","raw",255,0.99997866016912,15790.8299604324
"BWT","raw",256,1.00002659226865,16417.3395570304
"BWT","raw",257,0.999959008010948,16210.1136876917
"BWT","raw",258,0.999989559676002,16422.1280759237
"BWT","raw",259,1.00002731083019,16608.9071228133
"BWT","raw",260,1.00000987606697,17016.7598473076
"BWT","raw",261,0.999997359020792,17059.9646988677
"BWT","raw",262,1.00002630443074,17474.1167342247
"BWT","raw",263,1.00001047806115,17600.8845166016
"BWT","raw",264,1.00007103505402,17772.1259793964
"BWT","raw",265,1.00009440412571,17722.5162866249
"BWT","raw",266,1.00003314313583,18112.0178270931
"BWT","raw",267,1.0002694526062,17933.4471456852
"BWT","raw",268,1.00007824954331,17608.4959882722
"BWT","raw",269,1.00012978026633,17882.3547974552
"BWT","raw",270,1.000154754966,18072.4535023409
"BWT","raw",271,1.00012847711064,17829.2263879334
"BWT","raw",272,1.00026688626216,18232.6375132254
"BWT","raw",273,1.00015526011939,18581.6674863472
"BWT","raw",274,1.00018548868266,19993.8178905936
"BWT","raw",275,1.00020785426218,19020.5122073448
"BWT","raw",276,1.00008172175827,21027.7919882229
"BWT","raw",277,1.00009072273416,19912.5083266365
"BWT","raw",278,1.00020576337744,20042.5637994524
"BWT","raw",279,1.00027988490971,20212.2715834144
"BWT","raw",280,1.00023622810216,20227.1790481166
"BWT","raw",281,1.00024510230693,20302.7706589487
"BWT","raw",282,1.00026611086812,20828.9327394763
"BWT","raw",283,1.00023618768601,20104.8285985026
"BWT","raw",284,1.00018900674514,19872.0590321082
"BWT","raw",285,1.00016065041634,19900.0094651086
"BWT","raw",286,1.00009708490268,20535.0235697825
"BWT","raw",287,1.00006285930904,20518.1190910167
"BWT","raw",288,0.99999620305716,20658.340805687
"BWT","raw",289,0.999976449652697,19979.2591428409
"BWT","raw",290,1.00016840375084,20240.9034459887
"BWT","raw",291,1.00003041543744,21114.2381332897
"BWT","raw",292,1.00016308646749,20927.4745044728
"BWT","raw",293,1.00012629565397,21655.3683991922
"BWT","raw",294,1.00008898971117,21393.2097603686
"BWT","raw",295,1.00002135326082,21291.2723367901
"BWT","raw",296,0.999940380783259,21009.3208269289
"BWT","raw",297,0.999934053430538,20904.4614074608
"BWT","raw",298,1.00001664809935,21360.088973027
"BWT","raw",299,0.999991157548153,21847.8192384301
"BWT","raw",300,1.00011330424086,21233.124500817
"BWT","raw",301,1.00001827204488,21088.7832913554
"BWT","raw",302,1.00002691530074,21539.0295871263
"BWT","raw",303,1.00011100348757,21678.3783333358
"BWT","raw",304,1.00002496988899,21784.5396664532
"BWT","raw",305,1.00003114379253,22089.5612298414
"BWT","raw",306,1.000062939376,21458.9520120319
"BWT","raw",307,1.00008414282314,21733.3009755685
"BWT","raw",308,1.00020576264161,21237.475074358
"BWT","raw",309,1.00013679011759,21108.6127764163
"BWT","raw",310,1.000174051376,20850.0209348962
"BWT","raw",311,1.00004982559673,21487.357605127
"BWT","raw",312,1.00011776603696,21035.0348354987
"BWT","raw",313,1.00017770975645,21664.038981464
"BWT","raw",314,1.00021782175787,20706.4886541664
"BWT","raw",315,1.00026743480412,20605.3536095367
"BWT","raw",316,1.00020226299279,20230.4040128894
"BWT","raw",317,1.0001438733394,19400.6756203128
"BWT","raw",318,1.00022981496133,19196.4904849392
"BWT","raw",319,1.00025204271123,19103.9967220514
"BWT","raw",320,1.00023035020229,18680.0168596903
"BWT","raw",321,1.00018020396743,17851.1906177047
"BWT","raw",322,1.00005949304265,17597.4321741728
"BWT","raw",323,1.00007010079079,17110.0215718038
"BWT","raw",324,1.00009387759807,16029.5184633156
"BWT","raw",325,1.00011383558999,16011.6932660473
"BWT","raw",326,1.00004502251989,15797.6359075601
"BWT","raw",327,1.00004317815194,15569.9195061902
"BWT","raw",328,1.00016954901941,15123.0483308084
"BWT","raw",329,1.00008221110547,14968.6204037927
"BWT","raw",330,1.00007657546583,14761.1538950868
"BWT","raw",331,1.00005872076823,14565.3012907159
"BWT","raw",332,1.00009550410057,14078.044141519
"BWT","raw",333,1.00003903292713,14759.1040200145
"BWT","raw",334,1.00011777656745,14652.8530405463
"BWT","raw",335,1.0001825407662,13979.8996575722
"BWT","raw",336,1.00025526784633,14523.879692837
"BWT","raw",337,1.0001566190988,14582.3989725792
"BWT","raw",338,1.00016934502306,14366.6077470475
"BWT","raw",339,1.00016196360458,14811.5393467095
"BWT","raw",340,1.00008123888178,14471.7412480469
"BWT","raw",341,1.00002133665783,14633.4769255184
"BWT","raw",342,0.99999901509007,15111.6189361581
"BWT","raw",343,1.00018090363745,15418.1295237401
"BWT","raw",344,1.00005739399377,15386.8062064963
"BWT","raw",345,1.00004010563648,15320.2915615005
"BWT","raw",346,0.999953092566261,15861.2772181083
"BWT","raw",347,0.999957960317411,15893.1480010739
"BWT","raw",348,1.0000916206931,16332.0612492833
"BWT","raw",349,0.999967914836337,15987.9402385666
"BWT","raw",350,0.999971654009052,16067.127444201
"BWT","raw",351,1.00005272953272,15903.1919877192
"BWT","raw",352,0.999979305584302,16224.4375962558
"BWT","raw",353,0.999984371955021,16255.2505616204
"BWT","raw",354,0.99994165719344,16545.5355254062
"BWT","raw",355,0.999878279045103,16792.0718665327
"BWT","raw",356,1.00004291856088,17378.7205766249
"BWT","raw",357,0.999975639716865,16457.704634253
"BWT","raw",358,1.00002771073314,17135.0973407594
"BWT","raw",359,1.00016160099871,16971.2758132621
"BWT","raw",360,1.00036949589684,17942.1588828022
"BWT","raw",361,0.999990882635045,17658.3027823573
"BWT","raw",362,1.00004428695289,17954.3541315714
"BWT","raw",363,1.00005605222443,18499.2094748527
"BWT","raw",364,1.00010965995923,18759.4032778704
"BWT","raw",365,1.00002809602587,18705.6738400368
"BWT","raw",366,1.00014515942733,18183.9993361009
"BWT","raw",367,1.0001030521588,17929.4278131625
"BWT","raw",368,1.00013850936707,17946.3242453459
"BWT","raw",369,1.00016658582756,17482.9452452945
"BWT","raw",370,1.00013046700612,17712.6541397981
"BWT","raw",371,1.00011650403551,17767.9847672414
"BWT","raw",372,0.999983672144062,17919.9474349495
"BWT","raw",373,1.00000701251436,18068.4073191899
"BWT","raw",374,1.00004231948469,18146.3914599036
"BWT","raw",375,1.00016473589225,18043.786372651
"BWT","raw",376,1.00004106399865,18347.1893513154
"BWT","raw",377,1.00013120358834,18990.8721878609
"BWT","raw",378,1.00011181468924,18677.3317840317
"BWT","raw",379,1.00021056681994,18847.7012252338
"BWT","raw",380,1.00030248624366,18257.2221988602
"BWT","raw",381,1.00024810401949,18065.5335505635
"BWT","raw",382,1.00020513277877,17942.2576142057
"BWT","raw",383,1.00018698853779,17845.7285828636
"BWT","raw",384,1.00013823558757,18304.3525125392
"BWT","raw",385,1.00015673438662,18877.3559050496
"BWT","raw",386,1.00026276590375,18386.6382462423
"BWT","raw",387,1.00020927178403,18394.5522919547
"BWT","raw",388,1.00016861027141,18473.7853159558
"BWT","raw",389,1.00017408027057,18448.8483466928
"BWT","raw",390,1.00015999281066,18113.7586296241
"BWT","raw",391,1.00020776489168,18672.1456923471
"BWT","raw",392,1.00014417558707,18071.7559462022
"BWT","raw",393,1.00027928816475,17541.6883943968
"BWT","raw",394,1.00016131147832,17411.6782804679
"BWT","raw",395,1.00008128155869,17704.0577908116
"BWT","raw",396,1.0001280100818,17477.9643702877
"BWT","raw",397,1.00009391272468,17413.3789761162
"BWT","raw",398,1.00002850391712,17306.9221628127
"BWT","raw",399,1.00024212515294,17390.1115795379
"BWT","raw",400,1.00007736100631,17540.7358085125
"BWT","raw",401,1.00010598211335,17241.6559063263
"BWT","raw",402,1.00026831691334,17290.8213353364
"BWT","raw",403,1.00008905399542,16825.080544316
"BWT","raw",404,1.0001133416414,16930.9407854743
"BWT","raw",405,1.00010948521261,16810.8458585596
"BWT","raw",406,1.00012754649201,18421.9395512921
"BWT","raw",407,1.00019821586338,16841.864133594
"BWT","raw",408,1.0001337662472,16450.0997471174
"BWT","raw",409,1.00013218048163,16901.0679931935
"BWT","raw",410,1.00019536439203,17123.1286120084
"BWT","raw",411,1.00012641615546,17137.3120050551
"BWT","raw",412,1.00005739477979,17112.2042474609
"BWT","raw",413,1.00004917937011,17010.9392643631
"BWT","raw",414,0.999969354207375,16747.9906741268
"BWT","raw",415,1.00011860285027,17580.1055391044
"BWT","raw",416,1.00013568303213,17530.6859942003
"BWT","raw",417,1.00001767737245,16561.4715912965
"BWT","raw",418,1.00007782753005,16737.4832258934
"BWT","raw",419,1.00015830363856,17088.912298913
"BWT","raw",420,1.00023842593297,16597.0176836891
"BWT","raw",421,1.00016022510266,16513.7753014852
"BWT","raw",422,1.00014320518011,16596.850115198
"BWT","raw",423,1.00015807491333,17256.7641581868
"BWT","raw",424,1.00019319515415,16473.3869404515
"BWT","raw",425,1.00007346550884,16597.2280792752
"BWT","raw",426,1.00026253808769,16524.248941213
"BWT","raw",427,1.00021773375291,16713.0845949306
"BWT","raw",428,1.00010707198855,16307.0533911723
"BWT","raw",429,1.0000112077726,16327.3782372673
"BWT","raw",430,1.0001351231098,16263.3685318034
"BWT","raw",431,1.00005053154645,16057.9380917246
"BWT","raw",432,1.00004118134762,16141.7391716857
"BWT","raw",433,1.000125440754,16421.9697178411
"BWT","raw",434,1.00027366398639,15723.6079064023
"BWT","raw",435,1.00018117951969,15243.9421713237
"BWT","raw",436,1.00019172203593,15419.2584014033
"BWT","raw",437,1.00014423132254,15179.3124664264
"BWT","raw",438,1.00015726150673,15411.2712496006
"BWT","raw",439,1.00011172435945,15745.321699134
"BWT","raw",440,1.00004175481819,15490.010324133
"BWT","raw",441,1.00004607544135,15723.8386549364
"BWT","raw",442,0.999989814282844,15414.3378870476
"BWT","raw",443,1.00002053309307,15451.4777705789
"BWT","raw",444,1.00001303053861,14699.6113299171
"BWT","raw",445,1.00001115862897,15275.6995549397
"BWT","raw",446,1.00004444395722,15162.1567207574
"BWT","raw",447,0.999987246240154,15328.7964094798
"BWT","raw",448,0.999988165420479,15921.2827539739
"BWT","raw",449,0.999977985824948,16098.0435552767
"BWT","raw",450,1.0000586145511,15822.9843934376
"BWT","raw",451,1.00007649297099,16190.1497106888
"BWT","raw",452,1.0000588126235,16139.6566495683
"BWT","raw",453,0.999998796210234,16129.9371929387
"BWT","raw",454,1.00001620395652,15994.4641408076
"BWT","raw",455,0.999961608492353,15806.2440025125
"BWT","raw",456,1.00003154143717,15785.3677279632
"BWT","raw",457,0.999914553967949,15628.7428682962
"BWT","raw",458,0.999949349003607,15599.1467065638
"BWT","raw",459,0.999983345500297,16030.3011370416
"BWT","raw",460,1.00017680909115,16217.0603753244
"BWT","raw",461,1.00017167708739,16346.1322603394
"BWT","raw",462,1.00011095386747,16211.9461201178
"BWT","raw",463,1.00009331846636,16001.7000103056
"BWT","raw",464,1.00021121143309,16230.7502665232
"BWT","raw",465,1.00013145330438,16159.4890230471
"BWT","raw",466,1.00029735508224,16199.3582623549
"BWT","raw",467,1.00027793373725,16448.8407131001
"BWT","raw",468,1.00025170164966,16381.0563508623
"BWT","raw",469,1.00024392021907,16633.6148024347
"BWT","raw",470,1.00019609299138,16777.9971226242
"BWT","raw",471,1.00012575660504,17030.5912764406
"BWT","raw",472,1.00015470644451,17431.2029220858
"BWT","raw",473,1.00010909841135,17385.6478346106
"BWT","raw",474,1.00004787940798,17467.5770735405
"BWT","raw",475,1.00002526550535,17299.8084928974
"BWT","raw",476,1.00007788524137,18078.1795919739
"BWT","raw",477,1.00006884242534,17571.540442042
"BWT","raw",478,1.00003718183381,18055.9450701076
"BWT","raw",479,1.00004987483497,16987.1581183887
"BWT","raw",480,0.999957244917772,16809.8323589742
"BWT","raw",481,0.999947742594896,16817.0396658593
"BWT","raw",482,1.00005109096691,16493.9835268503
"BWT","raw",483,0.999979890678012,16091.5950909045
"BWT","raw",484,0.999977910567674,16240.6864805729
"BWT","raw",485,1.00006394428686,16608.5869829915
"BWT","raw",486,1.00007572455406,15949.9847964144
"BWT","raw",487,1.00019510553697,15878.9859039305
"BWT","raw",488,1.0000850797883,15901.4684028879
"BWT","raw",489,1.00003554285289,15218.2829691802
"BWT","raw",490,1.00008289736775,14830.3083101233
"BWT","raw",491,1.00008734396066,14971.7818803999
"BWT","raw",492,1.00014322911677,15112.3502985477
"BWT","raw",493,1.00004871951131,14102.8591468791
"BWT","raw",494,1.00000790252658,14255.2579356181
"BWT","raw",495,1.00012504880612,14163.2621911854
"BWT","raw",496,1.00012361385187,13496.8603096956
"BWT","raw",497,0.999992109289901,13627.3974731446
"BWT","raw",498,1.0000117773054,13378.0943388789
"BWT","raw",499,0.999938088613802,13076.2036886649
"BWT","raw",500,0.999936053845664,12825.8639197956
"BWT","raw",501,0.999992634619012,12608.7749910873
"BWT","raw",502,1.00008040848475,12245.7647235149
"BWT","raw",503,1.00003370685546,12267.8499621523
"BWT","raw",504,0.999977503474075,11982.3908684475
"BWT","raw",505,0.99998731434571,11531.46626544
"BWT","raw",506,1.00003525861745,11322.357419488
"BWT","raw",507,1.0001354294863,10788.7155131005
"BWT","raw",508,1.00018859886058,10519.2243887509
"BWT","raw",509,1.00021609199609,11102.489956205
"BWT","raw",510,1.00030867990614,10649.1159457981
"BWT","raw",511,1.00029135493015,10309.6658377614
"BWT","raw",512,1.00027203074454,9622.7268981996
"BWT","raw",513,1.00030917700338,10013.160299896
"BWT","raw",514,1.00044572680829,9939.83000179349
"BWT","raw",515,1.00028254191877,10026.2133802132
"BWT","raw",516,1.00031681409304,10024.5861890214
"BWT","raw",517,1.00031512603528,10267.5100739545
"BWT","raw",518,1.00043274549323,10046.332232324
"BWT","raw",519,1.00040382112727,10068.1895117358
"BWT","raw",520,1.00046082342699,9674.95975276328
"BWT","raw",521,1.00036500525397,9991.58313350989
"BWT","raw",522,1.00031650995167,10088.9450990908
"BWT","raw",523,1.00038224717008,9941.88607395459
"BWT","raw",524,1.00044621241594,10005.1466986867
"BWT","raw",525,1.00045784520935,10167.9370148323
"BWT","raw",526,1.00030607980611,10065.0975384603
"BWT","raw",527,1.00035542860836,10355.7081594488
"BWT","raw",528,1.00039114504993,10556.4583197567
"BWT","raw",529,1.00054176487417,10556.0961541193
"BWT","raw",530,1.00063808028046,10654.9446184007
"BWT","raw",531,1.00076762908849,10533.6486688015
"BWT","raw",532,1.00077882577739,10728.5881792589
"BWT","raw",533,1.00068185151545,10780.382999818
"BWT","raw",534,1.00059308950381,11309.7398065977
"BWT","raw",535,1.00038420458748,11318.961784043
"BWT","raw",536,1.00035077651664,11425.4185342509
"BWT","raw",537,1.00041218786563,11660.2904236772
"BWT","raw",538,1.00053470607197,11572.5749743447
"BWT","raw",539,1.00034602428666,11598.2768231613
"BWT","raw",540,1.00034707224617,11785.8725181681
"BWT","raw",541,1.00023071395447,12041.1544553425
"BWT","raw",542,1.00014971482009,11554.4461420285
"BWT","raw",543,1.00014245101459,11574.0017810271
"BWT","raw",544,1.0001951112932,11784.8864463398
"BWT","raw",545,1.00018303339632,11625.0274040598
"BWT","raw",546,1.00009949146308,11630.9133798891
"BWT","raw",547,1.00008902611565,11992.2421620897
"BWT","raw",548,1.00010097603259,12046.8714678941
"BWT","raw",549,1.00014443397011,11700.1166630728
"BWT","raw",550,1.00004130446028,11780.9240916781
"BWT","raw",551,1.00005280020623,11848.0153314461
"BWT","raw",552,1.00015170197213,11707.8069758514
"BWT","raw",553,1.00028105785355,11844.1838816698
"BWT","raw",554,1.00031318916346,11909.1418423813
"BWT","raw",555,1.00032844305204,11990.9696508807
"BWT","raw",556,1.00027702428922,11984.475390944
"BWT","raw",557,1.00015182671037,12282.400899038
"BWT","raw",558,1.00026700170282,12637.0535925413
"BWT","raw",559,1.0002736995679,12505.4188693704
"BWT","raw",560,1.0001774289677,12627.2228907456
"BWT","raw",561,1.00023116329312,12734.3123212484
"BWT","raw",562,1.0002692958012,12467.8386428756
"BWT","raw",563,1.00027707652712,12091.7268717544
"BWT","raw",564,1.00011578831994,12300.5042339114
"BWT","raw",565,1.00017627559641,12329.2066316249
"BWT","raw",566,1.00030903601827,11850.861972863
"BWT","raw",567,1.00026854287397,12206.9000971411
"BWT","raw",568,1.00022072500698,12581.1232269699
"BWT","raw",569,1.00029376178507,12332.0247491905
"BWT","raw",570,1.00030809969328,12403.9229452437
"BWT","raw",571,1.00045170438756,12349.7024058595
"BWT","raw",572,1.00051556526176,12137.2124223303
"BWT","raw",573,1.00046285916149,12636.089911748
"BWT","raw",574,1.00058059309311,12133.2192367243
"BWT","raw",575,1.0006555193636,12271.9698427
"BWT","raw",576,1.00060870565734,12305.7252833873
"BWT","raw",577,1.00051245898609,11750.9521592792
"BWT","raw",578,1.00036115839662,11817.8890065493
"BWT","raw",579,1.00022821758875,11767.8750049964
"BWT","raw",580,1.00022794369455,12060.6886008008
"BWT","raw",581,1.00034223832331,11303.9454667461
"BWT","raw",582,1.00038623171463,12080.9554846163
"BWT","raw",583,1.00035324187622,11704.4710458557
"BWT","raw",584,1.00034691032029,10992.7888886032
"BWT","raw",585,1.00032489948015,11188.1921380132
"BWT","raw",586,1.00040352809175,11263.2547370906
"BWT","raw",587,1.00041680818789,11307.5741571146
"BWT","raw",588,1.0003588617104,10998.4637480299
"BWT","raw",589,1.00028152704067,10422.4048277231
"BWT","raw",590,1.00042609716253,10131.4846828292
"BWT","raw",591,1.00034361908978,10404.0485192155
"BWT","raw",592,1.00031004878475,10229.1381149289
"BWT","raw",593,1.00013253176361,10440.5466977571
"BWT","raw",594,1.00007464132707,10780.5657510591
"BWT","raw",595,0.999991816477595,10526.9421826527
"BWT","raw",596,1.00000332989287,10716.495042632
"BWT","raw",597,1.00002935738394,11151.439586271
"BWT","raw",598,1.00008597817102,11109.0000493834
"BWT","raw",599,1.00010509887995,11091.3629765749
"BWT","raw",600,1.000055214455,11166.8609567915
"BWT","raw",601,1.0000421947332,11308.9238010305
"BWT","raw",602,1.00010969182397,11410.8504817044
"BWT","raw",603,1.00007832631278,11457.665039285
"BWT","raw",604,1.0000960982069,11206.8570908869
"BWT","raw",605,1.00010214958658,10983.0631658398
"BWT","raw",606,1.00011127852255,11049.7638283365
"BWT","raw",607,1.00017516438334,11056.8924864849
"BWT","raw",608,1.00012098339533,11098.0285575784
"BWT","raw",609,1.00005848205466,11512.2771670138
"BWT","raw",610,1.00015963363172,11507.121591297
"BWT","raw",611,1.00018244534563,11183.7563276806
"BWT","raw",612,1.00018193031726,11216.5475454434
"BWT","raw",613,1.00011417288435,11371.8448162969
"BWT","raw",614,1.00014969104438,11367.8071891067
"BWT","raw",615,1.00005393749593,11660.7627179918
"BWT","raw",616,1.00008189981378,11809.7981451062
"BWT","raw",617,1.00013209890779,12098.2587887597
"BWT","raw",618,1.00020104206499,12023.8377849219
"BWT","raw",619,1.00017376053331,12093.6583678386
"BWT","raw",620,1.00012900297741,12032.0462293884
"BWT","raw",621,1.00018832574398,12434.8226266126
"BWT","raw",622,1.00006296895114,12332.6277896238
"BWT","raw",623,1.00002200256223,12740.3132399639
"BWT","raw",624,1.00004733544225,12826.6291527473
"BWT","raw",625,1.00008930478909,12235.7312124632
"BWT","raw",626,1.00011094030718,12498.7888392292
"BWT","raw",627,1.00001918445153,12235.8923518993
"BWT","raw",628,1.00004368076094,11927.9874353172
"BWT","raw",629,1.00007543034439,11903.193930605
"BWT","raw",630,1.00008191488017,11823.2409828924
"BWT","raw",631,1.00004210448362,11434.9497268817
"BWT","raw",632,1.00004552126051,11746.8361563312
"BWT","raw",633,1.00012807858993,12129.5532255668
"BWT","raw",634,1.0001733879807,12551.6576316736
"BWT","raw",635,1.00019688980634,12191.1064830555
"BWT","raw",636,1.00012801477698,12346.6788988882
"BWT","raw",637,1.00015806555953,12309.6164482883
"BWT","raw",638,0.999940180865682,12175.7346919471
"BWT","raw",639,0.999946579013802,11914.1543209085
"BWT","raw",640,1.00005678620878,12141.5968933083
"BWT","raw",641,1.00001030642856,11759.1938094878
"BWT","raw",642,1.00000790854842,11396.0369514731
"BWT","raw",643,1.00020437018739,11387.2038301638
"BWT","raw",644,1.00028805556196,11111.5727061844
"BWT","raw",645,1.00046028924872,10461.7752002208
"BWT","raw",646,1.00025720143682,10562.4081607408
"BWT","raw",647,1.00033307409585,10664.7122564293
"BWT","raw",648,1.00043837507355,10082.4007294018
"BWT","raw",649,1.00041046258856,9707.71698167347
"BWT","raw",650,1.00053369086256,9635.42924313493
"BWT","raw",651,1.00050234092177,9775.68114942077
"BWT","raw",652,1.00049486600006,8977.68866853624
"BWT","raw",653,1.0006660386689,8696.01567730125
"BWT","raw",654,1.00052325505396,9080.29720583886
"BWT","raw",655,1.00045713107304,9144.00411383401
"BWT","raw",656,1.00042958016908,9278.38470144901
"BWT","raw",657,1.00025570387394,9350.78197908639
"BWT","raw",658,1.00022558717778,9980.3282262877
"BWT","raw",659,1.00021455136469,10377.2497479559
"BWT","raw",660,1.00014815550444,10900.9958054058
"BWT","centered",1,1.01604953896466,1486.42744946412
"BWT","centered",2,1.01636525997177,1504.80225483343
"BWT","centered",3,1.01711704311939,1294.54696514929
"BWT","centered",4,1.01733066067157,1402.68923576719
"BWT","centered",5,1.01679161449577,1429.50218951287
"BWT","centered",6,1.01541288224599,1519.19240900036
"BWT","centered",7,1.01404794843413,1880.13002808956
"BWT","centered",8,1.01289586794501,2005.06210572768
"BWT","centered",9,1.01182285166696,2329.63110639707
"BWT","centered",10,1.01057957061245,2388.30116268039
"BWT","centered",11,1.00996910807645,2957.99460531115
"BWT","centered",12,1.00931920018452,3661.89088480044
"BWT","centered",13,1.00844883342804,3631.33406920903
"BWT","centered",14,1.00793117683844,4475.55788519128
"BWT","centered",15,1.00692904036586,5068.13927952998
"BWT","centered",16,1.00679745757787,5750.29789402597
"BWT","centered",17,1.00624749990044,6015.18437081174
"BWT","centered",18,1.00560860740111,5653.882772677
"BWT","centered",19,1.00528441245043,7746.72239422028
"BWT","centered",20,1.00468871480112,7759.95341615092
"BWT","centered",21,1.00436166039003,8662.920524204
"BWT","centered",22,1.00395358834674,8745.54712376012
"BWT","centered",23,1.0034508135307,10213.425915361
"BWT","centered",24,1.00333908905225,9571.6273924752
"BWT","centered",25,1.0029699272682,10312.2249732633
"BWT","centered",26,1.00280121393329,10236.3674408249
"BWT","centered",27,1.00234150806102,10642.6419946307
"BWT","centered",28,1.00215802597279,10380.8063607247
"BWT","centered",29,1.00208798848736,11325.1156241297
"BWT","centered",30,1.00210676536168,11947.0772901288
"BWT","centered",31,1.00193165042928,11540.1487617761
"BWT","centered",32,1.00150697431188,11735.8688471473
"BWT","centered",33,1.00117669915494,11848.7379230905
"BWT","centered",34,1.00083428805914,12106.3595194651
"BWT","centered",35,1.00068446952088,12242.3067258496
"BWT","centered",36,1.00052626304289,12577.7084026257
"BWT","centered",37,1.00054101121917,12744.950442027
"BWT","centered",38,1.00045975501508,12877.0141159941
"BWT","centered",39,1.00033293722,12849.9173133231
"BWT","centered",40,1.00032424325594,13142.0941536615
"BWT","centered",41,1.00025161358911,13297.6008158944
"BWT","centered",42,1.00027608609946,13349.64762256
"BWT","centered",43,1.00029293177033,13588.2366478607
"BWT","centered",44,1.00023402034206,13810.0351207726
"BWT","centered",45,1.00024440552266,13895.9167941866
"BWT","centered",46,1.00026942278036,13951.3745110117
"BWT","centered",47,1.00023826920361,14468.2480586153
"BWT","centered",48,1.00017759424017,14662.6817788032
"BWT","centered",49,1.00027432860837,14679.0008468913
"BWT","centered",50,1.00028509717826,14748.7625371862
"BWT","centered",51,1.00033533553416,15112.384962471
"BWT","centered",52,1.00019995432269,15096.9585253501
"BWT","centered",53,1.00018926894425,15595.3951168709
"BWT","centered",54,1.0002725050983,15792.5056220453
"BWT","centered",55,1.00015716168612,15611.0180874426
"BWT","centered",56,1.00024197267099,15544.4076353198
"BWT","centered",57,1.00022101980369,15243.7880687352
"BWT","centered",58,1.00011664566409,15271.4262457749
"BWT","centered",59,1.00007379804719,15146.1189936882
"BWT","centered",60,1.00011011752656,15146.351984671
"BWT","centered",61,1.00004496482642,15049.9890628692
"BWT","centered",62,1.00010061202123,15164.8309685945
"BWT","centered",63,1.00005879098273,15389.7904545064
"BWT","centered",64,1.00008461184295,15231.4300595411
"BWT","centered",65,1.00006216530381,15165.6952224971
"BWT","centered",66,1.00003709213367,15234.9335754479
"BWT","centered",67,1.00010376330113,15228.0861486988
"BWT","centered",68,1.00002542770062,14444.048470385
"BWT","centered",69,1.00006497233696,14512.9123927653
"BWT","centered",70,0.99999640386979,14170.2760948034
"BWT","centered",71,1.00008597479521,14281.2948804954
"BWT","centered",72,1.00006066026269,14032.5741577578
"BWT","centered",73,1.00004909361177,14104.4927226922
"BWT","centered",74,1.00013557279877,14335.8575274591
"BWT","centered",75,1.00016265108778,14086.8682964187
"BWT","centered",76,1.00018980703742,14442.9026232739
"BWT","centered",77,1.00037022013127,14042.1979708113
"BWT","centered",78,1.00036053354871,14079.5839906129
"BWT","centered",79,1.00021031199169,13965.1214572618
"BWT","centered",80,1.00020735876958,14000.3062802534
"BWT","centered",81,1.00015376348072,13916.9892039991
"BWT","centered",82,1.00008717446837,13624.7839790454
"BWT","centered",83,1.00008284876082,13038.0139278596
"BWT","centered",84,1.00000980034257,12725.8734023422
"BWT","centered",85,1.00003601754739,12578.3571762003
"BWT","centered",86,0.999961267325049,12380.0884248423
"BWT","centered",87,0.99998095783655,12082.9574964543
"BWT","centered",88,1.00000144067392,13157.0786722638
"BWT","centered",89,0.999961639268293,13199.5138891125
"BWT","centered",90,1.00009435150953,13569.2594116093
"BWT","centered",91,0.999974676394299,13913.7367138956
"BWT","centered",92,0.999909823432447,14055.1530224498
"BWT","centered",93,0.999918156170711,13875.5935015228
"BWT","centered",94,0.999924352774728,14221.4203957539
"BWT","centered",95,0.999939884415835,14395.9124768419
"BWT","centered",96,0.999944349268215,14791.3484695918
"BWT","centered",97,0.999917500142559,14242.7812640912
"BWT","centered",98,0.99997179630751,14311.6338507175
"BWT","centered",99,0.999997727946517,14375.1729240698
"BWT","centered",100,1.00000672799112,14689.3852220142
"BWT","centered",101,0.999990907331193,14463.2386503566
"BWT","centered",102,1.0000432599724,15315.4842635063
"BWT","centered",103,1.00001359546241,15073.2843873605
"BWT","centered",104,0.999972923215358,15510.4253744125
"BWT","centered",105,1.00001076584136,15793.1971769143
"BWT","centered",106,1.00002619838319,16270.1518198025
"BWT","centered",107,1.00005638007485,16243.834858043
"BWT","centered",108,1.00011836212046,16116.6132199138
"BWT","centered",109,1.00010643866564,16159.6791750686
"BWT","centered",110,1.00004500848174,16085.8635199011
"BWT","centered",111,1.00010805966688,16036.5120702103
"BWT","centered",112,1.0001741706943,15917.9426396227
"BWT","centered",113,1.0001374758572,16241.1144626122
"BWT","centered",114,1.00007935251904,15897.0138763527
"BWT","centered",115,1.00013219204337,15410.8347043446
"BWT","centered",116,1.00016784796017,15744.266853094
"BWT","centered",117,1.00018493795347,14778.8169504801
"BWT","centered",118,1.00022602814762,14445.3692029966
"BWT","centered",119,1.0001540876859,14866.601463316
"BWT","centered",120,1.00009919221795,13712.4746947559
"BWT","centered",121,1.00015915418021,14050.6742297835
"BWT","centered",122,1.00025531585107,13950.5126370893
"BWT","centered",123,1.00022538885594,13556.2681071143
"BWT","centered",124,1.00001007509676,13278.8561117577
"BWT","centered",125,0.999997388153837,13031.5676464757
"BWT","centered",126,0.999931383643303,13398.1252510427
"BWT","centered",127,0.999918130951796,13451.1061729876
"BWT","centered",128,0.999918175831022,13264.889364028
"BWT","centered",129,1.00006559776282,13354.9954431999
"BWT","centered",130,1.00007072415708,13249.974475916
"BWT","centered",131,1.00010614956929,13074.5727109555
"BWT","centered",132,1.00015910184697,13506.6006270517
"BWT","centered",133,1.00004673127019,14138.2993468089
"BWT","centered",134,1.00007385599676,13773.0399705235
"BWT","centered",135,1.00013211850497,13756.5683637231
"BWT","centered",136,1.00005097175976,14239.7687262367
"BWT","centered",137,1.0001123580284,14047.2805591362
"BWT","centered",138,1.00008988962994,14523.5705102732
"BWT","centered",139,1.00004637442948,14657.1792955688
"BWT","centered",140,1.00010611800245,14580.4682664287
"BWT","centered",141,1.00010628895364,15073.5461181883
"BWT","centered",142,1.00004732968274,14709.0091529989
"BWT","centered",143,1.00009088160164,14438.9353291776
"BWT","centered",144,1.00010564038191,14579.0191430986
"BWT","centered",145,1.00020421468978,14890.0804408047
"BWT","centered",146,1.00019670349807,15548.4029291599
"BWT","centered",147,1.00016306621446,15306.7384084733
"BWT","centered",148,1.00012683489371,14964.6490685339
"BWT","centered",149,1.0000199140299,14423.5368564842
"BWT","centered",150,1.00004280717849,14223.4626352055
"BWT","centered",151,1.00002382799611,14931.1525611652
"BWT","centered",152,1.00004597195536,14428.1901099616
"BWT","centered",153,1.00012254120371,14422.8726963454
"BWT","centered",154,1.00004643025993,14821.6114696796
"BWT","centered",155,0.999928785338821,14807.8324229249
"BWT","centered",156,1.00001406979554,14351.0000675782
"BWT","centered",157,1.00003860401287,14376.5210146953
"BWT","centered",158,0.999983229395965,14588.5812688706
"BWT","centered",159,0.999999490197433,14300.9183196729
"BWT","centered",160,1.00003430765878,14092.9872700598
"BWT","centered",161,0.999937627594411,14218.6495893332
"BWT","centered",162,1.00000601011417,14398.7494629442
"BWT","centered",163,0.999977955775727,15317.9151659324
"BWT","centered",164,1.00007982336928,15117.4479797445
"BWT","centered",165,0.99994359087975,15120.7597004577
"BWT","centered",166,0.999968410411082,15530.4645250146
"BWT","centered",167,1.0000485428765,15208.642926581
"BWT","centered",168,1.0000391236775,15390.1467326648
"BWT","centered",169,1.00024470180051,15766.9108512149
"BWT","centered",170,1.00021101282481,15501.4103240885
"BWT","centered",171,0.999983275430397,15129.5790225589
"BWT","centered",172,1.00001908259332,15902.1737692344
"BWT","centered",173,1.00009314924608,15631.3866971656
"BWT","centered",174,0.99999782846498,15890.0802413646
"BWT","centered",175,1.00008287417596,15768.8061889856
"BWT","centered",176,0.999958797387578,16228.4208576706
"BWT","centered",177,0.999967859422561,17105.2680419349
"BWT","centered",178,1.00002847405559,16995.5175969927
"BWT","centered",179,0.999973812978869,17038.2902446428
"BWT","centered",180,0.999902113996602,17488.7104571926
"BWT","centered",181,0.999890575996402,17484.5972315595
"BWT","centered",182,0.999926736228927,17288.6037994813
"BWT","centered",183,0.999984134675353,17163.7758106085
"BWT","centered",184,1.00006282049206,17703.399034387
"BWT","centered",185,1.00013625110369,17198.0347044887
"BWT","centered",186,0.999990759272682,17656.1980746227
"BWT","centered",187,0.999992412384551,16976.0726700488
"BWT","centered",188,0.999944087522629,17243.4053775604
"BWT","centered",189,0.99995026582576,18148.4288658179
"BWT","centered",190,0.999956300352954,17339.1545690711
"BWT","centered",191,0.999983685945061,17335.5608739209
"BWT","centered",192,1.00004281172073,17951.2561316223
"BWT","centered",193,1.00001015399637,17832.5749260512
"BWT","centered",194,1.00002810840494,17627.4386579921
"BWT","centered",195,0.999988839338579,17692.0637259891
"BWT","centered",196,0.999991712087392,18415.6451466101
"BWT","centered",197,0.999965702932356,19003.970542884
"BWT","centered",198,1.00001244561235,18351.7380970768
"BWT","centered",199,1.00003474503978,18796.7569886571
"BWT","centered",200,1.00014956369137,18309.7876043954
"BWT","centered",201,1.00036485875754,17728.2854506004
"BWT","centered",202,1.00020357859315,17883.2481422535
"BWT","centered",203,0.999995771415983,17739.2328276889
"BWT","centered",204,0.999970332884037,17847.9047383303
"BWT","centered",205,0.999974727365992,18148.4623994559
"BWT","centered",206,1.00003914998922,17441.0818372322
"BWT","centered",207,0.999975433940909,17287.5126230131
"BWT","centered",208,1.0000941022818,17414.6776205533
"BWT","centered",209,1.00006292102892,17441.6008198281
"BWT","centered",210,0.999994859892491,17221.9041536411
"BWT","centered",211,1.0000505067189,17036.4686353473
"BWT","centered",212,1.00011876019266,16558.3126160145
"BWT","centered",213,1.00006444897795,16266.8858635066
"BWT","centered",214,1.00002832038467,16626.9488471726
"BWT","centered",215,1.000000822333,16359.2451102167
"BWT","centered",216,0.999990153144808,15707.6825887871
"BWT","centered",217,1.00002877062239,16186.3466042837
"BWT","centered",218,1.00007876093855,16331.9112370715
"BWT","centered",219,1.00015239342001,16656.4451919569
"BWT","centered",220,1.00011412242917,16520.6586818539
"BWT","centered",221,1.00018872997652,16229.0425650761
"BWT","centered",222,1.00011638873515,16137.0289610575
"BWT","centered",223,1.00002955805687,15675.2378948802
"BWT","centered",224,1.00020575910453,15172.4236961949
"BWT","centered",225,1.00013594767044,15149.9770021205
"BWT","centered",226,1.00029481474747,15055.764347527
"BWT","centered",227,1.00026115102495,15760.5149170675
"BWT","centered",228,1.00012638812373,15608.3935097567
"BWT","centered",229,1.00015058354034,15365.1268084488
"BWT","centered",230,1.0002871806926,15372.0907219752
"BWT","centered",231,1.00016574729895,15650.4581713131
"BWT","centered",232,1.00009527521979,15519.2692193171
"BWT","centered",233,1.00008029109345,15791.2826213925
"BWT","centered",234,1.00012994467459,15698.6705414854
"BWT","centered",235,1.00027495735504,15910.2664055342
"BWT","centered",236,1.00014497436583,16068.3620313065
"BWT","centered",237,1.0001516709185,16302.6015729298
"BWT","centered",238,1.00013923594128,16600.209525223
"BWT","centered",239,1.000126581694,16883.4861817053
"BWT","centered",240,1.0000689143633,16193.4644713085
"BWT","centered",241,1.00019270564623,16218.2461611651
"BWT","centered",242,1.00003307688477,15993.9235095238
"BWT","centered",243,1.00003285811089,16128.5238992773
"BWT","centered",244,1.00000795085461,15613.6051315232
"BWT","centered",245,1.00013626936381,15847.3249073662
"BWT","centered",246,1.00008157247597,15871.6657954295
"BWT","centered",247,0.999983661860252,16027.1552454829
"BWT","centered",248,1.00020101019986,16446.3576544304
"BWT","centered",249,1.00027852147309,16287.7633667912
"BWT","centered",250,1.00009638609435,16416.3567129245
"BWT","centered",251,1.00000044669254,16262.4800636847
"BWT","centered",252,0.999926826015318,16293.5124608259
"BWT","centered",253,0.999933396076699,16551.042273702
"BWT","centered",254,0.999965720605645,16059.0563087354
"BWT","centered",255,0.999966908123204,16460.3171121629
"BWT","centered",256,0.999979406861388,16460.9484962903
"BWT","centered",257,0.999992596241363,16346.9872890116
"BWT","centered",258,1.00001845935722,16585.0523792494
"BWT","centered",259,0.999988775418492,16706.6899829111
"BWT","centered",260,0.99999305416677,17272.9422981081
"BWT","centered",261,0.999991578895428,17255.3765156065
"BWT","centered",262,0.999985650031798,17811.9836158137
"BWT","centered",263,1.00004194294281,17960.0910401255
"BWT","centered",264,1.00004628791481,17938.8000553497
"BWT","centered",265,1.00010571171152,17952.4395268217
"BWT","centered",266,1.00008257263941,18195.538835257
"BWT","centered",267,1.00012160762574,17627.2685742595
"BWT","centered",268,1.00004684678826,17615.1735334003
"BWT","centered",269,1.00006952714097,18106.1626583473
"BWT","centered",270,1.00010842037769,18083.9125669078
"BWT","centered",271,1.0000364073035,17920.5243300379
"BWT","centered",272,1.00014706257247,18192.2705235861
"BWT","centered",273,1.00012575458616,18415.4747681746
"BWT","centered",274,1.0001151424739,18129.7971039644
"BWT","centered",275,1.00017429965846,18627.206984349
"BWT","centered",276,1.00005307990105,20072.4728473645
"BWT","centered",277,1.00002572016775,19714.7301706066
"BWT","centered",278,1.00012294079996,19637.7383735718
"BWT","centered",279,1.0001959990818,19953.9191713295
"BWT","centered",280,1.00021967548515,19978.5929469963
"BWT","centered",281,1.00026908654338,20059.7452779854
"BWT","centered",282,1.00030898086177,20425.9685057687
"BWT","centered",283,1.00028621765843,19813.8711051162
"BWT","centered",284,1.00020717901183,19947.6876223813
"BWT","centered",285,1.00019739989751,20064.6289700322
"BWT","centered",286,1.00009877888489,20132.9074924028
"BWT","centered",287,1.00009137924739,20178.0576792968
"BWT","centered",288,1.00004749274764,20328.3130739075
"BWT","centered",289,0.999988844653238,19655.4803019459
"BWT","centered",290,1.00025556657268,19552.9569682623
"BWT","centered",291,1.00006164968468,19568.2510936525
"BWT","centered",292,1.00017365315964,20308.7249742209
"BWT","centered",293,1.00012140022307,20980.6006086438
"BWT","centered",294,1.00002090552133,20434.3419001403
"BWT","centered",295,0.999972601433812,20436.8641450962
"BWT","centered",296,1.00005469513545,20278.2664446187
"BWT","centered",297,1.00000513825391,20845.4591763139
"BWT","centered",298,1.00001935729669,20881.3984636248
"BWT","centered",299,1.00015086068899,21159.5648484065
"BWT","centered",300,1.00028679611291,20797.0320325366
"BWT","centered",301,1.00013932717503,20362.0758367154
"BWT","centered",302,1.00012254866257,20719.8795277598
"BWT","centered",303,1.00018699195743,20725.2857908274
"BWT","centered",304,1.0001220484815,20960.7798738593
"BWT","centered",305,1.00007799037623,21089.4555849105
"BWT","centered",306,1.00009534740696,20246.7203003461
"BWT","centered",307,1.00009601489459,19948.3263982384
"BWT","centered",308,1.00013513692679,20543.3302405101
"BWT","centered",309,1.00017053874834,20041.2745663962
"BWT","centered",310,1.00017022991087,20220.2098804107
"BWT","centered",311,1.0000483821245,20583.6243066343
"BWT","centered",312,1.00008795994796,19995.0443788315
"BWT","centered",313,1.00019934478105,20231.2637911905
"BWT","centered",314,1.00013863324659,19877.2268920536
"BWT","centered",315,1.00016019819419,20172.3559365729
"BWT","centered",316,1.0000984196295,19709.5040445188
"BWT","centered",317,1.00009318252711,18817.0760479957
"BWT","centered",318,1.00013657005814,19050.8763702704
"BWT","centered",319,1.0001879921944,18935.6641846411
"BWT","centered",320,1.00020940947513,18406.9063647533
"BWT","centered",321,1.00020645252052,17125.9152372157
"BWT","centered",322,1.00007662804348,17182.1142544485
"BWT","centered",323,1.00007076207198,16607.3690993276
"BWT","centered",324,1.00007468537155,15495.5732166849
"BWT","centered",325,1.00013755711351,15924.2170251973
"BWT","centered",326,1.00003845261603,15405.8726964139
"BWT","centered",327,1.00002927326421,15700.6478154622
"BWT","centered",328,1.00010253531563,15268.3637702257
"BWT","centered",329,1.00003564364021,15043.0784922116
"BWT","centered",330,1.00005094582223,14917.9742200486
"BWT","centered",331,1.00006025310652,14736.3092756877
"BWT","centered",332,1.00007429040512,14899.360267868
"BWT","centered",333,1.00004138384269,14940.6498223158
"BWT","centered",334,1.00009172840659,14191.5186398019
"BWT","centered",335,1.0001454585821,14013.0971789401
"BWT","centered",336,1.00014793219361,14696.1009519225
"BWT","centered",337,1.00006853404549,14726.8412644934
"BWT","centered",338,1.00006172227948,14211.2448466262
"BWT","centered",339,1.00013984513071,15023.4397975698
"BWT","centered",340,1.00003816312699,14542.9358035347
"BWT","centered",341,0.99997105183582,14658.3729227441
"BWT","centered",342,0.99996621891368,15208.9541449938
"BWT","centered",343,1.00002731111698,15449.6811056931
"BWT","centered",344,1.00011246649399,15480.5293797244
"BWT","centered",345,1.00006182631207,15673.6195723694
"BWT","centered",346,0.999966828151692,15980.5869355735
"BWT","centered",347,1.00001940782139,16181.0280857643
"BWT","centered",348,1.00006647038359,16100.4711876069
"BWT","centered",349,1.00003409860069,15635.3494803247
"BWT","centered",350,0.999975679541391,15732.6112230041
"BWT","centered",351,1.00008955105588,15687.5043946963
"BWT","centered",352,1.00004435233653,16185.8857861516
"BWT","centered",353,1.00005535662997,15740.8605425572
"BWT","centered",354,1.00004774494745,16471.9251343732
"BWT","centered",355,0.999948991995449,16603.2129371512
"BWT","centered",356,0.999970350456187,16879.8101964355
"BWT","centered",357,0.999978860270012,16444.5055763134
"BWT","centered",358,0.999993896297813,16606.268871803
"BWT","centered",359,1.00008566356772,17552.5899117508
"BWT","centered",360,1.00024144700057,17509.1417985078
"BWT","centered",361,1.00001652275184,17691.2095226969
"BWT","centered",362,1.00017641574598,17419.8477214469
"BWT","centered",363,0.999984746841382,17425.5194925652
"BWT","centered",364,1.00010278500636,18450.9857190712
"BWT","centered",365,1.00010121074676,18751.7266824234
"BWT","centered",366,1.00005942126717,18318.9963273878
"BWT","centered",367,1.00011348779171,18086.103099323
"BWT","centered",368,1.00007773063527,18114.4472968759
"BWT","centered",369,1.00011437851533,17666.4280924626
"BWT","centered",370,1.00008091168653,17625.1654057183
"BWT","centered",371,1.00006098500399,17703.6504854435
"BWT","centered",372,0.999946222576844,17649.6494387507
"BWT","centered",373,1.000010873193,17965.5359687331
"BWT","centered",374,1.00009954587634,17974.047782976
"BWT","centered",375,1.00013856709894,17975.9415390874
"BWT","centered",376,1.0000324551525,18208.2318007424
"BWT","centered",377,1.00010112435455,18864.3402175801
"BWT","centered",378,1.00007257833974,18611.2085434643
"BWT","centered",379,1.00017730304881,18612.4444972639
"BWT","centered",380,1.00019080633551,18238.092115514
"BWT","centered",381,1.0001859453191,18088.8732158663
"BWT","centered",382,1.00013962988658,18176.5006914668
"BWT","centered",383,1.00017139921883,18142.0219101553
"BWT","centered",384,1.00014648832384,18261.1826275129
"BWT","centered",385,1.0001256161908,18487.4601806938
"BWT","centered",386,1.00028838719375,18269.3856852257
"BWT","centered",387,1.0002192489689,18127.4283433515
"BWT","centered",388,1.00015618071104,18377.7247122334
"BWT","centered",389,1.00016100524088,18403.6102845045
"BWT","centered",390,1.00014409356408,18179.4107257302
"BWT","centered",391,1.00016005026972,17982.6650312304
"BWT","centered",392,1.00008170774452,17892.0413589253
"BWT","centered",393,1.00021308851065,17875.9822935091
"BWT","centered",394,1.00015400731029,17451.3675002577
"BWT","centered",395,1.00009626339508,17894.5308941772
"BWT","centered",396,1.00009170177732,17529.2846317999
"BWT","centered",397,1.00006465673457,17600.749827327
"BWT","centered",398,1.00007457838128,17457.8078657059
"BWT","centered",399,1.00024509858687,17461.5491337393
"BWT","centered",400,1.0000807585885,17956.977099785
"BWT","centered",401,1.000127215058,17728.0566112373
"BWT","centered",402,1.00022673133125,17333.6426746034
"BWT","centered",403,1.00019359232089,16926.1330958937
"BWT","centered",404,1.00011533305804,17296.7061692834
"BWT","centered",405,1.00019368727107,17682.1243338476
"BWT","centered",406,1.00021712986502,17576.2427751564
"BWT","centered",407,1.00020601935528,17343.5248904134
"BWT","centered",408,1.00018403529632,16875.3826490239
"BWT","centered",409,1.00011808581169,17603.8792560387
"BWT","centered",410,1.0000829834392,17778.9600713296
"BWT","centered",411,1.00005298568155,17439.5827438553
"BWT","centered",412,1.00011590038164,17378.3209231732
"BWT","centered",413,1.0000713525734,17405.9925092211
"BWT","centered",414,1.00001263670398,17040.760403129
"BWT","centered",415,1.000034882279,17971.993995102
"BWT","centered",416,1.00010174008357,18226.318982925
"BWT","centered",417,1.00004868964104,16843.8332300614
"BWT","centered",418,1.0001100580786,17129.9301155226
"BWT","centered",419,1.00021322582343,17753.3284119501
"BWT","centered",420,1.000288430505,17151.7890941692
"BWT","centered",421,1.00023017536836,16945.4725312756
"BWT","centered",422,1.00020548894102,16338.3097514296
"BWT","centered",423,1.00022724168362,16820.225175473
"BWT","centered",424,1.00017651160093,16823.0079413062
"BWT","centered",425,1.00014131951157,16992.9606158864
"BWT","centered",426,1.00023480311009,17035.0995025153
"BWT","centered",427,1.00007448930725,17355.1451544682
"BWT","centered",428,1.00017184920536,16924.5691471179
"BWT","centered",429,1.00012743635558,16694.543420132
"BWT","centered",430,1.00007861392088,16578.7429098377
"BWT","centered",431,1.00018252166021,16359.5119325951
"BWT","centered",432,1.00016397985432,16696.673087193
"BWT","centered",433,1.00016893158445,15964.1504936391
"BWT","centered",434,1.00024845061214,15813.2289566971
"BWT","centered",435,1.00027267741706,15651.3548233121
"BWT","centered",436,1.0002946473973,15961.9347268198
"BWT","centered",437,1.00029639031517,15534.0443449145
"BWT","centered",438,1.00031444107211,15763.4356798026
"BWT","centered",439,1.00018829690074,15527.575678446
"BWT","centered",440,1.00018093160568,15692.9820872132
"BWT","centered",441,1.00014047249594,15909.3016018288
"BWT","centered",442,1.00007020497898,15862.1479597838
"BWT","centered",443,1.0001274876496,15870.0755530313
"BWT","centered",444,1.00006674962969,15816.7096609538
"BWT","centered",445,1.00006162115576,15901.9238954949
"BWT","centered",446,1.00010605696062,16062.7946594232
"BWT","centered",447,1.00007163977549,16152.1674591188
"BWT","centered",448,0.999992284670337,16311.002726281
"BWT","centered",449,1.00005620628375,16183.2221347985
"BWT","centered",450,1.00010853144463,16184.7883547533
"BWT","centered",451,1.00016345608076,16275.7181490616
"BWT","centered",452,1.00003812003879,16683.5769806789
"BWT","centered",453,1.00012118720619,16892.3922503843
"BWT","centered",454,1.00011621954984,16396.5819387482
"BWT","centered",455,1.00005760166742,16373.054049717
"BWT","centered",456,1.00005581263879,16192.5868760228
"BWT","centered",457,1.00002587998631,15986.670197375
"BWT","centered",458,1.00007238289623,15952.5121738704
"BWT","centered",459,1.00000384194579,16737.8202228374
"BWT","centered",460,1.00015523995287,16732.5109406476
"BWT","centered",461,1.00025841496712,16669.7350913999
"BWT","centered",462,1.00007492797552,16652.1027113557
"BWT","centered",463,1.0000698602946,16162.765478707
"BWT","centered",464,1.00002411590183,16371.7068834276
"BWT","centered",465,1.0000218680843,16054.5953467246
"BWT","centered",466,1.00019375924655,16460.5568961553
"BWT","centered",467,1.00018347394373,16775.8185182486
"BWT","centered",468,1.00015738506409,16447.3733709587
"BWT","centered",469,1.00012061163859,16920.0428216991
"BWT","centered",470,1.00009006554279,17060.3678283805
"BWT","centered",471,1.00005562443839,17591.7536743944
"BWT","centered",472,1.0000804566151,17856.7196187143
"BWT","centered",473,1.00007301621073,17740.6080063676
"BWT","centered",474,1.00000773424403,17795.2934827528
"BWT","centered",475,1.00000096052669,18032.1285343222
"BWT","centered",476,0.999999210396474,18116.3792737776
"BWT","centered",477,0.999982648118508,17288.2384339008
"BWT","centered",478,0.999999183803217,18419.9914593854
"BWT","centered",479,1.00005398728689,17951.0756113447
"BWT","centered",480,1.0000173560973,17273.2316651455
"BWT","centered",481,1.00007669455882,16940.6366416844
"BWT","centered",482,1.00004553163451,17457.2293592292
"BWT","centered",483,1.00008316296737,17002.4350256862
"BWT","centered",484,1.00007348449118,16811.9501671906
"BWT","centered",485,1.00016067616619,17281.5301406462
"BWT","centered",486,1.00021813882225,16689.6133033665
"BWT","centered",487,1.00029829905725,16766.5776530941
"BWT","centered",488,1.00017800332925,16476.8366788883
"BWT","centered",489,1.00015793861809,15804.5815006076
"BWT","centered",490,1.00019366276583,16347.2642741328
"BWT","centered",491,1.00019691210753,15921.4185955722
"BWT","centered",492,1.0002443497335,15529.5882529106
"BWT","centered",493,1.00010740236855,14616.1606989666
"BWT","centered",494,1.00008282277197,15027.6515037445
"BWT","centered",495,1.0001941603868,15126.3781479325
"BWT","centered",496,1.00019491714382,14390.0484953396
"BWT","centered",497,0.999998506905089,14254.100438779
"BWT","centered",498,1.00003982227956,14189.0794701992
"BWT","centered",499,0.999919774040759,14051.2216545883
"BWT","centered",500,0.99997216040486,13691.1767755246
"BWT","centered",501,1.00009745359794,13535.7654005063
"BWT","centered",502,1.00002171138718,13111.6141135174
"BWT","centered",503,0.999996569347679,12805.5742973942
"BWT","centered",504,1.00001304271614,12774.7451616781
"BWT","centered",505,1.00002501770271,12071.5806158742
"BWT","centered",506,1.00006560439706,11714.6673807995
"BWT","centered",507,1.00019132510101,11167.5638892859
"BWT","centered",508,1.00022901929263,11432.9754048076
"BWT","centered",509,1.00025313653064,11414.4550105316
"BWT","centered",510,1.00039568025668,10855.0772250084
"BWT","centered",511,1.00039642724419,10961.6022234192
"BWT","centered",512,1.00037359394541,10832.7855840621
"BWT","centered",513,1.00041113951977,10772.1073986705
"BWT","centered",514,1.00057627777405,10621.4287305553
"BWT","centered",515,1.00042735027906,10595.2544720122
"BWT","centered",516,1.00044638716389,10695.1251892181
"BWT","centered",517,1.0004341892038,10537.288636095
"BWT","centered",518,1.00056941272929,10767.0519284495
"BWT","centered",519,1.00052865641192,10544.9986188636
"BWT","centered",520,1.00059998934861,10595.7938184926
"BWT","centered",521,1.00051070273141,11010.3725808388
"BWT","centered",522,1.00045023296338,10800.5610644694
"BWT","centered",523,1.00050922956828,10748.1196273022
"BWT","centered",524,1.00057889223596,10821.8456414736
"BWT","centered",525,1.0005428872392,11008.4989889236
"BWT","centered",526,1.00037442901561,10979.2735935082
"BWT","centered",527,1.00041845844109,11180.6342950646
"BWT","centered",528,1.00046222327209,11432.5590727718
"BWT","centered",529,1.00066193996594,11247.3029309463
"BWT","centered",530,1.00081192253305,11587.5471565051
"BWT","centered",531,1.00099069101618,11059.6127847061
"BWT","centered",532,1.00101074195176,11669.1388415681
"BWT","centered",533,1.0009330816808,11564.4735274928
"BWT","centered",534,1.0007995511779,11889.0324671103
"BWT","centered",535,1.00055912936484,11962.4434215491
"BWT","centered",536,1.00048246064747,11971.8728763477
"BWT","centered",537,1.00057390331699,12735.2271688398
"BWT","centered",538,1.00069835154935,12631.4966217665
"BWT","centered",539,1.00051673368201,12883.0852271424
"BWT","centered",540,1.00048673933359,12875.2380099287
"BWT","centered",541,1.00035660465693,13081.6491602082
"BWT","centered",542,1.00025662059775,12692.5986343276
"BWT","centered",543,1.00021509699393,12772.8196993945
"BWT","centered",544,1.00019681428302,12979.6644781108
"BWT","centered",545,1.00014291280457,13032.2107804199
"BWT","centered",546,1.00006165940551,12867.3998311244
"BWT","centered",547,1.0001478464493,13360.4792774578
"BWT","centered",548,1.00004620779961,13562.1724723889
"BWT","centered",549,1.00004558281987,13046.1962886391
"BWT","centered",550,0.999990543316385,13212.9076615553
"BWT","centered",551,0.999994291329622,13059.5199662211
"BWT","centered",552,1.00009428234511,13045.947481863
"BWT","centered",553,1.0002732136404,13094.0497682168
"BWT","centered",554,1.00031447622353,13519.7984459088
"BWT","centered",555,1.00036490778749,13039.5644872063
"BWT","centered",556,1.00028564521237,13279.0118007366
"BWT","centered",557,1.0001567661767,13619.7620209334
"BWT","centered",558,1.00028233626933,13768.0994043227
"BWT","centered",559,1.00023727827212,13756.905870304
"BWT","centered",560,1.00014627402889,13831.6298752938
"BWT","centered",561,1.00020889436273,13949.6138932557
"BWT","centered",562,1.00026631255362,14117.0457110476
"BWT","centered",563,1.00029175385847,13703.5075905461
"BWT","centered",564,1.00015346352373,13652.8112212009
"BWT","centered",565,1.00025941706967,13607.439686412
"BWT","centered",566,1.00047347926953,13065.4413407274
"BWT","centered",567,1.00040532489229,13647.4235852668
"BWT","centered",568,1.00035114691578,13974.8398684912
"BWT","centered",569,1.00040632031377,13872.846628229
"BWT","centered",570,1.00048170534564,13740.1275010617
"BWT","centered",571,1.00067002109353,13550.9483744358
"BWT","centered",572,1.00073701158021,13897.6654782338
"BWT","centered",573,1.00065323638086,14163.3388180568
"BWT","centered",574,1.00076943212323,13749.3723013673
"BWT","centered",575,1.00088030150101,13797.2234811048
"BWT","centered",576,1.00084745924044,13433.9853669717
"BWT","centered",577,1.00074139649355,13338.1070238505
"BWT","centered",578,1.00055327456559,13241.7768657757
"BWT","centered",579,1.00038823520693,13121.1595004761
"BWT","centered",580,1.00040715704447,13306.5844409407
"BWT","centered",581,1.00051459338018,12005.2590878147
"BWT","centered",582,1.00056223983845,13066.8245158339
"BWT","centered",583,1.00051243742354,12421.8034976867
"BWT","centered",584,1.00050109273168,12154.2591302643
"BWT","centered",585,1.00046102662842,12484.8905863293
"BWT","centered",586,1.00055044033501,12509.7730435294
"BWT","centered",587,1.00058800597253,12371.6730238136
"BWT","centered",588,1.00052718945645,12152.8026842723
"BWT","centered",589,1.00046504963282,11525.1396165705
"BWT","centered",590,1.00062724319695,11098.6112306365
"BWT","centered",591,1.00055182055985,11255.5786983355
"BWT","centered",592,1.00050120875058,11275.0072290835
"BWT","centered",593,1.00028347394363,11732.1369342199
"BWT","centered",594,1.00024012914755,11945.024316668
"BWT","centered",595,1.00011924047778,11565.5064722101
"BWT","centered",596,1.00010786416696,11625.6819651964
"BWT","centered",597,1.00014424663334,12311.7923112051
"BWT","centered",598,1.00018066039352,12154.1904833136
"BWT","centered",599,1.00022295005637,11930.0550227413
"BWT","centered",600,1.00009956610036,12127.7906867959
"BWT","centered",601,1.00014716155309,12304.3160655556
"BWT","centered",602,1.00022685195556,12534.5702516628
"BWT","centered",603,1.00019459218179,12223.5334607281
"BWT","centered",604,1.00019537005029,11925.696939749
"BWT","centered",605,1.00023364718834,11806.0997863977
"BWT","centered",606,1.00028172863287,11644.7320532819
"BWT","centered",607,1.00029994764585,11920.6850244869
"BWT","centered",608,1.00018974805075,11819.3208324497
"BWT","centered",609,1.00015249409424,12351.0264237538
"BWT","centered",610,1.00023049923516,12460.4530164016
"BWT","centered",611,1.00027070714351,11922.1971258118
"BWT","centered",612,1.00024564074686,12021.0510032048
"BWT","centered",613,1.00017982006992,12173.1319879478
"BWT","centered",614,1.00021932329372,12223.9856668742
"BWT","centered",615,1.00012015021864,12669.9308326223
"BWT","centered",616,1.0001210101202,12866.6467618864
"BWT","centered",617,1.00011311480733,13052.7794497569
"BWT","centered",618,1.000207267969,12970.6771688225
"BWT","centered",619,1.00024400930833,13194.906200749
"BWT","centered",620,1.00024187292051,12921.1080786507
"BWT","centered",621,1.00010377341626,13240.9415392233
"BWT","centered",622,1.00004379400643,13021.1388311502
"BWT","centered",623,0.999984382186014,13417.407383639
"BWT","centered",624,1.00009385835666,13490.4913167947
"BWT","centered",625,1.00010922418753,12963.1618095031
"BWT","centered",626,1.00011045509812,13115.9621047194
"BWT","centered",627,1.00004086747978,13122.111244592
"BWT","centered",628,1.00011581909305,12700.2022725615
"BWT","centered",629,1.00016420924734,12606.0199686187
"BWT","centered",630,1.00017383008863,12149.3246842106
"BWT","centered",631,1.00012329769717,12174.4256032883
"BWT","centered",632,1.00014720872306,12703.5780054594
"BWT","centered",633,1.00018005834716,12984.7804136498
"BWT","centered",634,1.00017530027002,13144.0954395023
"BWT","centered",635,1.00018882689508,13136.4994628882
"BWT","centered",636,1.00008009495594,13231.5900718586
"BWT","centered",637,1.00022948330912,13321.4991192105
"BWT","centered",638,1.00006586685241,13028.5203380491
"BWT","centered",639,1.00010864421787,12878.0792115575
"BWT","centered",640,1.00009706425265,12890.1946339392
"BWT","centered",641,1.00016447918664,12462.5725478252
"BWT","centered",642,1.00015948867098,12417.5316542
"BWT","centered",643,1.00034291030953,12140.7558311425
"BWT","centered",644,1.00045717049176,11924.9601414488
"BWT","centered",645,1.00043576697331,11216.1031126285
"BWT","centered",646,1.00037215093745,11254.7557083664
"BWT","centered",647,1.00046900415216,11038.9981793373
"BWT","centered",648,1.00062562222288,10504.130128141
"BWT","centered",649,1.00063053003929,10328.5410207941
"BWT","centered",650,1.00077905540922,10269.625443318
"BWT","centered",651,1.00072695377068,10180.898303269
"BWT","centered",652,1.00070182650421,9465.46046619812
"BWT","centered",653,1.00086942960884,9191.20000725141
"BWT","centered",654,1.00067099829941,9393.54899452881
"BWT","centered",655,1.0006007304651,9572.47408428428
"BWT","centered",656,1.00054049826586,9733.39846425829
"BWT","centered",657,1.00036157789173,10081.0963866598
"BWT","centered",658,1.0003599207821,10453.668178745
"BWT","centered",659,1.00032838452975,10894.8431884947
"BWT","centered",660,1.0002423799431,11446.8729279912
"BWT","first_difference",1,1.00008869926189,23678.1989978268
"BWT","first_difference",2,0.999983590691515,23947.6795299218
"BWT","first_difference",3,1.00018134812926,24281.4326679516
"BWT","first_difference",4,0.999981748101803,23498.8511769646
"BWT","first_difference",5,1.00034930936852,23370.9262289272
"BWT","first_difference",6,1.0002953765913,24000
"BWT","first_difference",7,1.00035736421304,24005.1506008553
"BWT","first_difference",8,1.00012137211099,24000
"BWT","first_difference",9,1.00025646026873,21787.0992175474
"BWT","first_difference",10,1.00004064703253,24000
"BWT","first_difference",11,1.00019114285112,24252.6691881763
"BWT","first_difference",12,1.00028670752869,23220.7823415987
"BWT","first_difference",13,0.999988783784942,23704.076085665
"BWT","first_difference",14,1.00057552055583,22322.0618396868
"BWT","first_difference",15,1.00018502575856,24501.8247980088
"BWT","first_difference",16,1.00006120742631,24863.6685532937
"BWT","first_difference",17,1.00023175634576,24303.0909873921
"BWT","first_difference",18,1.00017792889194,23912.9496912224
"BWT","first_difference",19,1.00009869309195,24333.6200384642
"BWT","first_difference",20,1.00003907570867,24000
"BWT","first_difference",21,1.00011991068376,23408.708107077
"BWT","first_difference",22,1.00016722908081,24000
"BWT","first_difference",23,1.00017656848655,22512.3365136616
"BWT","first_difference",24,1.00011479727427,24255.4520108681
"BWT","first_difference",25,1.00014139820937,22582.6190544486
"BWT","first_difference",26,1.00017194081218,23213.8158292377
"BWT","first_difference",27,1.00001523873481,23863.7176529663
"BWT","first_difference",28,1.00006508119539,22018.1854386498
"BWT","first_difference",29,1.00016298564584,24000
"BWT","first_difference",30,1.00014395735591,24000
"BWT","first_difference",31,1.00008488945345,24749.8630398656
"BWT","first_difference",32,1.00011211023769,23309.154939323
"BWT","first_difference",33,1.00005109511629,23391.2878221914
"BWT","first_difference",34,0.999974900680478,24000
"BWT","first_difference",35,1.00007721145752,24000
"BWT","first_difference",36,0.999977136606092,24000
"BWT","first_difference",37,0.999954100466067,23755.443985229
"BWT","first_difference",38,0.99994877960459,23637.5565074537
"BWT","first_difference",39,1.00006101980967,23773.5400222745
"BWT","first_difference",40,1.0001252169953,23580.6108907053
"BWT","first_difference",41,0.999978930061339,24000
"BWT","first_difference",42,0.99997218780904,24000
"BWT","first_difference",43,1.00010320766026,24061.825538409
"BWT","first_difference",44,1.0001048462231,24461.4083529832
"BWT","first_difference",45,1.00007672661394,24000
"BWT","first_difference",46,1.00006530786131,22909.2460064024
"BWT","first_difference",47,0.999992643112164,24000
"BWT","first_difference",48,0.999984527724137,24000
"BWT","first_difference",49,1.00009653004518,23652.0157524922
"BWT","first_difference",50,1.00006468777529,24241.6097011592
"BWT","first_difference",51,1.0000011522808,24165.1043174443
"BWT","first_difference",52,0.999944301301935,23626.2019161153
"BWT","first_difference",53,1.00003027483748,24000
"BWT","first_difference",54,1.00004911651756,23737.3012891957
"BWT","first_difference",55,1.00000459485645,24658.7289062148
"BWT","first_difference",56,1.00002639164321,23761.5707751516
"BWT","first_difference",57,1.00014479186459,23929.556336988
"BWT","first_difference",58,0.999944379508074,23266.74369472
"BWT","first_difference",59,1.0000706514238,24000
"BWT","first_difference",60,1.00008657832723,24000
"BWT","first_difference",61,1.00028050594049,24741.4056117057
"BWT","first_difference",62,1.00005521087368,23831.1729198216
"BWT","first_difference",63,0.999999450031928,23643.3805165982
"BWT","first_difference",64,1.00003130410334,24000
"BWT","first_difference",65,1.00014633092983,23753.4195234499
"BWT","first_difference",66,0.999987019180864,23703.8012858373
"BWT","first_difference",67,1.00010022301879,23253.6389874379
"BWT","first_difference",68,1.00001139125649,24021.5488666327
"BWT","first_difference",69,1.00006274885602,24226.5150138525
"BWT","first_difference",70,1.00003932265843,24000
"BWT","first_difference",71,1.00010426861458,24000
"BWT","first_difference",72,0.999910966900387,24000
"BWT","first_difference",73,1.00004208008201,24000
"BWT","first_difference",74,1.00019485921111,24530.7538136853
"BWT","first_difference",75,1.00003259853271,23703.5512806561
"BWT","first_difference",76,0.99999418187466,24041.9946481128
"BWT","first_difference",77,1.00011986522792,24292.4245060687
"BWT","first_difference",78,1.00004479294002,23599.1714694942
"BWT","first_difference",79,1.00001590673288,24000
"BWT","first_difference",80,1.00005446637621,24390.918631553
"BWT","first_difference",81,0.999944488703247,24309.3150630114
"BWT","first_difference",82,1.00010270077712,23810.1697166307
"BWT","first_difference",83,0.999969720162925,23881.2278056206
"BWT","first_difference",84,0.999974348633468,23903.0529743075
"BWT","first_difference",85,1.00016091750977,23439.7331834962
"BWT","first_difference",86,1.0000303958884,23355.7561081153
"BWT","first_difference",87,1.00019622399543,24291.6676010574
"BWT","first_difference",88,1.00007285629724,23545.8482531153
"BWT","first_difference",89,1.00006524245229,24000
"BWT","first_difference",90,1.00017002947711,24233.4004110671
"BWT","first_difference",91,1.00006937496404,24000
"BWT","first_difference",92,1.00018714628484,23752.9971968436
"BWT","first_difference",93,1.00002837600429,24819.4135879037
"BWT","first_difference",94,1.00004690736837,23395.4735503536
"BWT","first_difference",95,0.999934874945945,23436.2590039975
"BWT","first_difference",96,1.00011925652333,23830.804209851
"BWT","first_difference",97,1.00011803121246,23703.8117968607
"BWT","first_difference",98,1.00000827728281,24000
"BWT","first_difference",99,1.0000715599403,23771.2035694378
"BWT","first_difference",100,1.00005213492921,23780.4105077292
"BWT","first_difference",101,1.00007575990197,25388.650341982
"BWT","first_difference",102,0.999996068866085,24000
"BWT","first_difference",103,0.999953571396402,24730.8136443693
"BWT","first_difference",104,1.00025462621263,24679.7252986112
"BWT","first_difference",105,0.999977363624659,22783.5802220488
"BWT","first_difference",106,0.999978876245756,23438.0475091867
"BWT","first_difference",107,1.00019906112214,24142.8130523451
"BWT","first_difference",108,0.999966386390998,24000
"BWT","first_difference",109,0.999951992978715,23743.2181640047
"BWT","first_difference",110,0.999926581977638,24000
"BWT","first_difference",111,1.00001976920473,24000
"BWT","first_difference",112,0.999951566115653,23225.969073369
"BWT","first_difference",113,1.0001817157539,25877.6171224186
"BWT","first_difference",114,0.999985545143672,25151.3609852702
"BWT","first_difference",115,0.999948048502672,23373.9637170891
"BWT","first_difference",116,1.0000770198292,23608.5004913553
"BWT","first_difference",117,1.00001232592548,23786.8240577438
"BWT","first_difference",118,0.999929368567778,23454.6656161082
"BWT","first_difference",119,1.00005471636544,24199.5430142351
"BWT","first_difference",120,1.00003180880267,24338.3309511215
"BWT","first_difference",121,1.00009735723199,23544.9453173613
"BWT","first_difference",122,1.00020674290191,24000
"BWT","first_difference",123,0.999915621587751,24032.5158571242
"BWT","first_difference",124,0.999970844584591,22980.239422497
"BWT","first_difference",125,1.0001406045017,24000
"BWT","first_difference",126,1.00008723780515,24000
"BWT","first_difference",127,0.999960542487673,23999.9999999999
"BWT","first_difference",128,1.00039493141468,24248.4521658125
"BWT","first_difference",129,0.999930231749002,23696.7007542282
"BWT","first_difference",130,1.0000871284273,23418.0311197482
"BWT","first_difference",131,1.00010124782727,23551.0501628382
"BWT","first_difference",132,1.00020812133279,23995.4078715059
"BWT","first_difference",133,1.00000347092575,23385.1855042161
"BWT","first_difference",134,1.00005089610429,23018.577639315
"BWT","first_difference",135,1.00001694827593,23870.0209945178
"BWT","first_difference",136,0.999974195909129,23960.9626329994
"BWT","first_difference",137,1.000054510866,23938.8264781063
"BWT","first_difference",138,0.999984395013511,23772.3707732919
"BWT","first_difference",139,1.0001479533035,24741.7045975871
"BWT","first_difference",140,1.00008636656025,23687.2281816786
"BWT","first_difference",141,1.00002924142578,24625.4629337364
"BWT","first_difference",142,0.999998497759007,24119.937213365
"BWT","first_difference",143,1.00002951830039,23079.0148250051
"BWT","first_difference",144,0.999968288751824,23922.8525964562
"BWT","first_difference",145,1.00010700355822,23906.7683324765
"BWT","first_difference",146,1.00006836627148,25171.0562983332
"BWT","first_difference",147,0.999915390251599,23299.829605494
"BWT","first_difference",148,1.00017478071889,23440.8121510588
"BWT","first_difference",149,1.00002809258438,24000
"BWT","first_difference",150,0.999948994841944,23754.1268891403
"BWT","first_difference",151,1.00006997963004,22743.4372349144
"BWT","first_difference",152,1.00001270799008,24000.0000000001
"BWT","first_difference",153,1.00012919108919,23497.5681939693
"BWT","first_difference",154,0.999927502210954,24765.6633452974
"BWT","first_difference",155,0.99997701889193,24000
"BWT","first_difference",156,1.00001396763763,24668.1178401828
"BWT","first_difference",157,1.00000542296992,24000
"BWT","first_difference",158,0.999948819701914,23435.9015691025
"BWT","first_difference",159,1.00005799395747,24915.3247357559
"BWT","first_difference",160,1.00010057925451,24244.5918838649
"BWT","first_difference",161,0.9999761458931,23777.3780185599
"BWT","first_difference",162,0.999878552758101,24054.2159200705
"BWT","first_difference",163,1.00012807531899,24233.8298151431
"BWT","first_difference",164,1.00019417371871,24000
"BWT","first_difference",165,1.00000330586908,24000.0000000001
"BWT","first_difference",166,0.999985513088487,24424.6827526623
"BWT","first_difference",167,0.99999096116018,23813.4334875287
"BWT","first_difference",168,0.999954527517505,23575.0620131187
"BWT","first_difference",169,0.999956820360681,24286.7311545825
"BWT","first_difference",170,0.999979715648754,24000.0000000001
"BWT","first_difference",171,1.00004878759138,24086.0032879426
"BWT","first_difference",172,0.999963799805254,24000
"BWT","first_difference",173,1.0000816126561,23958.6790821876
"BWT","first_difference",174,0.999928352593605,24394.1994271983
"BWT","first_difference",175,1.00010736931456,23697.6334939771
"BWT","first_difference",176,1.00010611855508,23656.9159882046
"BWT","first_difference",177,1.00003736674735,24237.2095997653
"BWT","first_difference",178,0.999973560329906,23721.8401914031
"BWT","first_difference",179,0.999968608727888,24000
"BWT","first_difference",180,0.999984285173454,23815.4596736575
"BWT","first_difference",181,1.00004135867732,23541.8691159461
"BWT","first_difference",182,1.00002239188837,23453.3645858363
"BWT","first_difference",183,1.00004863023363,23671.1592153226
"BWT","first_difference",184,0.999987668245576,24000
"BWT","first_difference",185,1.00007072342751,23956.9530447765
"BWT","first_difference",186,1.00016174177775,24127.7546058265
"BWT","first_difference",187,0.999990184731663,24000
"BWT","first_difference",188,1.00002514243354,23710.0465179263
"BWT","first_difference",189,0.999988843456223,23287.7979791261
"BWT","first_difference",190,0.999920298744983,24297.6485820351
"BWT","first_difference",191,0.999917812629645,23435.2996609201
"BWT","first_difference",192,1.00016260736889,24000
"BWT","first_difference",193,1.00006841956009,24260.1485772916
"BWT","first_difference",194,1.00015896967393,23695.7327421986
"BWT","first_difference",195,1.0002375467995,24409.3080334395
"BWT","first_difference",196,1.00009642305103,24693.866044496
"BWT","first_difference",197,1.00002602773942,24891.1111213608
"BWT","first_difference",198,1.00010146140924,24155.6557910215
"BWT","first_difference",199,1.00019414546406,24700.9718855177
"BWT","first_difference",200,0.999918761464509,23682.1521490393
"BWT","first_difference",201,0.999988535087388,24000
"BWT","first_difference",202,1.00018554972291,23839.3384314208
"BWT","first_difference",203,0.999984744470043,23447.047081153
"BWT","first_difference",204,1.00017129567433,24000
"BWT","first_difference",205,1.0001100295572,23503.2298506619
"BWT","first_difference",206,1.00016981062122,23793.5285854055
"BWT","first_difference",207,1.00004149684206,23419.1187006858
"BWT","first_difference",208,0.999944741971507,24557.3651782295
"BWT","first_difference",209,0.99996034684259,24000
"BWT","first_difference",210,0.999978371603943,24933.940594667
"BWT","first_difference",211,1.0000221779763,24000
"BWT","first_difference",212,0.999964609293212,23231.534392671
"BWT","first_difference",213,1.00037307149017,23723.9322398687
"BWT","first_difference",214,1.00001255458648,23755.9062450021
"BWT","first_difference",215,1.00005995044853,24434.7327531888
"BWT","first_difference",216,1.00011170651898,24000
"BWT","first_difference",217,1.00012551702777,24274.8288537972
"BWT","first_difference",218,0.999931719879812,24515.6078094833
"BWT","first_difference",219,1.00010020010253,24298.4028831592
"BWT","first_difference",220,1.00013093841517,25888.4870570871
"BWT","first_difference",221,1.000104952398,23943.3480414292
"BWT","first_difference",222,0.999988658798567,24000
"BWT","first_difference",223,1.00002074748361,24512.222417983
"BWT","first_difference",224,1.00005653200734,24199.3428220356
"BWT","first_difference",225,0.999965169579257,22908.1366524634
"BWT","first_difference",226,1.00007153523674,23498.9590608879
"BWT","first_difference",227,1.00007040703684,24000
"BWT","first_difference",228,0.999963252030759,24000
"BWT","first_difference",229,1.00008902457993,24000
"BWT","first_difference",230,1.00001539589833,24000
"BWT","first_difference",231,1.00009749993102,23913.8624647898
"BWT","first_difference",232,1.00002376129336,24327.0847246319
"BWT","first_difference",233,0.999952969112732,24023.0830966967
"BWT","first_difference",234,1.00035714596416,23929.9370899534
"BWT","first_difference",235,1.0000711124468,26339.7984986629
"BWT","first_difference",236,1.00024006885183,24000
"BWT","first_difference",237,1.00007062476017,24000
"BWT","first_difference",238,1.00022526945194,24000
"BWT","first_difference",239,0.999936396376553,23758.0746896644
"BWT","first_difference",240,0.999989754158803,23593.6023313588
"BWT","first_difference",241,0.999926645100667,24000
"BWT","first_difference",242,0.999935191850309,24000
"BWT","first_difference",243,0.999938977450788,24000
"BWT","first_difference",244,1.00015465444979,24546.0487824217
"BWT","first_difference",245,1.00017088549821,24085.5812623309
"BWT","first_difference",246,1.00004384100289,24824.1994928142
"BWT","first_difference",247,0.999991641266193,24000
"BWT","first_difference",248,0.999995809060784,24000
"BWT","first_difference",249,0.999998077247517,23371.1350614883
"BWT","first_difference",250,1.00000999821337,23416.2347821492
"BWT","first_difference",251,1.00010754326864,24000
"BWT","first_difference",252,1.00020024616711,23900.4887194628
"BWT","first_difference",253,1.00007735300283,23264.6717576667
"BWT","first_difference",254,1.0001155285922,24117.9818313076
"BWT","first_difference",255,0.999966656205248,24687.5682326752
"BWT","first_difference",256,0.999994308347842,23527.7534045279
"BWT","first_difference",257,0.999990936590275,24000
"BWT","first_difference",258,1.00002611892684,23352.9195056765
"BWT","first_difference",259,1.00014411890132,24490.9800640921
"BWT","first_difference",260,0.999939561509997,24465.9332748551
"BWT","first_difference",261,1.00003453487814,24511.0579680066
"BWT","first_difference",262,1.00022998113887,23490.2432978013
"BWT","first_difference",263,1.00021172546504,24222.2436946933
"BWT","first_difference",264,1.00009858133922,24000
"BWT","first_difference",265,1.00002706246407,23491.3325032781
"BWT","first_difference",266,0.999997601710506,24000
"BWT","first_difference",267,1.00000863714244,23969.8431639891
"BWT","first_difference",268,1.00003771367427,24522.8496775759
"BWT","first_difference",269,0.999951031534352,24000
"BWT","first_difference",270,1.00007238178275,23776.8004683243
"BWT","first_difference",271,1.00002952364204,24000
"BWT","first_difference",272,0.99997403976564,24237.486478765
"BWT","first_difference",273,1.00001115544133,24000
"BWT","first_difference",274,1.00005319591412,24000
"BWT","first_difference",275,0.999991995000263,23819.0150066121
"BWT","first_difference",276,1.00036135832928,24304.6739266671
"BWT","first_difference",277,1.00032131628287,24000
"BWT","first_difference",278,0.999962678555825,24510.7761673921
"BWT","first_difference",279,1.00020658166742,24371.9050969596
"BWT","first_difference",280,0.99993405837701,24000
"BWT","first_difference",281,0.999965480777053,23688.7274746127
"BWT","first_difference",282,0.999950646206888,23955.8375184242
"BWT","first_difference",283,0.999942220997661,23445.9400826458
"BWT","first_difference",284,1.00000182186351,23884.5215424965
"BWT","first_difference",285,0.999972098077029,24634.7677266584
"BWT","first_difference",286,1.00009855836809,25463.8053036238
"BWT","first_difference",287,1.00021386627553,23655.8197395548
"BWT","first_difference",288,0.999996659188556,24274.3018895633
"BWT","first_difference",289,1.00001010249335,24390.7205952239
"BWT","first_difference",290,1.00006458834095,24000
"BWT","first_difference",291,1.00005941036979,23855.3657296807
"BWT","first_difference",292,1.00006912016136,24000
"BWT","first_difference",293,1.00004349044088,24532.1101123178
"BWT","first_difference",294,0.999990452465863,23725.3816431484
"BWT","first_difference",295,1.00004715053791,24189.6400731562
"BWT","first_difference",296,1.00004555077991,24607.2436148666
"BWT","first_difference",297,1.00001099343842,22903.6851318594
"BWT","first_difference",298,1.00011162428454,24000
"BWT","first_difference",299,1.00001550276937,23659.3595911162
"BWT","first_difference",300,1.00004528051986,24000
"BWT","first_difference",301,0.999976389175128,24000
"BWT","first_difference",302,0.999974401563671,23718.5998546117
"BWT","first_difference",303,0.999947607890891,23734.2003529737
"BWT","first_difference",304,0.999963628900598,24326.3016237256
"BWT","first_difference",305,1.00005830973864,24471.1595636871
"BWT","first_difference",306,1.00002454958679,24732.5468247109
"BWT","first_difference",307,1.00005474879402,23192.0584066801
"BWT","first_difference",308,0.999978196834278,24493.4767946217
"BWT","first_difference",309,1.00026989903933,24378.861711096
"BWT","first_difference",310,0.999989454149235,24477.5303373764
"BWT","first_difference",311,1.00005306304288,23957.6659753447
"BWT","first_difference",312,1.00004530850102,24000
"BWT","first_difference",313,0.999984729185004,25049.2776635852
"BWT","first_difference",314,1.00002849001004,24000
"BWT","first_difference",315,0.99993636155677,23012.9694261096
"BWT","first_difference",316,0.999987121271031,23970.0613710186
"BWT","first_difference",317,1.00020922796473,23737.2470843144
"BWT","first_difference",318,1.00001839354545,23719.6520472304
"BWT","first_difference",319,0.999986556821708,24519.1399291277
"BWT","first_difference",320,0.999955976000936,24710.3766092738
"BWT","first_difference",321,1.00026395987408,23562.0394747807
"BWT","first_difference",322,0.999931566013973,23863.5670040649
"BWT","first_difference",323,1.00001895484208,23643.1479143101
"BWT","first_difference",324,0.999988842789667,23345.745705338
"BWT","first_difference",325,1.00004383604061,23453.4068961297
"BWT","first_difference",326,1.00005965075319,23947.1042236951
"BWT","first_difference",327,1.0002609258857,23904.3763967863
"BWT","first_difference",328,1.0001343160874,24019.1242806506
"BWT","first_difference",329,0.9999506915165,27640.8075043232
"BWT","first_difference",330,0.999966272309584,24157.8446108584
"BWT","first_difference",331,1.00016422927396,23616.0895896727
"BWT","first_difference",332,1.00002870180631,24000
"BWT","first_difference",333,1.00003881889736,23693.5675946852
"BWT","first_difference",334,0.999980381634526,22403.4994188821
"BWT","first_difference",335,1.00037205277828,24280.7677183085
"BWT","first_difference",336,1.00001776319101,24146.2682029898
"BWT","first_difference",337,0.999952725042322,24007.9755715007
"BWT","first_difference",338,1.00005079370856,23285.1600685221
"BWT","first_difference",339,1.00002461511024,24000
"BWT","first_difference",340,1.0000255138429,23531.445908315
"BWT","first_difference",341,1.00010441266981,24000
"BWT","first_difference",342,1.00018732759066,24368.0202352029
"BWT","first_difference",343,1.00010142876925,23245.100977004
"BWT","first_difference",344,1.00005415465482,23607.3874795546
"BWT","first_difference",345,1.00007648273211,22934.0687639168
"BWT","first_difference",346,1.0000914794031,24000
"BWT","first_difference",347,1.00020551328619,23030.470138565
"BWT","first_difference",348,1.0000525553938,23210.7937557475
"BWT","first_difference",349,1.00001062678646,24000
"BWT","first_difference",350,0.999963434949758,23515.648128579
"BWT","first_difference",351,1.00017634310371,24613.0056769791
"BWT","first_difference",352,1.00009155611064,24321.192396924
"BWT","first_difference",353,1.000031357527,24000
"BWT","first_difference",354,1.00008717843503,24000
"BWT","first_difference",355,1.00002060891656,24000
"BWT","first_difference",356,1.00010662272045,24229.415781295
"BWT","first_difference",357,1.00004780166399,23626.4980813863
"BWT","first_difference",358,1.00016458805818,24094.935526228
"BWT","first_difference",359,1.00011324384345,24346.5355068854
"BWT","first_difference",360,1.00003807407894,22961.4400480769
"BWT","first_difference",361,0.999973713434417,23783.2608676629
"BWT","first_difference",362,0.999889640572891,24233.1587773022
"BWT","first_difference",363,1.00000018910559,23145.5475569935
"BWT","first_difference",364,0.999924325555703,23768.7791553199
"BWT","first_difference",365,0.999984891107684,24000.0000000001
"BWT","first_difference",366,1.00015127229216,23090.1868913078
"BWT","first_difference",367,1.00000980849309,24018.5635051356
"BWT","first_difference",368,0.999901495876772,24000
"BWT","first_difference",369,0.999981125623289,23671.510317701
"BWT","first_difference",370,0.999979095091894,22931.1353044113
"BWT","first_difference",371,1.00018825777621,23537.8345150396
"BWT","first_difference",372,1.00005401061838,24049.0442313882
"BWT","first_difference",373,1.00004057831244,25055.4028725644
"BWT","first_difference",374,1.00008362788882,24000
"BWT","first_difference",375,0.999943002884053,23275.7389513065
"BWT","first_difference",376,1.00001169336461,24567.6695042738
"BWT","first_difference",377,0.999983705481949,24265.7360494343
"BWT","first_difference",378,0.999918653947448,24000
"BWT","first_difference",379,1.000067434342,24000
"BWT","first_difference",380,1.00016072270099,24206.9745916961
"BWT","first_difference",381,0.999922534930434,23029.4027649982
"BWT","first_difference",382,1.00005764648734,24355.737462644
"BWT","first_difference",383,0.999871702003504,23769.9365567206
"BWT","first_difference",384,1.0002349591681,23028.2621353153
"BWT","first_difference",385,1.00036685454174,22468.7654117345
"BWT","first_difference",386,0.999963753203164,24038.4864484692
"BWT","first_difference",387,1.00000079171713,22774.4398628517
"BWT","first_difference",388,1.00009754979102,25858.6235797696
"BWT","first_difference",389,1.00000059720821,24947.854889531
"BWT","first_difference",390,0.999948090786396,24571.1008757004
"BWT","first_difference",391,1.00009793637875,24235.4733921243
"BWT","first_difference",392,0.999983408216416,23679.7476411121
"BWT","first_difference",393,0.999959830279971,24000
"BWT","first_difference",394,1.00002511686382,23344.3876656197
"BWT","first_difference",395,1.00008997126915,24000
"BWT","first_difference",396,0.999958051262235,23740.9767107204
"BWT","first_difference",397,1.00025321398424,24000
"BWT","first_difference",398,1.000046992276,23918.5554269581
"BWT","first_difference",399,1.00001016976726,22733.3908111918
"BWT","first_difference",400,1.00000544561707,23831.9909967537
"BWT","first_difference",401,1.00012513412193,23551.5233259816
"BWT","first_difference",402,0.999925807210255,23600.0232708996
"BWT","first_difference",403,1.0000554797498,24533.4931857281
"BWT","first_difference",404,1.00000289426169,23663.4001567294
"BWT","first_difference",405,0.999986878875724,23590.4850273611
"BWT","first_difference",406,1.00005481794837,23761.2482805893
"BWT","first_difference",407,1.00028984561375,24801.9790486188
"BWT","first_difference",408,1.0000402916405,23512.0908901382
"BWT","first_difference",409,1.00005385612826,23908.7010835058
"BWT","first_difference",410,0.999993727936644,25027.6826262846
"BWT","first_difference",411,0.999982170795507,24066.3453203188
"BWT","first_difference",412,1.00012206019255,24000
"BWT","first_difference",413,1.00016810149188,23770.9540149135
"BWT","first_difference",414,1.00000498044264,24000
"BWT","first_difference",415,0.999989654930792,24997.4923385316
"BWT","first_difference",416,1.00004428261074,23922.1764565585
"BWT","first_difference",417,1.00000771164601,24628.5532313942
"BWT","first_difference",418,1.00006388163362,24000
"BWT","first_difference",419,1.00007371303946,24314.6281077967
"BWT","first_difference",420,1.00000391637213,24000
"BWT","first_difference",421,0.99995289743639,23662.4994785926
"BWT","first_difference",422,1.00030536496684,24216.7736042515
"BWT","first_difference",423,1.00001233642502,24000
"BWT","first_difference",424,1.00010746309103,24383.0961255005
"BWT","first_difference",425,1.00007400469365,25113.8568236102
"BWT","first_difference",426,1.00000056708132,24286.7341503457
"BWT","first_difference",427,1.00003231492245,24000
"BWT","first_difference",428,1.0000858519602,23742.0122403242
"BWT","first_difference",429,0.999994659926664,23726.7888634795
"BWT","first_difference",430,1.00021508136426,24253.1073135203
"BWT","first_difference",431,1.00005600834667,23954.3207898943
"BWT","first_difference",432,1.00012346267474,24000
"BWT","first_difference",433,1.00004985548596,24005.7268710105
"BWT","first_difference",434,1.00005558495669,24000
"BWT","first_difference",435,1.00017043713995,24001.1862479875
"BWT","first_difference",436,1.00039264293896,23839.4313064863
"BWT","first_difference",437,0.999935326143605,23804.2739674844
"BWT","first_difference",438,1.00010972176556,24329.4569325285
"BWT","first_difference",439,1.00001622689226,24000
"BWT","first_difference",440,0.999985164675511,22054.7133796242
"BWT","first_difference",441,1.0000000744482,23679.899786564
"BWT","first_difference",442,0.999936416380053,24518.8507179677
"BWT","first_difference",443,1.0002764235656,23163.3155162578
"BWT","first_difference",444,1.00007597091179,23941.7713712532
"BWT","first_difference",445,0.999893054421273,24000
"BWT","first_difference",446,0.99995220704593,23568.2972228593
"BWT","first_difference",447,1.00005972879253,24000
"BWT","first_difference",448,1.0002131485375,23431.9213463054
"BWT","first_difference",449,1.00015139218687,23739.6179027193
"BWT","first_difference",450,1.00015392957545,24000
"BWT","first_difference",451,0.999967104900172,24000
"BWT","first_difference",452,0.999972211253911,24000
"BWT","first_difference",453,1.0000209052078,23442.9385424546
"BWT","first_difference",454,1.00000302705542,23327.6885499243
"BWT","first_difference",455,0.999940141529997,24000
"BWT","first_difference",456,1.00005358496027,24912.5431912068
"BWT","first_difference",457,1.00014774224781,23999.9999999999
"BWT","first_difference",458,1.00003091769517,24000
"BWT","first_difference",459,1.00009051543168,23371.6291570457
"BWT","first_difference",460,1.00002072037783,24000
"BWT","first_difference",461,1.00003619612089,23304.8515750978
"BWT","first_difference",462,1.00018050012861,24879.2945216834
"BWT","first_difference",463,1.00005901005237,24000
"BWT","first_difference",464,1.00017236512872,24000
"BWT","first_difference",465,1.00028412828553,23434.2279328996
"BWT","first_difference",466,0.999941815413692,24000
"BWT","first_difference",467,0.99998966863771,24391.5697903044
"BWT","first_difference",468,1.00006179070979,24831.5922335931
"BWT","first_difference",469,1.00003351057914,23749.8068970558
"BWT","first_difference",470,1.0000547852747,23976.2289780359
"BWT","first_difference",471,1.00002811409305,23849.6661902543
"BWT","first_difference",472,1.00038186403498,24000
"BWT","first_difference",473,1.00034711427535,23927.4163855946
"BWT","first_difference",474,0.999914501869012,23854.9785636601
"BWT","first_difference",475,1.00012491068544,23247.5811924938
"BWT","first_difference",476,1.00032591361381,23451.6771074197
"BWT","first_difference",477,1.0000003938542,24000
"BWT","first_difference",478,1.00005867878069,24263.0714158136
"BWT","first_difference",479,1.000014651764,24000
"BWT","first_difference",480,1.00010202165292,24209.3957922723
"BWT","first_difference",481,0.999994301916914,24337.6124980725
"BWT","first_difference",482,1.00002893023901,24311.8289071172
"BWT","first_difference",483,1.00024955860297,23725.6453841174
"BWT","first_difference",484,1.00006625196833,23763.7147787649
"BWT","first_difference",485,0.999996139076137,24828.4397602445
"BWT","first_difference",486,1.00030290471756,24000
"BWT","first_difference",487,1.00004361995377,23772.9599692663
"BWT","first_difference",488,0.999987418551525,23445.4454705365
"BWT","first_difference",489,0.99990763398081,24148.6884687796
"BWT","first_difference",490,1.00017239191295,24652.7616339592
"BWT","first_difference",491,1.00002494065301,24000
"BWT","first_difference",492,1.0001046970286,24000
"BWT","first_difference",493,1.00000683658774,24000
"BWT","first_difference",494,0.999982834862671,24000
"BWT","first_difference",495,0.999923297036465,23734.4617791427
"BWT","first_difference",496,1.00038518669937,24612.0116484837
"BWT","first_difference",497,0.999960271735618,24000
"BWT","first_difference",498,1.00003991944511,24000
"BWT","first_difference",499,1.00005491228461,24249.066632417
"BWT","first_difference",500,1.00008445039438,24138.7997822414
"BWT","first_difference",501,1.00026239542668,23708.4996342659
"BWT","first_difference",502,1.00005902728977,23250.663413216
"BWT","first_difference",503,0.99999988607161,23730.600084692
"BWT","first_difference",504,0.999998045231499,24237.0602106358
"BWT","first_difference",505,1.00001710393934,24315.5220978717
"BWT","first_difference",506,1.00002146188965,24646.0923645869
"BWT","first_difference",507,1.00014399133097,24000
"BWT","first_difference",508,1.00010426957046,24170.3319841004
"BWT","first_difference",509,1.00020036336533,23356.8319248482
"BWT","first_difference",510,1.00004280019725,23749.3243647638
"BWT","first_difference",511,0.999913455829232,24000
"BWT","first_difference",512,1.00001242949406,24129.5112235547
"BWT","first_difference",513,1.00009296934606,23723.6049125851
"BWT","first_difference",514,0.999999224244035,23744.4291266228
"BWT","first_difference",515,1.00015984824056,23401.0338271383
"BWT","first_difference",516,0.999993897626479,23884.386255242
"BWT","first_difference",517,0.999999553146297,24068.817518192
"BWT","first_difference",518,1.00002297764138,24946.6723340327
"BWT","first_difference",519,1.00005863706529,24000
"BWT","first_difference",520,1.00005153019487,23550.6183415142
"BWT","first_difference",521,1.00012946662497,24684.4145652935
"BWT","first_difference",522,1.00000864917694,24179.3343388833
"BWT","first_difference",523,0.999971898758194,24158.9045018071
"BWT","first_difference",524,1.00012038087205,24000
"BWT","first_difference",525,0.999984395118926,23325.8213330275
"BWT","first_difference",526,1.00008766091,23200.7874346848
"BWT","first_difference",527,1.0000433812319,24000
"BWT","first_difference",528,1.00005630250195,23727.3794757133
"BWT","first_difference",529,1.0000021097661,24042.321508239
"BWT","first_difference",530,1.00012922089592,24256.0699047655
"BWT","first_difference",531,1.00000425906427,23541.6101102195
"BWT","first_difference",532,0.999948223275657,22710.1013568884
"BWT","first_difference",533,1.0000966491849,23769.5101190446
"BWT","first_difference",534,0.999987916807416,23736.0721087491
"BWT","first_difference",535,0.999958494632681,23204.1152239838
"BWT","first_difference",536,0.999902148291091,24000
"BWT","first_difference",537,0.999940055656156,24179.8890378784
"BWT","first_difference",538,0.999989733274294,23337.0543714948
"BWT","first_difference",539,0.999941187605824,23323.070639869
"BWT","first_difference",540,1.00001956282504,22504.386059278
"BWT","first_difference",541,1.00007244196481,23419.8018552699
"BWT","first_difference",542,1.0001596925299,24000
"BWT","first_difference",543,1.00012979744698,23573.2563588652
"BWT","first_difference",544,0.999935613831192,24075.7158488211
"BWT","first_difference",545,1.00000533205609,23322.417717793
"BWT","first_difference",546,0.999991061304348,25082.9810536591
"BWT","first_difference",547,1.00005036117518,24274.1022769862
"BWT","first_difference",548,1.00015541887714,23984.3269500828
"BWT","first_difference",549,0.999928660427961,24000
"BWT","first_difference",550,0.999970410024183,23584.3922106031
"BWT","first_difference",551,0.9999970240563,23763.9100699198
"BWT","first_difference",552,1.00002003995599,24834.122259391
"BWT","first_difference",553,0.99993528100117,24710.0808114575
"BWT","first_difference",554,1.00003558059008,24349.4795457514
"BWT","first_difference",555,1.00019196255583,23107.4650207144
"BWT","first_difference",556,1.00015679706699,24317.5441606193
"BWT","first_difference",557,1.00018276284299,23534.9411413457
"BWT","first_difference",558,1.00013774224397,23740.6204055124
"BWT","first_difference",559,1.00009031188193,24000
"BWT","first_difference",560,1.00003390361995,23986.8094817489
"BWT","first_difference",561,1.00011809819068,23709.4488745458
"BWT","first_difference",562,0.99998572446451,24492.551901023
"BWT","first_difference",563,0.999998360776784,23699.9120271825
"BWT","first_difference",564,0.999978886288519,24000
"BWT","first_difference",565,1.00018803319817,23782.1608557155
"BWT","first_difference",566,1.00002161843784,24000
"BWT","first_difference",567,1.00007024447101,24000.7670851799
"BWT","first_difference",568,1.00003542955687,23878.6126811032
"BWT","first_difference",569,1.00000644445049,23705.8508700196
"BWT","first_difference",570,1.00000128536326,23764.6910064377
"BWT","first_difference",571,0.999970026912346,24081.4025837138
"BWT","first_difference",572,1.00004527886548,24000
"BWT","first_difference",573,1.00011209302641,23674.9858425804
"BWT","first_difference",574,0.999967778276347,24000
"BWT","first_difference",575,1.00006634709677,24257.8452320378
"BWT","first_difference",576,0.999978719384774,24119.4601935184
"BWT","first_difference",577,1.00000591595242,23750.6130429822
"BWT","first_difference",578,0.999997057924813,23917.3378619452
"BWT","first_difference",579,0.999921090515277,23749.0969416899
"BWT","first_difference",580,1.00002300444007,24000.0000000001
"BWT","first_difference",581,0.999925662201572,23232.8806327612
"BWT","first_difference",582,1.00004698061424,23600.7890062192
"BWT","first_difference",583,0.999951842364818,24039.3616726486
"BWT","first_difference",584,1.00000600541865,23753.0610594255
"BWT","first_difference",585,0.999923713637219,24223.9159101299
"BWT","first_difference",586,0.999958485778967,24366.90823098
"BWT","first_difference",587,1.00001792205321,23752.3814009039
"BWT","first_difference",588,1.00000950194715,24000
"BWT","first_difference",589,1.00020577488446,24244.4458145018
"BWT","first_difference",590,0.999982627689598,23831.9626469562
"BWT","first_difference",591,1.00002076984556,23371.1537581832
"BWT","first_difference",592,1.00010024549665,24679.9313601349
"BWT","first_difference",593,0.999964463702353,24420.7538192605
"BWT","first_difference",594,1.00005823163285,23943.606548998
"BWT","first_difference",595,1.00006478646649,24000
"BWT","first_difference",596,1.00008123881759,22908.3346684526
"BWT","first_difference",597,1.00005956628488,24734.4172213202
"BWT","first_difference",598,1.00007259846799,24820.1782632111
"BWT","first_difference",599,1.00020149801511,23741.1354031386
"BWT","first_difference",600,1.00013840380283,23508.5314790805
"BWT","first_difference",601,0.999972515555979,24806.1101980265
"BWT","first_difference",602,1.00007960512432,23736.3442407282
"BWT","first_difference",603,1.00007298452175,24000
"BWT","first_difference",604,1.0001278577148,23948.7410958121
"BWT","first_difference",605,1.00003953707014,25069.0743025397
"BWT","first_difference",606,1.00002114599259,24333.0300350999
"BWT","first_difference",607,1.00000739027979,23720.4963448358
"BWT","first_difference",608,1.00012790127635,24554.3759641955
"BWT","first_difference",609,1.00022347346043,24101.239230571
"BWT","first_difference",610,1.00007032322368,23491.2146449039
"BWT","first_difference",611,1.00001193014201,24000
"BWT","first_difference",612,1.00007023314519,23329.0280778527
"BWT","first_difference",613,1.00003326940383,23605.5725928786
"BWT","first_difference",614,1.00001721230386,24000
"BWT","first_difference",615,1.00016270910638,24733.4760527619
"BWT","first_difference",616,1.00002337906633,23975.3795481842
"BWT","first_difference",617,0.999994124116081,23714.38824549
"BWT","first_difference",618,1.00002561076559,24000
"BWT","first_difference",619,1.00004865627916,24529.6573039918
"BWT","first_difference",620,0.999990410377367,23999.3367938818
"BWT","first_difference",621,1.00004307921971,23731.0097531423
"BWT","first_difference",622,1.00008241026515,24814.4886951872
"BWT","first_difference",623,1.00001178826779,24866.2228613442
"BWT","first_difference",624,0.999980185546304,23712.4773293158
"BWT","first_difference",625,1.0001056780234,23841.581362721
"BWT","first_difference",626,1.00001960145296,24000
"BWT","first_difference",627,1.00003197368884,24227.707315231
"BWT","first_difference",628,0.999944506554075,23463.73966349
"BWT","first_difference",629,1.00010001064519,24410.6705518854
"BWT","first_difference",630,0.999959704548485,23856.3331838623
"BWT","first_difference",631,1.00005896035982,24000
"BWT","first_difference",632,1.00012480123534,24336.2479752072
"BWT","first_difference",633,0.999912159247322,22706.3118025282
"BWT","first_difference",634,0.999970965288016,23410.5021297231
"BWT","first_difference",635,0.999991662342657,23783.855733286
"BWT","first_difference",636,0.999966319889307,24000
"BWT","first_difference",637,1.00003911088682,24377.5595936427
"BWT","first_difference",638,1.00007963035876,24136.9558090072
"BWT","first_difference",639,1.00004454080118,24468.1334728134
"BWT","first_difference",640,1.00000294634944,24443.0190414239
"BWT","first_difference",641,1.00003170890656,23550.7752639504
"BWT","first_difference",642,1.00012693479987,23474.4037715621
"BWT","first_difference",643,0.999981696397316,24000
"BWT","first_difference",644,1.00011307930016,23742.8717658189
"BWT","first_difference",645,1.00010701638654,23152.5201473407
"BWT","first_difference",646,0.999927452579344,23589.3275825929
"BWT","first_difference",647,1.00005145937756,23383.2391152001
"BWT","first_difference",648,0.999992935517711,24000
"BWT","first_difference",649,0.999985793761731,22963.38075578
"BWT","first_difference",650,0.999921147785956,23173.4772311582
"BWT","first_difference",651,0.999919582514831,23585.0948704919
"BWT","first_difference",652,1.00009967401985,23780.1837258473
"BWT","first_difference",653,0.99997335996213,24067.70613369
"BWT","first_difference",654,1.00006531146793,24263.442755029
"BWT","first_difference",655,1.00008188890608,24353.3846631589
"BWT","first_difference",656,1.00002999064775,25231.1576033733
"BWT","first_difference",657,1.00007437344619,25005.7328353361
"BWT","first_difference",658,1.00001923439118,24048.0971192333
"BWT","first_difference",659,0.999951008284713,23999.9999999999
