"parameter","form","time.index","Rhat","ESS"
"d13CO2","raw",1,1.06198080420678,1329.79974107585
"d13CO2","raw",2,1.04723335809199,1761.6407761122
"d13CO2","raw",3,1.03734290285764,2136.75070761613
"d13CO2","raw",4,1.03062344078418,2520.55629651602
"d13CO2","raw",5,1.02535657936238,2607.18982064957
"d13CO2","raw",6,1.02201995140238,2770.82778675903
"d13CO2","raw",7,1.01894667818558,2966.38349993018
"d13CO2","raw",8,1.01655823685367,2963.31216674328
"d13CO2","raw",9,1.01468769661579,2951.56742430674
"d13CO2","raw",10,1.0132910766117,2952.82986962402
"d13CO2","raw",11,1.01210396838706,2927.4338824459
"d13CO2","raw",12,1.01066463155554,2812.53058371054
"d13CO2","raw",13,1.00910937863123,2791.07437669616
"d13CO2","raw",14,1.00794433614313,2840.97209299349
"d13CO2","raw",15,1.00753565792536,2705.2417428938
"d13CO2","raw",16,1.00668951648931,2706.55433980284
"d13CO2","raw",17,1.00615156782734,2799.16865811965
"d13CO2","raw",18,1.00629181966067,2796.39090510261
"d13CO2","raw",19,1.00570415565243,2831.22798880355
"d13CO2","raw",20,1.00499168240456,3200.15360992126
"d13CO2","raw",21,1.00470824971752,3171.96049494872
"d13CO2","raw",22,1.00406864373078,3557.8310652171
"d13CO2","raw",23,1.00383697945655,3722.63778871494
"d13CO2","raw",24,1.00354993698994,3902.77106223064
"d13CO2","raw",25,1.00342669540824,4129.59068163355
"d13CO2","raw",26,1.0033106474509,4649.54025166941
"d13CO2","raw",27,1.00307128884377,4914.23008141898
"d13CO2","raw",28,1.00297202894934,5226.33256541693
"d13CO2","raw",29,1.00256989439904,5404.34672193526
"d13CO2","raw",30,1.00226671326744,5346.27740139313
"d13CO2","raw",31,1.00209384238882,5508.42814282337
"d13CO2","raw",32,1.00170674384023,5957.36286407377
"d13CO2","raw",33,1.00158034687672,6655.60613536559
"d13CO2","raw",34,1.00148169663126,6790.65018178302
"d13CO2","raw",35,1.00148212925434,6890.60423530921
"d13CO2","raw",36,1.00143286060484,7119.00417698553
"d13CO2","raw",37,1.00152606245828,7244.43113460444
"d13CO2","raw",38,1.00137560319558,7408.06407857024
"d13CO2","raw",39,1.00138746976297,7453.97068731217
"d13CO2","raw",40,1.00128048845594,7574.99953309733
"d13CO2","raw",41,1.00132399159241,7348.05110444828
"d13CO2","raw",42,1.00124581135529,7001.29576192442
"d13CO2","raw",43,1.00121604381738,6969.63982535969
"d13CO2","raw",44,1.00132731797319,7006.78940115389
"d13CO2","raw",45,1.00119924442852,6917.18821791094
"d13CO2","raw",46,1.00105096281678,6808.57791766763
"d13CO2","raw",47,1.00105460280966,6827.43541145531
"d13CO2","raw",48,1.001175680952,6861.22305720741
"d13CO2","raw",49,1.0012169579319,6953.32690224862
"d13CO2","raw",50,1.00103648182154,7049.582073143
"d13CO2","raw",51,1.00111606544349,7228.39908864301
"d13CO2","raw",52,1.00106180015257,7451.35699513633
"d13CO2","raw",53,1.00104460074014,7526.32026788556
"d13CO2","raw",54,1.00104128645367,7718.22552968257
"d13CO2","raw",55,1.00096073396507,8027.50301787438
"d13CO2","raw",56,1.00099664936602,8334.75077577887
"d13CO2","raw",57,1.0009893969249,8265.08564791107
"d13CO2","raw",58,1.00084924652071,8345.27669420168
"d13CO2","raw",59,1.00094346458584,8738.70117053078
"d13CO2","raw",60,1.00084126831171,8915.81030441854
"d13CO2","raw",61,1.00080458479304,8973.02089825274
"d13CO2","raw",62,1.00078039662709,8617.53487255245
"d13CO2","raw",63,1.0007331499928,9245.40017443724
"d13CO2","raw",64,1.00075067358,9159.20757054056
"d13CO2","raw",65,1.00065571933583,9208.74740460135
"d13CO2","raw",66,1.00058731795758,9199.66274529742
"d13CO2","raw",67,1.00064591743546,9373.93204794342
"d13CO2","raw",68,1.00069669642706,8571.55293232198
"d13CO2","raw",69,1.00073656580608,8378.6333508083
"d13CO2","raw",70,1.00074269850267,8187.82557993499
"d13CO2","raw",71,1.00090226496074,8273.6384501367
"d13CO2","raw",72,1.00087993972003,9015.69440887357
"d13CO2","raw",73,1.00069312944228,9287.23572941998
"d13CO2","raw",74,1.00067440078765,9523.34756063028
"d13CO2","raw",75,1.00060045990318,9721.77248446892
"d13CO2","raw",76,1.00061403493354,10042.1464156163
"d13CO2","raw",77,1.00048553859933,10514.7081326112
"d13CO2","raw",78,1.00046983688163,10602.8870381498
"d13CO2","raw",79,1.00043238346548,10868.3441998335
"d13CO2","raw",80,1.00037716440013,10559.3786768861
"d13CO2","raw",81,1.00049961944191,10426.8415476881
"d13CO2","raw",82,1.00050746957354,10428.9742102189
"d13CO2","raw",83,1.00041129835845,10037.214237042
"d13CO2","raw",84,1.00046792431014,9927.1605364155
"d13CO2","raw",85,1.00046122550899,9536.80329812128
"d13CO2","raw",86,1.00047589568261,9344.45855232749
"d13CO2","raw",87,1.00051204284206,9148.05391536047
"d13CO2","raw",88,1.00055498863315,8360.46000098907
"d13CO2","raw",89,1.00061879901713,7987.99502982614
"d13CO2","raw",90,1.00059812926765,7836.24709272377
"d13CO2","raw",91,1.00055754494457,6885.49993956278
"d13CO2","raw",92,1.00053881257924,6746.79023302139
"d13CO2","raw",93,1.00063886694552,6284.73087940275
"d13CO2","raw",94,1.00069969087096,6080.11297848462
"d13CO2","raw",95,1.00087811241351,5602.07250168808
"d13CO2","raw",96,1.00082505454718,5686.4647700482
"d13CO2","raw",97,1.00088497264949,5157.32567048838
"d13CO2","raw",98,1.00100862527356,4756.6227895476
"d13CO2","raw",99,1.00103835845555,4283.26312150366
"d13CO2","raw",100,1.00095180097314,4134.98968792599
"d13CO2","raw",101,1.00098062694539,3758.44921340441
"d13CO2","raw",102,1.00097565071687,3593.11767198634
"d13CO2","raw",103,1.00113547824111,3361.88396996155
"d13CO2","raw",104,1.00101439169414,3176.57877764907
"d13CO2","raw",105,1.00109512161038,2996.42598208896
"d13CO2","raw",106,1.00106726907933,2662.535777625
"d13CO2","raw",107,1.00085427304476,2566.44031318214
"d13CO2","raw",108,1.00086765106065,2372.69527761356
"d13CO2","raw",109,1.00083409531051,2478.51439474563
"d13CO2","raw",110,1.0008889783925,2423.83313928571
"d13CO2","raw",111,1.00090315286558,2582.0642990682
"d13CO2","raw",112,1.00093814988992,2687.62955075933
"d13CO2","raw",113,1.00080795481594,2900.22284203229
"d13CO2","raw",114,1.00080355615232,3117.66633518039
"d13CO2","raw",115,1.00085528984679,3187.97693339442
"d13CO2","raw",116,1.00083580258719,3538.9465838063
"d13CO2","raw",117,1.00067007196811,3831.42212131058
"d13CO2","raw",118,1.00053932700429,3939.02288611722
"d13CO2","raw",119,1.00060419855525,4584.33042637144
"d13CO2","raw",120,1.00061832121318,5523.93996473441
"d13CO2","raw",121,1.00062998914952,6360.61230283068
"d13CO2","raw",122,1.00065760203101,6923.64804510342
"d13CO2","raw",123,1.00059064024956,8170.54955508997
"d13CO2","raw",124,1.0005248913576,8522.06824816809
"d13CO2","raw",125,1.00040624866081,9035.94192911733
"d13CO2","raw",126,1.00027828432001,10610.705618107
"d13CO2","raw",127,1.00021263768621,11480.0189743026
"d13CO2","raw",128,1.0002914526103,12456.1453528662
"d13CO2","raw",129,1.00037781161012,12466.0976399446
"d13CO2","raw",130,1.000294393596,13322.7358350344
"d13CO2","raw",131,1.00019933084037,15075.7693070597
"d13CO2","raw",132,1.00019244742904,16229.9213773446
"d13CO2","raw",133,1.00019435396531,16106.0035715282
"d13CO2","raw",134,1.00026441685685,17317.6795221126
"d13CO2","raw",135,1.00017280604446,17056.993400692
"d13CO2","raw",136,1.00015927459032,17275.1024446256
"d13CO2","raw",137,1.00014956652582,17448.3105834681
"d13CO2","raw",138,1.00015083930708,17286.354654812
"d13CO2","raw",139,1.00017699561028,17397.8858952014
"d13CO2","raw",140,1.000181716029,17885.5725843259
"d13CO2","raw",141,1.00022268093684,17820.9007569893
"d13CO2","raw",142,1.00014236515346,17619.9460893387
"d13CO2","raw",143,1.00018577391066,17565.5681310049
"d13CO2","raw",144,1.00024766360907,16525.0582676886
"d13CO2","raw",145,1.00021176364875,17007.6115079773
"d13CO2","raw",146,1.00019618188079,17554.8914726017
"d13CO2","raw",147,1.00021172426032,17714.4464636929
"d13CO2","raw",148,1.00028326280137,17105.6327797324
"d13CO2","raw",149,1.00034146185727,16425.8364281846
"d13CO2","raw",150,1.00037686900857,16655.1579812643
"d13CO2","raw",151,1.00037107545071,14874.3002911486
"d13CO2","raw",152,1.00038952947214,14066.5538158675
"d13CO2","raw",153,1.00043585687272,13433.654585505
"d13CO2","raw",154,1.00046253086793,12596.6005537581
"d13CO2","raw",155,1.00057649719978,12305.6927864615
"d13CO2","raw",156,1.00082542713022,11949.1187690514
"d13CO2","raw",157,1.00089877392475,10755.4031985664
"d13CO2","raw",158,1.00093872733982,10653.9386172259
"d13CO2","raw",159,1.00099304462856,9884.47175955401
"d13CO2","raw",160,1.00095781237294,9611.42678371458
"d13CO2","raw",161,1.0009312339532,9640.68702032344
"d13CO2","raw",162,1.00097484310281,9100.35110655044
"d13CO2","raw",163,1.00117115310735,8718.80936037777
"d13CO2","raw",164,1.00099988734771,9443.62342358353
"d13CO2","raw",165,1.00077754487598,9642.56119049108
"d13CO2","raw",166,1.00065751069586,10299.9169725777
"d13CO2","raw",167,1.00060624684183,10433.2533832768
"d13CO2","raw",168,1.00062979762675,11258.4183664108
"d13CO2","raw",169,1.00049311576996,11762.9784781232
"d13CO2","raw",170,1.0003234039007,11969.4547279781
"d13CO2","raw",171,1.00025577311315,13760.2818404141
"d13CO2","raw",172,1.00014397664147,14941.3361353767
"d13CO2","raw",173,1.00024439736849,15519.1327729269
"d13CO2","raw",174,1.00020841788787,15778.5582371036
"d13CO2","raw",175,1.00020606036929,15545.5921201387
"d13CO2","raw",176,1.00019218097567,16529.0412359444
"d13CO2","raw",177,1.00024498258796,16555.7014356325
"d13CO2","raw",178,1.00029812077402,16604.782910424
"d13CO2","raw",179,1.00028952665498,16953.1053802509
"d13CO2","raw",180,1.00023426390263,16524.3266465134
"d13CO2","raw",181,1.00025604691122,15887.2108523274
"d13CO2","raw",182,1.00032365761905,16255.6941955317
"d13CO2","raw",183,1.00039282193277,16920.5335192902
"d13CO2","raw",184,1.00042793928218,15671.4805689747
"d13CO2","raw",185,1.00041150965025,16296.2730445515
"d13CO2","raw",186,1.00036090674899,16904.6609937409
"d13CO2","raw",187,1.00035524410007,15614.7757942055
"d13CO2","raw",188,1.00053483772393,15822.5418830126
"d13CO2","raw",189,1.0004136522571,16300.9301211508
"d13CO2","raw",190,1.00049491445729,16705.8316681829
"d13CO2","raw",191,1.00043221774655,17309.7831579388
"d13CO2","raw",192,1.0004237245507,17117.1712592094
"d13CO2","raw",193,1.00047760172397,17238.4730949917
"d13CO2","raw",194,1.00044396850983,17510.1604911273
"d13CO2","raw",195,1.00046742818472,16565.9026916264
"d13CO2","raw",196,1.00036933747217,16542.5214891253
"d13CO2","raw",197,1.00028122945086,16632.2791411508
"d13CO2","raw",198,1.00018497096951,16529.5706774824
"d13CO2","raw",199,1.00024706398069,16148.1982817657
"d13CO2","raw",200,1.00016204767498,15571.8803037552
"d13CO2","raw",201,1.00025738589752,15176.2896150134
"d13CO2","raw",202,1.00029916686358,14923.4854521115
"d13CO2","raw",203,1.00032515025858,15104.2186905312
"d13CO2","raw",204,1.00033502459281,13632.176874753
"d13CO2","raw",205,1.00035806825844,12745.8860828483
"d13CO2","raw",206,1.00047170685593,12123.8846849244
"d13CO2","raw",207,1.00045860808518,11774.9468126906
"d13CO2","raw",208,1.00038450711261,11341.0310019716
"d13CO2","raw",209,1.00042402882274,11119.8103906301
"d13CO2","raw",210,1.00039862267957,10809.1693755443
"d13CO2","raw",211,1.00041090063352,10267.0449261623
"d13CO2","raw",212,1.00036140329726,9808.58069918092
"d13CO2","raw",213,1.00029249290064,9636.85287739905
"d13CO2","raw",214,1.00028108740429,8975.95186922936
"d13CO2","raw",215,1.00027441753085,8945.6532152457
"d13CO2","raw",216,1.0002492760605,8995.78519333551
"d13CO2","raw",217,1.00029568949365,8971.02863472593
"d13CO2","raw",218,1.00025940210316,9228.03759628478
"d13CO2","raw",219,1.00025965259913,9427.02387324821
"d13CO2","raw",220,1.00029631060364,10289.2116383191
"d13CO2","raw",221,1.00025222103434,10420.7812525235
"d13CO2","raw",222,1.00028303046777,11074.6961033876
"d13CO2","raw",223,1.00037286738048,11042.1620634288
"d13CO2","raw",224,1.00044912476397,11366.8479513317
"d13CO2","raw",225,1.00041576223492,11443.8167019051
"d13CO2","raw",226,1.0003609641816,11432.9899785079
"d13CO2","raw",227,1.00040041191066,11544.1840218577
"d13CO2","raw",228,1.00031163792755,11745.7141594248
"d13CO2","raw",229,1.0002884564474,12424.5458559464
"d13CO2","raw",230,1.00034985062002,12432.7236825518
"d13CO2","raw",231,1.00034841606519,11830.8072141898
"d13CO2","raw",232,1.00044481497617,11393.2202408252
"d13CO2","raw",233,1.00043708701073,11061.3642799019
"d13CO2","raw",234,1.00049607357333,11463.2056346291
"d13CO2","raw",235,1.0005553117322,10383.210495474
"d13CO2","raw",236,1.00062868810085,9865.42011421887
"d13CO2","raw",237,1.00055485243298,10588.4473198378
"d13CO2","raw",238,1.00055246589696,11975.1162888163
"d13CO2","raw",239,1.0004387713423,12233.7998917267
"d13CO2","raw",240,1.00045131673534,12526.622097745
"d13CO2","raw",241,1.00042629043904,12697.919936356
"d13CO2","raw",242,1.00054442433749,12678.9939833836
"d13CO2","raw",243,1.00057897249545,12982.552204414
"d13CO2","raw",244,1.00058608598628,13213.6197624713
"d13CO2","raw",245,1.00056808279783,12452.7694977177
"d13CO2","raw",246,1.00064165758964,12359.3799280019
"d13CO2","raw",247,1.00056238099763,12769.6312888672
"d13CO2","raw",248,1.00067192647817,11951.2525140134
"d13CO2","raw",249,1.00070778917077,11666.8557529168
"d13CO2","raw",250,1.0006902906701,11675.2162694371
"d13CO2","raw",251,1.00058389930135,11751.0561876315
"d13CO2","raw",252,1.00059877306117,11722.4993225589
"d13CO2","raw",253,1.00063445420143,12321.7747874713
"d13CO2","raw",254,1.00055224985152,12286.3700478307
"d13CO2","raw",255,1.0005418188059,11815.8114498953
"d13CO2","raw",256,1.00045831319049,11685.4922764714
"d13CO2","raw",257,1.00036705570426,11468.7128738702
"d13CO2","raw",258,1.00033881025148,11219.9365728816
"d13CO2","raw",259,1.00033904806908,11243.2014680919
"d13CO2","raw",260,1.00028126922836,11150.9820230687
"d13CO2","raw",261,1.00032021815653,10451.8983138826
"d13CO2","raw",262,1.00032324186561,10845.6388726413
"d13CO2","raw",263,1.0004169070213,10912.7809622297
"d13CO2","raw",264,1.00024122271503,10696.7805314563
"d13CO2","raw",265,1.00026832904696,10730.8387774978
"d13CO2","raw",266,1.00032061897646,12582.4007785621
"d13CO2","raw",267,1.00021738502467,13478.9848108058
"d13CO2","raw",268,1.00012596962605,13686.0331639836
"d13CO2","raw",269,1.00012641930501,13457.6044893584
"d13CO2","raw",270,1.00008078494475,13929.4900231518
"d13CO2","raw",271,1.00008561967191,14438.2319089808
"d13CO2","raw",272,1.00017027959998,14781.7510587704
"d13CO2","raw",273,1.00010452730186,15309.0040925789
"d13CO2","raw",274,1.00004237424262,15350.573370658
"d13CO2","raw",275,1.00008503150839,13666.9974193055
"d13CO2","raw",276,1.00009502805346,14551.6512782702
"d13CO2","raw",277,1.0001793861516,13566.4398221746
"d13CO2","raw",278,1.00013685572564,14927.4205589719
"d13CO2","raw",279,1.00012166729595,13442.6751775133
"d13CO2","raw",280,1.00015661898446,13539.2273564348
"d13CO2","raw",281,1.00022843668231,12399.7325649504
"d13CO2","raw",282,1.00028560530304,12077.3802405464
"d13CO2","raw",283,1.00028488385354,11465.2936975109
"d13CO2","raw",284,1.00034864491583,10413.3745831798
"d13CO2","raw",285,1.00024578629142,9428.53360582888
"d13CO2","raw",286,1.00036822760809,8570.80290567889
"d13CO2","raw",287,1.00046663664038,7776.53685873042
"d13CO2","raw",288,1.00058291645984,6373.44799772
"d13CO2","raw",289,1.00056166297538,5892.63010752436
"d13CO2","raw",290,1.00069912654531,5282.30163892599
"d13CO2","raw",291,1.00080345003327,5662.62910823668
"d13CO2","raw",292,1.00096263376006,5507.19679674408
"d13CO2","raw",293,1.00106109990281,5507.84231161263
"d13CO2","raw",294,1.00101233613848,5582.80879352683
"d13CO2","raw",295,1.00101746413117,5804.53793162282
"d13CO2","raw",296,1.00113749696358,6468.77855806437
"d13CO2","raw",297,1.00101164593235,6197.76218454665
"d13CO2","raw",298,1.00101316289629,6868.98725761016
"d13CO2","raw",299,1.00107851712641,7367.97248339882
"d13CO2","raw",300,1.00108716446184,7873.26104660063
"d13CO2","raw",301,1.00110149582387,7557.67016605322
"d13CO2","raw",302,1.00112260108185,8474.30178257973
"d13CO2","raw",303,1.00119281144313,8062.73880611
"d13CO2","raw",304,1.00118327794173,9274.63163056352
"d13CO2","raw",305,1.00131660772535,9071.24364046088
"d13CO2","raw",306,1.00108645537549,9394.08976301112
"d13CO2","raw",307,1.00101427803054,9917.43814711671
"d13CO2","raw",308,1.00100243508725,10038.7095023843
"d13CO2","raw",309,1.0008813782786,10679.7088758839
"d13CO2","raw",310,1.00076731989137,11120.9488274871
"d13CO2","raw",311,1.00062400366181,11747.896927965
"d13CO2","raw",312,1.00062550323351,11917.9768533044
"d13CO2","raw",313,1.00053780164463,11569.4100246903
"d13CO2","raw",314,1.00036090980561,12389.0099202818
"d13CO2","raw",315,1.00029471530378,13980.2117834187
"d13CO2","raw",316,1.0002054432069,14339.3616242457
"d13CO2","raw",317,1.00024112731559,14835.512253755
"d13CO2","raw",318,1.00018702440386,15693.1487908217
"d13CO2","raw",319,1.00013450793342,15760.2735304692
"d13CO2","raw",320,1.00021018606289,16234.0103776108
"d13CO2","raw",321,1.0001570783536,16420.0424795665
"d13CO2","raw",322,1.0001360584675,16140.8286670818
"d13CO2","raw",323,1.00007400941923,15479.0979683583
"d13CO2","raw",324,1.00012014476991,15587.3249044776
"d13CO2","raw",325,1.00006819914959,15464.4391973772
"d13CO2","raw",326,1.00009398067966,15153.1896161585
"d13CO2","raw",327,1.00008593002589,14557.2623029019
"d13CO2","raw",328,1.00005763650531,14355.0141467844
"d13CO2","raw",329,1.0001106625607,12182.0421010671
"d13CO2","raw",330,1.00013791019064,12911.6663531456
"d13CO2","raw",331,1.00021032531373,12208.6664422609
"d13CO2","raw",332,1.00021240714597,10131.6801223581
"d13CO2","raw",333,1.00028530817128,9019.8316264808
"d13CO2","raw",334,1.00032293809971,7346.63588448028
"d13CO2","raw",335,1.00037203318474,6449.89376587705
"d13CO2","raw",336,1.00040743464515,5579.2540450464
"d13CO2","raw",337,1.00051756241161,4695.38930549852
"d13CO2","raw",338,1.00067359920191,3761.43581297263
"d13CO2","raw",339,1.00078184708755,3282.74828100649
"d13CO2","raw",340,1.00074404749553,3860.62375461021
"d13CO2","raw",341,1.00073527363881,4150.20100481996
"d13CO2","raw",342,1.00079769038737,4470.71670556753
"d13CO2","raw",343,1.00074458931477,4907.39855138071
"d13CO2","raw",344,1.00085040201377,5088.12260099599
"d13CO2","raw",345,1.00108468455781,4900.05095702316
"d13CO2","raw",346,1.00099226382378,5004.3436109502
"d13CO2","raw",347,1.00104506971819,4837.42342461271
"d13CO2","raw",348,1.00106362274772,4872.85864832816
"d13CO2","raw",349,1.00105854867095,4999.95020640516
"d13CO2","raw",350,1.00107810953013,4510.43095947226
"d13CO2","raw",351,1.00115205899276,4324.67459832643
"d13CO2","raw",352,1.00111788990117,4300.50237927207
"d13CO2","raw",353,1.00108315868024,3957.5799877741
"d13CO2","raw",354,1.00111357684033,3654.14055724047
"d13CO2","raw",355,1.00136425574271,3357.38980989467
"d13CO2","raw",356,1.00154692519318,3073.33474972262
"d13CO2","raw",357,1.0016696060242,2883.22915767938
"d13CO2","raw",358,1.00160284372839,2938.79141049134
"d13CO2","raw",359,1.00139449915861,3428.04107974551
"d13CO2","raw",360,1.00129819053548,3945.3700340329
"d13CO2","raw",361,1.00126734148748,4439.69018587559
"d13CO2","raw",362,1.00112568387209,4861.09797263173
"d13CO2","raw",363,1.00117091378885,5159.56456493046
"d13CO2","raw",364,1.00103141908643,5740.95418967894
"d13CO2","raw",365,1.00106408004096,5980.98615724138
"d13CO2","raw",366,1.00107121869541,5903.19883745374
"d13CO2","raw",367,1.000863789659,5728.35929705584
"d13CO2","raw",368,1.00097107600029,5791.04148871476
"d13CO2","raw",369,1.00104199024778,5807.00154281439
"d13CO2","raw",370,1.00114737715554,5794.66947618454
"d13CO2","raw",371,1.00121910172099,5864.8562315713
"d13CO2","raw",372,1.00115179363496,5912.91237903791
"d13CO2","raw",373,1.00114882100961,6581.84020184187
"d13CO2","raw",374,1.00106020454725,6721.84616402443
"d13CO2","raw",375,1.00096242778417,6563.09596120881
"d13CO2","raw",376,1.00087622596343,6324.80171464747
"d13CO2","raw",377,1.00083071683386,6423.81190681796
"d13CO2","raw",378,1.00078914485585,5954.4759683592
"d13CO2","raw",379,1.00060498159012,5856.75234512758
"d13CO2","raw",380,1.00055967987232,5702.73113040121
"d13CO2","raw",381,1.00058607455205,5474.79618220702
"d13CO2","raw",382,1.00050261586837,5178.33697150978
"d13CO2","raw",383,1.00043578748238,5448.32702525646
"d13CO2","raw",384,1.00055257864224,5494.48163551795
"d13CO2","raw",385,1.00047517560228,6135.60891737576
"d13CO2","raw",386,1.00037062000799,6422.49648961365
"d13CO2","raw",387,1.00036174151164,6229.4864023073
"d13CO2","raw",388,1.0003620314428,7179.65990735796
"d13CO2","raw",389,1.00033442954537,7702.70530236519
"d13CO2","raw",390,1.00034240738926,7945.56770114042
"d13CO2","raw",391,1.00035642700463,7708.70578978105
"d13CO2","raw",392,1.00032908231683,7796.230893469
"d13CO2","raw",393,1.00018039161121,7709.36703227339
"d13CO2","raw",394,1.00016826524476,7419.69520795283
"d13CO2","raw",395,1.00016453106869,6758.39750627516
"d13CO2","raw",396,1.00010074413886,6393.07976377957
"d13CO2","raw",397,1.00025878150909,6054.21702499637
"d13CO2","raw",398,1.00024409245571,6093.1363883855
"d13CO2","raw",399,1.00024191967984,5927.08126121231
"d13CO2","raw",400,1.00034740638218,5361.65144052031
"d13CO2","raw",401,1.000460468084,5279.9283443011
"d13CO2","raw",402,1.00062678878506,4909.73043792204
"d13CO2","raw",403,1.00064092232657,4588.5561635876
"d13CO2","raw",404,1.00064230482865,4689.49702304993
"d13CO2","raw",405,1.00076645640005,4572.66541891722
"d13CO2","raw",406,1.0007504475167,4257.92242299104
"d13CO2","raw",407,1.00081344469148,3770.18011910777
"d13CO2","raw",408,1.00069113412673,4335.49051190781
"d13CO2","raw",409,1.00085636707528,4095.91528104301
"d13CO2","raw",410,1.0008764518054,4361.87446848015
"d13CO2","raw",411,1.00088084824018,4076.23440772175
"d13CO2","raw",412,1.00093428318696,3881.83775764215
"d13CO2","raw",413,1.00100543443415,3887.32664357903
"d13CO2","raw",414,1.00099229675627,3883.93139558553
"d13CO2","raw",415,1.00099951929696,3461.88160712642
"d13CO2","raw",416,1.00092104657597,3835.34865885488
"d13CO2","raw",417,1.00072921010156,3916.44615715514
"d13CO2","raw",418,1.00072004247385,3840.5619808892
"d13CO2","raw",419,1.00064430584747,3987.24253438929
"d13CO2","raw",420,1.00056623145821,4255.28021583464
"d13CO2","raw",421,1.00061248546071,4384.20891169686
"d13CO2","raw",422,1.00056410950525,4680.51754171682
"d13CO2","raw",423,1.00052025797376,4597.46784437915
"d13CO2","raw",424,1.00040807615175,4953.75282421905
"d13CO2","raw",425,1.00037544252756,5070.70726919503
"d13CO2","raw",426,1.00035254296892,5405.99656845982
"d13CO2","raw",427,1.0003507725808,5572.47920127916
"d13CO2","raw",428,1.00031517154792,5906.40157263597
"d13CO2","raw",429,1.0004049591462,5742.7517542452
"d13CO2","raw",430,1.0003680644158,5788.75340601653
"d13CO2","raw",431,1.00043585112372,6158.73404602102
"d13CO2","raw",432,1.00047672530979,6503.12721637479
"d13CO2","raw",433,1.00048849392739,6331.15648299033
"d13CO2","raw",434,1.00045759332975,6048.07252871724
"d13CO2","raw",435,1.00048405215918,5742.48027734196
"d13CO2","raw",436,1.00065845454787,4981.51959542787
"d13CO2","raw",437,1.00075083388441,4901.77982667503
"d13CO2","raw",438,1.00098371036999,4807.03251643468
"d13CO2","raw",439,1.00097289802234,4520.76093850498
"d13CO2","raw",440,1.00099922389372,4510.65374594584
"d13CO2","raw",441,1.00099958210377,4590.15395834079
"d13CO2","raw",442,1.00101588244378,4409.09377372528
"d13CO2","raw",443,1.00090743046664,4276.54239645254
"d13CO2","raw",444,1.00085637802429,4101.37625614387
"d13CO2","raw",445,1.00075971504133,4040.2311470995
"d13CO2","raw",446,1.00061322947186,4010.24812780355
"d13CO2","raw",447,1.0006310970366,4146.01102575472
"d13CO2","raw",448,1.00078666903642,4344.13267911702
"d13CO2","raw",449,1.00084864300378,4516.40846520753
"d13CO2","raw",450,1.00085661186736,4645.92135869491
"d13CO2","raw",451,1.0006808251265,4947.69362970149
"d13CO2","raw",452,1.0008238732535,4988.30223304711
"d13CO2","raw",453,1.00095533622593,5848.93834789962
"d13CO2","raw",454,1.00093916685391,5657.44754869478
"d13CO2","raw",455,1.0009072999767,5726.1135090759
"d13CO2","raw",456,1.0008632917948,6829.4461637674
"d13CO2","raw",457,1.00077030194443,7532.1053205527
"d13CO2","raw",458,1.00071215414305,8170.03176077709
"d13CO2","raw",459,1.00068840409242,8821.22294650324
"d13CO2","raw",460,1.0006972178013,9335.84513252066
"d13CO2","raw",461,1.00081376521411,9236.68072539838
"d13CO2","raw",462,1.00068573707462,9069.59918470188
"d13CO2","raw",463,1.00078413676355,8673.69822023832
"d13CO2","raw",464,1.00074122426598,8610.27562545689
"d13CO2","raw",465,1.00070060123287,8160.85013504524
"d13CO2","raw",466,1.0008732586443,7980.42014090439
"d13CO2","raw",467,1.00099324116916,8408.60035443017
"d13CO2","raw",468,1.00096397257647,8244.84429711356
"d13CO2","raw",469,1.00098036769026,9101.37147881756
"d13CO2","raw",470,1.00090656634339,9476.21178525709
"d13CO2","raw",471,1.00088693806798,10467.4609266754
"d13CO2","raw",472,1.00080531322061,11231.9076164106
"d13CO2","raw",473,1.00072257118892,12965.9491491874
"d13CO2","raw",474,1.0004751362003,13585.7115273094
"d13CO2","raw",475,1.0004133628456,14474.5739327108
"d13CO2","raw",476,1.00040962527161,14645.1950322031
"d13CO2","raw",477,1.00032335452852,14165.7232762958
"d13CO2","raw",478,1.0003695355694,12827.4409857024
"d13CO2","raw",479,1.00026878165253,12919.2105271579
"d13CO2","raw",480,1.00028648507113,14040.0038835222
"d13CO2","raw",481,1.0003011883584,14632.7040578622
"d13CO2","raw",482,1.00039841537869,14345.8076871418
"d13CO2","raw",483,1.00027457265458,13655.2010260711
"d13CO2","raw",484,1.00039193880648,13043.9788277604
"d13CO2","raw",485,1.00034026347214,13360.6075464855
"d13CO2","raw",486,1.000373289108,12353.4491283373
"d13CO2","raw",487,1.00038965896977,13302.8609659753
"d13CO2","raw",488,1.00037889206865,13840.869636213
"d13CO2","raw",489,1.00043304306591,14281.5676661792
"d13CO2","raw",490,1.00031121557858,15495.5853431075
"d13CO2","raw",491,1.00037959398703,14313.310411513
"d13CO2","raw",492,1.00038930075457,16840.2236498407
"d13CO2","raw",493,1.00040020092578,16192.6119849815
"d13CO2","raw",494,1.000320775651,15555.1053972795
"d13CO2","raw",495,1.00037425291451,15537.4313772144
"d13CO2","raw",496,1.00034515748576,16795.9648303843
"d13CO2","raw",497,1.00028107345722,17215.7038336272
"d13CO2","raw",498,1.00028832073302,17425.9216351358
"d13CO2","raw",499,1.00032633526455,17408.0195995792
"d13CO2","raw",500,1.00034509107624,17189.42345977
"d13CO2","raw",501,1.00035608599474,17426.0450258513
"d13CO2","raw",502,1.00022122426144,18236.0033027378
"d13CO2","raw",503,1.00019067647061,18533.0827411276
"d13CO2","raw",504,1.00020284418208,18706.9660819098
"d13CO2","raw",505,1.00022540179093,18533.1130154395
"d13CO2","raw",506,1.00018348918755,18334.922947637
"d13CO2","raw",507,1.00021246446136,17662.2595837246
"d13CO2","raw",508,1.00019024376373,17544.0320582497
"d13CO2","raw",509,1.00009360581623,18005.4714988776
"d13CO2","raw",510,1.00011449879242,17297.6808880841
"d13CO2","raw",511,1.00020702700008,16563.5545776186
"d13CO2","raw",512,1.00020271267431,17151.830899514
"d13CO2","raw",513,1.00019382463151,17336.6887954321
"d13CO2","raw",514,1.0001354068886,16695.2091258916
"d13CO2","raw",515,1.00013609594634,18334.4201059988
"d13CO2","raw",516,1.00012488045747,18048.6075040654
"d13CO2","raw",517,1.00013185598349,17984.3587181742
"d13CO2","raw",518,1.00015396604103,17753.6252168961
"d13CO2","raw",519,1.00014950965316,17499.7460099587
"d13CO2","raw",520,1.00015937490518,17709.5594321579
"d13CO2","raw",521,1.00014914281839,17909.8372139438
"d13CO2","raw",522,1.00012186673731,18448.9977871424
"d13CO2","raw",523,1.00015168400987,18523.8446981073
"d13CO2","raw",524,1.00007015221816,18032.1817979354
"d13CO2","raw",525,1.0001303227733,16503.622049717
"d13CO2","raw",526,1.00014905545985,15467.88584655
"d13CO2","raw",527,1.000128038287,14843.8451205345
"d13CO2","raw",528,1.00011406083388,14770.1954867625
"d13CO2","raw",529,1.00011594101101,16925.5384032517
"d13CO2","raw",530,1.0001342753953,16732.4257413981
"d13CO2","raw",531,1.00010301465537,17147.5731653718
"d13CO2","raw",532,1.0001042881686,16601.3569399126
"d13CO2","raw",533,1.00010585403563,16372.9616390256
"d13CO2","raw",534,1.00016709663035,15827.5047456604
"d13CO2","raw",535,1.00024305678915,14895.4114996048
"d13CO2","raw",536,1.00033289902317,14619.9828826089
"d13CO2","raw",537,1.0003569905005,13628.9855890426
"d13CO2","raw",538,1.00028511004687,13018.1736193942
"d13CO2","raw",539,1.00013143458064,11753.8667307621
"d13CO2","raw",540,1.00011701186637,11153.3934491639
"d13CO2","centered",1,1.1592409333135,491.751670258921
"d13CO2","centered",2,1.13129567143644,727.266495805017
"d13CO2","centered",3,1.10840042465652,808.746475228009
"d13CO2","centered",4,1.09089766205217,991.226700452939
"d13CO2","centered",5,1.07625757511839,1216.82808674645
"d13CO2","centered",6,1.0666120753217,1056.67328392002
"d13CO2","centered",7,1.05731521260981,1071.84313684995
"d13CO2","centered",8,1.0507544647306,1149.46573490816
"d13CO2","centered",9,1.04496092880405,1183.73651664985
"d13CO2","centered",10,1.04077176806034,1137.31768008719
"d13CO2","centered",11,1.03685931125923,1112.06101378839
"d13CO2","centered",12,1.03241959865348,1102.04622365844
"d13CO2","centered",13,1.02762573203776,1093.97753099079
"d13CO2","centered",14,1.02386734084666,1089.81051219287
"d13CO2","centered",15,1.02229175560413,1051.31498927239
"d13CO2","centered",16,1.01962288727839,1025.19553425231
"d13CO2","centered",17,1.01809282543274,1052.24213454135
"d13CO2","centered",18,1.01854250615819,1099.96195648445
"d13CO2","centered",19,1.01689628096596,1167.21173147568
"d13CO2","centered",20,1.01498126570792,1192.84849775156
"d13CO2","centered",21,1.01419436612427,1313.19875334167
"d13CO2","centered",22,1.01229805470001,1383.46993535244
"d13CO2","centered",23,1.01131383388734,1472.59334726706
"d13CO2","centered",24,1.01029574756485,1584.164554347
"d13CO2","centered",25,1.0099217676065,1689.99549750436
"d13CO2","centered",26,1.00976259909129,1850.92463594396
"d13CO2","centered",27,1.00896064459443,1981.330821345
"d13CO2","centered",28,1.00853987636163,2171.71937217815
"d13CO2","centered",29,1.00744978588311,2338.87817675873
"d13CO2","centered",30,1.00656247845186,2371.23914181887
"d13CO2","centered",31,1.00611209310831,2641.30031281884
"d13CO2","centered",32,1.0047575092098,2659.43648648852
"d13CO2","centered",33,1.00437581316662,2765.97629158849
"d13CO2","centered",34,1.00416501827846,3044.63163405742
"d13CO2","centered",35,1.00395811050764,2826.52730809603
"d13CO2","centered",36,1.00386727231834,3277.59476354389
"d13CO2","centered",37,1.00421158150693,3431.9427763125
"d13CO2","centered",38,1.00387977810046,3307.47957870773
"d13CO2","centered",39,1.00377938683562,3514.2079492677
"d13CO2","centered",40,1.00331094118658,3563.95706096571
"d13CO2","centered",41,1.0035771525876,3365.75686477479
"d13CO2","centered",42,1.00349032163069,3104.27604707104
"d13CO2","centered",43,1.00346578136529,3005.99958346101
"d13CO2","centered",44,1.00371502632996,2841.74530221078
"d13CO2","centered",45,1.0033523702968,2655.83069050249
"d13CO2","centered",46,1.00290738648335,2803.5524512176
"d13CO2","centered",47,1.00277037021143,3076.00730921886
"d13CO2","centered",48,1.00313461434928,2885.41454810646
"d13CO2","centered",49,1.00318890516704,2877.96249892107
"d13CO2","centered",50,1.00250555934203,3006.91653906945
"d13CO2","centered",51,1.00268802888063,3096.92988453523
"d13CO2","centered",52,1.00255111867484,3237.50427415965
"d13CO2","centered",53,1.00248973124445,3403.81841034019
"d13CO2","centered",54,1.00246809548646,3587.16483478136
"d13CO2","centered",55,1.00226813951849,3790.96617376522
"d13CO2","centered",56,1.00225613892889,3856.89996983285
"d13CO2","centered",57,1.00231500679349,3846.98386046179
"d13CO2","centered",58,1.00191511341453,3813.20330784396
"d13CO2","centered",59,1.00211170322314,3949.35691619658
"d13CO2","centered",60,1.00187313880599,3987.98168547911
"d13CO2","centered",61,1.00190448460356,4108.8448998993
"d13CO2","centered",62,1.00171444600585,4068.86355986415
"d13CO2","centered",63,1.00157035015467,4363.71556326495
"d13CO2","centered",64,1.00161039182029,4365.88447697736
"d13CO2","centered",65,1.00139002276191,4201.2735713287
"d13CO2","centered",66,1.00130286151731,4184.71635979111
"d13CO2","centered",67,1.00137753211758,4452.48269281135
"d13CO2","centered",68,1.0015434972788,4127.12476919131
"d13CO2","centered",69,1.00179352027378,3969.86020349392
"d13CO2","centered",70,1.00192559133461,3869.94492739532
"d13CO2","centered",71,1.00222980690922,3837.36299593402
"d13CO2","centered",72,1.00216373580506,4177.07901719701
"d13CO2","centered",73,1.00165822181158,4324.65398713041
"d13CO2","centered",74,1.00156720057963,4463.93032644163
"d13CO2","centered",75,1.00138076437832,4614.28802216324
"d13CO2","centered",76,1.00152059982716,4731.59517110269
"d13CO2","centered",77,1.00131677643136,4912.11547116467
"d13CO2","centered",78,1.00113504742572,5086.58447333149
"d13CO2","centered",79,1.00100224448412,5320.01859069477
"d13CO2","centered",80,1.00089612354711,5192.55735477652
"d13CO2","centered",81,1.00118834839372,5066.84365216525
"d13CO2","centered",82,1.00113619115944,4631.56160059702
"d13CO2","centered",83,1.00105385293127,4441.2676488331
"d13CO2","centered",84,1.00130199801513,4760.94969157347
"d13CO2","centered",85,1.00123565113424,4470.91172254265
"d13CO2","centered",86,1.0012432217339,4342.56628057844
"d13CO2","centered",87,1.00135145112252,4061.93566007729
"d13CO2","centered",88,1.00151088683207,3756.24580765891
"d13CO2","centered",89,1.00179040067837,3441.96213381391
"d13CO2","centered",90,1.0017592432438,3143.09420628406
"d13CO2","centered",91,1.00181942056788,2920.46928764563
"d13CO2","centered",92,1.00169534404632,2644.53813740544
"d13CO2","centered",93,1.00228034394355,2776.41228768793
"d13CO2","centered",94,1.00256283170947,2428.02026014744
"d13CO2","centered",95,1.00284298614926,2460.73808889581
"d13CO2","centered",96,1.00282588190385,2079.81183203989
"d13CO2","centered",97,1.00302755708508,1971.53584337228
"d13CO2","centered",98,1.00311352397886,2202.56628415974
"d13CO2","centered",99,1.00321242671046,1840.75561428623
"d13CO2","centered",100,1.00324226969114,1691.11643083672
"d13CO2","centered",101,1.0032399808647,1612.49295281046
"d13CO2","centered",102,1.00330295600643,1494.71547292793
"d13CO2","centered",103,1.00421864621044,1425.53416956264
"d13CO2","centered",104,1.00399084625069,1258.14205394977
"d13CO2","centered",105,1.00447978353357,1099.7744481319
"d13CO2","centered",106,1.00429984895591,1013.59595761264
"d13CO2","centered",107,1.00365296103192,930.142535787564
"d13CO2","centered",108,1.00349631230644,895.131028030562
"d13CO2","centered",109,1.00323792315084,859.815186673572
"d13CO2","centered",110,1.00365281850376,866.183547151045
"d13CO2","centered",111,1.00364361378782,860.001788321038
"d13CO2","centered",112,1.00360502512377,926.709395926214
"d13CO2","centered",113,1.00331019432672,1019.83534548165
"d13CO2","centered",114,1.00317157263265,996.803912720472
"d13CO2","centered",115,1.00330031497687,1119.91618346387
"d13CO2","centered",116,1.00341782430291,1146.3982884121
"d13CO2","centered",117,1.00257478534252,1230.99954659797
"d13CO2","centered",118,1.00212502658164,1416.71000152034
"d13CO2","centered",119,1.00222025822224,1729.42211939919
"d13CO2","centered",120,1.0022973761955,1919.72436213452
"d13CO2","centered",121,1.00236007518825,2216.82736599746
"d13CO2","centered",122,1.00230865308552,2548.58157042736
"d13CO2","centered",123,1.00191463767922,3043.10099410721
"d13CO2","centered",124,1.00166233478514,3554.42487649026
"d13CO2","centered",125,1.0016326092956,3896.71669816969
"d13CO2","centered",126,1.00120804904309,4144.02136448564
"d13CO2","centered",127,1.00113016550736,4778.49623102841
"d13CO2","centered",128,1.00115419962645,5295.4092672003
"d13CO2","centered",129,1.00118965232641,7021.34034946461
"d13CO2","centered",130,1.00099481640365,7042.24902314206
"d13CO2","centered",131,1.00064651184716,8500.48612774757
"d13CO2","centered",132,1.00088777456679,8447.32524946759
"d13CO2","centered",133,1.0009121776015,8761.06656170104
"d13CO2","centered",134,1.00098902343813,9201.65447339933
"d13CO2","centered",135,1.00094384540981,9770.1561329876
"d13CO2","centered",136,1.00065137120026,9958.13668117235
"d13CO2","centered",137,1.0004915150781,10535.3622327828
"d13CO2","centered",138,1.00044792789603,10058.9211780507
"d13CO2","centered",139,1.00037930788549,10524.6269491606
"d13CO2","centered",140,1.00041538043709,9504.72436813631
"d13CO2","centered",141,1.00056702087296,8573.62456141507
"d13CO2","centered",142,1.00043667923096,8845.46746272562
"d13CO2","centered",143,1.00065618549762,9008.35965952932
"d13CO2","centered",144,1.00065624976092,8796.27445449876
"d13CO2","centered",145,1.00054331173445,8685.71607423171
"d13CO2","centered",146,1.00045791041431,8346.0492737071
"d13CO2","centered",147,1.00053819225166,8764.9530970378
"d13CO2","centered",148,1.00076337862788,8862.28347899669
"d13CO2","centered",149,1.00071268858677,8037.07187427898
"d13CO2","centered",150,1.00081627336338,7728.24334102077
"d13CO2","centered",151,1.00089272345586,6909.18835189843
"d13CO2","centered",152,1.001168902556,6231.30183274414
"d13CO2","centered",153,1.00146645705361,5541.22600969938
"d13CO2","centered",154,1.0014721858457,5343.31216747964
"d13CO2","centered",155,1.00201168706432,4772.44899806922
"d13CO2","centered",156,1.00284175321505,4099.45087125569
"d13CO2","centered",157,1.00300828145589,3920.98671686951
"d13CO2","centered",158,1.00320778600827,3834.05463218807
"d13CO2","centered",159,1.00361981992737,3488.95101990258
"d13CO2","centered",160,1.00356197919394,3231.04543735889
"d13CO2","centered",161,1.00337378186271,3017.50960887641
"d13CO2","centered",162,1.00356925085155,2940.8547779773
"d13CO2","centered",163,1.00420629618399,3028.63384500813
"d13CO2","centered",164,1.00345882390332,3088.74316483604
"d13CO2","centered",165,1.00260358351179,3384.90854996626
"d13CO2","centered",166,1.00229869287454,3443.91798479052
"d13CO2","centered",167,1.0026993102996,3502.5679896779
"d13CO2","centered",168,1.00272469371024,3730.91609397106
"d13CO2","centered",169,1.00196729609949,3779.45084493568
"d13CO2","centered",170,1.00160905053734,4193.75145096441
"d13CO2","centered",171,1.00099352415583,4993.10166180608
"d13CO2","centered",172,1.00056302238037,5359.24617214891
"d13CO2","centered",173,1.00081124544951,5961.5297096164
"d13CO2","centered",174,1.0005859009502,6634.9507122604
"d13CO2","centered",175,1.00046249671771,7193.06862579017
"d13CO2","centered",176,1.00025925752931,8057.53685558047
"d13CO2","centered",177,1.00037224705638,7985.95592405225
"d13CO2","centered",178,1.00048291641984,7326.98461279552
"d13CO2","centered",179,1.00040418028115,7618.02730420454
"d13CO2","centered",180,1.00029358538869,7957.2090583632
"d13CO2","centered",181,1.00033781915517,7736.93065004696
"d13CO2","centered",182,1.00046208554063,7132.07292587625
"d13CO2","centered",183,1.00081170354201,7170.04950043927
"d13CO2","centered",184,1.00085391045851,6948.86788975491
"d13CO2","centered",185,1.00075089636685,6961.81790641597
"d13CO2","centered",186,1.00061656146384,7064.42267495058
"d13CO2","centered",187,1.00058053203563,6608.54820414315
"d13CO2","centered",188,1.0009647249156,6470.28286859943
"d13CO2","centered",189,1.00056919235006,6676.36424702151
"d13CO2","centered",190,1.00086863506598,6712.85242328596
"d13CO2","centered",191,1.00066339780913,7464.01492380411
"d13CO2","centered",192,1.00063551683651,6987.39984413352
"d13CO2","centered",193,1.00078547554875,8824.50481210708
"d13CO2","centered",194,1.00061726663366,9101.7821667457
"d13CO2","centered",195,1.0006428681888,8741.368671221
"d13CO2","centered",196,1.00050616336658,8222.31205893949
"d13CO2","centered",197,1.00036379262996,8192.49335911503
"d13CO2","centered",198,1.0002030920397,8324.92073076282
"d13CO2","centered",199,1.0002210013579,8020.13205803918
"d13CO2","centered",200,1.00008444950906,7137.39995404339
"d13CO2","centered",201,1.00024316624448,6554.18215138466
"d13CO2","centered",202,1.00036704215735,5984.0993270125
"d13CO2","centered",203,1.00040793247226,6368.4911504872
"d13CO2","centered",204,1.00050763348844,5385.58121702667
"d13CO2","centered",205,1.00064835660124,4677.34431569742
"d13CO2","centered",206,1.00093936542949,4420.3374785525
"d13CO2","centered",207,1.00094701536888,4009.11897427815
"d13CO2","centered",208,1.00081128043227,3824.74109519046
"d13CO2","centered",209,1.00090003787813,3480.80000670847
"d13CO2","centered",210,1.00096499444663,3472.55659193601
"d13CO2","centered",211,1.00122670006487,3367.28329686569
"d13CO2","centered",212,1.00108899944702,3202.0027734109
"d13CO2","centered",213,1.00086894896861,3085.25099427494
"d13CO2","centered",214,1.00081211309678,2955.90594514674
"d13CO2","centered",215,1.00103845776001,2622.79821196228
"d13CO2","centered",216,1.00099980931489,2651.67876324689
"d13CO2","centered",217,1.00104174469274,2583.9727399376
"d13CO2","centered",218,1.00079450155245,2755.8920522098
"d13CO2","centered",219,1.00075114358651,3096.36378737412
"d13CO2","centered",220,1.00077935739331,3412.77499921451
"d13CO2","centered",221,1.00084710824149,3499.1822563262
"d13CO2","centered",222,1.00115982101263,3771.63280832825
"d13CO2","centered",223,1.00153966203641,3823.30177760637
"d13CO2","centered",224,1.00153225922023,3941.65834005671
"d13CO2","centered",225,1.00177094827855,3794.82587742994
"d13CO2","centered",226,1.00167145014393,3906.20330413794
"d13CO2","centered",227,1.00190950964032,3870.54749172676
"d13CO2","centered",228,1.00160859927661,3674.85335226354
"d13CO2","centered",229,1.00156546604252,3880.73260959095
"d13CO2","centered",230,1.00193686801587,3631.59228270926
"d13CO2","centered",231,1.00158402257536,3700.86302582084
"d13CO2","centered",232,1.00198675488239,3453.55640971699
"d13CO2","centered",233,1.00206866496319,3233.95320950815
"d13CO2","centered",234,1.0021830361952,2953.57563957728
"d13CO2","centered",235,1.00225656621136,2839.698171766
"d13CO2","centered",236,1.0023864888569,2695.30876999382
"d13CO2","centered",237,1.0019572278695,3011.96815478745
"d13CO2","centered",238,1.00186207975731,3608.34857942976
"d13CO2","centered",239,1.00159841626776,4009.31926635617
"d13CO2","centered",240,1.00167363308292,4085.6897175695
"d13CO2","centered",241,1.00145087211522,4567.3559721843
"d13CO2","centered",242,1.00189514628485,4664.29937860385
"d13CO2","centered",243,1.00189640721105,4487.23153385112
"d13CO2","centered",244,1.0019821453632,4605.60797693681
"d13CO2","centered",245,1.00179379468136,4669.69356211477
"d13CO2","centered",246,1.00199320138079,4378.5536747003
"d13CO2","centered",247,1.00179205746785,4704.08371938468
"d13CO2","centered",248,1.00221793672685,4345.66209682698
"d13CO2","centered",249,1.00231788381903,4018.32749361768
"d13CO2","centered",250,1.0022304895595,4465.80329316428
"d13CO2","centered",251,1.00189789080925,4703.81072730982
"d13CO2","centered",252,1.00201772284955,4392.84176710331
"d13CO2","centered",253,1.00188085604717,4622.16196634981
"d13CO2","centered",254,1.00166456936324,4466.99795522353
"d13CO2","centered",255,1.00186382977919,4283.84276076207
"d13CO2","centered",256,1.0017736509215,4400.47250066365
"d13CO2","centered",257,1.00174877887296,4163.3046796672
"d13CO2","centered",258,1.00168843961257,3821.27672238935
"d13CO2","centered",259,1.00171791327701,3846.84477053943
"d13CO2","centered",260,1.0015297239299,4047.42888444968
"d13CO2","centered",261,1.0017774558137,3843.70310777871
"d13CO2","centered",262,1.00212887756254,3587.80500545749
"d13CO2","centered",263,1.0022439315959,3837.80824683025
"d13CO2","centered",264,1.00158602913044,4025.13237353046
"d13CO2","centered",265,1.00153321270005,4102.03831299097
"d13CO2","centered",266,1.00166174259388,4535.92849936941
"d13CO2","centered",267,1.00123677225445,4527.85676537043
"d13CO2","centered",268,1.0005567836923,5196.64034719269
"d13CO2","centered",269,1.00042535718568,4971.39615057399
"d13CO2","centered",270,1.00041572259645,5465.86015997317
"d13CO2","centered",271,1.00041005499626,5467.22406397648
"d13CO2","centered",272,1.00035257582187,5359.72024981761
"d13CO2","centered",273,1.00062433762266,5415.26926333274
"d13CO2","centered",274,1.00031312856766,5776.86882158321
"d13CO2","centered",275,1.00044680688039,6109.93036630126
"d13CO2","centered",276,1.0006447359003,5568.70373837531
"d13CO2","centered",277,1.00094223874559,5490.22505086105
"d13CO2","centered",278,1.00103906656759,5655.4004270602
"d13CO2","centered",279,1.00122374971777,5416.9258252742
"d13CO2","centered",280,1.00114532474236,4748.90026920124
"d13CO2","centered",281,1.00166954580665,4738.50054688396
"d13CO2","centered",282,1.00157177990633,3935.10988062133
"d13CO2","centered",283,1.00163001217777,4053.1865472558
"d13CO2","centered",284,1.00219339485475,3317.20729050222
"d13CO2","centered",285,1.00172930928827,3090.4817771907
"d13CO2","centered",286,1.00276001093832,2761.55237434635
"d13CO2","centered",287,1.00332113670995,2199.06438158814
"d13CO2","centered",288,1.00400018346292,1648.64282028966
"d13CO2","centered",289,1.00344313493831,1602.09642711238
"d13CO2","centered",290,1.00375425355362,1552.75718411535
"d13CO2","centered",291,1.00406340424512,1502.73794792725
"d13CO2","centered",292,1.00490424864544,1506.41786475919
"d13CO2","centered",293,1.00507209094551,1734.72530749418
"d13CO2","centered",294,1.00479473282694,1847.38185153088
"d13CO2","centered",295,1.0045974747455,1931.7459197553
"d13CO2","centered",296,1.00484605070063,2190.9263906792
"d13CO2","centered",297,1.00423262692621,2417.7361565746
"d13CO2","centered",298,1.00406821057072,2606.31474216549
"d13CO2","centered",299,1.00392725519534,2952.79500887358
"d13CO2","centered",300,1.00406048241123,3136.71451920448
"d13CO2","centered",301,1.0043969455449,3125.08480064895
"d13CO2","centered",302,1.00371810168282,3367.7409022764
"d13CO2","centered",303,1.00389463743509,3590.33718789166
"d13CO2","centered",304,1.0039504091213,3617.97031350702
"d13CO2","centered",305,1.00428105850312,3918.77890482972
"d13CO2","centered",306,1.00335451248011,3929.16096103671
"d13CO2","centered",307,1.00305539351633,4358.79742192959
"d13CO2","centered",308,1.0031121314661,4123.61268221105
"d13CO2","centered",309,1.00267902346324,4368.7093783044
"d13CO2","centered",310,1.00239204817594,5072.24164262716
"d13CO2","centered",311,1.00191587627179,5529.39660035963
"d13CO2","centered",312,1.00192338693971,5676.09204316872
"d13CO2","centered",313,1.00159857176273,6113.32399715111
"d13CO2","centered",314,1.00099970265397,5849.37476666927
"d13CO2","centered",315,1.0008345485254,6992.99972553593
"d13CO2","centered",316,1.00034741134987,7427.89359317356
"d13CO2","centered",317,1.00027442208019,8090.64962272658
"d13CO2","centered",318,1.00035332156192,8163.74110376498
"d13CO2","centered",319,1.00017605667036,9204.56492670645
"d13CO2","centered",320,1.00035565561353,9672.99159484934
"d13CO2","centered",321,1.00033633925174,8908.2972605686
"d13CO2","centered",322,1.00017308601941,9620.44320640317
"d13CO2","centered",323,1.0001932834429,9184.81070214741
"d13CO2","centered",324,1.00045518865886,8155.99479543397
"d13CO2","centered",325,1.0001696120937,8975.10413410787
"d13CO2","centered",326,1.00020304026558,7520.66790210238
"d13CO2","centered",327,1.00017425837711,6580.86529478173
"d13CO2","centered",328,1.00022015009155,5920.13799633721
"d13CO2","centered",329,1.000273493861,5921.69499571691
"d13CO2","centered",330,1.00053321101302,5041.81192060267
"d13CO2","centered",331,1.00047305393767,4364.00525690571
"d13CO2","centered",332,1.000692388445,3905.92834058451
"d13CO2","centered",333,1.00111900284277,3051.90417666782
"d13CO2","centered",334,1.00140328951263,2587.27997679172
"d13CO2","centered",335,1.00167090645868,2018.41367196799
"d13CO2","centered",336,1.0019571911965,1535.32603279857
"d13CO2","centered",337,1.00245735282603,1156.72133216163
"d13CO2","centered",338,1.00323601026677,981.494153510181
"d13CO2","centered",339,1.00359536682485,844.712939453744
"d13CO2","centered",340,1.00319954680635,1056.91481441564
"d13CO2","centered",341,1.0030211453827,1203.68636719538
"d13CO2","centered",342,1.00298769501397,1293.17579588394
"d13CO2","centered",343,1.00262118846095,1417.80379976885
"d13CO2","centered",344,1.00292912548934,1612.25871101564
"d13CO2","centered",345,1.00365536945555,1520.62625657932
"d13CO2","centered",346,1.00335212845027,1444.60668774834
"d13CO2","centered",347,1.00321605143331,1369.8247540369
"d13CO2","centered",348,1.00317784434765,1483.73851657965
"d13CO2","centered",349,1.00318576944557,1546.58380669565
"d13CO2","centered",350,1.00330377213493,1286.98608796906
"d13CO2","centered",351,1.00344732650382,1336.88292723897
"d13CO2","centered",352,1.0030304745433,1174.33113321909
"d13CO2","centered",353,1.00290892190393,1087.88471999682
"d13CO2","centered",354,1.00282934744405,1029.40982998367
"d13CO2","centered",355,1.00370661449631,912.429845959107
"d13CO2","centered",356,1.00444517594912,775.946882972353
"d13CO2","centered",357,1.00480208920728,703.04540525558
"d13CO2","centered",358,1.00454052110624,778.25547415731
"d13CO2","centered",359,1.00374970518778,895.412698772013
"d13CO2","centered",360,1.00329861906335,978.694432135243
"d13CO2","centered",361,1.00292899415254,1186.85306491816
"d13CO2","centered",362,1.0025143652717,1292.0848970188
"d13CO2","centered",363,1.00247723755782,1431.7015622765
"d13CO2","centered",364,1.00207800393166,1578.35229822289
"d13CO2","centered",365,1.00218535024722,1643.94889838904
"d13CO2","centered",366,1.00201119661118,1724.492048076
"d13CO2","centered",367,1.00151718999903,1820.32801197966
"d13CO2","centered",368,1.00182583279415,1755.38579859748
"d13CO2","centered",369,1.00200958738617,1720.99513172151
"d13CO2","centered",370,1.00227527243472,1838.77376734215
"d13CO2","centered",371,1.00252652299393,1895.6693019927
"d13CO2","centered",372,1.00243204860631,1927.31647064721
"d13CO2","centered",373,1.00241852820595,1982.32036711252
"d13CO2","centered",374,1.00225567814836,1964.77301904624
"d13CO2","centered",375,1.00194024858214,2033.48124363132
"d13CO2","centered",376,1.00175546381672,1915.43684373501
"d13CO2","centered",377,1.00161480635573,1787.32059919841
"d13CO2","centered",378,1.00163365132646,1651.48593745846
"d13CO2","centered",379,1.0013204106002,1568.35663406712
"d13CO2","centered",380,1.00149982908659,1595.42557746961
"d13CO2","centered",381,1.00188301400524,1548.81111404565
"d13CO2","centered",382,1.00179595649989,1444.0267432867
"d13CO2","centered",383,1.0017454452797,1522.36950086226
"d13CO2","centered",384,1.0024044036011,1629.13280058982
"d13CO2","centered",385,1.0019168207442,1836.3339562751
"d13CO2","centered",386,1.00157649436713,2022.281209593
"d13CO2","centered",387,1.00146161009838,2090.70183293386
"d13CO2","centered",388,1.0012672159146,2396.17495169789
"d13CO2","centered",389,1.00096926533706,2696.25285988578
"d13CO2","centered",390,1.00093445743489,2509.79571577809
"d13CO2","centered",391,1.00114005858096,2626.78519313082
"d13CO2","centered",392,1.00099553162629,2663.72999597326
"d13CO2","centered",393,1.00073107743126,2461.13624904566
"d13CO2","centered",394,1.00095759959627,2387.05691907997
"d13CO2","centered",395,1.00087013610255,2355.24414759798
"d13CO2","centered",396,1.00087201861931,2246.48689222619
"d13CO2","centered",397,1.00125009984542,2244.31989460648
"d13CO2","centered",398,1.00115787872813,1998.23785415404
"d13CO2","centered",399,1.00129428663432,1995.10160627836
"d13CO2","centered",400,1.00149573414022,1934.64617691276
"d13CO2","centered",401,1.00201359789489,1804.92247451514
"d13CO2","centered",402,1.00260590558762,1691.98974652935
"d13CO2","centered",403,1.00267921620968,1495.69366127775
"d13CO2","centered",404,1.00277480529251,1453.51765954018
"d13CO2","centered",405,1.00327644567892,1449.95745195423
"d13CO2","centered",406,1.00332727534385,1415.7972346078
"d13CO2","centered",407,1.00373318133015,1420.00001068058
"d13CO2","centered",408,1.0034402567195,1410.71791674429
"d13CO2","centered",409,1.00422605228267,1380.24734926959
"d13CO2","centered",410,1.00437166913475,1392.70510183163
"d13CO2","centered",411,1.00431303122335,1295.69633875884
"d13CO2","centered",412,1.00442317625495,1349.16191205336
"d13CO2","centered",413,1.00495653155266,1288.8545214397
"d13CO2","centered",414,1.00465960814909,1287.77872330945
"d13CO2","centered",415,1.00496358377092,1092.56870339043
"d13CO2","centered",416,1.00492800166296,1135.28054027153
"d13CO2","centered",417,1.00441583100177,1106.44788441436
"d13CO2","centered",418,1.00429343323014,1113.41235366601
"d13CO2","centered",419,1.00377505406066,1216.35851183663
"d13CO2","centered",420,1.00341598008665,1177.2953501475
"d13CO2","centered",421,1.00363442022442,1346.27218893765
"d13CO2","centered",422,1.00332619741357,1397.27062685246
"d13CO2","centered",423,1.00290805618695,1416.06471147322
"d13CO2","centered",424,1.00272855495222,1452.46185922016
"d13CO2","centered",425,1.00271644499917,1465.86660946714
"d13CO2","centered",426,1.00239544478222,1527.51172892132
"d13CO2","centered",427,1.00219609526045,1571.26637658423
"d13CO2","centered",428,1.00222780551405,1819.61197811874
"d13CO2","centered",429,1.00242498194009,1757.62662273139
"d13CO2","centered",430,1.00235135376756,1936.17011136152
"d13CO2","centered",431,1.00246215581263,1730.14610908895
"d13CO2","centered",432,1.00273885308326,1701.45437457423
"d13CO2","centered",433,1.00248209198418,2017.5468772376
"d13CO2","centered",434,1.00204192379661,1892.3739951831
"d13CO2","centered",435,1.00216125446523,1553.55206717818
"d13CO2","centered",436,1.00267099708573,1666.36492247816
"d13CO2","centered",437,1.00290597926456,1706.9449327019
"d13CO2","centered",438,1.0038490698733,1413.56059537119
"d13CO2","centered",439,1.00394334098709,1338.76304183939
"d13CO2","centered",440,1.00412551555703,1391.31138192864
"d13CO2","centered",441,1.00407373048863,1303.20142669165
"d13CO2","centered",442,1.0043452482969,1312.63742031582
"d13CO2","centered",443,1.00384306385023,1135.55173969101
"d13CO2","centered",444,1.00349272026862,1125.30159561081
"d13CO2","centered",445,1.00334415028604,1104.71429543844
"d13CO2","centered",446,1.00258590538151,1187.79409594072
"d13CO2","centered",447,1.00287120909293,1324.03164717537
"d13CO2","centered",448,1.00341170432498,1293.51349145501
"d13CO2","centered",449,1.00377978935795,1301.75175655653
"d13CO2","centered",450,1.00365398368894,1346.5002837356
"d13CO2","centered",451,1.0030805289823,1439.46242736543
"d13CO2","centered",452,1.00338187168632,1605.86254655528
"d13CO2","centered",453,1.0037919630503,1696.25546467041
"d13CO2","centered",454,1.00392681105105,1967.48850115707
"d13CO2","centered",455,1.00408410232873,1993.55126542251
"d13CO2","centered",456,1.00378694065805,1949.25684469469
"d13CO2","centered",457,1.00351277559682,2355.7882074755
"d13CO2","centered",458,1.00330222490504,2540.60763027588
"d13CO2","centered",459,1.00317623244808,2634.7489468614
"d13CO2","centered",460,1.00342078067208,2807.88827970893
"d13CO2","centered",461,1.00425499093183,2622.94727156852
"d13CO2","centered",462,1.00349723632829,2398.10571429619
"d13CO2","centered",463,1.004422451647,2198.92978502245
"d13CO2","centered",464,1.00396088259046,2034.41225412061
"d13CO2","centered",465,1.00361553011881,1781.74791234308
"d13CO2","centered",466,1.00444841561034,1819.1594894815
"d13CO2","centered",467,1.00492735697769,1767.55575302458
"d13CO2","centered",468,1.00511224634135,1812.89002156277
"d13CO2","centered",469,1.00536480430673,1739.21767222681
"d13CO2","centered",470,1.00545591631322,1941.11877971146
"d13CO2","centered",471,1.00573169685372,1847.95052250604
"d13CO2","centered",472,1.00512971535259,2001.903455831
"d13CO2","centered",473,1.00524036108165,2106.64520937928
"d13CO2","centered",474,1.00359508564116,1957.68895864648
"d13CO2","centered",475,1.00327341838866,2285.74658555428
"d13CO2","centered",476,1.00326826246994,2402.13974026743
"d13CO2","centered",477,1.00278404979981,2355.24839962818
"d13CO2","centered",478,1.00290545407395,2238.74021201091
"d13CO2","centered",479,1.00306508080302,2115.32838568459
"d13CO2","centered",480,1.00354662863174,1975.98372599165
"d13CO2","centered",481,1.00364185876856,1954.85473559021
"d13CO2","centered",482,1.00358509372734,1947.72546629607
"d13CO2","centered",483,1.00304637778202,1833.38502493109
"d13CO2","centered",484,1.00404408092595,1788.0497689563
"d13CO2","centered",485,1.00381983490838,1637.12161051072
"d13CO2","centered",486,1.00447303773122,1523.32743067926
"d13CO2","centered",487,1.00465841372818,1677.19584710765
"d13CO2","centered",488,1.00368625824104,1890.90682128121
"d13CO2","centered",489,1.00381924741831,1939.36739643312
"d13CO2","centered",490,1.00342921035084,1870.23176661172
"d13CO2","centered",491,1.00395815735249,2018.46885868876
"d13CO2","centered",492,1.00406253611512,1966.70505669167
"d13CO2","centered",493,1.0038806895584,2060.91861829696
"d13CO2","centered",494,1.00371948107541,1882.31867311326
"d13CO2","centered",495,1.00401979793055,1990.04070121273
"d13CO2","centered",496,1.00354893728265,2093.35359928345
"d13CO2","centered",497,1.0035936697431,1916.78380180563
"d13CO2","centered",498,1.00373321633292,2059.6228031262
"d13CO2","centered",499,1.00393286931974,1999.22823197933
"d13CO2","centered",500,1.00362176340426,2235.00980510871
"d13CO2","centered",501,1.0031963437941,2037.49017729328
"d13CO2","centered",502,1.00303532156701,1992.33752696124
"d13CO2","centered",503,1.00302845334733,2047.44454839394
"d13CO2","centered",504,1.00268466669728,2086.72141522732
"d13CO2","centered",505,1.00360142425024,1963.85522234753
"d13CO2","centered",506,1.00332513466344,1812.27718618239
"d13CO2","centered",507,1.00335857107523,2268.39320228555
"d13CO2","centered",508,1.00279646030012,2470.48776749502
"d13CO2","centered",509,1.0024426588566,2107.66404622172
"d13CO2","centered",510,1.00282299207747,2145.9661645863
"d13CO2","centered",511,1.00399692408944,1764.03754105074
"d13CO2","centered",512,1.00338723180194,1925.13674123586
"d13CO2","centered",513,1.00292579724041,2104.02126102201
"d13CO2","centered",514,1.0031270431573,2104.04565930683
"d13CO2","centered",515,1.00302832671984,2216.05900407724
"d13CO2","centered",516,1.00326288826479,2001.07996836741
"d13CO2","centered",517,1.00326776087063,2225.06387244166
"d13CO2","centered",518,1.00292437130539,2214.52817776267
"d13CO2","centered",519,1.00305055080769,2204.52709834859
"d13CO2","centered",520,1.00370100640834,1867.49607286667
"d13CO2","centered",521,1.00347426655382,2301.71708972018
"d13CO2","centered",522,1.00319227984137,2316.33392676125
"d13CO2","centered",523,1.00345201094384,2005.72957654029
"d13CO2","centered",524,1.0031435610813,2192.63917469437
"d13CO2","centered",525,1.00384254064737,2131.29818234628
"d13CO2","centered",526,1.00320751123576,2262.50927450329
"d13CO2","centered",527,1.00400611204653,2174.42845466872
"d13CO2","centered",528,1.00373423793824,1938.81664651031
"d13CO2","centered",529,1.00359411348392,1954.80135864112
"d13CO2","centered",530,1.00335326005276,2166.70331472183
"d13CO2","centered",531,1.00340911810983,2203.22667057219
"d13CO2","centered",532,1.00402167560807,1964.71440739632
"d13CO2","centered",533,1.00326811202164,1802.90759673238
"d13CO2","centered",534,1.00376936853967,1550.10248441669
"d13CO2","centered",535,1.00395946423455,1525.15241507443
"d13CO2","centered",536,1.00375102897485,1427.31608801563
"d13CO2","centered",537,1.00381805195772,1432.03733535201
"d13CO2","centered",538,1.00336158377414,1237.62250618587
"d13CO2","centered",539,1.00179428819227,1412.46665913266
"d13CO2","centered",540,1.00175468454689,1645.03169159508
"d13CO2","first_difference",1,1.01646369573147,8271.98728185021
"d13CO2","first_difference",2,1.00918044664582,11436.3669032745
"d13CO2","first_difference",3,1.00503634543368,18711.2412748832
"d13CO2","first_difference",4,1.00352924651662,18221.9232662193
"d13CO2","first_difference",5,1.00170374774646,17702.7879112049
"d13CO2","first_difference",6,1.00179338299878,19084.9082513528
"d13CO2","first_difference",7,1.00117969603585,19610.0619214538
"d13CO2","first_difference",8,1.00083054866168,19021.2040243386
"d13CO2","first_difference",9,1.00041053127295,20219.0267352602
"d13CO2","first_difference",10,1.00063258565692,18085.9372749927
"d13CO2","first_difference",11,1.00079692763256,18170.8572830005
"d13CO2","first_difference",12,1.00099186901811,17620.5209376172
"d13CO2","first_difference",13,1.00080714558195,17206.3470141502
"d13CO2","first_difference",14,1.00078699839543,14757.9646447505
"d13CO2","first_difference",15,1.00037282049009,15619.2252417269
"d13CO2","first_difference",16,1.00039548780579,15282.563447005
"d13CO2","first_difference",17,1.00011824727225,14788.4579549312
"d13CO2","first_difference",18,1.00047519028289,16953.2825199134
"d13CO2","first_difference",19,1.00023482478519,17578.7762517442
"d13CO2","first_difference",20,1.00001594320292,18080.9879061466
"d13CO2","first_difference",21,1.00026571581404,21007.2201713939
"d13CO2","first_difference",22,1.00009459522147,20941.9686561007
"d13CO2","first_difference",23,1.00018503452948,21115.3288751651
"d13CO2","first_difference",24,0.999939400549843,22035.2483941842
"d13CO2","first_difference",25,1.00005045797918,22118.7590841558
"d13CO2","first_difference",26,1.00008508386482,22517.4346002818
"d13CO2","first_difference",27,0.999990158353692,22299.0851523882
"d13CO2","first_difference",28,1.00024450253234,22526.5957811986
"d13CO2","first_difference",29,1.00028466816189,24000
"d13CO2","first_difference",30,1.00008138595647,23137.4505423
"d13CO2","first_difference",31,1.00021325796063,23396.8904493126
"d13CO2","first_difference",32,1.00014042452281,22753.1854861394
"d13CO2","first_difference",33,1.00025796727191,24000
"d13CO2","first_difference",34,0.999999389952396,23353.3023696238
"d13CO2","first_difference",35,1.00028203785013,22921.0946521257
"d13CO2","first_difference",36,1.00009003196124,23560.0569680282
"d13CO2","first_difference",37,1.00010971084078,23566.0572458127
"d13CO2","first_difference",38,0.999999936906149,23651.0294240032
"d13CO2","first_difference",39,1.00019228976734,23424.7090584643
"d13CO2","first_difference",40,1.00002206707006,23205.6868611391
"d13CO2","first_difference",41,1.00003168026809,23313.3151979524
"d13CO2","first_difference",42,0.99998866353261,22965.1274867358
"d13CO2","first_difference",43,1.0002406389773,22335.2831363925
"d13CO2","first_difference",44,1.00006498585292,23727.3475722145
"d13CO2","first_difference",45,1.00013309896248,23493.0851651921
"d13CO2","first_difference",46,1.00003406035047,22255.2116843757
"d13CO2","first_difference",47,1.00011886371211,23499.0029287336
"d13CO2","first_difference",48,1.00003321872485,23211.2682944848
"d13CO2","first_difference",49,1.00026036171723,23278.956339768
"d13CO2","first_difference",50,1.00011410897638,23093.624603302
"d13CO2","first_difference",51,1.00008409372542,23075.4426706665
"d13CO2","first_difference",52,0.9998946759839,22902.263402879
"d13CO2","first_difference",53,0.999892489975009,23390.2938308543
"d13CO2","first_difference",54,1.00002804398549,23238.9158400524
"d13CO2","first_difference",55,0.999927615721901,22695.532456868
"d13CO2","first_difference",56,1.00011395170598,23086.6727416325
"d13CO2","first_difference",57,1.00006897395539,23779.5216304133
"d13CO2","first_difference",58,0.999935524583489,22844.6361105435
"d13CO2","first_difference",59,1.00000914876743,23053.9055684575
"d13CO2","first_difference",60,1.00003318991992,23152.2249374125
"d13CO2","first_difference",61,1.00029015326964,24000
"d13CO2","first_difference",62,1.00003732064154,23703.5868430922
"d13CO2","first_difference",63,1.00005920612134,23767.8104343824
"d13CO2","first_difference",64,1.00003860268432,24593.6619501628
"d13CO2","first_difference",65,0.999950578826458,23430.770140171
"d13CO2","first_difference",66,1.00018712392545,23775.0980970674
"d13CO2","first_difference",67,1.00012093027731,22628.3782483317
"d13CO2","first_difference",68,1.00008623090129,24587.2888768442
"d13CO2","first_difference",69,0.999918723820161,22832.8502141673
"d13CO2","first_difference",70,1.00000816593585,23143.6053942717
"d13CO2","first_difference",71,1.00002880760046,22497.8824543856
"d13CO2","first_difference",72,1.00005039497369,23332.3207748064
"d13CO2","first_difference",73,1.00006855317786,23467.8504239479
"d13CO2","first_difference",74,1.00019988081296,23649.6870181953
"d13CO2","first_difference",75,1.00013638253519,22412.7555399554
"d13CO2","first_difference",76,1.00007352035009,23543.7662849834
"d13CO2","first_difference",77,1.00008793271013,22941.0499103159
"d13CO2","first_difference",78,1.00009545401609,22581.1917278328
"d13CO2","first_difference",79,1.00001132733991,24112.4324830819
"d13CO2","first_difference",80,0.999935218689765,23283.7565463533
"d13CO2","first_difference",81,0.999999294117358,23330.5401080696
"d13CO2","first_difference",82,0.999945442354164,24780.7403021122
"d13CO2","first_difference",83,1.00000275611797,23740.1956491515
"d13CO2","first_difference",84,0.999921843785856,22668.2297391871
"d13CO2","first_difference",85,1.00005971115416,23727.6784792779
"d13CO2","first_difference",86,1.00001574182128,23232.0266381135
"d13CO2","first_difference",87,1.00001698197346,22891.9153836114
"d13CO2","first_difference",88,1.00018046666267,23770.6520658247
"d13CO2","first_difference",89,1.00029735562174,22914.4744430431
"d13CO2","first_difference",90,0.999999051335891,23343.5739185137
"d13CO2","first_difference",91,1.00007623197054,22907.5445648969
"d13CO2","first_difference",92,1.00003556776609,22774.3831374094
"d13CO2","first_difference",93,1.0000576788759,21051.1388345404
"d13CO2","first_difference",94,1.00008173010419,23669.1709850325
"d13CO2","first_difference",95,1.0001316198237,22921.1481708344
"d13CO2","first_difference",96,1.00018295037461,21015.6149497292
"d13CO2","first_difference",97,1.00015855373616,19786.2493892754
"d13CO2","first_difference",98,0.999891599239066,20788.0273638126
"d13CO2","first_difference",99,1.00014074255063,21427.2714375643
"d13CO2","first_difference",100,0.999961763614409,20602.0100168229
"d13CO2","first_difference",101,1.00013136083157,21148.707143176
"d13CO2","first_difference",102,1.00003736992803,19714.0907114065
"d13CO2","first_difference",103,1.00017682829682,19293.7340123408
"d13CO2","first_difference",104,1.00016676197958,19499.8721188651
"d13CO2","first_difference",105,0.99998538970087,17456.8285480567
"d13CO2","first_difference",106,1.00004210807094,17168.0634635638
"d13CO2","first_difference",107,0.999924788345526,15931.6977843268
"d13CO2","first_difference",108,1.00019874428293,14733.3565546257
"d13CO2","first_difference",109,1.00032739405711,15181.2485111052
"d13CO2","first_difference",110,1.0000043905313,16055.7597351176
"d13CO2","first_difference",111,0.999973497272085,18010.7002297385
"d13CO2","first_difference",112,1.00007210755515,18842.4518925432
"d13CO2","first_difference",113,1.00002298999562,17785.3368856018
"d13CO2","first_difference",114,1.00009462713898,19820.1932193666
"d13CO2","first_difference",115,1.00002544652145,19440.1073450885
"d13CO2","first_difference",116,1.00029707225084,19996.8247655186
"d13CO2","first_difference",117,1.00003666149118,19710.1775172773
"d13CO2","first_difference",118,0.999973919035791,21629.9261065067
"d13CO2","first_difference",119,1.00001787634266,22438.7338184517
"d13CO2","first_difference",120,0.999913760924241,22133.365850986
"d13CO2","first_difference",121,1.00009381135174,23361.1825026375
"d13CO2","first_difference",122,0.999963409419174,22446.9903934534
"d13CO2","first_difference",123,1.00002105958802,23361.9489709468
"d13CO2","first_difference",124,1.00006425056519,22592.5341506273
"d13CO2","first_difference",125,1.00006201094251,22975.5077992977
"d13CO2","first_difference",126,1.00000234632767,23202.6563557116
"d13CO2","first_difference",127,1.00005632200345,22805.8762915072
"d13CO2","first_difference",128,1.00003764140843,24000
"d13CO2","first_difference",129,0.999997406225242,23750.9747085888
"d13CO2","first_difference",130,1.00015289196293,23551.5037746006
"d13CO2","first_difference",131,0.999957653849616,23526.0586128544
"d13CO2","first_difference",132,0.999978389831061,24262.4287144588
"d13CO2","first_difference",133,1.00029918215407,23567.8357515525
"d13CO2","first_difference",134,1.00008261715483,24825.8319121633
"d13CO2","first_difference",135,1.00002934010631,24000
"d13CO2","first_difference",136,0.999935589604263,23776.8818069129
"d13CO2","first_difference",137,0.999989121405623,24262.4409560786
"d13CO2","first_difference",138,0.999986379485634,23520.5799858604
"d13CO2","first_difference",139,0.99993726107077,23497.4170326006
"d13CO2","first_difference",140,0.999978819213124,24000
"d13CO2","first_difference",141,0.999956067980684,24637.8764389915
"d13CO2","first_difference",142,1.00014386469405,24000
"d13CO2","first_difference",143,0.999998681442093,23341.5396482612
"d13CO2","first_difference",144,1.00008735801236,24405.0432927749
"d13CO2","first_difference",145,1.00003375731387,24308.0621972491
"d13CO2","first_difference",146,1.00002375003544,22843.0719497569
"d13CO2","first_difference",147,0.999958359660561,23865.4963755254
"d13CO2","first_difference",148,1.00022245633027,24000
"d13CO2","first_difference",149,0.999982737948456,24189.6995101577
"d13CO2","first_difference",150,0.999993250100321,23684.1950262886
"d13CO2","first_difference",151,1.00003857200613,23125.5637524789
"d13CO2","first_difference",152,0.999941597250304,23971.9336406308
"d13CO2","first_difference",153,1.00003702016915,23351.4364662758
"d13CO2","first_difference",154,1.00006398048361,23415.4671752778
"d13CO2","first_difference",155,1.00025213968433,22951.4470661028
"d13CO2","first_difference",156,1.00007288930295,23418.9206074551
"d13CO2","first_difference",157,1.00002348280238,23329.3250387729
"d13CO2","first_difference",158,1.00003192582162,21578.7401876285
"d13CO2","first_difference",159,0.999976226387083,21478.5803786966
"d13CO2","first_difference",160,1.00007636682383,21079.5635889865
"d13CO2","first_difference",161,0.999977188197604,21749.0905774904
"d13CO2","first_difference",162,1.00016384507397,19792.1564297876
"d13CO2","first_difference",163,1.00008160334906,21826.4999104877
"d13CO2","first_difference",164,1.00006483906967,21426.9194588883
"d13CO2","first_difference",165,1.00006076526001,21174.1930381046
"d13CO2","first_difference",166,1.00023669657667,21103.6619811151
"d13CO2","first_difference",167,1.00006711095678,21783.1096662357
"d13CO2","first_difference",168,1.00014985033938,22677.5912414733
"d13CO2","first_difference",169,1.00006152467018,22627.6529904339
"d13CO2","first_difference",170,1.0001198817586,23023.2285896586
"d13CO2","first_difference",171,1.0000873213593,23783.04580859
"d13CO2","first_difference",172,1.00005277913818,22381.8843507264
"d13CO2","first_difference",173,0.99993014372377,22700.9388451586
"d13CO2","first_difference",174,0.999962525311333,22542.6260970946
"d13CO2","first_difference",175,1.0001305583019,22611.7063823259
"d13CO2","first_difference",176,1.00006606304342,24000.0000000001
"d13CO2","first_difference",177,1.00001816484333,24412.5434924689
"d13CO2","first_difference",178,1.00021409931671,22156.5678157744
"d13CO2","first_difference",179,1.00002114544043,23978.1328515734
"d13CO2","first_difference",180,1.00008554464203,23135.3513657598
"d13CO2","first_difference",181,0.999957768196406,24023.6490489478
"d13CO2","first_difference",182,1.0001137955811,23989.9431506724
"d13CO2","first_difference",183,1.00004066822562,22547.7172066038
"d13CO2","first_difference",184,1.00002633027933,23352.1739364188
"d13CO2","first_difference",185,1.00006411041443,22135.1078731109
"d13CO2","first_difference",186,1.00018973140598,23464.141611869
"d13CO2","first_difference",187,1.00008828633201,23501.9677730098
"d13CO2","first_difference",188,1.00005949604579,24326.6574478072
"d13CO2","first_difference",189,0.999976739256471,24000
"d13CO2","first_difference",190,1.00003523841551,23734.1434282567
"d13CO2","first_difference",191,0.999924848575973,23722.1645801468
"d13CO2","first_difference",192,0.999925128116251,24000
"d13CO2","first_difference",193,1.00002034882738,23833.2272933259
"d13CO2","first_difference",194,1.00007870593387,23718.9397034728
"d13CO2","first_difference",195,0.999945519947012,24152.234811544
"d13CO2","first_difference",196,1.00007257746653,24000
"d13CO2","first_difference",197,1.00018184329767,24000
"d13CO2","first_difference",198,1.00010891962787,24000
"d13CO2","first_difference",199,1.00009035217843,22568.3506862666
"d13CO2","first_difference",200,1.00043487031934,23924.3002782535
"d13CO2","first_difference",201,1.00004532807824,23523.0893770284
"d13CO2","first_difference",202,0.999943976562691,22011.5237367997
"d13CO2","first_difference",203,0.999964241328762,23501.736264283
"d13CO2","first_difference",204,1.00032929495756,23476.8088527768
"d13CO2","first_difference",205,1.00006059173944,23133.1641475588
"d13CO2","first_difference",206,1.00004590153229,23790.8423192511
"d13CO2","first_difference",207,1.00004997676312,23307.3736913348
"d13CO2","first_difference",208,0.999972108903434,22803.3761194752
"d13CO2","first_difference",209,1.00002855988867,21762.7933234217
"d13CO2","first_difference",210,1.000059990573,22571.6716351474
"d13CO2","first_difference",211,0.999933668556673,21974.8039084345
"d13CO2","first_difference",212,1.00007890221428,22702.5432932254
"d13CO2","first_difference",213,1.00005705223172,21847.4350583239
"d13CO2","first_difference",214,1.00001602285319,22083.1100577531
"d13CO2","first_difference",215,1.00007667573982,21717.1237778552
"d13CO2","first_difference",216,1.00001583635256,21918.1310368187
"d13CO2","first_difference",217,1.000041533958,21838.2814855158
"d13CO2","first_difference",218,0.99999776004419,22158.084177771
"d13CO2","first_difference",219,1.0000503661177,21499.5704229611
"d13CO2","first_difference",220,0.999928756093829,22921.4925013489
"d13CO2","first_difference",221,1.00004189368772,22144.060110267
"d13CO2","first_difference",222,1.00004945312858,24800.1055737631
"d13CO2","first_difference",223,1.00007292947961,23493.3699732156
"d13CO2","first_difference",224,0.999989220172633,23351.4127284228
"d13CO2","first_difference",225,1.00012388862238,22620.5992949884
"d13CO2","first_difference",226,0.999976702626667,23253.0867457332
"d13CO2","first_difference",227,1.00000240525983,22174.7854561314
"d13CO2","first_difference",228,1.00015626382059,22841.7021082091
"d13CO2","first_difference",229,1.0001244452283,23719.5548135325
"d13CO2","first_difference",230,1.00004438206576,22777.1078391855
"d13CO2","first_difference",231,1.00004835551941,23475.1923103921
"d13CO2","first_difference",232,0.999916864813372,22059.6224025437
"d13CO2","first_difference",233,1.00001666445582,19700.9230730103
"d13CO2","first_difference",234,1.00017421761641,20275.8552334981
"d13CO2","first_difference",235,0.999964497796173,20532.4102086766
"d13CO2","first_difference",236,1.00009025843216,19729.0448545968
"d13CO2","first_difference",237,1.0000013616993,21354.3883111051
"d13CO2","first_difference",238,1.00016909684052,21005.2827091528
"d13CO2","first_difference",239,0.999992565123804,23306.5014550472
"d13CO2","first_difference",240,0.999974559609357,21676.7289460491
"d13CO2","first_difference",241,1.00009892639065,23757.2189401886
"d13CO2","first_difference",242,0.999938597458538,23674.9196052022
"d13CO2","first_difference",243,1.00001539615591,22946.447078278
"d13CO2","first_difference",244,0.999946343427577,23044.0091564368
"d13CO2","first_difference",245,1.00009871100816,23707.0776203803
"d13CO2","first_difference",246,1.00002222795756,23949.0154491229
"d13CO2","first_difference",247,0.99995944404075,23796.2728753083
"d13CO2","first_difference",248,0.999908060298953,24085.6245058346
"d13CO2","first_difference",249,1.00000394140468,22710.6334794986
"d13CO2","first_difference",250,1.00004581438846,23005.9973515494
"d13CO2","first_difference",251,0.999917606072034,23359.25438272
"d13CO2","first_difference",252,1.00002756884757,22969.4181671821
"d13CO2","first_difference",253,1.00008383104364,23885.8162657309
"d13CO2","first_difference",254,0.999928737241584,21933.1577570482
"d13CO2","first_difference",255,1.0001127766882,23088.4081825256
"d13CO2","first_difference",256,1.00026931911869,22828.4235467884
"d13CO2","first_difference",257,1.00001505286362,23560.1186951176
"d13CO2","first_difference",258,1.00018745014185,23127.3526303192
"d13CO2","first_difference",259,1.00002790106986,22753.0629748057
"d13CO2","first_difference",260,1.00005749546236,22942.9752088017
"d13CO2","first_difference",261,1.00008669732208,23380.1260673583
"d13CO2","first_difference",262,0.999951004346823,22744.2351668361
"d13CO2","first_difference",263,1.00005275339491,23370.7723915616
"d13CO2","first_difference",264,0.999990053880255,23080.9448654759
"d13CO2","first_difference",265,1.00016240112925,23584.9706880298
"d13CO2","first_difference",266,1.00024070985928,23632.5165199792
"d13CO2","first_difference",267,1.00045601595462,23156.868380716
"d13CO2","first_difference",268,1.00011500680914,23769.9062251131
"d13CO2","first_difference",269,0.999948022836403,22116.4800462095
"d13CO2","first_difference",270,1.00007387268729,24259.7444513144
"d13CO2","first_difference",271,0.999973325038499,23716.2287687346
"d13CO2","first_difference",272,1.00014943250367,25492.4638652722
"d13CO2","first_difference",273,1.0000034557796,23351.2837709252
"d13CO2","first_difference",274,1.00003672000346,22543.2810534682
"d13CO2","first_difference",275,1.00006013023051,23372.7240344512
"d13CO2","first_difference",276,1.00006493754139,23048.6884730405
"d13CO2","first_difference",277,1.00010298635779,23546.1929271449
"d13CO2","first_difference",278,1.00013382681728,23123.9454669213
"d13CO2","first_difference",279,1.00027690720182,23530.7883858509
"d13CO2","first_difference",280,1.00008630524186,24000
"d13CO2","first_difference",281,0.999981598325596,23349.2147832951
"d13CO2","first_difference",282,0.999888491287476,21657.0447429333
"d13CO2","first_difference",283,1.00009467318372,22839.9983290735
"d13CO2","first_difference",284,1.00021778793488,20949.9552151792
"d13CO2","first_difference",285,1.00033434622563,20474.9908955658
"d13CO2","first_difference",286,0.999924108358995,21411.4155197092
"d13CO2","first_difference",287,0.999983960565071,18164.7147611847
"d13CO2","first_difference",288,1.00006533492118,15403.5227121064
"d13CO2","first_difference",289,1.0000398863587,15687.6184373524
"d13CO2","first_difference",290,1.00015358390037,16388.3095264858
"d13CO2","first_difference",291,1.00024268462907,17837.5259125187
"d13CO2","first_difference",292,0.999993667414316,21263.6884606914
"d13CO2","first_difference",293,0.999971117772209,20988.8328437218
"d13CO2","first_difference",294,1.00001036192489,21710.8433726136
"d13CO2","first_difference",295,1.00001101349052,21528.6714766218
"d13CO2","first_difference",296,1.00017511779826,23354.0104017361
"d13CO2","first_difference",297,1.00014410807719,23139.8182560598
"d13CO2","first_difference",298,1.00001555966123,22162.6483644159
"d13CO2","first_difference",299,1.00012932189176,22069.9604024801
"d13CO2","first_difference",300,0.999976976522931,23464.2286347759
"d13CO2","first_difference",301,1.00029858881784,23405.5140700895
"d13CO2","first_difference",302,0.999987552780289,22010.2416968203
"d13CO2","first_difference",303,1.00008036142321,23730.843654213
"d13CO2","first_difference",304,1.00000222444125,22769.5873358228
"d13CO2","first_difference",305,1.00020332913519,24000
"d13CO2","first_difference",306,0.999981709557383,22857.9892357622
"d13CO2","first_difference",307,0.999988467000291,24542.8069391014
"d13CO2","first_difference",308,1.00022293425653,22649.879889772
"d13CO2","first_difference",309,0.999959289534144,23343.9909684484
"d13CO2","first_difference",310,1.0000591156416,24000
"d13CO2","first_difference",311,1.00004692367544,23766.1050847981
"d13CO2","first_difference",312,1.00016159728239,22870.3175395747
"d13CO2","first_difference",313,1.0001694511347,23215.9305067619
"d13CO2","first_difference",314,0.999911864970952,23403.9228877195
"d13CO2","first_difference",315,1.00019083335946,23494.1178399784
"d13CO2","first_difference",316,1.00010372281499,23897.6973073877
"d13CO2","first_difference",317,1.00013496045512,23745.7180252136
"d13CO2","first_difference",318,0.999963575536101,23767.0357260155
"d13CO2","first_difference",319,1.00007845577217,24000
"d13CO2","first_difference",320,0.999999633161392,24632.3942527079
"d13CO2","first_difference",321,1.00003879188126,23999.9999999999
"d13CO2","first_difference",322,1.00005420375362,23348.5056587215
"d13CO2","first_difference",323,0.999966045106773,24000
"d13CO2","first_difference",324,0.999984439377095,23269.7855803565
"d13CO2","first_difference",325,0.999983854037614,23366.2057185353
"d13CO2","first_difference",326,1.00003546259952,24000
"d13CO2","first_difference",327,1.00006506960612,24361.1352190456
"d13CO2","first_difference",328,1.00004585769316,23292.4005693273
"d13CO2","first_difference",329,0.999974043705462,23999.9999999999
"d13CO2","first_difference",330,1.00010260899242,23772.7489098424
"d13CO2","first_difference",331,1.00007585950352,23241.2897160131
"d13CO2","first_difference",332,1.00007900872553,22645.2676560769
"d13CO2","first_difference",333,0.999952339651663,22399.6619861343
"d13CO2","first_difference",334,0.999933674227202,22285.7644470759
"d13CO2","first_difference",335,0.99996895883177,22287.8204703672
"d13CO2","first_difference",336,1.0000035880703,19496.1348705123
"d13CO2","first_difference",337,1.00020516431631,14266.1461031435
"d13CO2","first_difference",338,1.0001503438088,9715.01677266151
"d13CO2","first_difference",339,1.00024784431398,10507.1968932815
"d13CO2","first_difference",340,1.00011877555308,15296.0186334931
"d13CO2","first_difference",341,0.999928504235065,18145.2289143521
"d13CO2","first_difference",342,1.00012497471995,21055.5783083217
"d13CO2","first_difference",343,1.0001743984603,21393.7780251438
"d13CO2","first_difference",344,1.00013911109076,20714.0857634885
"d13CO2","first_difference",345,1.00000035527225,18997.0460684636
"d13CO2","first_difference",346,1.00020331085545,19982.565182274
"d13CO2","first_difference",347,1.00008536303945,20113.32106334
"d13CO2","first_difference",348,1.00001867701654,20269.9288118468
"d13CO2","first_difference",349,1.00004968617476,16692.8410583998
"d13CO2","first_difference",350,1.0000239488223,19408.1194531795
"d13CO2","first_difference",351,1.00013421924339,19270.4998344705
"d13CO2","first_difference",352,0.999964971564468,19315.719966705
"d13CO2","first_difference",353,1.0001162272468,18011.1181747564
"d13CO2","first_difference",354,1.00031339157756,15851.319776767
"d13CO2","first_difference",355,1.00018324109292,16301.1107499509
"d13CO2","first_difference",356,1.00003126615875,12193.3206549576
"d13CO2","first_difference",357,1.00008669428512,11191.9846884856
"d13CO2","first_difference",358,1.00008354303701,12182.9106626029
"d13CO2","first_difference",359,1.00000194686768,17098.7157677918
"d13CO2","first_difference",360,1.00029459671393,18429.3106475717
"d13CO2","first_difference",361,1.00001737410914,19303.2975649924
"d13CO2","first_difference",362,0.999992951161754,19372.2120502393
"d13CO2","first_difference",363,1.00026244581808,19976.7518626349
"d13CO2","first_difference",364,1.00006628667139,20589.4314179311
"d13CO2","first_difference",365,1.00001959848784,20769.1750793637
"d13CO2","first_difference",366,1.0000649091595,20875.3674549345
"d13CO2","first_difference",367,0.999928788027642,21169.4719525302
"d13CO2","first_difference",368,0.999962420053327,21461.1362658637
"d13CO2","first_difference",369,1.00019837981272,20982.6646936865
"d13CO2","first_difference",370,1.00016478692777,22441.3387953969
"d13CO2","first_difference",371,1.00011675458927,20861.1513568697
"d13CO2","first_difference",372,1.00020913313387,21066.3699124391
"d13CO2","first_difference",373,1.00012710355426,22426.2154612292
"d13CO2","first_difference",374,1.00010729622984,21471.5230038353
"d13CO2","first_difference",375,1.00007636164522,20052.7931475437
"d13CO2","first_difference",376,1.0000506882968,19281.5609335683
"d13CO2","first_difference",377,1.00021394267706,19366.0955725667
"d13CO2","first_difference",378,1.00029167137856,20541.1216094847
"d13CO2","first_difference",379,1.0002390805499,19924.3563194194
"d13CO2","first_difference",380,1.00007729048736,19082.8171816257
"d13CO2","first_difference",381,1.00012065383401,18186.7832913803
"d13CO2","first_difference",382,0.999975565423285,16938.6636199235
"d13CO2","first_difference",383,1.00017609784882,19306.4076370226
"d13CO2","first_difference",384,0.999984931979206,21315.6277437868
"d13CO2","first_difference",385,1.00002996537975,21230.3777615216
"d13CO2","first_difference",386,1.00015692246396,21730.0807292092
"d13CO2","first_difference",387,1.00007631956101,20820.8600406651
"d13CO2","first_difference",388,1.00005125583343,22797.4359579916
"d13CO2","first_difference",389,0.999914085621488,22263.1484627741
"d13CO2","first_difference",390,0.999938413871802,22278.2119746806
"d13CO2","first_difference",391,1.0000449965196,21290.6873040332
"d13CO2","first_difference",392,1.00032654186638,22737.506465486
"d13CO2","first_difference",393,1.0001222489556,20351.5543128697
"d13CO2","first_difference",394,1.00007847436705,21762.9530730786
"d13CO2","first_difference",395,1.00015426103316,21836.8012545283
"d13CO2","first_difference",396,1.0002065095633,20837.9154108282
"d13CO2","first_difference",397,1.00015586749836,21965.85450588
"d13CO2","first_difference",398,1.00000832537245,21728.4548821604
"d13CO2","first_difference",399,1.00015055109943,21649.2846942446
"d13CO2","first_difference",400,1.00002982625152,21631.236368657
"d13CO2","first_difference",401,1.00009028445462,19831.3346716029
"d13CO2","first_difference",402,1.00003682159515,20456.7595407868
"d13CO2","first_difference",403,0.999981258241672,20978.9893703218
"d13CO2","first_difference",404,1.00005017317335,19655.4001297261
"d13CO2","first_difference",405,1.00004732494894,20936.736457047
"d13CO2","first_difference",406,1.00007067869259,19923.0826846863
"d13CO2","first_difference",407,1.00000835148479,20452.6096047936
"d13CO2","first_difference",408,1.00006072721258,19172.9395654448
"d13CO2","first_difference",409,1.00020124040625,19180.4870534191
"d13CO2","first_difference",410,1.00000872428521,20907.7618430359
"d13CO2","first_difference",411,1.0001426258081,21164.1861003405
"d13CO2","first_difference",412,1.00008245055909,17884.8293437542
"d13CO2","first_difference",413,1.00012777492586,19851.2426536946
"d13CO2","first_difference",414,1.00009506756322,18636.2730659589
"d13CO2","first_difference",415,1.00010184451195,17746.2882641198
"d13CO2","first_difference",416,1.00015713660143,18015.8440226393
"d13CO2","first_difference",417,1.000041423746,17092.1286215378
"d13CO2","first_difference",418,1.00023529856782,19024.2994405511
"d13CO2","first_difference",419,1.00026227972278,20824.6032152654
"d13CO2","first_difference",420,1.00013062668938,18126.5151916402
"d13CO2","first_difference",421,1.00012632581389,18961.2625633853
"d13CO2","first_difference",422,1.00008867467872,20126.7980401687
"d13CO2","first_difference",423,1.00003100333334,18836.3176677493
"d13CO2","first_difference",424,1.00019606680849,19592.3683852031
"d13CO2","first_difference",425,1.00006439044649,21190.8769079051
"d13CO2","first_difference",426,1.00015987123205,20834.6676629007
"d13CO2","first_difference",427,1.00005399208964,22297.1898589201
"d13CO2","first_difference",428,1.00032042700368,21332.1508359732
"d13CO2","first_difference",429,1.00009335037257,22587.3300873974
"d13CO2","first_difference",430,0.999978587323797,21427.5797663839
"d13CO2","first_difference",431,1.00023812566734,21263.5325876362
"d13CO2","first_difference",432,0.999955488539396,22933.8169584219
"d13CO2","first_difference",433,1.00004451217964,22818.3202644362
"d13CO2","first_difference",434,1.0001051028167,22041.0439445421
"d13CO2","first_difference",435,1.00011728693325,17998.613931892
"d13CO2","first_difference",436,0.99999058601341,21662.9884591665
"d13CO2","first_difference",437,1.00007686277192,19046.3318567888
"d13CO2","first_difference",438,1.00007127938576,19505.7768322022
"d13CO2","first_difference",439,0.99995164329577,17100.394282339
"d13CO2","first_difference",440,1.00011829934133,18359.7524093591
"d13CO2","first_difference",441,0.999959795011373,19419.5825858385
"d13CO2","first_difference",442,1.00003973626966,18467.5567189452
"d13CO2","first_difference",443,1.00007775818575,19980.3039258791
"d13CO2","first_difference",444,1.00011238386077,19881.8490698645
"d13CO2","first_difference",445,1.00013490063069,18367.7343373991
"d13CO2","first_difference",446,1.00012014457967,18725.4768341423
"d13CO2","first_difference",447,0.999951319358376,19322.3717620566
"d13CO2","first_difference",448,0.999976229583517,19242.4559002689
"d13CO2","first_difference",449,1.00019182347622,18985.2920449754
"d13CO2","first_difference",450,1.00010076079842,20271.7008342235
"d13CO2","first_difference",451,1.00030543726755,19768.281896196
"d13CO2","first_difference",452,1.00012426669683,19097.1982929098
"d13CO2","first_difference",453,1.00017692486576,21871.1926918451
"d13CO2","first_difference",454,0.999983263445044,21294.6301833534
"d13CO2","first_difference",455,1.00031079902105,20803.8868005102
"d13CO2","first_difference",456,0.999945091787028,21317.7430454546
"d13CO2","first_difference",457,0.999999016170257,21614.8781546782
"d13CO2","first_difference",458,1.00010284790183,20283.4716904669
"d13CO2","first_difference",459,0.99990090028648,21111.9685648578
"d13CO2","first_difference",460,1.00018156988449,20057.5008870232
"d13CO2","first_difference",461,1.00022119859143,22037.3712400495
"d13CO2","first_difference",462,0.999948550896069,22165.8435249315
"d13CO2","first_difference",463,0.999977619262667,21138.6526405333
"d13CO2","first_difference",464,1.00002088362287,18613.9586661623
"d13CO2","first_difference",465,1.00011052742971,16738.4919753448
"d13CO2","first_difference",466,1.00019713506274,15736.0461746508
"d13CO2","first_difference",467,1.00028606007305,15379.7782432533
"d13CO2","first_difference",468,1.00012347010192,15346.4472104241
"d13CO2","first_difference",469,1.00008293778438,16070.9570190204
"d13CO2","first_difference",470,1.00009179474524,15798.5245234764
"d13CO2","first_difference",471,1.00017731254815,14508.0397824583
"d13CO2","first_difference",472,1.00013309285451,12783.7971313669
"d13CO2","first_difference",473,1.00022637071192,14401.6827229167
"d13CO2","first_difference",474,1.00002314651147,17929.0713300561
"d13CO2","first_difference",475,0.999997142694314,19937.5089481804
"d13CO2","first_difference",476,1.00008578034783,20492.6504087558
"d13CO2","first_difference",477,0.999972993653925,20606.0360132459
"d13CO2","first_difference",478,1.00005539068869,21162.9905593212
"d13CO2","first_difference",479,0.999963838192155,20956.31204891
"d13CO2","first_difference",480,0.999965969963245,20690.6404606199
"d13CO2","first_difference",481,1.0000623507709,20705.4754570266
"d13CO2","first_difference",482,1.00009401697036,21334.4376961671
"d13CO2","first_difference",483,1.00002377495842,19594.3518761717
"d13CO2","first_difference",484,0.999917583925495,19380.9042152115
"d13CO2","first_difference",485,1.00000588487268,16462.9919730382
"d13CO2","first_difference",486,1.00025379808184,15950.9632503258
"d13CO2","first_difference",487,0.999968738328432,18026.9536662983
"d13CO2","first_difference",488,0.999976877622769,21603.1388962866
"d13CO2","first_difference",489,1.00009187293068,22324.8256433787
"d13CO2","first_difference",490,0.999908845512784,21594.3813592896
"d13CO2","first_difference",491,1.00001649116523,22838.8657258458
"d13CO2","first_difference",492,1.00000088537689,22185.6413527716
"d13CO2","first_difference",493,1.00005668315574,22661.1493465572
"d13CO2","first_difference",494,0.999995417721042,23174.9625466789
"d13CO2","first_difference",495,1.00017502942524,22260.2800871027
"d13CO2","first_difference",496,1.00002699705301,23138.2872656444
"d13CO2","first_difference",497,1.00001258967262,23355.9174660406
"d13CO2","first_difference",498,1.00012299805206,24183.663460337
"d13CO2","first_difference",499,0.999979091408977,22746.1403600019
"d13CO2","first_difference",500,1.00014986887265,21848.6803813685
"d13CO2","first_difference",501,1.00013613291375,21514.0109637974
"d13CO2","first_difference",502,0.999935577000494,22526.8919872098
"d13CO2","first_difference",503,1.00000549244948,22529.3346479676
"d13CO2","first_difference",504,1.00005240574699,24000
"d13CO2","first_difference",505,0.99996575668705,22829.7643978373
"d13CO2","first_difference",506,1.00012191390257,17887.2687890816
"d13CO2","first_difference",507,1.00005959512326,18178.2012960059
"d13CO2","first_difference",508,1.00001024985353,19212.3275915836
"d13CO2","first_difference",509,1.00001236842351,19685.6989185505
"d13CO2","first_difference",510,1.00007890813928,19515.7971561361
"d13CO2","first_difference",511,1.00013454808367,19277.8673456452
"d13CO2","first_difference",512,0.999947782897786,19736.1919501893
"d13CO2","first_difference",513,1.00002046149348,20658.9916261319
"d13CO2","first_difference",514,0.99993358556905,19517.4030845084
"d13CO2","first_difference",515,1.00005705158105,20065.2799580928
"d13CO2","first_difference",516,1.0001628297195,17515.9204762899
"d13CO2","first_difference",517,0.999990186363299,17736.3975666615
"d13CO2","first_difference",518,1.00000014818205,19865.6404980653
"d13CO2","first_difference",519,1.00001558905698,19133.1643428712
"d13CO2","first_difference",520,1.00004460158217,20308.0958918552
"d13CO2","first_difference",521,1.0001947538146,22493.2876844659
"d13CO2","first_difference",522,1.00008979169383,21989.2739062191
"d13CO2","first_difference",523,1.00009896125767,21588.7645723212
"d13CO2","first_difference",524,1.0001144223798,20302.7937470478
"d13CO2","first_difference",525,0.999984208287645,16150.228916621
"d13CO2","first_difference",526,1.00003428125346,15670.208229016
"d13CO2","first_difference",527,1.00019987391959,16626.7645173834
"d13CO2","first_difference",528,1.00009599766431,16881.3147728689
"d13CO2","first_difference",529,1.00001119233264,16972.2813034833
"d13CO2","first_difference",530,1.00014257322696,17155.7118451496
"d13CO2","first_difference",531,0.999982019726674,15789.2184185762
"d13CO2","first_difference",532,1.00031368977193,11570.2604050384
"d13CO2","first_difference",533,1.00014438010475,11865.1765375618
"d13CO2","first_difference",534,1.00054581881687,10308.2565660058
"d13CO2","first_difference",535,1.00085227432355,8816.31802139834
"d13CO2","first_difference",536,1.00037319434075,7835.98646478072
"d13CO2","first_difference",537,1.00012941002824,7320.00503688422
"d13CO2","first_difference",538,1.00028874025593,7338.16817149203
"d13CO2","first_difference",539,1.00071223250654,7267.98579252422
"GMST","raw",1,1.06131464590183,1363.85270317677
"GMST","raw",2,1.07099527174283,1262.85123100708
"GMST","raw",3,1.07528065410816,1047.2454524638
"GMST","raw",4,1.07575590635916,1026.97312079966
"GMST","raw",5,1.07316171792371,1072.13569921834
"GMST","raw",6,1.06886473752279,938.143484382568
"GMST","raw",7,1.06274093491206,993.873910170798
"GMST","raw",8,1.05682298934835,1011.99734528738
"GMST","raw",9,1.05270991291516,947.820408436178
"GMST","raw",10,1.04895462251376,898.35920543526
"GMST","raw",11,1.04447118964967,890.163787150113
"GMST","raw",12,1.04106942837272,872.44319489273
"GMST","raw",13,1.03652019994316,932.533723518095
"GMST","raw",14,1.03285434169952,871.815508982029
"GMST","raw",15,1.03016325601481,832.660156153211
"GMST","raw",16,1.02750164099379,866.113880312976
"GMST","raw",17,1.02555670370952,875.341954578888
"GMST","raw",18,1.02385365251151,904.613324433022
"GMST","raw",19,1.02113874876737,945.505215492583
"GMST","raw",20,1.01999393830593,944.582175842972
"GMST","raw",21,1.01915787675793,1036.60265700165
"GMST","raw",22,1.01788159262893,1127.58012771435
"GMST","raw",23,1.01626093160358,1178.7737770439
"GMST","raw",24,1.01504949039653,1277.94837595419
"GMST","raw",25,1.01423335159201,1402.71135863723
"GMST","raw",26,1.0132614957648,1468.29977707858
"GMST","raw",27,1.01159596443883,1636.24122114508
"GMST","raw",28,1.01075098088104,1779.70053605454
"GMST","raw",29,1.01006746008892,1872.37092715141
"GMST","raw",30,1.00918169782301,1874.15071096291
"GMST","raw",31,1.00859858345457,2050.41896360883
"GMST","raw",32,1.0080891181633,2157.45534961196
"GMST","raw",33,1.00725345688826,2086.72692250297
"GMST","raw",34,1.00696680780121,2129.97171050947
"GMST","raw",35,1.00602668101739,2296.11225409686
"GMST","raw",36,1.00595890984051,2391.64867699724
"GMST","raw",37,1.00571553846625,2442.60448369604
"GMST","raw",38,1.00562211657499,2394.04330404068
"GMST","raw",39,1.00563897621835,2886.154446252
"GMST","raw",40,1.00521129090693,2886.5899067197
"GMST","raw",41,1.00471291548006,2550.01573463512
"GMST","raw",42,1.00428344389305,2614.9246008691
"GMST","raw",43,1.00421313844464,2520.83034366513
"GMST","raw",44,1.00430658890119,2382.00573960246
"GMST","raw",45,1.00419684202067,2592.36954367012
"GMST","raw",46,1.00451161856404,2504.551939919
"GMST","raw",47,1.00425057254458,2464.15437134135
"GMST","raw",48,1.00406683787038,2434.06270195702
"GMST","raw",49,1.00415550005929,2468.65153120788
"GMST","raw",50,1.00406935846699,2570.91068633906
"GMST","raw",51,1.00353278774633,2676.94662299199
"GMST","raw",52,1.00349723411713,2732.98065877066
"GMST","raw",53,1.00334821567856,2801.32146164323
"GMST","raw",54,1.0032748130646,2885.05423582378
"GMST","raw",55,1.00348526521389,2953.97961420236
"GMST","raw",56,1.00347212307495,3127.34175822503
"GMST","raw",57,1.0035194514691,3076.90163504139
"GMST","raw",58,1.00337624213644,3133.714833004
"GMST","raw",59,1.00303724495732,3155.30929279479
"GMST","raw",60,1.00263654381103,3176.66359323318
"GMST","raw",61,1.00266081479593,3278.44429899346
"GMST","raw",62,1.00269434072759,3450.26389208873
"GMST","raw",63,1.00246876872081,3435.52273344722
"GMST","raw",64,1.00247334355919,3434.80498610937
"GMST","raw",65,1.00260589548471,3467.41167022047
"GMST","raw",66,1.0022557844835,3572.46068592959
"GMST","raw",67,1.0020460747813,3653.25878400178
"GMST","raw",68,1.00200645196848,3525.05000844727
"GMST","raw",69,1.00209495897137,3312.16016408857
"GMST","raw",70,1.001984269981,3286.58359740434
"GMST","raw",71,1.00220765809758,3336.39689929639
"GMST","raw",72,1.00176007381871,3417.53088988144
"GMST","raw",73,1.00162655416077,3615.7566250539
"GMST","raw",74,1.00141839016896,3656.24500682363
"GMST","raw",75,1.00150116830822,3738.78974339149
"GMST","raw",76,1.00155712646229,3751.53154889867
"GMST","raw",77,1.0012887083058,3964.48339804239
"GMST","raw",78,1.00145468853216,3964.09311708041
"GMST","raw",79,1.00144830457285,3953.99788355819
"GMST","raw",80,1.0013781294851,4237.45749004147
"GMST","raw",81,1.00118291678675,4129.48357155833
"GMST","raw",82,1.0012289790815,3934.46365016302
"GMST","raw",83,1.00136800474843,3766.28451537034
"GMST","raw",84,1.00132299492496,3738.27722169967
"GMST","raw",85,1.00144469996928,3533.15944160033
"GMST","raw",86,1.00128716084447,3407.59382459553
"GMST","raw",87,1.0012527138365,3326.09243229127
"GMST","raw",88,1.00147510811354,3050.1732237549
"GMST","raw",89,1.00156753752884,2939.70782862582
"GMST","raw",90,1.00220190686891,2763.87866381039
"GMST","raw",91,1.00240684473468,2449.33361468879
"GMST","raw",92,1.00243492002453,2294.45058863119
"GMST","raw",93,1.00235035392642,2315.56398986244
"GMST","raw",94,1.00232183698855,2056.69457611133
"GMST","raw",95,1.002528354106,1897.7422006067
"GMST","raw",96,1.00286817777537,1767.81305800296
"GMST","raw",97,1.00297809362823,1599.60514922144
"GMST","raw",98,1.00280680705665,1550.79189750956
"GMST","raw",99,1.00269523805673,1442.01374899655
"GMST","raw",100,1.00290377320469,1295.00411391923
"GMST","raw",101,1.00283194861582,1271.86033222873
"GMST","raw",102,1.00280518260225,1141.58139253888
"GMST","raw",103,1.00327747553755,1089.8292341428
"GMST","raw",104,1.00320523444001,1024.5264244009
"GMST","raw",105,1.00303502071767,906.509853891008
"GMST","raw",106,1.0027210086545,892.743403910076
"GMST","raw",107,1.00292202384871,843.583006499259
"GMST","raw",108,1.00281479953654,729.471664347715
"GMST","raw",109,1.00276087124423,732.990898972545
"GMST","raw",110,1.00297246985745,733.031439952293
"GMST","raw",111,1.00273242521313,755.311135762437
"GMST","raw",112,1.00287205906873,806.92583571513
"GMST","raw",113,1.00266270568652,861.41782188781
"GMST","raw",114,1.00242690668165,900.324362087036
"GMST","raw",115,1.00243238907351,877.968210889297
"GMST","raw",116,1.0022724794505,996.583552876163
"GMST","raw",117,1.00210645256787,1229.80027620564
"GMST","raw",118,1.00192691726241,1270.55237016648
"GMST","raw",119,1.00197971478785,1345.51388102391
"GMST","raw",120,1.00187441916001,1465.38918692525
"GMST","raw",121,1.00181902208332,1850.73390029341
"GMST","raw",122,1.00139380793176,2174.43393043102
"GMST","raw",123,1.0011550839489,2255.70641165891
"GMST","raw",124,1.0010131735485,2568.51482927554
"GMST","raw",125,1.00082802591199,2829.03984370443
"GMST","raw",126,1.00064523404334,3053.43988235332
"GMST","raw",127,1.00052184439084,4046.32483419529
"GMST","raw",128,1.00071685151841,4099.61157874992
"GMST","raw",129,1.00052762627034,4719.11518864352
"GMST","raw",130,1.00048267917327,5106.89099302537
"GMST","raw",131,1.00040979482577,6860.83134981952
"GMST","raw",132,1.00035344730318,6852.92614743158
"GMST","raw",133,1.00027239285931,7559.89156641018
"GMST","raw",134,1.00014133307285,8721.12562906165
"GMST","raw",135,1.00018661305681,9283.24399830577
"GMST","raw",136,1.00017646684536,9624.51486434497
"GMST","raw",137,1.00013884894625,10323.684130721
"GMST","raw",138,1.0001510977737,10079.1944926462
"GMST","raw",139,1.00013420827639,9371.94346580751
"GMST","raw",140,1.00017552737076,9201.55140574154
"GMST","raw",141,1.00012622820619,9103.59642194897
"GMST","raw",142,1.00001919818911,8761.42666850907
"GMST","raw",143,1.00006172753794,8949.19322309827
"GMST","raw",144,1.00011850873511,8845.34608913724
"GMST","raw",145,1.00019382962273,8518.39148423541
"GMST","raw",146,1.00025413370446,8562.65481711033
"GMST","raw",147,1.00023555917169,8321.44030503086
"GMST","raw",148,1.00051923570093,8379.59281940034
"GMST","raw",149,1.00074271513001,7944.69154386181
"GMST","raw",150,1.00074354932667,7745.57792419262
"GMST","raw",151,1.00069083344861,6469.35735918395
"GMST","raw",152,1.00079220517719,6280.69961376631
"GMST","raw",153,1.00091936835547,5811.66931880294
"GMST","raw",154,1.00147100268324,5111.9848296337
"GMST","raw",155,1.00184156592952,4534.70008408548
"GMST","raw",156,1.00222423261444,4004.01784184058
"GMST","raw",157,1.00217594616801,3572.63437397498
"GMST","raw",158,1.00206556074104,3565.27389255687
"GMST","raw",159,1.00244609740253,3207.41614108452
"GMST","raw",160,1.00249832270787,3007.89711396151
"GMST","raw",161,1.00304737416886,2972.7835109667
"GMST","raw",162,1.00306078320251,2806.66747285146
"GMST","raw",163,1.00331739007041,2780.10265693697
"GMST","raw",164,1.0033015835944,2879.88763573844
"GMST","raw",165,1.00290056117002,3050.53880490267
"GMST","raw",166,1.00263963716339,3098.53297173315
"GMST","raw",167,1.00222464585119,3196.33049493823
"GMST","raw",168,1.00211056294618,3438.64408790119
"GMST","raw",169,1.00139190694089,3762.48665609413
"GMST","raw",170,1.00133386312724,4159.16765804637
"GMST","raw",171,1.00101865126838,4562.80740046425
"GMST","raw",172,1.00048781424707,5027.13890841798
"GMST","raw",173,1.00059325926181,5772.05266720406
"GMST","raw",174,1.00042003747175,6539.28450888605
"GMST","raw",175,1.00036555466711,7042.83689930948
"GMST","raw",176,1.00027459557149,7445.84914925486
"GMST","raw",177,1.00024399593777,8008.21241846973
"GMST","raw",178,1.00020787235205,8362.30986038957
"GMST","raw",179,1.00027567431255,8540.28994469156
"GMST","raw",180,1.00035460706569,8310.67375410002
"GMST","raw",181,1.00048738116936,7927.95359535145
"GMST","raw",182,1.00028149842661,7933.32564249258
"GMST","raw",183,1.00014033268416,8865.15696510546
"GMST","raw",184,1.00020334224342,8585.68198325564
"GMST","raw",185,1.00028680059515,8693.91352560647
"GMST","raw",186,1.00041125882495,8747.50462383891
"GMST","raw",187,1.00065674884765,8221.090497569
"GMST","raw",188,1.00088929979199,8096.34916018891
"GMST","raw",189,1.00085574530144,8194.24515102881
"GMST","raw",190,1.0007870958872,8117.47920064222
"GMST","raw",191,1.00065548293556,8642.46851742663
"GMST","raw",192,1.00049240590942,8751.31714739541
"GMST","raw",193,1.00037858712677,9465.26207190484
"GMST","raw",194,1.00030462201778,9498.26906024333
"GMST","raw",195,1.00037521290163,8722.29696792919
"GMST","raw",196,1.00030478870238,8836.63588630472
"GMST","raw",197,1.00033389993655,7930.62129378424
"GMST","raw",198,1.0004981891,8249.60071598934
"GMST","raw",199,1.00038224717952,7948.09346490656
"GMST","raw",200,1.00036565214602,7036.44143883336
"GMST","raw",201,1.00043437738982,6553.02222662876
"GMST","raw",202,1.00058020833995,6222.32575787468
"GMST","raw",203,1.0005157991469,6123.00176117145
"GMST","raw",204,1.00031608052612,5460.1718083055
"GMST","raw",205,1.00063540348352,4703.90635115845
"GMST","raw",206,1.00073070348085,4205.96991983214
"GMST","raw",207,1.00087833508641,3881.0037853553
"GMST","raw",208,1.00092138436447,3542.98241976295
"GMST","raw",209,1.00092842419604,3390.0586680657
"GMST","raw",210,1.00072170313887,3297.11066023389
"GMST","raw",211,1.00078565498606,3178.19785233668
"GMST","raw",212,1.0007115025323,2961.46909402778
"GMST","raw",213,1.00048727564086,2984.33223057386
"GMST","raw",214,1.00035478726854,2840.63749164149
"GMST","raw",215,1.00049541264021,2623.48932657626
"GMST","raw",216,1.00054962897084,2496.41513768659
"GMST","raw",217,1.00076147925904,2602.95574907693
"GMST","raw",218,1.00094934468419,2683.95257832415
"GMST","raw",219,1.0006840459702,2842.62831044728
"GMST","raw",220,1.00064035095732,3060.63227336262
"GMST","raw",221,1.00055877369056,3173.26988953327
"GMST","raw",222,1.00078292525754,3408.84594399843
"GMST","raw",223,1.00079319199786,3595.31571024523
"GMST","raw",224,1.00082689140917,3620.65090105319
"GMST","raw",225,1.00124942154083,3529.66778550071
"GMST","raw",226,1.00152501390718,3687.39150575771
"GMST","raw",227,1.00128270404296,3763.42683972812
"GMST","raw",228,1.00113978370944,3837.67479400099
"GMST","raw",229,1.00117597641588,3643.8911579046
"GMST","raw",230,1.00132332850092,3567.7775034149
"GMST","raw",231,1.00113471696986,3523.06976819857
"GMST","raw",232,1.00118825381745,3325.65515201533
"GMST","raw",233,1.00119940291135,3084.97456084628
"GMST","raw",234,1.00123459123957,2870.09769208832
"GMST","raw",235,1.00159096816925,2719.40040262904
"GMST","raw",236,1.00181291842491,2597.62834980371
"GMST","raw",237,1.00166733796885,2824.74834993558
"GMST","raw",238,1.00144525056159,3248.65453138543
"GMST","raw",239,1.00138931633297,3704.00702677262
"GMST","raw",240,1.00152558602932,3997.20907225454
"GMST","raw",241,1.00126127315536,4441.30050128402
"GMST","raw",242,1.00151717411272,4595.66693401204
"GMST","raw",243,1.00163275817041,4294.24472158256
"GMST","raw",244,1.00177303253662,4234.9410585081
"GMST","raw",245,1.00186370967373,4522.91049424468
"GMST","raw",246,1.0018719904139,4464.72750632139
"GMST","raw",247,1.00213672299042,4351.67446270396
"GMST","raw",248,1.00226817673253,4240.42678466288
"GMST","raw",249,1.00238469418866,4077.96869949261
"GMST","raw",250,1.00239084826478,3951.54465139523
"GMST","raw",251,1.00183738830087,4047.22889779009
"GMST","raw",252,1.00219658531237,4225.81001170282
"GMST","raw",253,1.0022296504806,4383.82762114995
"GMST","raw",254,1.00228296985594,4199.9749025222
"GMST","raw",255,1.00242748364029,4010.99522669761
"GMST","raw",256,1.00218566967606,4026.99651676503
"GMST","raw",257,1.00221768838049,3933.63714570488
"GMST","raw",258,1.00231793999433,3809.07971316092
"GMST","raw",259,1.00239777728047,3777.34003262763
"GMST","raw",260,1.00230637615357,3570.52402551158
"GMST","raw",261,1.00232074921027,3414.17758716508
"GMST","raw",262,1.00230022176447,3431.19521219081
"GMST","raw",263,1.00221369518413,3490.37677505173
"GMST","raw",264,1.0016578704651,3666.50116773823
"GMST","raw",265,1.00171984199634,3812.19981821886
"GMST","raw",266,1.00127686569878,4062.94611090591
"GMST","raw",267,1.00129482924409,4277.17417727221
"GMST","raw",268,1.00096211570486,4350.98377898701
"GMST","raw",269,1.00065742931644,4591.41589194967
"GMST","raw",270,1.00065605214761,4668.2088928409
"GMST","raw",271,1.00069819250561,4829.09342956693
"GMST","raw",272,1.00050004784055,5137.67596263018
"GMST","raw",273,1.00054151064441,5216.8278649995
"GMST","raw",274,1.00080988122047,5313.24966657296
"GMST","raw",275,1.00090686101859,5353.30509456614
"GMST","raw",276,1.00102172252517,5033.86461427085
"GMST","raw",277,1.0010052806113,4974.62768204144
"GMST","raw",278,1.00117750526381,5003.08342518097
"GMST","raw",279,1.0013686831199,4578.36788901575
"GMST","raw",280,1.00169341133786,4274.37501110557
"GMST","raw",281,1.00205876139805,3954.68381846108
"GMST","raw",282,1.00193185202085,3726.71623886239
"GMST","raw",283,1.00218705917561,3405.98995201819
"GMST","raw",284,1.00286169383156,3023.35923841898
"GMST","raw",285,1.00316273290936,2546.93077500928
"GMST","raw",286,1.0038126901255,2461.83771301013
"GMST","raw",287,1.00431896031423,1954.54462148391
"GMST","raw",288,1.00541187404123,1518.66606751224
"GMST","raw",289,1.00503670702332,1463.59338881409
"GMST","raw",290,1.0055974532988,1332.83656903001
"GMST","raw",291,1.00553245985274,1397.70137967335
"GMST","raw",292,1.00618916904637,1429.73055319998
"GMST","raw",293,1.00607083594371,1536.14828077297
"GMST","raw",294,1.00608826519451,1743.25187145556
"GMST","raw",295,1.00546535975307,1850.42233199558
"GMST","raw",296,1.00518071188934,2024.91309611234
"GMST","raw",297,1.00500288706346,2341.28612077404
"GMST","raw",298,1.00506346918495,2437.77263677143
"GMST","raw",299,1.00425743397229,2630.5420388523
"GMST","raw",300,1.00399901504875,2793.23953073628
"GMST","raw",301,1.00396586539614,2891.31301794743
"GMST","raw",302,1.00400649547103,2841.94098129708
"GMST","raw",303,1.00425716132501,3208.90874124563
"GMST","raw",304,1.00437442514419,3530.76840725883
"GMST","raw",305,1.00397341568231,3685.4166688416
"GMST","raw",306,1.00340224914055,3789.40046046915
"GMST","raw",307,1.0033859731327,3797.46321417852
"GMST","raw",308,1.00317494130312,3977.71903506361
"GMST","raw",309,1.00303656701346,4147.24483214652
"GMST","raw",310,1.00270915193072,4556.67962726917
"GMST","raw",311,1.0019398018967,4477.84724026187
"GMST","raw",312,1.00179493632781,5362.33209760537
"GMST","raw",313,1.00150252752144,5523.44526251116
"GMST","raw",314,1.00137810065092,6328.14499556313
"GMST","raw",315,1.00081304616115,6762.04489309161
"GMST","raw",316,1.00053505679427,7294.91893922217
"GMST","raw",317,1.00065296296467,7631.94927574969
"GMST","raw",318,1.00059815824359,8231.38312995408
"GMST","raw",319,1.00030717750826,8513.18512335698
"GMST","raw",320,1.00019041776988,9027.13341666807
"GMST","raw",321,1.00024167431336,9081.25822817163
"GMST","raw",322,1.00034789216125,9368.97166666705
"GMST","raw",323,1.00027613745606,8765.55412388493
"GMST","raw",324,1.00010566758676,8339.91990923674
"GMST","raw",325,1.00026753449456,7373.11718551725
"GMST","raw",326,1.0002083913053,7096.76228004443
"GMST","raw",327,1.00040001721402,5998.81711772419
"GMST","raw",328,1.0002687104048,5664.01992658627
"GMST","raw",329,1.0003180757632,4692.56117335528
"GMST","raw",330,1.00049115034154,4357.13307988253
"GMST","raw",331,1.00041858518628,3516.81595526527
"GMST","raw",332,1.00069861966554,3084.99349598208
"GMST","raw",333,1.00094627310021,2553.47240750395
"GMST","raw",334,1.00150248957792,2080.40585935424
"GMST","raw",335,1.00193848131111,1712.26613953854
"GMST","raw",336,1.00222170768257,1333.65289003308
"GMST","raw",337,1.002695122245,1059.74828093911
"GMST","raw",338,1.00310712785798,888.301914094404
"GMST","raw",339,1.00358571404326,785.494986421021
"GMST","raw",340,1.00345685879477,927.474052301081
"GMST","raw",341,1.00312180825493,995.141659016598
"GMST","raw",342,1.00266202809194,1099.82757907103
"GMST","raw",343,1.00263946013353,1201.5882402672
"GMST","raw",344,1.00280763459102,1369.1149431044
"GMST","raw",345,1.00295155269659,1329.63734012556
"GMST","raw",346,1.00302897886032,1381.37127491153
"GMST","raw",347,1.00286056780323,1244.66552167935
"GMST","raw",348,1.00313797238921,1280.01474150988
"GMST","raw",349,1.002808419304,1262.54723915489
"GMST","raw",350,1.00302782292533,1166.64225703226
"GMST","raw",351,1.00285530565625,1104.18866968466
"GMST","raw",352,1.00281024684146,1037.26979967206
"GMST","raw",353,1.00304523666465,866.678440203577
"GMST","raw",354,1.00320961636405,858.401062971909
"GMST","raw",355,1.00339642265207,765.982351217969
"GMST","raw",356,1.00365092708493,695.506590639711
"GMST","raw",357,1.00438574308009,674.683807831927
"GMST","raw",358,1.00413250941153,679.734968163858
"GMST","raw",359,1.00390936106693,722.481666030021
"GMST","raw",360,1.00370310871035,845.436354758849
"GMST","raw",361,1.00338944796578,971.254147863038
"GMST","raw",362,1.00315912901607,1096.62177023219
"GMST","raw",363,1.00263675525136,1211.49811861118
"GMST","raw",364,1.00311368788223,1234.43960109164
"GMST","raw",365,1.00296588174771,1388.63560754577
"GMST","raw",366,1.00278810779808,1457.01299638306
"GMST","raw",367,1.00237101576555,1504.47878527512
"GMST","raw",368,1.00252339952125,1612.30630827778
"GMST","raw",369,1.00251658392757,1661.54743626123
"GMST","raw",370,1.00286078649925,1738.46452562296
"GMST","raw",371,1.00298613071251,1733.64197502704
"GMST","raw",372,1.00346216757442,1625.96273065809
"GMST","raw",373,1.00329320323138,1756.62994
"GMST","raw",374,1.00323876056765,1747.72470720999
"GMST","raw",375,1.00314269749891,1723.69156802293
"GMST","raw",376,1.0029266277071,1677.44326742903
"GMST","raw",377,1.00299702950859,1527.48592201381
"GMST","raw",378,1.00286025827774,1473.69952477788
"GMST","raw",379,1.00312342314613,1417.36879301805
"GMST","raw",380,1.00262650583185,1369.8869321908
"GMST","raw",381,1.00310085935559,1364.58224771281
"GMST","raw",382,1.0030798661781,1268.45093229026
"GMST","raw",383,1.00317339636911,1362.44091982651
"GMST","raw",384,1.00314259859571,1445.68678407818
"GMST","raw",385,1.00317084001494,1581.38551248327
"GMST","raw",386,1.00281036624957,1704.71752946396
"GMST","raw",387,1.00289156364582,1841.50245771233
"GMST","raw",388,1.00280929820071,2036.9469811574
"GMST","raw",389,1.00242541551864,2251.22269548883
"GMST","raw",390,1.00231821955573,2262.26403407485
"GMST","raw",391,1.00202038927712,2100.49283314701
"GMST","raw",392,1.00173282777852,2110.66353268411
"GMST","raw",393,1.00151119132197,2105.00453153721
"GMST","raw",394,1.00156528050087,2008.23952145619
"GMST","raw",395,1.00159897681156,2012.38669718277
"GMST","raw",396,1.00146482150161,1905.67092351812
"GMST","raw",397,1.00152986259879,1864.13657538295
"GMST","raw",398,1.00148124974878,1744.82994675288
"GMST","raw",399,1.00204811883704,1599.02187514459
"GMST","raw",400,1.00178796963173,1512.02621790257
"GMST","raw",401,1.00245675786504,1535.76991503783
"GMST","raw",402,1.00251107295828,1492.14083212535
"GMST","raw",403,1.00257738317252,1339.12904420138
"GMST","raw",404,1.00251230721259,1146.42536812155
"GMST","raw",405,1.00297262603975,1214.2390788574
"GMST","raw",406,1.00326410948763,1255.81866130836
"GMST","raw",407,1.00342330605221,1221.36774436681
"GMST","raw",408,1.00329372348882,1251.76103559693
"GMST","raw",409,1.00359201528223,1148.47401766946
"GMST","raw",410,1.00360606194471,1177.10545773864
"GMST","raw",411,1.00359922620814,1154.43653472194
"GMST","raw",412,1.00359229641744,1043.12979886074
"GMST","raw",413,1.00393259658009,1084.40611647639
"GMST","raw",414,1.00405626451479,1095.21388806611
"GMST","raw",415,1.00397346847846,1007.58757041269
"GMST","raw",416,1.00389775801012,1017.18813006843
"GMST","raw",417,1.00364165447578,997.128826736463
"GMST","raw",418,1.00358788227204,978.050088366831
"GMST","raw",419,1.00311019137683,980.819926212268
"GMST","raw",420,1.0026728834485,1058.77126528926
"GMST","raw",421,1.0030092899106,1130.79439075838
"GMST","raw",422,1.00306726210016,1171.98058761787
"GMST","raw",423,1.00230003694646,1182.81697485373
"GMST","raw",424,1.00204236917714,1269.20761157893
"GMST","raw",425,1.00203434631819,1292.75238749705
"GMST","raw",426,1.00195859250069,1184.49341279729
"GMST","raw",427,1.00158038068409,1325.96863192087
"GMST","raw",428,1.00156562189387,1391.431928334
"GMST","raw",429,1.0014932130246,1531.98403694312
"GMST","raw",430,1.00131486205362,1341.47545262748
"GMST","raw",431,1.00146540336792,1525.54304649853
"GMST","raw",432,1.00164929921007,1644.26742107764
"GMST","raw",433,1.00171012336121,1479.38883077194
"GMST","raw",434,1.00193501104214,1522.17884918845
"GMST","raw",435,1.00199996816963,1471.91307042802
"GMST","raw",436,1.00224493715256,1305.6280329361
"GMST","raw",437,1.00272021999031,1341.43979217912
"GMST","raw",438,1.0032377439953,1303.58532560384
"GMST","raw",439,1.00344567359831,1163.55599796258
"GMST","raw",440,1.00283277562579,1175.45898231935
"GMST","raw",441,1.00286689157602,1118.76935695255
"GMST","raw",442,1.00281110926032,1045.6546990104
"GMST","raw",443,1.00243641226346,992.382268523953
"GMST","raw",444,1.0026397165102,978.370365694109
"GMST","raw",445,1.00229048873901,1006.3565338
"GMST","raw",446,1.00221235176609,1023.37504586518
"GMST","raw",447,1.00258288142863,1082.83379164471
"GMST","raw",448,1.0025558448616,1092.39171100734
"GMST","raw",449,1.00220980985585,1033.18240192397
"GMST","raw",450,1.00220726779553,1185.7723239699
"GMST","raw",451,1.00193210836672,1235.72182857289
"GMST","raw",452,1.00170760965724,1345.02977570303
"GMST","raw",453,1.00189500121209,1460.21951124383
"GMST","raw",454,1.00164325499525,1543.2402827175
"GMST","raw",455,1.0018824553571,1694.69505679158
"GMST","raw",456,1.00187750052181,1742.97728930622
"GMST","raw",457,1.00168390803255,1880.57156881007
"GMST","raw",458,1.00134401612388,2098.25389080695
"GMST","raw",459,1.00150324443924,2143.52460152878
"GMST","raw",460,1.00180277781382,2160.53937944039
"GMST","raw",461,1.00168944722234,2213.53424887494
"GMST","raw",462,1.00148669884991,2238.23613693726
"GMST","raw",463,1.00154893929537,1963.80702901032
"GMST","raw",464,1.00139520604178,1910.30791208428
"GMST","raw",465,1.00144846563013,1810.51224099815
"GMST","raw",466,1.00158428410844,1571.49597983147
"GMST","raw",467,1.00190845462209,1703.84660177484
"GMST","raw",468,1.00242047506788,1823.43770067367
"GMST","raw",469,1.00244827928505,1976.39051134164
"GMST","raw",470,1.00261612834103,1910.73772312387
"GMST","raw",471,1.00283628342261,1970.65392136112
"GMST","raw",472,1.00225459536367,2291.37251827191
"GMST","raw",473,1.00216631635104,2715.49241810274
"GMST","raw",474,1.00149443318422,3309.14373933001
"GMST","raw",475,1.00094334367516,4094.37313715768
"GMST","raw",476,1.00059748901022,5062.54767587113
"GMST","raw",477,1.00052699642341,5256.974610106
"GMST","raw",478,1.00042931978314,5497.82583704874
"GMST","raw",479,1.00036327031716,5225.20991161228
"GMST","raw",480,1.000310522175,4764.29416598496
"GMST","raw",481,1.00035361709571,4786.88106500049
"GMST","raw",482,1.00073679764446,5039.14723052005
"GMST","raw",483,1.00060579754911,4849.32983321552
"GMST","raw",484,1.00058091445981,4402.4828419254
"GMST","raw",485,1.00104932223231,4542.11805742649
"GMST","raw",486,1.00063172439695,4819.33992002851
"GMST","raw",487,1.00033659318978,5047.46974253156
"GMST","raw",488,1.00040881045652,5455.72867037072
"GMST","raw",489,1.00028393539271,5142.48607474786
"GMST","raw",490,1.00045477483266,5506.87249895168
"GMST","raw",491,1.00065000775889,5604.2482066312
"GMST","raw",492,1.00068978718432,5526.49596898335
"GMST","raw",493,1.00062403352173,5531.75898879163
"GMST","raw",494,1.0004736156734,5458.70765311223
"GMST","raw",495,1.00041194369813,5416.41154982621
"GMST","raw",496,1.00058119823599,6381.31453924509
"GMST","raw",497,1.0005669196405,5954.65725739186
"GMST","raw",498,1.0007496542851,6487.7837562352
"GMST","raw",499,1.00093793171945,6670.84480880635
"GMST","raw",500,1.00078859224964,6890.71891360443
"GMST","raw",501,1.00059466268605,7760.15484303631
"GMST","raw",502,1.00049975789471,7058.66473850589
"GMST","raw",503,1.00036868896381,8218.82797793455
"GMST","raw",504,1.00014868212921,8043.10111428509
"GMST","raw",505,1.00019771753291,7500.30433027649
"GMST","raw",506,1.00029425479967,7087.84379224827
"GMST","raw",507,1.00028764449966,7475.59623338671
"GMST","raw",508,1.00029736481544,8332.10127552714
"GMST","raw",509,1.00050442496865,7816.72738735077
"GMST","raw",510,1.00027839455985,7806.39351623515
"GMST","raw",511,1.00032680426884,7319.06072806414
"GMST","raw",512,1.00028592541485,7622.43547326427
"GMST","raw",513,1.00047799816643,7333.82114264178
"GMST","raw",514,1.00042659190241,6350.608575647
"GMST","raw",515,1.00088635961908,5745.50056544309
"GMST","raw",516,1.00086554886093,6834.01589181019
"GMST","raw",517,1.00069828059179,6393.51830734751
"GMST","raw",518,1.00067181850737,5853.9915129016
"GMST","raw",519,1.00048715124031,5995.29433845935
"GMST","raw",520,1.00062787643282,6863.89667962156
"GMST","raw",521,1.00044658920406,7017.05462178482
"GMST","raw",522,1.00056263289486,6945.22483615209
"GMST","raw",523,1.00084782311465,6641.66190161131
"GMST","raw",524,1.0008451166768,6531.34292463806
"GMST","raw",525,1.00080144187751,5866.10832572087
"GMST","raw",526,1.00093870693955,5685.02706029553
"GMST","raw",527,1.00130543080929,5796.18977685133
"GMST","raw",528,1.00137621382646,5927.00905497612
"GMST","raw",529,1.00149243251612,6018.92186582632
"GMST","raw",530,1.00081982653976,6609.10858633086
"GMST","raw",531,1.00118539801762,6569.66691967101
"GMST","raw",532,1.00118092586312,6089.39700270223
"GMST","raw",533,1.00103925316242,5730.62277561294
"GMST","raw",534,1.00089065029806,4781.5933359257
"GMST","raw",535,1.00110976172938,3245.91114513644
"GMST","raw",536,1.00075483831659,3176.57382192746
"GMST","raw",537,1.00062503099902,2601.2919023269
"GMST","raw",538,1.00068171503765,2464.04904549716
"GMST","raw",539,1.0005867035834,2925.80592149304
"GMST","raw",540,1.00046373777618,3990.07077943595
"GMST","centered",1,1.05739956063148,1468.41669210336
"GMST","centered",2,1.06714773094512,1274.41197166218
"GMST","centered",3,1.07137788984613,1143.62960599186
"GMST","centered",4,1.07196188151588,1092.15445144894
"GMST","centered",5,1.06960414657898,1141.31573110356
"GMST","centered",6,1.06540224743926,926.99520963859
"GMST","centered",7,1.05936197912193,1033.68548465027
"GMST","centered",8,1.05359961833676,1018.06713623893
"GMST","centered",9,1.04948737520661,1028.08931223671
"GMST","centered",10,1.04585695897048,970.675036286371
"GMST","centered",11,1.04138526676975,964.537757107784
"GMST","centered",12,1.03810167429207,926.783885764632
"GMST","centered",13,1.03358934838419,996.967369654413
"GMST","centered",14,1.03005164966403,944.409903009495
"GMST","centered",15,1.02739570898866,915.003665316432
"GMST","centered",16,1.02473247003685,921.048702507354
"GMST","centered",17,1.02286052655001,946.04253719584
"GMST","centered",18,1.02118655255204,1013.28504317202
"GMST","centered",19,1.0184978208039,1072.71293110641
"GMST","centered",20,1.01740768368221,1026.70464421509
"GMST","centered",21,1.01656691791055,1140.90890338122
"GMST","centered",22,1.01534861298211,1248.43384175022
"GMST","centered",23,1.01380447861914,1323.75358991145
"GMST","centered",24,1.01268919580066,1417.28233206511
"GMST","centered",25,1.0119491397611,1571.21192276133
"GMST","centered",26,1.01103216562599,1639.35033987638
"GMST","centered",27,1.00944572765054,1804.38128979116
"GMST","centered",28,1.00864650225737,2005.14599132033
"GMST","centered",29,1.00800277955899,2111.04446025376
"GMST","centered",30,1.00716739672805,2130.02704835616
"GMST","centered",31,1.00663375590423,2324.46479798073
"GMST","centered",32,1.00619307714086,2445.46140857199
"GMST","centered",33,1.00547619851358,2552.74671482676
"GMST","centered",34,1.00523225828166,2436.03229684159
"GMST","centered",35,1.00439213574226,2754.26440524376
"GMST","centered",36,1.0043693085684,2727.639998184
"GMST","centered",37,1.00420657644528,2771.48572755454
"GMST","centered",38,1.00416395274342,3048.18707795262
"GMST","centered",39,1.00413718071046,3217.22893892704
"GMST","centered",40,1.00382705487203,3193.7732299305
"GMST","centered",41,1.00339818598315,3087.7620134578
"GMST","centered",42,1.00303513483256,2848.15930037882
"GMST","centered",43,1.00303613183979,2760.60947650044
"GMST","centered",44,1.00314668935235,2683.22097852607
"GMST","centered",45,1.00309504911756,2798.2468531957
"GMST","centered",46,1.00339945897592,2701.97207861946
"GMST","centered",47,1.00319431779758,2661.42163362354
"GMST","centered",48,1.0030548837864,2621.53774602608
"GMST","centered",49,1.00310094326971,2658.68868796562
"GMST","centered",50,1.00308801337625,2763.74428378286
"GMST","centered",51,1.0026315180519,2884.5915459777
"GMST","centered",52,1.00256602995176,2953.67443277832
"GMST","centered",53,1.00248428821275,3033.02419058938
"GMST","centered",54,1.00243513875807,3136.24321195207
"GMST","centered",55,1.00260964384108,3263.14671112985
"GMST","centered",56,1.00265245102164,3401.91183222316
"GMST","centered",57,1.0026980023765,3358.93135804148
"GMST","centered",58,1.00260185625548,3442.41764822494
"GMST","centered",59,1.00230776956317,3374.58307040072
"GMST","centered",60,1.00196791051036,3475.13969326108
"GMST","centered",61,1.00202671133841,3557.20333600785
"GMST","centered",62,1.00202411452477,3788.60852592907
"GMST","centered",63,1.0018831220214,3757.60511081396
"GMST","centered",64,1.00193700218473,3750.62242986319
"GMST","centered",65,1.0021412387778,3779.86544510683
"GMST","centered",66,1.00173184931475,3797.55841270513
"GMST","centered",67,1.00164976300755,3941.54131217213
"GMST","centered",68,1.00168789470299,3826.66010343048
"GMST","centered",69,1.00183461985677,3591.84354127803
"GMST","centered",70,1.00178214366568,3542.76628950628
"GMST","centered",71,1.00193908099524,3612.00783854712
"GMST","centered",72,1.00155819923424,3881.85180909901
"GMST","centered",73,1.0014475476836,3971.12020166052
"GMST","centered",74,1.00131718997227,4054.78625485892
"GMST","centered",75,1.00136672438271,4060.01821287149
"GMST","centered",76,1.00151108359562,4242.49903389292
"GMST","centered",77,1.00132880778559,4600.74309688338
"GMST","centered",78,1.00147271105592,4486.42915302145
"GMST","centered",79,1.00135366948141,4484.38053020682
"GMST","centered",80,1.00137672310653,4774.18453483702
"GMST","centered",81,1.00116895684066,4601.11229596925
"GMST","centered",82,1.00121396143497,4581.26225157357
"GMST","centered",83,1.00138645119323,4364.2868583564
"GMST","centered",84,1.00149416010486,4273.32753226226
"GMST","centered",85,1.00149708528682,4024.2419650218
"GMST","centered",86,1.00135739540947,3824.28627306772
"GMST","centered",87,1.00118206556732,3729.61437003546
"GMST","centered",88,1.00146855991218,3531.46041282706
"GMST","centered",89,1.00161055712216,3421.58159770752
"GMST","centered",90,1.00225511537723,2803.33999138507
"GMST","centered",91,1.00240804434614,2757.44572675624
"GMST","centered",92,1.00253058903952,2563.44253048742
"GMST","centered",93,1.00259136247404,2340.22171967605
"GMST","centered",94,1.00261699901845,2287.29728822163
"GMST","centered",95,1.00294644828405,2106.32242017319
"GMST","centered",96,1.00331222154561,1938.65081523591
"GMST","centered",97,1.00368670774761,1763.73392936268
"GMST","centered",98,1.00358278732237,1712.46875330266
"GMST","centered",99,1.00348001445498,1538.75273923825
"GMST","centered",100,1.0037431237056,1426.75461802942
"GMST","centered",101,1.003644600706,1414.97918824552
"GMST","centered",102,1.0036405182448,1283.93768423853
"GMST","centered",103,1.004130279011,1192.97694601834
"GMST","centered",104,1.00425925328155,1076.56623531485
"GMST","centered",105,1.00408152897237,953.724719039001
"GMST","centered",106,1.00366184395072,954.497607989149
"GMST","centered",107,1.00393744018135,887.612889507642
"GMST","centered",108,1.00388250557424,774.850687601265
"GMST","centered",109,1.00379309048954,806.118758771674
"GMST","centered",110,1.00404140054602,776.13456492163
"GMST","centered",111,1.00364346286113,802.35433733588
"GMST","centered",112,1.00389013845029,875.882535104684
"GMST","centered",113,1.00369151578763,929.203933136911
"GMST","centered",114,1.00339364992444,900.028391587084
"GMST","centered",115,1.00344155873388,1011.77816770137
"GMST","centered",116,1.00326849866746,1117.96709421095
"GMST","centered",117,1.00291738325467,1343.44138929168
"GMST","centered",118,1.00272847043294,1360.77031880726
"GMST","centered",119,1.00290688023641,1455.14321877526
"GMST","centered",120,1.00267768008683,1677.13433644135
"GMST","centered",121,1.00278023526969,2170.8106665885
"GMST","centered",122,1.00225028645178,2386.20036657714
"GMST","centered",123,1.0018890514163,2668.83466543377
"GMST","centered",124,1.00164632424935,2817.98061636933
"GMST","centered",125,1.00154546074105,3643.84010033724
"GMST","centered",126,1.00147251855384,3750.08698349972
"GMST","centered",127,1.00128664347482,4494.93084411333
"GMST","centered",128,1.0014385653803,4480.12423024919
"GMST","centered",129,1.00125314226751,5407.93708138259
"GMST","centered",130,1.00126773033188,6066.82072071089
"GMST","centered",131,1.00125494012101,6937.91505917376
"GMST","centered",132,1.00125870580552,6888.0595969653
"GMST","centered",133,1.00122579237873,7458.53187641935
"GMST","centered",134,1.00102809506998,8614.024156942
"GMST","centered",135,1.00100728127852,8929.76230525078
"GMST","centered",136,1.00089153009743,8830.76366381157
"GMST","centered",137,1.00091748040298,8483.11549045755
"GMST","centered",138,1.00070982356324,9057.09459054818
"GMST","centered",139,1.00070067979526,8589.65822002388
"GMST","centered",140,1.00061608978596,8539.2982165613
"GMST","centered",141,1.00051332147381,8721.87981034492
"GMST","centered",142,1.00050238217623,8385.80259128194
"GMST","centered",143,1.00054034749846,8222.83604585708
"GMST","centered",144,1.00069558521098,8648.29130760565
"GMST","centered",145,1.00070670679138,8147.88703279228
"GMST","centered",146,1.00085859795884,8132.17343365239
"GMST","centered",147,1.0009436248637,7767.11544779096
"GMST","centered",148,1.00118347641494,7834.02490393926
"GMST","centered",149,1.00145212616324,7109.84001998985
"GMST","centered",150,1.00146357645755,7060.3348769232
"GMST","centered",151,1.00125198785608,6031.30058058202
"GMST","centered",152,1.00145278340766,6004.43929283308
"GMST","centered",153,1.0016191391976,5610.6287294586
"GMST","centered",154,1.00219525927417,4916.97057291889
"GMST","centered",155,1.00258637450118,4308.80645500154
"GMST","centered",156,1.0029301776207,3957.41321399804
"GMST","centered",157,1.00281212482351,3513.79494504179
"GMST","centered",158,1.00265169844735,3541.32197806781
"GMST","centered",159,1.00304691905117,3210.26850119982
"GMST","centered",160,1.00310832108125,2875.81656634015
"GMST","centered",161,1.0039388357034,2929.84513219454
"GMST","centered",162,1.00405162418433,2761.66463073638
"GMST","centered",163,1.00437805675307,2687.92139757277
"GMST","centered",164,1.00435704979889,2833.69636898935
"GMST","centered",165,1.00391994060447,3042.76329989676
"GMST","centered",166,1.00358596227545,2984.25995346018
"GMST","centered",167,1.00322039329958,3160.03480564409
"GMST","centered",168,1.00291131240937,3384.04271921853
"GMST","centered",169,1.00204541574623,3601.21844881852
"GMST","centered",170,1.00185573623649,4060.31181551254
"GMST","centered",171,1.00164911832146,4357.98284666767
"GMST","centered",172,1.00098253068683,4539.69446483202
"GMST","centered",173,1.00092873815923,5031.77089703623
"GMST","centered",174,1.00072419484151,5831.61564019461
"GMST","centered",175,1.00053507866622,6543.18585765075
"GMST","centered",176,1.00041427538859,6589.08271767349
"GMST","centered",177,1.00032074767753,6752.26956499944
"GMST","centered",178,1.00034863867489,6870.92356471087
"GMST","centered",179,1.0003480852245,6950.22261593739
"GMST","centered",180,1.00050820657451,6836.04609527656
"GMST","centered",181,1.00063410415227,6482.05327390939
"GMST","centered",182,1.00048528468717,7194.00263995376
"GMST","centered",183,1.00033171927018,6776.00997252878
"GMST","centered",184,1.00049866583712,6485.088807061
"GMST","centered",185,1.00058851082281,6649.5750463661
"GMST","centered",186,1.00057538033045,6417.74724068371
"GMST","centered",187,1.00074992645212,6263.94335839068
"GMST","centered",188,1.00094401642349,6249.41768470019
"GMST","centered",189,1.00087863622841,6336.12029698752
"GMST","centered",190,1.00096097407675,6269.64953135894
"GMST","centered",191,1.00086553804873,6752.30874463464
"GMST","centered",192,1.00084065665711,7410.72491251035
"GMST","centered",193,1.00069111013422,7198.75678342932
"GMST","centered",194,1.00054370657526,7508.66438333949
"GMST","centered",195,1.00051804913046,7412.26801234589
"GMST","centered",196,1.00035802832539,6778.78629814621
"GMST","centered",197,1.00032413804622,6513.52348699044
"GMST","centered",198,1.00045750508352,7008.71742498186
"GMST","centered",199,1.00030084076035,6552.17153849952
"GMST","centered",200,1.00037612126583,6410.08520550423
"GMST","centered",201,1.00042948008088,5776.53173511412
"GMST","centered",202,1.0006896624756,5556.19093481059
"GMST","centered",203,1.00073037461716,5776.31568746625
"GMST","centered",204,1.00060813541503,5173.83164169044
"GMST","centered",205,1.00094749903338,4526.70208747529
"GMST","centered",206,1.00102685093465,3887.12168848501
"GMST","centered",207,1.00125514908613,3771.76826447187
"GMST","centered",208,1.0012984293799,3321.36218267611
"GMST","centered",209,1.00121103519238,3175.28823184968
"GMST","centered",210,1.00122926920136,3062.69914317506
"GMST","centered",211,1.00119636307291,2994.58336873589
"GMST","centered",212,1.00113027490488,2835.82166684696
"GMST","centered",213,1.00101284406903,2817.41487115249
"GMST","centered",214,1.0009836936131,2542.70656706809
"GMST","centered",215,1.00089957032066,2494.8374156041
"GMST","centered",216,1.00105573596783,2505.23678536041
"GMST","centered",217,1.00082739166843,2503.79900143356
"GMST","centered",218,1.00081559284292,2660.4392431452
"GMST","centered",219,1.00088193536194,2827.6343997507
"GMST","centered",220,1.00113402399217,2956.2151508994
"GMST","centered",221,1.00107546294991,3143.35431277524
"GMST","centered",222,1.00136746335117,3183.02184364397
"GMST","centered",223,1.00150656072877,3459.15789736211
"GMST","centered",224,1.00148469087571,3416.12956127631
"GMST","centered",225,1.00206656548856,3409.37620319738
"GMST","centered",226,1.00242739774295,3555.27098208021
"GMST","centered",227,1.00224624037628,3384.43063642461
"GMST","centered",228,1.00201998336399,3781.73894903335
"GMST","centered",229,1.00203908266899,3558.57039458056
"GMST","centered",230,1.00215904747292,3417.39142886283
"GMST","centered",231,1.00194428405478,3387.70811247309
"GMST","centered",232,1.00204875610533,3279.62715176769
"GMST","centered",233,1.00207098629877,2996.1967319628
"GMST","centered",234,1.00191878024815,2644.70611790768
"GMST","centered",235,1.00224185021815,2732.85912133267
"GMST","centered",236,1.00249935617928,2600.60402687868
"GMST","centered",237,1.0023893110605,2676.33690622003
"GMST","centered",238,1.00211029793399,3266.1654272896
"GMST","centered",239,1.00221686434106,3523.76573937692
"GMST","centered",240,1.00239682456046,3979.83198171055
"GMST","centered",241,1.00199473997494,3796.27327717994
"GMST","centered",242,1.002115491509,4167.40707287169
"GMST","centered",243,1.00212667353915,4178.04493716695
"GMST","centered",244,1.0021005327015,4127.77704487849
"GMST","centered",245,1.00211488731795,4296.64653668968
"GMST","centered",246,1.00213697571809,4309.04694867481
"GMST","centered",247,1.00230405000257,4148.55756801883
"GMST","centered",248,1.00259549584052,3849.75201998607
"GMST","centered",249,1.00242407919608,4142.14552432269
"GMST","centered",250,1.00243343575164,3890.52093631126
"GMST","centered",251,1.00185868054671,3995.47208383557
"GMST","centered",252,1.00218311165093,4221.04406812036
"GMST","centered",253,1.00210253237951,4387.74958301754
"GMST","centered",254,1.00209527746391,4218.95045571023
"GMST","centered",255,1.0021938687119,3921.98097555456
"GMST","centered",256,1.00208137728237,3837.06139719075
"GMST","centered",257,1.00201980848844,3774.30200714748
"GMST","centered",258,1.0020937737576,3749.88861713688
"GMST","centered",259,1.00228918512519,3694.15375170796
"GMST","centered",260,1.00232306279242,3555.75985404508
"GMST","centered",261,1.00235240979286,3380.48571755483
"GMST","centered",262,1.00238125474622,3478.44482247854
"GMST","centered",263,1.00225874944836,3489.93339712249
"GMST","centered",264,1.00156976027552,3658.38226338492
"GMST","centered",265,1.0015041459571,3800.86272050861
"GMST","centered",266,1.00122359844441,4045.89875023099
"GMST","centered",267,1.00122692435212,4241.58538378585
"GMST","centered",268,1.00089450248437,4298.90672991016
"GMST","centered",269,1.00071824134539,4537.16429901702
"GMST","centered",270,1.00071429880213,4564.2847003831
"GMST","centered",271,1.00071486399438,4680.79296048194
"GMST","centered",272,1.00069144880003,4953.45846063652
"GMST","centered",273,1.00070702567561,5115.19529674782
"GMST","centered",274,1.00078208699369,5189.59500622059
"GMST","centered",275,1.00087879744645,5398.38024426438
"GMST","centered",276,1.00087585621535,5212.305791007
"GMST","centered",277,1.00095263955617,4913.54697061224
"GMST","centered",278,1.00117684354447,4928.42757103153
"GMST","centered",279,1.00120504577801,4482.99539086937
"GMST","centered",280,1.00151590598065,4131.01364368627
"GMST","centered",281,1.00181294786033,3951.63136372131
"GMST","centered",282,1.00151980530376,3744.57096159904
"GMST","centered",283,1.00160832561082,3454.86074320812
"GMST","centered",284,1.0021665988773,2961.61412048681
"GMST","centered",285,1.0024066346616,2567.28188247039
"GMST","centered",286,1.00304383452189,2480.59972026513
"GMST","centered",287,1.00342293864945,1967.37433454643
"GMST","centered",288,1.00425843146709,1576.39743036791
"GMST","centered",289,1.0040089368077,1473.01816706656
"GMST","centered",290,1.0045608144797,1377.66471033871
"GMST","centered",291,1.0045103371722,1423.75021121183
"GMST","centered",292,1.00520355418686,1441.00865867408
"GMST","centered",293,1.00522009022682,1541.64931114089
"GMST","centered",294,1.00535211342112,1783.19863830588
"GMST","centered",295,1.00473754702417,1876.7260120444
"GMST","centered",296,1.00456298197175,2091.28833592686
"GMST","centered",297,1.00446055623581,2373.1405773101
"GMST","centered",298,1.00469649262815,2426.14244605497
"GMST","centered",299,1.00391726207487,2461.52045221613
"GMST","centered",300,1.00363152553802,2798.0922623092
"GMST","centered",301,1.00365454648705,2885.85807339237
"GMST","centered",302,1.00371898353044,2817.93558245264
"GMST","centered",303,1.00400567778909,2947.96064699619
"GMST","centered",304,1.00420501939919,3284.5088731428
"GMST","centered",305,1.00387268933208,3670.48562801742
"GMST","centered",306,1.00328646463538,3822.14188548318
"GMST","centered",307,1.00317234677771,3580.09540801859
"GMST","centered",308,1.00309812183121,3975.58224472773
"GMST","centered",309,1.00292319615852,4193.53621433921
"GMST","centered",310,1.00265056639396,4437.80114068985
"GMST","centered",311,1.00195924740984,4438.47809297649
"GMST","centered",312,1.00170306534274,4861.70845059569
"GMST","centered",313,1.00142162821396,5474.23842248487
"GMST","centered",314,1.00118667288141,6305.25087438638
"GMST","centered",315,1.00063630836798,6715.04600488325
"GMST","centered",316,1.00039537224904,7042.71108030427
"GMST","centered",317,1.00051523779039,7410.62064786518
"GMST","centered",318,1.00057767187992,7969.53991125296
"GMST","centered",319,1.00049329536618,7985.75211523098
"GMST","centered",320,1.00031685827116,8169.94236861778
"GMST","centered",321,1.000244013677,8645.36112536168
"GMST","centered",322,1.00021548687269,8681.05938005375
"GMST","centered",323,1.00019048586453,7562.48701919979
"GMST","centered",324,1.00015871232534,6981.6396463987
"GMST","centered",325,1.0002362133166,6864.2875941779
"GMST","centered",326,1.00018012518237,6695.95899724204
"GMST","centered",327,1.00018211084325,6016.13549710831
"GMST","centered",328,1.00013515818201,5716.50163540901
"GMST","centered",329,1.00030189839524,4644.53005516448
"GMST","centered",330,1.00039256629063,4244.71048126537
"GMST","centered",331,1.00039850620708,3830.33365551295
"GMST","centered",332,1.00064544035603,3121.51412552411
"GMST","centered",333,1.00090498917484,2670.4721576403
"GMST","centered",334,1.00142549105331,2185.05198497006
"GMST","centered",335,1.00178459566152,1802.29988791238
"GMST","centered",336,1.00222664456567,1383.48247144321
"GMST","centered",337,1.00270427566338,1114.75476016455
"GMST","centered",338,1.0031076114489,938.665747718072
"GMST","centered",339,1.0038576924235,847.679742523103
"GMST","centered",340,1.00374245298741,985.542384912139
"GMST","centered",341,1.00352261639092,1061.68216599145
"GMST","centered",342,1.00294344022355,1162.10155271742
"GMST","centered",343,1.00303150036692,1332.25259902535
"GMST","centered",344,1.00330094886494,1498.90167870069
"GMST","centered",345,1.00367763569413,1436.10133084227
"GMST","centered",346,1.00384737107805,1419.27751650271
"GMST","centered",347,1.00351627261881,1358.45589960367
"GMST","centered",348,1.00377107275226,1344.49575387279
"GMST","centered",349,1.00332891263084,1353.45934849381
"GMST","centered",350,1.0034996165009,1291.98128352999
"GMST","centered",351,1.00334982107093,1219.01212217707
"GMST","centered",352,1.0032401444896,1131.95796353161
"GMST","centered",353,1.00353608578937,949.051602989971
"GMST","centered",354,1.00371582979016,945.126382834419
"GMST","centered",355,1.00405806473222,840.797472413014
"GMST","centered",356,1.00437058359,753.739268955266
"GMST","centered",357,1.00503386615389,681.394057630165
"GMST","centered",358,1.00440905129103,705.580943234848
"GMST","centered",359,1.00408793781986,799.735233807246
"GMST","centered",360,1.00382701567244,934.845494385325
"GMST","centered",361,1.00351996924882,1055.06204603136
"GMST","centered",362,1.00332728215371,1214.53474045838
"GMST","centered",363,1.00257155411968,1319.90652283961
"GMST","centered",364,1.00302846458954,1389.61861782112
"GMST","centered",365,1.00287135643317,1534.35594042397
"GMST","centered",366,1.00257600162537,1618.09339912764
"GMST","centered",367,1.00210515184622,1583.59251051726
"GMST","centered",368,1.00211696332715,1726.17062332207
"GMST","centered",369,1.0019991275069,1771.9269443308
"GMST","centered",370,1.00232691275018,1812.93507236277
"GMST","centered",371,1.00239286008589,1834.07357738435
"GMST","centered",372,1.00270782033406,1724.96158909516
"GMST","centered",373,1.00250391304892,1866.23324037362
"GMST","centered",374,1.00234897298412,1920.96828577751
"GMST","centered",375,1.00218784895881,1844.42313016909
"GMST","centered",376,1.00197256371595,1790.23555987427
"GMST","centered",377,1.00187652780803,1669.36169837278
"GMST","centered",378,1.00160147866861,1626.49784065627
"GMST","centered",379,1.00189970547467,1517.16127790588
"GMST","centered",380,1.00159531985625,1474.73168254295
"GMST","centered",381,1.00195476325137,1459.72124021543
"GMST","centered",382,1.00206696375823,1345.75191136579
"GMST","centered",383,1.00216524052607,1524.56393347135
"GMST","centered",384,1.00221657165931,1551.67142921564
"GMST","centered",385,1.00223372570169,1764.83642896094
"GMST","centered",386,1.00188404747238,1895.4585890749
"GMST","centered",387,1.00190218491777,1970.10022463737
"GMST","centered",388,1.00177740132086,2187.69839036147
"GMST","centered",389,1.00149488394326,2347.44116370155
"GMST","centered",390,1.00135639658136,2509.02595344567
"GMST","centered",391,1.00120126214802,2279.061362332
"GMST","centered",392,1.00094836512872,2405.53124257163
"GMST","centered",393,1.00085474919878,2354.05628952717
"GMST","centered",394,1.00098612193806,2222.12803344123
"GMST","centered",395,1.00109948066165,2169.06385704904
"GMST","centered",396,1.00103092980634,2196.48757309198
"GMST","centered",397,1.00111203840788,2026.560683041
"GMST","centered",398,1.00107165957211,1944.98125461921
"GMST","centered",399,1.00162838654986,1823.88273693043
"GMST","centered",400,1.00150273110576,1702.82084553289
"GMST","centered",401,1.00222708765322,1651.4053064222
"GMST","centered",402,1.00243943328262,1650.46423804485
"GMST","centered",403,1.00257011901594,1447.01246274685
"GMST","centered",404,1.00263861780439,1293.61660594968
"GMST","centered",405,1.00307316201355,1274.44585350123
"GMST","centered",406,1.00350795001265,1344.3417819408
"GMST","centered",407,1.0037632306444,1346.08061707621
"GMST","centered",408,1.00361775204036,1348.81671361512
"GMST","centered",409,1.00407223596069,1241.75751139307
"GMST","centered",410,1.0042534676555,1251.82196859505
"GMST","centered",411,1.00444140487774,1248.43817797217
"GMST","centered",412,1.00453285822061,1133.90619145756
"GMST","centered",413,1.00499236538299,1183.75192228077
"GMST","centered",414,1.00522923575947,1161.39134973597
"GMST","centered",415,1.00512925590897,1063.36578037484
"GMST","centered",416,1.00500492639688,1082.69841566498
"GMST","centered",417,1.00465060724732,1125.98303687133
"GMST","centered",418,1.00456816570557,1059.41777267628
"GMST","centered",419,1.0038983931387,1067.92358066921
"GMST","centered",420,1.00345375444927,1214.04154385532
"GMST","centered",421,1.00384607778964,1214.13561678887
"GMST","centered",422,1.00391858932661,1283.40405190474
"GMST","centered",423,1.00301841321817,1400.88889032373
"GMST","centered",424,1.00274226903753,1492.83853866204
"GMST","centered",425,1.00278173955873,1487.34203102007
"GMST","centered",426,1.00255259798036,1375.76013713322
"GMST","centered",427,1.00212900075433,1407.16657545756
"GMST","centered",428,1.00210720309949,1569.79712272237
"GMST","centered",429,1.00206835904378,1652.46364100118
"GMST","centered",430,1.00198976171121,1542.94161169664
"GMST","centered",431,1.00211049403182,1750.33202138468
"GMST","centered",432,1.00222182620299,1817.72101662501
"GMST","centered",433,1.0022767853535,1711.94906265051
"GMST","centered",434,1.00253541891598,1689.05188208574
"GMST","centered",435,1.00271204300487,1578.36530631546
"GMST","centered",436,1.00299636868153,1580.41527770988
"GMST","centered",437,1.00363770864183,1420.62713499184
"GMST","centered",438,1.00428311227102,1355.71238347331
"GMST","centered",439,1.00449777376005,1249.10552942923
"GMST","centered",440,1.00378185601199,1268.19781943932
"GMST","centered",441,1.00388190616184,1208.18062684703
"GMST","centered",442,1.00385819173612,1153.84003333814
"GMST","centered",443,1.00336227383706,1072.28986163344
"GMST","centered",444,1.00363287986559,1046.22617957127
"GMST","centered",445,1.00317757117547,1081.07048415527
"GMST","centered",446,1.00322107732715,1125.26025650699
"GMST","centered",447,1.00365759659733,1188.6238393378
"GMST","centered",448,1.00367819576524,1199.58078277832
"GMST","centered",449,1.00339098139629,1214.15369573468
"GMST","centered",450,1.00343911528339,1282.19951868346
"GMST","centered",451,1.00320583387777,1362.25964612348
"GMST","centered",452,1.0030980821439,1469.82765941736
"GMST","centered",453,1.00338060104132,1613.43056580762
"GMST","centered",454,1.00311251352412,1773.64320285121
"GMST","centered",455,1.00337026581975,1850.17099999062
"GMST","centered",456,1.00352663907171,1987.85491164546
"GMST","centered",457,1.00334009161142,2108.44823310239
"GMST","centered",458,1.0030016147097,2384.51970087983
"GMST","centered",459,1.00329239021988,2363.49143570225
"GMST","centered",460,1.0038378877358,2252.05726496942
"GMST","centered",461,1.00374275215361,2351.58458015444
"GMST","centered",462,1.00345945228413,2334.31096550559
"GMST","centered",463,1.00358697229127,2074.56967356132
"GMST","centered",464,1.00320342702157,1938.82189140997
"GMST","centered",465,1.00321835582769,1817.96136960833
"GMST","centered",466,1.00346097758805,1711.41616754583
"GMST","centered",467,1.00381203692851,1721.96117277138
"GMST","centered",468,1.00457779604534,1882.14722728455
"GMST","centered",469,1.00462369419467,1816.42409694855
"GMST","centered",470,1.00500279287878,1826.80706400003
"GMST","centered",471,1.00526410843731,1896.43399533809
"GMST","centered",472,1.00417368435405,2238.77211080528
"GMST","centered",473,1.00407270878529,2669.14477903732
"GMST","centered",474,1.00324731288246,3038.56179436874
"GMST","centered",475,1.00254252098544,3532.80456130944
"GMST","centered",476,1.00196544198194,4048.99034098431
"GMST","centered",477,1.00206186606551,4124.85264357872
"GMST","centered",478,1.0020084098864,4366.97299158418
"GMST","centered",479,1.00166057893612,4395.93610878417
"GMST","centered",480,1.00160678019789,3833.22377452471
"GMST","centered",481,1.00155187943541,3567.0930324048
"GMST","centered",482,1.00203575060994,3677.39231270678
"GMST","centered",483,1.00199457530152,3664.7310163799
"GMST","centered",484,1.00192073929417,3583.60342927732
"GMST","centered",485,1.00260449435065,3615.3811362494
"GMST","centered",486,1.00231592220546,4083.62013750728
"GMST","centered",487,1.00174418946263,4140.8516871332
"GMST","centered",488,1.00193705060403,3956.06726335867
"GMST","centered",489,1.00172613338502,4015.92499399702
"GMST","centered",490,1.00207144571914,3872.40054804541
"GMST","centered",491,1.00238206877566,4321.6714775408
"GMST","centered",492,1.00246838215625,4338.31650672353
"GMST","centered",493,1.00231361501965,4113.89477098366
"GMST","centered",494,1.00210295390855,4170.84350374029
"GMST","centered",495,1.00191385180139,4122.71010156016
"GMST","centered",496,1.00208456393403,4363.30674359587
"GMST","centered",497,1.00216855881293,4042.9931819462
"GMST","centered",498,1.00245967899428,3881.93275441957
"GMST","centered",499,1.00261115035721,4264.6887167236
"GMST","centered",500,1.00237651258397,4301.69465083722
"GMST","centered",501,1.00237305321887,4711.39685950083
"GMST","centered",502,1.00216408207812,4214.30882484658
"GMST","centered",503,1.00200797430314,4845.77093374294
"GMST","centered",504,1.00159889769085,4262.92321116155
"GMST","centered",505,1.00150341774702,3872.4090350783
"GMST","centered",506,1.00160244914724,3917.55880823842
"GMST","centered",507,1.00185397228903,3897.93518365868
"GMST","centered",508,1.00185834048985,4130.8205629551
"GMST","centered",509,1.00219813482723,4207.61856520389
"GMST","centered",510,1.00166960834755,4086.01101803135
"GMST","centered",511,1.00194557663787,4004.75635076758
"GMST","centered",512,1.00171671254956,3884.64721054048
"GMST","centered",513,1.00216488325144,3988.95222688627
"GMST","centered",514,1.00178740426914,3689.55178702749
"GMST","centered",515,1.0025985252914,3453.47809779021
"GMST","centered",516,1.00208094927143,3999.8010012218
"GMST","centered",517,1.00217442197069,3669.98558554851
"GMST","centered",518,1.00195588737308,3270.93499736068
"GMST","centered",519,1.00176476673652,3636.83174624933
"GMST","centered",520,1.00205079790825,4098.59277011207
"GMST","centered",521,1.00155467370378,4075.45222575153
"GMST","centered",522,1.00190371164863,4536.47356560709
"GMST","centered",523,1.00195670326658,4184.28625483561
"GMST","centered",524,1.0020257818279,4395.3408793394
"GMST","centered",525,1.00172572574979,3867.56618947196
"GMST","centered",526,1.00171505611507,3770.19986513582
"GMST","centered",527,1.00215810585421,3684.92358533754
"GMST","centered",528,1.00205180335656,4084.51636058829
"GMST","centered",529,1.00274731721023,3753.02141483283
"GMST","centered",530,1.00209574833151,3983.98770538424
"GMST","centered",531,1.00245193841162,3744.8819410941
"GMST","centered",532,1.00270932810707,3303.31627729176
"GMST","centered",533,1.00228848214116,3481.87847951364
"GMST","centered",534,1.00227371471797,2898.08354065676
"GMST","centered",535,1.00254965160162,2350.08977581524
"GMST","centered",536,1.00164626328796,2411.74984543852
"GMST","centered",537,1.00180327358417,2078.28559343641
"GMST","centered",538,1.00167882682172,1956.30927064497
"GMST","centered",539,1.00117492628695,2382.45102003888
"GMST","centered",540,1.00063210586161,3075.42544946128
"GMST","first_difference",1,1.00113439254991,23885.0186258274
"GMST","first_difference",2,1.00022560528826,24000
"GMST","first_difference",3,0.999996211492741,23458.5555036015
"GMST","first_difference",4,1.00034402001895,22287.026315268
"GMST","first_difference",5,1.0008577531947,21530.0577478688
"GMST","first_difference",6,1.00112416481154,21177.0780708585
"GMST","first_difference",7,1.00117587354556,20682.9611296262
"GMST","first_difference",8,1.00071052160297,18900.3628263542
"GMST","first_difference",9,1.00070402034344,19568.6920160052
"GMST","first_difference",10,1.00099119029093,16835.6466660541
"GMST","first_difference",11,1.0004271513073,16362.2398265816
"GMST","first_difference",12,1.00115806393261,17973.8740152086
"GMST","first_difference",13,1.00060259238397,17065.8655142537
"GMST","first_difference",14,1.00029673655781,17263.5643907384
"GMST","first_difference",15,1.00068307810718,18883.8700974077
"GMST","first_difference",16,1.00042960245359,17367.8364954417
"GMST","first_difference",17,1.0002610161959,18753.2549325536
"GMST","first_difference",18,1.00059142237771,18377.7204685427
"GMST","first_difference",19,1.00033142193797,20143.8217422234
"GMST","first_difference",20,1.00030358415594,19148.07104809
"GMST","first_difference",21,1.00014143700772,20654.1937464135
"GMST","first_difference",22,1.00014364000064,20956.3438314085
"GMST","first_difference",23,1.00042718844114,22324.9795917861
"GMST","first_difference",24,1.00005563251188,20052.8949322113
"GMST","first_difference",25,1.00009111802869,22380.635841594
"GMST","first_difference",26,1.00023391440271,21484.5069039004
"GMST","first_difference",27,0.999999038762075,22032.2643362656
"GMST","first_difference",28,1.0004655093524,21687.5887844367
"GMST","first_difference",29,1.00009044672623,21674.1115387829
"GMST","first_difference",30,1.000036760557,22826.6344245047
"GMST","first_difference",31,1.00013285965076,23756.3502101239
"GMST","first_difference",32,1.00033273158841,23075.8038475787
"GMST","first_difference",33,1.00013157453709,23325.0901244789
"GMST","first_difference",34,1.00030833320879,21629.7768639856
"GMST","first_difference",35,1.00014284270318,21580.1563519799
"GMST","first_difference",36,1.00010323621611,23341.2573510598
"GMST","first_difference",37,1.00020682949519,23058.8268398677
"GMST","first_difference",38,1.00005686113602,22907.3667308765
"GMST","first_difference",39,1.0000872589748,21396.859827821
"GMST","first_difference",40,1.00006114337705,22269.2564986073
"GMST","first_difference",41,1.00002920173891,23396.8067752579
"GMST","first_difference",42,1.00017945302654,22636.6510730492
"GMST","first_difference",43,1.00017384420746,22153.2649354703
"GMST","first_difference",44,0.999966518921657,22904.0870607637
"GMST","first_difference",45,0.999999490482185,22958.064565334
"GMST","first_difference",46,0.999986840269785,22984.2482356185
"GMST","first_difference",47,1.00007827306384,22305.7964429575
"GMST","first_difference",48,0.999877806307736,22519.0179501999
"GMST","first_difference",49,1.00020018515932,22947.1497741972
"GMST","first_difference",50,1.00004141409142,23125.6260729232
"GMST","first_difference",51,0.999945527762759,22741.7390345144
"GMST","first_difference",52,0.999915992889185,23029.3726098737
"GMST","first_difference",53,1.00002116709592,22749.1778435905
"GMST","first_difference",54,0.999895748285807,22724.0159118039
"GMST","first_difference",55,1.00006688625171,23651.3989202418
"GMST","first_difference",56,0.999983325996754,22412.7321508782
"GMST","first_difference",57,1.00008650512324,22324.6540570394
"GMST","first_difference",58,1.00030264762136,22059.9865235862
"GMST","first_difference",59,1.00009885563856,22534.5322188396
"GMST","first_difference",60,1.00000660945028,24000
"GMST","first_difference",61,1.00000742484053,23192.7171126062
"GMST","first_difference",62,0.999988274755828,23099.0278660272
"GMST","first_difference",63,1.00017002736666,22851.1847315114
"GMST","first_difference",64,1.00013317497682,23825.8708309522
"GMST","first_difference",65,1.00004219510968,23173.6319740157
"GMST","first_difference",66,1.0000384907233,23525.1737734294
"GMST","first_difference",67,1.00019479663946,24000
"GMST","first_difference",68,1.00009857053483,24000
"GMST","first_difference",69,1.00002718095995,22541.6846679576
"GMST","first_difference",70,0.999980217558088,23601.7309064326
"GMST","first_difference",71,1.00014008127937,22943.7960960867
"GMST","first_difference",72,1.00004885877949,22807.0010868044
"GMST","first_difference",73,1.00001521915029,23638.124154918
"GMST","first_difference",74,1.00000618554291,22867.0186971628
"GMST","first_difference",75,0.99990652836288,21973.9293993584
"GMST","first_difference",76,1.00001130162756,23207.6742141893
"GMST","first_difference",77,1.00007278055777,22484.7239020732
"GMST","first_difference",78,1.00013446560812,22741.3384592956
"GMST","first_difference",79,0.999989246503742,21929.3908720746
"GMST","first_difference",80,0.999969225837558,22247.0319210479
"GMST","first_difference",81,0.999907375713217,22701.9517711455
"GMST","first_difference",82,1.00012419511169,23564.3076896502
"GMST","first_difference",83,1.00012553662147,23510.8572104371
"GMST","first_difference",84,1.00005871204093,22744.0035432038
"GMST","first_difference",85,1.00009912736901,22804.8405468813
"GMST","first_difference",86,1.00002598940186,22783.5092033228
"GMST","first_difference",87,1.0001951533131,22330.2780876772
"GMST","first_difference",88,1.00003113588173,23553.1589466219
"GMST","first_difference",89,1.00053484537992,23180.9686000674
"GMST","first_difference",90,1.00006938937391,22834.6228837192
"GMST","first_difference",91,1.00009477499864,21687.9417761223
"GMST","first_difference",92,1.00003888479598,19909.5497614567
"GMST","first_difference",93,0.999966560465953,21138.9857795126
"GMST","first_difference",94,0.999994890015558,21853.6328403554
"GMST","first_difference",95,1.00007276115556,21226.4855500205
"GMST","first_difference",96,1.00031777203145,21084.1995436511
"GMST","first_difference",97,1.00013541534532,21560.2543390361
"GMST","first_difference",98,1.00000983454313,20810.1081382185
"GMST","first_difference",99,1.0001826204876,21105.7196860695
"GMST","first_difference",100,0.999913605579806,22193.1610259524
"GMST","first_difference",101,0.999936089879039,19633.1920859144
"GMST","first_difference",102,1.00002441385684,20822.3790975693
"GMST","first_difference",103,1.00014931761495,19009.0019959337
"GMST","first_difference",104,1.0000926765344,17364.5838162395
"GMST","first_difference",105,1.00000087936935,16652.2981214478
"GMST","first_difference",106,0.999968320389608,17548.9709060718
"GMST","first_difference",107,0.999966321320615,16966.9460485449
"GMST","first_difference",108,1.00033963963382,16866.1637702462
"GMST","first_difference",109,1.000030188792,16717.486472883
"GMST","first_difference",110,1.00002580341938,16838.8530532021
"GMST","first_difference",111,1.00012007835952,15473.4035594695
"GMST","first_difference",112,1.00016846135998,16903.8175707
"GMST","first_difference",113,1.00015809014756,18967.8890736557
"GMST","first_difference",114,1.00006356312742,17228.7283524981
"GMST","first_difference",115,1.00001589365735,19780.4177928477
"GMST","first_difference",116,1.00027266053873,20884.3836538194
"GMST","first_difference",117,0.999991358304394,20776.5867490964
"GMST","first_difference",118,1.00000836525895,20527.6396592274
"GMST","first_difference",119,1.00007988627602,18315.5627856036
"GMST","first_difference",120,1.0000238571553,20583.3258669911
"GMST","first_difference",121,1.00012731969407,21752.5884555669
"GMST","first_difference",122,1.00011484807074,21922.482905843
"GMST","first_difference",123,1.00004280338081,22861.3055508142
"GMST","first_difference",124,1.00009653549939,23479.0079866625
"GMST","first_difference",125,1.00011542226165,21019.6070832542
"GMST","first_difference",126,1.00016051323927,23661.6956325576
"GMST","first_difference",127,1.0000351680329,23532.4634914823
"GMST","first_difference",128,1.00007349633359,22930.4818943749
"GMST","first_difference",129,0.999986829982153,23555.0216221324
"GMST","first_difference",130,0.999926929342933,24138.7748372904
"GMST","first_difference",131,1.00015676074033,25022.0149087213
"GMST","first_difference",132,0.99995915688222,23338.3727169234
"GMST","first_difference",133,1.00000307617376,23099.4306440226
"GMST","first_difference",134,0.999951405276804,23328.9025920124
"GMST","first_difference",135,1.00004740011229,24000
"GMST","first_difference",136,1.00007942162087,24000
"GMST","first_difference",137,1.0000659381843,23745.953583564
"GMST","first_difference",138,1.00002259942326,23531.0034880422
"GMST","first_difference",139,1.00015140050843,23502.4133686243
"GMST","first_difference",140,1.00006982068153,23941.1035668583
"GMST","first_difference",141,1.00000977273532,24000
"GMST","first_difference",142,0.999918822625033,23532.511656172
"GMST","first_difference",143,1.00013595871942,23906.9944160689
"GMST","first_difference",144,0.999968355297999,24000
"GMST","first_difference",145,1.00006065540651,23780.2767912163
"GMST","first_difference",146,1.00001293910943,23140.8159015492
"GMST","first_difference",147,1.00010662229448,21968.5694979042
"GMST","first_difference",148,1.00005439174535,23086.9805347353
"GMST","first_difference",149,1.00014838326734,22398.054299132
"GMST","first_difference",150,1.0001621761236,22262.7968604816
"GMST","first_difference",151,1.00008566016773,23633.2421596517
"GMST","first_difference",152,0.99994152563793,23904.2531106636
"GMST","first_difference",153,1.00014494903367,23369.4717064404
"GMST","first_difference",154,0.999952763946918,22630.7661943943
"GMST","first_difference",155,1.0000184503044,21413.0089730979
"GMST","first_difference",156,1.00000315230519,23016.1049293851
"GMST","first_difference",157,1.00004078703326,22261.4078755143
"GMST","first_difference",158,1.00017004231206,22158.2571418737
"GMST","first_difference",159,1.00001059479585,21401.1609081495
"GMST","first_difference",160,1.00029334228798,21152.9844474402
"GMST","first_difference",161,1.00003368696538,21048.1631060146
"GMST","first_difference",162,0.999941406805177,20783.4519900917
"GMST","first_difference",163,0.999992529860732,22106.9828309614
"GMST","first_difference",164,1.00015973861348,20415.7741436048
"GMST","first_difference",165,1.00004795165011,21575.7857817437
"GMST","first_difference",166,1.00006900807274,21487.0266235762
"GMST","first_difference",167,0.999985574178751,21998.9015484004
"GMST","first_difference",168,1.00026246299775,23375.820401189
"GMST","first_difference",169,0.999984609486934,22945.9499378393
"GMST","first_difference",170,1.00007502912104,22783.2052400693
"GMST","first_difference",171,1.00021336060697,21747.6928558689
"GMST","first_difference",172,1.00011173024871,22973.6013561725
"GMST","first_difference",173,1.00009957586328,22375.7192552869
"GMST","first_difference",174,0.999956076788846,23652.6546111402
"GMST","first_difference",175,1.00004901652415,23450.9157694592
"GMST","first_difference",176,1.00001300926815,22783.4162639443
"GMST","first_difference",177,1.0001025278878,23735.5425697121
"GMST","first_difference",178,0.999954785466421,23446.7184110346
"GMST","first_difference",179,0.999942181536935,23361.902804906
"GMST","first_difference",180,1.00005346861754,23042.0229163583
"GMST","first_difference",181,1.00013184716705,23393.8150684603
"GMST","first_difference",182,0.999968181738926,23852.881502773
"GMST","first_difference",183,0.999926587006995,22369.7029631076
"GMST","first_difference",184,0.999910511298633,23461.5878318054
"GMST","first_difference",185,1.0000205139951,23029.8621246716
"GMST","first_difference",186,1.00009472217984,23164.4803928553
"GMST","first_difference",187,0.999956380692664,23969.6639910184
"GMST","first_difference",188,0.999953546836265,23125.1353113227
"GMST","first_difference",189,1.00010027813239,23970.9740264411
"GMST","first_difference",190,1.00009566585662,23215.2966752102
"GMST","first_difference",191,0.999974775207197,23768.6322167682
"GMST","first_difference",192,1.00024920325726,22535.1014442793
"GMST","first_difference",193,1.00008477346476,23555.448543023
"GMST","first_difference",194,1.00016917865145,22877.902889442
"GMST","first_difference",195,1.00016935390016,23754.5988260504
"GMST","first_difference",196,0.999993499643206,23854.6981972719
"GMST","first_difference",197,1.00007689064963,23241.8902537209
"GMST","first_difference",198,1.0000228030943,22667.7702844799
"GMST","first_difference",199,0.999943796296782,23626.3449179909
"GMST","first_difference",200,1.00030382481798,23330.1437647489
"GMST","first_difference",201,1.00006618809654,23089.9725424867
"GMST","first_difference",202,0.999919293088597,24496.5001764811
"GMST","first_difference",203,0.999978824676217,24000
"GMST","first_difference",204,1.00002493617848,23554.4674028979
"GMST","first_difference",205,1.00002162124298,22677.613637164
"GMST","first_difference",206,1.00003006901021,24000
"GMST","first_difference",207,1.00000161799981,22685.0761762141
"GMST","first_difference",208,1.00002504923794,23464.4567188963
"GMST","first_difference",209,1.00008280729285,20688.0523180756
"GMST","first_difference",210,1.00025720809324,22043.7904116246
"GMST","first_difference",211,1.00000193587462,20455.1952610724
"GMST","first_difference",212,1.00004072697148,21910.4567067985
"GMST","first_difference",213,1.00000303579366,20977.136800805
"GMST","first_difference",214,1.00011777339698,20939.1276483137
"GMST","first_difference",215,1.00015008030425,21330.79311299
"GMST","first_difference",216,1.00007283724946,21827.4522703252
"GMST","first_difference",217,1.0002830845825,21212.1043748779
"GMST","first_difference",218,1.00016473285474,21972.3778157048
"GMST","first_difference",219,1.00014464288901,22541.8189653178
"GMST","first_difference",220,0.999961695576544,20396.7172884449
"GMST","first_difference",221,0.999968452536015,21256.2637703332
"GMST","first_difference",222,0.999983122333697,22716.8134695668
"GMST","first_difference",223,1.00023362585007,21763.6611673568
"GMST","first_difference",224,1.00011626349977,23251.6605747449
"GMST","first_difference",225,1.00005524567675,22199.830576218
"GMST","first_difference",226,0.999989670124099,22957.9070389209
"GMST","first_difference",227,1.00001131361147,20597.2219121629
"GMST","first_difference",228,0.999990034896182,21446.6083233499
"GMST","first_difference",229,1.00002472248498,22093.7603910976
"GMST","first_difference",230,1.00005533948998,20726.4993429498
"GMST","first_difference",231,1.00013246069302,21480.7719763928
"GMST","first_difference",232,0.999978829863462,21690.4483825543
"GMST","first_difference",233,1.00008820066968,21071.7809421202
"GMST","first_difference",234,1.00009230210028,21157.489484939
"GMST","first_difference",235,0.999927968678558,22260.6523500651
"GMST","first_difference",236,1.0002070677686,20030.5817939413
"GMST","first_difference",237,1.00001563947721,20229.03338725
"GMST","first_difference",238,1.0000908969781,20766.4710585309
"GMST","first_difference",239,1.00027221713235,21234.4175989872
"GMST","first_difference",240,1.00018374990116,22828.7419978507
"GMST","first_difference",241,1.00001971628234,21943.0456526162
"GMST","first_difference",242,0.999968460377324,22260.4678825697
"GMST","first_difference",243,1.00004830644665,22522.1411905295
"GMST","first_difference",244,0.999945809715452,21444.6822246642
"GMST","first_difference",245,1.00000121193652,22815.1664151019
"GMST","first_difference",246,0.999990805661048,22873.1303595805
"GMST","first_difference",247,1.0000535833937,23488.962942673
"GMST","first_difference",248,1.00029604298127,23578.5034561401
"GMST","first_difference",249,0.999910112372987,23317.5402578747
"GMST","first_difference",250,1.00019774951728,21362.4045894435
"GMST","first_difference",251,1.0000823401838,23538.6652622731
"GMST","first_difference",252,1.00009107972141,22769.8011013294
"GMST","first_difference",253,0.999931274734641,22815.8493530176
"GMST","first_difference",254,0.999947610636169,21588.9716964476
"GMST","first_difference",255,0.999976394350894,22371.096459261
"GMST","first_difference",256,0.999964019088609,22298.339466588
"GMST","first_difference",257,1.00022924191018,22282.294129631
"GMST","first_difference",258,1.00014966124829,22839.0416430505
"GMST","first_difference",259,1.00006707558451,21971.3753287381
"GMST","first_difference",260,1.0000317171474,22628.8422592798
"GMST","first_difference",261,0.99990481300031,21947.4988821652
"GMST","first_difference",262,0.999942025594046,22760.4334888353
"GMST","first_difference",263,1.00019945607207,22441.6662837696
"GMST","first_difference",264,0.999990966511187,22449.2029427519
"GMST","first_difference",265,1.00024855822315,22152.3260598521
"GMST","first_difference",266,0.999979076505108,22894.0660055207
"GMST","first_difference",267,1.0000451152904,23688.8577468492
"GMST","first_difference",268,1.00034508739614,23007.9458934917
"GMST","first_difference",269,0.999901021510955,22970.3027603037
"GMST","first_difference",270,1.00004218052671,22471.8313676285
"GMST","first_difference",271,1.00001946095729,22759.8975648286
"GMST","first_difference",272,0.9999749757109,22153.4234420141
"GMST","first_difference",273,1.00012333286318,23396.0159385146
"GMST","first_difference",274,1.00030204619592,23225.1182548833
"GMST","first_difference",275,0.999978956866036,22623.8263938332
"GMST","first_difference",276,1.00000430275132,21665.0327255314
"GMST","first_difference",277,0.999959333763608,22145.9176582458
"GMST","first_difference",278,1.00016462693182,23942.23694973
"GMST","first_difference",279,0.999954964851363,21594.3004093021
"GMST","first_difference",280,1.00001012374544,21824.9219392731
"GMST","first_difference",281,1.00012446207036,22521.1931257519
"GMST","first_difference",282,0.999995398730216,22716.1459222545
"GMST","first_difference",283,0.999982086796194,21291.5205170862
"GMST","first_difference",284,1.0000350490844,20737.4818294524
"GMST","first_difference",285,1.00003759246516,21576.6268475484
"GMST","first_difference",286,1.00014221576892,16168.1842196913
"GMST","first_difference",287,1.00025717582946,16262.6812669226
"GMST","first_difference",288,1.0000037152158,18914.1452975453
"GMST","first_difference",289,1.00031536232143,17813.5647602323
"GMST","first_difference",290,1.00002684331543,17462.6203625008
"GMST","first_difference",291,1.00016153949652,17241.1977979028
"GMST","first_difference",292,1.00030328597235,21034.2957108102
"GMST","first_difference",293,1.00009846205845,20857.1259548158
"GMST","first_difference",294,1.00018138299628,19525.4271560586
"GMST","first_difference",295,0.999938485416217,22950.217038869
"GMST","first_difference",296,1.00016833919224,21372.0797967742
"GMST","first_difference",297,1.00007249316172,23039.165884699
"GMST","first_difference",298,1.00011866837549,21196.4440823983
"GMST","first_difference",299,1.00009456420938,21903.1361356723
"GMST","first_difference",300,0.999937576185541,22907.6684996316
"GMST","first_difference",301,1.00004610553244,22694.3403683982
"GMST","first_difference",302,1.00009265169752,23405.8543010343
"GMST","first_difference",303,1.00013119276525,20653.4868788099
"GMST","first_difference",304,1.00000180394931,23018.2596965015
"GMST","first_difference",305,1.00032176018946,21077.7835716797
"GMST","first_difference",306,1.00001898121706,23458.133887033
"GMST","first_difference",307,1.00008964325513,22486.9313377158
"GMST","first_difference",308,1.00030170436884,24000
"GMST","first_difference",309,1.00003935868818,22840.2698235911
"GMST","first_difference",310,1.00028072434738,23165.3951573332
"GMST","first_difference",311,1.00013899508664,21817.0324223412
"GMST","first_difference",312,1.00011347870018,23247.790112521
"GMST","first_difference",313,0.999994139016201,23361.3117687612
"GMST","first_difference",314,1.00036712560078,23352.0543353273
"GMST","first_difference",315,1.00011691885739,23390.6090044995
"GMST","first_difference",316,1.00002769186265,22153.2912710747
"GMST","first_difference",317,0.99995744958735,23772.1977541477
"GMST","first_difference",318,1.00014459065998,23026.7314064687
"GMST","first_difference",319,1.00000772697506,23806.1066847781
"GMST","first_difference",320,1.0000774232169,22517.3462258703
"GMST","first_difference",321,1.00003061879937,22816.8100755948
"GMST","first_difference",322,0.999975910257103,24785.6279658169
"GMST","first_difference",323,1.00009702049222,24000
"GMST","first_difference",324,0.99997521995087,24000
"GMST","first_difference",325,1.00015615796829,21906.5000208619
"GMST","first_difference",326,1.00003828074046,23575.4678158506
"GMST","first_difference",327,1.00002602748426,22667.0010686122
"GMST","first_difference",328,1.00000352245093,24000
"GMST","first_difference",329,1.00010189262282,23411.9322992788
"GMST","first_difference",330,1.00001581168125,23768.5716320362
"GMST","first_difference",331,1.00000896490938,21944.9556289828
"GMST","first_difference",332,1.00001799042588,22149.2204448755
"GMST","first_difference",333,1.00020696698252,20494.3848482812
"GMST","first_difference",334,1.00005942298726,18203.5431024141
"GMST","first_difference",335,1.00006398495538,17405.2775565788
"GMST","first_difference",336,1.00004801465774,17882.0320923611
"GMST","first_difference",337,1.00009805910053,15275.8091054072
"GMST","first_difference",338,1.00022410267294,14970.1231653674
"GMST","first_difference",339,1.00005719254005,13855.0990433772
"GMST","first_difference",340,1.00001663413233,14371.1260665135
"GMST","first_difference",341,1.00018750033797,16171.0842930987
"GMST","first_difference",342,1.00001166453915,17229.1243018561
"GMST","first_difference",343,1.00016351254747,14965.6073775274
"GMST","first_difference",344,1.0001324777015,16609.2800446862
"GMST","first_difference",345,1.00008895547088,18182.3245859111
"GMST","first_difference",346,1.0000664929615,17368.0687365649
"GMST","first_difference",347,1.00005502439068,18208.8335327856
"GMST","first_difference",348,1.00000401336151,17450.4063843413
"GMST","first_difference",349,1.00003445269892,15444.8407620771
"GMST","first_difference",350,1.0000832687053,17804.815737068
"GMST","first_difference",351,1.00020162957649,15154.5448753622
"GMST","first_difference",352,0.999971816614306,15109.7569826306
"GMST","first_difference",353,1.00008822516606,14214.5185961277
"GMST","first_difference",354,1.00011709269039,13285.1978703593
"GMST","first_difference",355,1.000129769467,14769.2846936153
"GMST","first_difference",356,1.00019835493289,13501.5488235743
"GMST","first_difference",357,1.00045495823808,13683.1867947421
"GMST","first_difference",358,1.00006331115879,13052.093147284
"GMST","first_difference",359,1.00006842019533,11855.9364366215
"GMST","first_difference",360,1.00004974536251,15967.322039162
"GMST","first_difference",361,0.999955004763011,14957.6814208115
"GMST","first_difference",362,1.00027397703773,15574.7728417676
"GMST","first_difference",363,1.00008623787583,18027.6127053767
"GMST","first_difference",364,1.00006813954238,19240.8338043341
"GMST","first_difference",365,1.0000895449412,19039.6834959066
"GMST","first_difference",366,1.00030891379296,19809.0737664836
"GMST","first_difference",367,1.0001091164091,20554.3614597449
"GMST","first_difference",368,1.00001640677832,20193.7648695589
"GMST","first_difference",369,0.99997549009276,20603.0068491998
"GMST","first_difference",370,1.00006188028793,19830.451932376
"GMST","first_difference",371,1.00011029087801,19675.5118577892
"GMST","first_difference",372,0.999983424799091,19632.499307376
"GMST","first_difference",373,0.999984836617146,18022.7042178152
"GMST","first_difference",374,0.999943349544494,20519.2519762629
"GMST","first_difference",375,1.00016735051792,18202.2540514087
"GMST","first_difference",376,1.00003310517267,16712.4046939499
"GMST","first_difference",377,1.00014792100995,19170.4317739195
"GMST","first_difference",378,1.00026156782947,19398.9673061166
"GMST","first_difference",379,1.00030757815168,17197.3793104666
"GMST","first_difference",380,1.00027284071348,16490.5242845855
"GMST","first_difference",381,1.00042974379079,17011.7280439259
"GMST","first_difference",382,1.00006223361647,17970.4828812574
"GMST","first_difference",383,1.00010143113622,17879.6126684809
"GMST","first_difference",384,1.00001336885613,17107.9016749887
"GMST","first_difference",385,1.00008358453833,18734.215242241
"GMST","first_difference",386,1.0001913879504,19026.3649810286
"GMST","first_difference",387,0.999981237536034,19220.5621272493
"GMST","first_difference",388,1.00018722765498,19650.970151537
"GMST","first_difference",389,0.9999216628224,21640.3822838869
"GMST","first_difference",390,1.00000469068182,19477.1262996688
"GMST","first_difference",391,1.00004396481285,19653.2336806313
"GMST","first_difference",392,1.00008477249004,20625.0479458885
"GMST","first_difference",393,1.00017457318488,19272.9040322479
"GMST","first_difference",394,1.00013794435603,21108.2500370645
"GMST","first_difference",395,0.999906852038132,20135.62577851
"GMST","first_difference",396,1.0003042098836,20931.4427695872
"GMST","first_difference",397,1.0002632132665,18386.0658169792
"GMST","first_difference",398,1.00046263989084,20168.43430679
"GMST","first_difference",399,1.00001246682182,19907.0883110158
"GMST","first_difference",400,1.00033407031357,19304.9141454724
"GMST","first_difference",401,1.0001941170725,18923.1648390772
"GMST","first_difference",402,1.00001835624001,20460.6811193563
"GMST","first_difference",403,0.999968908913354,19410.1940771866
"GMST","first_difference",404,1.00002322284309,19528.351105899
"GMST","first_difference",405,0.999990944382436,20447.9341254218
"GMST","first_difference",406,1.00020705868725,19169.6557909737
"GMST","first_difference",407,1.00015539642143,19329.012875661
"GMST","first_difference",408,1.00003830809826,18550.0303945442
"GMST","first_difference",409,1.00020982402897,17257.4597133986
"GMST","first_difference",410,1.00028626285722,17243.5925881842
"GMST","first_difference",411,0.999964926791602,17117.4024502595
"GMST","first_difference",412,0.999982125297588,18426.5919043172
"GMST","first_difference",413,1.00014052687729,17450.2753284324
"GMST","first_difference",414,1.00002265105603,16718.3486009191
"GMST","first_difference",415,1.00028112390543,18743.0316716562
"GMST","first_difference",416,1.00015959035657,17690.5141488173
"GMST","first_difference",417,0.999913080509556,18585.2617303513
"GMST","first_difference",418,1.00007052862411,18867.6110857681
"GMST","first_difference",419,1.00003990750811,17753.8177331257
"GMST","first_difference",420,0.999954659693587,17400.1298610145
"GMST","first_difference",421,1.00010144438772,18102.8669389758
"GMST","first_difference",422,1.00034653704793,19922.5128269332
"GMST","first_difference",423,1.0000970883509,18433.9047708425
"GMST","first_difference",424,1.00016373699722,19375.2085113064
"GMST","first_difference",425,1.00002220807566,18154.464477884
"GMST","first_difference",426,1.00009843457591,20250.8476967207
"GMST","first_difference",427,1.00009320165994,23136.2913108643
"GMST","first_difference",428,0.999945121335872,20218.7781557037
"GMST","first_difference",429,1.00004463978118,19975.528950373
"GMST","first_difference",430,0.999976169199746,19969.1720237695
"GMST","first_difference",431,1.00023149357578,19009.1858795854
"GMST","first_difference",432,1.00003821420031,16953.6897416306
"GMST","first_difference",433,1.00013782137076,18226.0835159603
"GMST","first_difference",434,1.00005002682041,19512.3867062548
"GMST","first_difference",435,1.00026354229495,19839.0659684128
"GMST","first_difference",436,1.00019771060364,20307.1482783292
"GMST","first_difference",437,1.00004369695771,20106.9489152682
"GMST","first_difference",438,1.00000069134179,18079.6633432398
"GMST","first_difference",439,1.00030558265195,18263.7113759408
"GMST","first_difference",440,0.999950783528742,18332.0864955829
"GMST","first_difference",441,1.00016736490405,16557.8137433124
"GMST","first_difference",442,1.00000547931425,17553.7784274795
"GMST","first_difference",443,0.999956111854573,17728.2303276156
"GMST","first_difference",444,1.00023235549827,16927.7668808315
"GMST","first_difference",445,1.00010582742117,17659.6599359128
"GMST","first_difference",446,1.00001771401072,16692.914300387
"GMST","first_difference",447,1.00016684612245,17330.9687169759
"GMST","first_difference",448,1.00008090840843,18640.3253588328
"GMST","first_difference",449,1.00002645931572,19345.505404647
"GMST","first_difference",450,0.999989389380201,17697.2078233475
"GMST","first_difference",451,1.00022047641498,18670.7692125781
"GMST","first_difference",452,0.999952169528852,20293.6228987839
"GMST","first_difference",453,1.00004865899668,18024.9987891571
"GMST","first_difference",454,1.00017936575709,19198.4909692357
"GMST","first_difference",455,1.00021120218535,18881.5396822691
"GMST","first_difference",456,1.0000989083884,18548.4582448963
"GMST","first_difference",457,1.00011729588577,17799.3521186968
"GMST","first_difference",458,1.00014396253677,19708.6044940608
"GMST","first_difference",459,1.00009143196174,19333.2005745365
"GMST","first_difference",460,0.99999181630429,18515.3381840003
"GMST","first_difference",461,1.00003563866351,18989.2179450637
"GMST","first_difference",462,1.0000626315325,19249.900982358
"GMST","first_difference",463,1.00013298974003,21288.6627094905
"GMST","first_difference",464,0.999975903908502,17636.3854926899
"GMST","first_difference",465,1.00002903422148,17023.6386853015
"GMST","first_difference",466,1.00006772720088,17467.9134891861
"GMST","first_difference",467,0.999984340159412,16378.4489822499
"GMST","first_difference",468,1.0000622155276,15710.707582793
"GMST","first_difference",469,0.999982518318419,15411.3806362198
"GMST","first_difference",470,1.00003688178321,15640.2872652358
"GMST","first_difference",471,1.00026586875357,14140.2041995836
"GMST","first_difference",472,1.00006338504958,12573.5360557644
"GMST","first_difference",473,1.0000899034567,19929.6431941618
"GMST","first_difference",474,1.00008485819203,19775.7754351414
"GMST","first_difference",475,1.00006902122783,22118.5962105429
"GMST","first_difference",476,1.00010726199992,22193.537548652
"GMST","first_difference",477,1.00011630933362,22403.264462129
"GMST","first_difference",478,1.00008112697728,22301.5310558482
"GMST","first_difference",479,0.999996209717134,23575.9202756378
"GMST","first_difference",480,1.00001261944462,23736.4892534247
"GMST","first_difference",481,1.00003527850398,23271.755346736
"GMST","first_difference",482,0.999967365641768,23098.1446489821
"GMST","first_difference",483,1.00011975941653,22282.6245516943
"GMST","first_difference",484,1.00004821990211,23742.1146591983
"GMST","first_difference",485,1.0002198921556,22622.4184892542
"GMST","first_difference",486,1.00011968821521,23670.9827233655
"GMST","first_difference",487,0.999984855426694,24000
"GMST","first_difference",488,1.00003889622113,23641.6423168267
"GMST","first_difference",489,1.00002519602437,23056.3208100605
"GMST","first_difference",490,0.999960186808816,23734.1376338058
"GMST","first_difference",491,0.999972146933257,23309.9511226216
"GMST","first_difference",492,1.00012555048451,23676.3760132779
"GMST","first_difference",493,1.00006998338975,23507.2696264253
"GMST","first_difference",494,1.00015996167888,22926.8040154576
"GMST","first_difference",495,1.00013974732482,23344.2668164479
"GMST","first_difference",496,1.0000389883499,23470.2184382082
"GMST","first_difference",497,1.00005906869829,24629.4025280742
"GMST","first_difference",498,1.00001437395265,23291.3925147762
"GMST","first_difference",499,0.999980703507282,23303.0000541522
"GMST","first_difference",500,1.00000491479976,23164.3406391726
"GMST","first_difference",501,1.00012521756717,23777.1536453365
"GMST","first_difference",502,1.00014934176014,22983.0017122967
"GMST","first_difference",503,1.00002671994055,23302.2756409899
"GMST","first_difference",504,0.999932927744613,23661.7256149132
"GMST","first_difference",505,1.00000376323382,23132.4518277406
"GMST","first_difference",506,1.00004696503736,23645.9267749387
"GMST","first_difference",507,1.00007475568584,23618.3601693288
"GMST","first_difference",508,1.00009292508545,24555.0632772731
"GMST","first_difference",509,1.0000518114588,23163.4890235811
"GMST","first_difference",510,1.0000755623497,22969.885989573
"GMST","first_difference",511,1.00013819094703,23781.2534959662
"GMST","first_difference",512,1.00014960821221,24000
"GMST","first_difference",513,0.999922657273126,24242.6171238362
"GMST","first_difference",514,1.00015970931474,22551.0941163639
"GMST","first_difference",515,1.00004600889894,23106.9080449133
"GMST","first_difference",516,0.999972478616614,23284.7412969308
"GMST","first_difference",517,0.999950468321327,22863.9548359546
"GMST","first_difference",518,1.0000337942453,22766.6231633297
"GMST","first_difference",519,1.00000457874105,23607.68691501
"GMST","first_difference",520,1.00000350719376,23595.2271851187
"GMST","first_difference",521,1.00029742196354,23596.3544581847
"GMST","first_difference",522,1.00015181431473,23150.9278122908
"GMST","first_difference",523,1.00023900314704,22471.2673403481
"GMST","first_difference",524,1.00007637515894,23780.0369164246
"GMST","first_difference",525,1.00001613307947,23084.384003613
"GMST","first_difference",526,1.00000404903722,23174.3596389364
"GMST","first_difference",527,1.00009277245302,22102.8763654982
"GMST","first_difference",528,1.00009059683148,22138.2155530515
"GMST","first_difference",529,1.00011095095899,22208.6808327543
"GMST","first_difference",530,1.00025049090397,22359.6505442465
"GMST","first_difference",531,1.00019848899593,22082.4152328381
"GMST","first_difference",532,1.00007511727092,23005.717293652
"GMST","first_difference",533,1.00014994409385,21625.1476021837
"GMST","first_difference",534,1.00006513659522,15298.0814849031
"GMST","first_difference",535,1.00020746848558,17316.8083000586
"GMST","first_difference",536,1.00000333894409,15476.2615702204
"GMST","first_difference",537,0.999951029203607,13671.1811333012
"GMST","first_difference",538,1.00012709834469,16670.3821999594
"GMST","first_difference",539,1.00009118169108,21797.4382940703
"BWT","raw",1,1.00017150735205,23958.8396921393
"BWT","raw",2,1.0000096671511,23713.8349536741
"BWT","raw",3,0.999925874969538,23552.8167014143
"BWT","raw",4,0.999942662943747,24000
"BWT","raw",5,0.999981405101622,23790.4734374794
"BWT","raw",6,1.00029085175586,22886.6471381546
"BWT","raw",7,1.0000256297472,22898.0526979761
"BWT","raw",8,1.0000216322746,23003.8007264483
"BWT","raw",9,1.00005926739307,23627.572266795
"BWT","raw",10,1.00016871542418,24044.4613892517
"BWT","raw",11,0.999956544486267,24443.0122452742
"BWT","raw",12,1.00016113290166,24000
"BWT","raw",13,0.999979147227556,24213.2286782823
"BWT","raw",14,1.00008234603819,24120.1938269505
"BWT","raw",15,0.99997679216043,24078.9792175773
"BWT","raw",16,0.999985467825824,24000
"BWT","raw",17,1.00006247263323,24000
"BWT","raw",18,1.00018513556342,24000
"BWT","raw",19,1.00008355321258,24012.8294723151
"BWT","raw",20,1.00001311866817,23881.6080186506
"BWT","raw",21,1.00005990780552,24000
"BWT","raw",22,1.00007690665481,24000
"BWT","raw",23,0.999996406654094,23744.6416288578
"BWT","raw",24,0.999938758071348,24000
"BWT","raw",25,1.00005006111644,24000
"BWT","raw",26,1.00003586617744,24000
"BWT","raw",27,0.999948221893837,23128.4681758786
"BWT","raw",28,1.00003923460786,23637.5236177757
"BWT","raw",29,1.00004961868556,23684.1442593783
"BWT","raw",30,0.999946666732751,23052.897045086
"BWT","raw",31,0.999937814233347,23906.7008827342
"BWT","raw",32,0.999956012512233,24000
"BWT","raw",33,1.00008887022854,23007.339984374
"BWT","raw",34,1.00016472429728,23680.9561319675
"BWT","raw",35,1.00027624535623,23311.3530327447
"BWT","raw",36,1.00020502024437,23587.8046615974
"BWT","raw",37,1.00019736683509,23312.9385507455
"BWT","raw",38,1.00014866169069,22417.7572469476
"BWT","raw",39,1.00000671885802,23522.272839316
"BWT","raw",40,1.00000152680733,24143.3253902559
"BWT","raw",41,0.999963990220412,24000
"BWT","raw",42,1.00001132185802,23568.2052188238
"BWT","raw",43,0.999938571315577,24000
"BWT","raw",44,0.999952969374699,23688.0301943345
"BWT","raw",45,1.00004194594891,24000
"BWT","raw",46,1.00002041896695,24000
"BWT","raw",47,1.00005800108673,24230.6642765553
"BWT","raw",48,1.00000145600815,24000
"BWT","raw",49,1.00010241206926,24000
"BWT","raw",50,1.0002052021643,24000
"BWT","raw",51,1.00005936691306,24000
"BWT","raw",52,1.00002812945975,24248.1058282486
"BWT","raw",53,0.999980032184684,24248.1289445445
"BWT","raw",54,0.999962480576148,24045.5894143937
"BWT","raw",55,0.999964159786151,24901.4220694003
"BWT","raw",56,0.99999203362073,25011.6051071889
"BWT","raw",57,1.00007248680804,26401.6530082939
"BWT","raw",58,0.999988999843037,24244.4960656086
"BWT","raw",59,1.00000525168497,24266.1735712209
"BWT","raw",60,0.999978585273954,24254.586829935
"BWT","raw",61,1.00003206256822,24000
"BWT","raw",62,0.999990425126879,24000
"BWT","raw",63,0.999963265189659,24565.768565974
"BWT","raw",64,1.00023863664164,24123.1848562869
"BWT","raw",65,1.0001298443011,24000
"BWT","raw",66,1.00006208014953,24762.141061054
"BWT","raw",67,1.00005811832757,24000
"BWT","raw",68,0.999950849439787,24247.0419706701
"BWT","raw",69,0.999938854715695,25120.6964233832
"BWT","raw",70,1.00005608651672,25244.2721348491
"BWT","raw",71,1.00000723224191,25048.0312858458
"BWT","raw",72,0.999985646063923,24583.9954641385
"BWT","raw",73,1.00010823248791,24000
"BWT","raw",74,1.00008518890115,24232.2167857409
"BWT","raw",75,1.00007496888969,24177.9347575046
"BWT","raw",76,1.00005456383696,24747.6860330253
"BWT","raw",77,1.00003921825381,25401.3862529378
"BWT","raw",78,0.999980081853763,24058.5389999752
"BWT","raw",79,0.999914649605751,22691.8046292226
"BWT","raw",80,0.999967914415015,24000
"BWT","raw",81,0.999993708472157,24000
"BWT","raw",82,1.00008893157534,24000
"BWT","raw",83,1.00004220390571,24000
"BWT","raw",84,0.999963706527755,24303.1173003598
"BWT","raw",85,1.0000037084586,24232.3209525582
"BWT","raw",86,0.999948473586497,24185.1048849628
"BWT","raw",87,1.00002340122755,24000
"BWT","raw",88,0.99998832877582,23932.6140216026
"BWT","raw",89,0.999997803276896,24000
"BWT","raw",90,1.00002970687328,24000
"BWT","raw",91,0.999951879930791,24000
"BWT","raw",92,1.00014050657612,24000
"BWT","raw",93,1.00012619913383,24000
"BWT","raw",94,1.00013019644554,23999.9999999999
"BWT","raw",95,1.00003995330625,24925.2607940119
"BWT","raw",96,1.00007198222956,24000
"BWT","raw",97,1.00000854109561,24000
"BWT","raw",98,1.00002937039836,23651.5757032786
"BWT","raw",99,1.00000160565957,24011.5343628523
"BWT","raw",100,1.0000055759441,24748.0816933056
"BWT","raw",101,1.00002081612615,24243.5454545487
"BWT","raw",102,1.00011546955561,24242.1042342914
"BWT","raw",103,1.00004967601822,24000
"BWT","raw",104,1.00006944921189,23600.1543067271
"BWT","raw",105,0.999986041799807,22773.7299642618
"BWT","raw",106,1.00002413386797,24484.8917238113
"BWT","raw",107,0.999986698451668,25302.0037043771
"BWT","raw",108,0.999991478109086,24857.0663506765
"BWT","raw",109,0.999991766813121,24000
"BWT","raw",110,1.0000600196819,24000
"BWT","raw",111,1.00002080499934,24000
"BWT","raw",112,1.00007505342682,23762.718408207
"BWT","raw",113,1.0000399664297,24000
"BWT","raw",114,1.00008261652874,24000
"BWT","raw",115,1.00004660510598,23912.2357338593
"BWT","raw",116,1.00009414934615,24000
"BWT","raw",117,0.999990993312325,24000
"BWT","raw",118,0.999933571738472,24371.5751745934
"BWT","raw",119,0.999953781903531,24000
"BWT","raw",120,1.00020262720952,24420.8480909659
"BWT","raw",121,1.00007297223166,24459.6663718069
"BWT","raw",122,1.00006554337671,24528.3630535975
"BWT","raw",123,1.00001961424471,23521.1473406731
"BWT","raw",124,1.00004545134611,23768.1747484815
"BWT","raw",125,0.999983283823442,23944.1580661325
"BWT","raw",126,0.999956950837857,23601.8138324723
"BWT","raw",127,0.999996622778643,25225.9786038451
"BWT","raw",128,0.999971349437028,24014.953811984
"BWT","raw",129,0.999999232427607,23640.3454203318
"BWT","raw",130,1.00000648154496,24728.6508103925
"BWT","raw",131,0.999988483241746,24680.7912260809
"BWT","raw",132,0.999921606776256,25159.8272654526
"BWT","raw",133,0.999979742399455,24000
"BWT","raw",134,0.99997459805979,24291.0973566827
"BWT","raw",135,0.999975074892409,22884.4116033215
"BWT","raw",136,0.99996175147974,23593.374177691
"BWT","raw",137,1.000085747041,23695.5864370522
"BWT","raw",138,0.999963387753067,23683.8170569967
"BWT","raw",139,1.00007709927954,23951.2590757728
"BWT","raw",140,0.999994858547861,24046.2613261986
"BWT","raw",141,0.999975009908103,23454.0287003128
"BWT","raw",142,0.999985822581133,24237.9620037195
"BWT","raw",143,1.00016756140348,24312.7936835806
"BWT","raw",144,0.999982067921125,24986.2520109952
"BWT","raw",145,0.999996650300712,24240.468466603
"BWT","raw",146,1.00002268912901,24000
"BWT","raw",147,1.00007080686792,23731.8086912896
"BWT","raw",148,0.999951485555502,24257.6706619455
"BWT","raw",149,0.999974583360772,23781.7607853042
"BWT","raw",150,1.00003053916798,24068.843048325
"BWT","raw",151,1.00001619962984,23638.3733242612
"BWT","raw",152,1.000068986524,24183.9799746283
"BWT","raw",153,1.0000761375699,23951.9489454727
"BWT","raw",154,0.999964390872148,23783.7102960353
"BWT","raw",155,0.999924292475939,23276.8601307649
"BWT","raw",156,0.999910824572678,24428.7603600481
"BWT","raw",157,0.999977615345537,24000
"BWT","raw",158,1.00003662201667,24179.2291643212
"BWT","raw",159,0.999989916702721,24152.1972151519
"BWT","raw",160,0.999968739584624,24122.5086061009
"BWT","raw",161,1.00004240153228,24908.2000167909
"BWT","raw",162,1.00002557377095,24000
"BWT","raw",163,1.00000955481539,23362.5796902132
"BWT","raw",164,0.999970143320138,23756.6304652546
"BWT","raw",165,0.999983159971655,22711.0108342979
"BWT","raw",166,0.99998290649475,23674.8350298276
"BWT","raw",167,1.000032171766,23401.9903463307
"BWT","raw",168,1.00014297533822,23532.1290349588
"BWT","raw",169,1.00006791100119,23559.6725919154
"BWT","raw",170,1.00002713327809,24163.3483596943
"BWT","raw",171,1.00004784476004,24449.5704783155
"BWT","raw",172,1.00004180780287,24000
"BWT","raw",173,1.00020288383363,24143.4966696862
"BWT","raw",174,1.00008974599072,23542.6561372227
"BWT","raw",175,1.00022285475052,23015.6849750795
"BWT","raw",176,1.00007960612102,23597.7761711061
"BWT","raw",177,1.00008250672813,24000
"BWT","raw",178,1.00005895721433,24000
"BWT","raw",179,1.00012031778575,23736.3474196084
"BWT","raw",180,1.00002253222952,24000
"BWT","raw",181,0.999998118467357,23692.1454047561
"BWT","raw",182,1.00021824250366,24000.0000000001
"BWT","raw",183,1.0001097932311,24000
"BWT","raw",184,1.00006865625944,24000
"BWT","raw",185,0.999980134204912,24000
"BWT","raw",186,1.00008914540954,24194.7246784676
"BWT","raw",187,0.999996546422862,24679.6014267921
"BWT","raw",188,1.00003928570614,24283.5883607176
"BWT","raw",189,1.00004285384932,23547.7496460744
"BWT","raw",190,0.999982515453271,24352.6544886002
"BWT","raw",191,0.999993611828163,24202.0878934707
"BWT","raw",192,0.999969827112452,24506.0357628362
"BWT","raw",193,1.00000638303025,24028.7465301618
"BWT","raw",194,1.00003450917125,24672.5830241406
"BWT","raw",195,1.00023953726248,24571.3840800382
"BWT","raw",196,1.00008041763786,24000
"BWT","raw",197,1.00004210624448,24068.4644382432
"BWT","raw",198,1.00000717566614,23458.8510519194
"BWT","raw",199,1.00006566478381,23737.634830967
"BWT","raw",200,1.0000989604288,23456.3289906981
"BWT","raw",201,1.00014758367245,23738.4054284628
"BWT","raw",202,1.00003593317384,24000
"BWT","raw",203,1.00021583236767,24299.772086975
"BWT","raw",204,1.0000024239938,24547.4797387875
"BWT","raw",205,0.99997836077466,25220.6504522135
"BWT","raw",206,1.00000295743282,24839.8278793987
"BWT","raw",207,0.999967011867867,24000
"BWT","raw",208,0.999974413571604,24000
"BWT","raw",209,1.00005812411191,24000
"BWT","raw",210,0.999962360738527,24000
"BWT","raw",211,0.999920973197498,24000
"BWT","raw",212,0.999929455551792,24000
"BWT","raw",213,0.999943434233312,23051.049472944
"BWT","raw",214,0.999959306962015,24201.9131097682
"BWT","raw",215,0.999959890120438,23644.0023496111
"BWT","raw",216,1.00001065302304,24550.0798812234
"BWT","raw",217,1.00024709029273,24866.9266045974
"BWT","raw",218,1.00030527108804,23820.6541372561
"BWT","raw",219,1.00002848818561,24238.0345408171
"BWT","raw",220,1.00002415582162,24204.3193319127
"BWT","raw",221,1.00000221370993,24000
"BWT","raw",222,1.00004095645388,23753.956226187
"BWT","raw",223,1.00001839974298,24460.9285091098
"BWT","raw",224,1.00013148084529,24581.8863358851
"BWT","raw",225,1.0001128197355,24000
"BWT","raw",226,1.00004997547321,25175.7719804935
"BWT","raw",227,1.00002736028296,25274.5861857351
"BWT","raw",228,1.00004864629066,24813.1281080699
"BWT","raw",229,1.00010451488996,24630.4351006001
"BWT","raw",230,1.00008183656671,23893.7440707221
"BWT","raw",231,0.999977018376023,24674.2486210202
"BWT","raw",232,0.999927552810305,24451.8323288603
"BWT","raw",233,1.00005968036577,23474.6422524738
"BWT","raw",234,1.00011927287858,23988.1386074784
"BWT","raw",235,1.0001445886253,25273.3586603289
"BWT","raw",236,1.00003644241188,24132.5943520528
"BWT","raw",237,0.999987357633844,24565.9986303526
"BWT","raw",238,1.00007325013711,24248.7036885571
"BWT","raw",239,1.00004016837308,24226.409975674
"BWT","raw",240,1.0000317809829,23896.0713566016
"BWT","raw",241,0.999968905047349,24000
"BWT","raw",242,0.999990925763469,24000
"BWT","raw",243,0.999885016165985,24000
"BWT","raw",244,0.999942880147585,23760.5480049056
"BWT","raw",245,0.999945273457059,24263.9617053504
"BWT","raw",246,0.999957155688491,24367.1830490014
"BWT","raw",247,0.999958962761647,24000
"BWT","raw",248,0.999976813686754,24000
"BWT","raw",249,0.999979999877285,24567.9855402937
"BWT","raw",250,0.999930651712558,24000
"BWT","raw",251,1.00003780674645,24000
"BWT","raw",252,1.00016953854174,24488.1105389981
"BWT","raw",253,0.999984027117105,24000
"BWT","raw",254,0.999947017107177,24014.8497520098
"BWT","raw",255,0.999976597169224,24000
"BWT","raw",256,0.999958334552597,24145.3779311521
"BWT","raw",257,1.00002778084239,24000
"BWT","raw",258,0.999977175426506,24000
"BWT","raw",259,1.00009917069323,24241.0070787179
"BWT","raw",260,1.00006715706846,24284.6947771554
"BWT","raw",261,1.0000878047538,23633.9700018302
"BWT","raw",262,0.99999315996114,24000
"BWT","raw",263,1.00012940871455,24073.5823317383
"BWT","raw",264,1.00003803820334,23851.887061953
"BWT","raw",265,1.00002232074073,24279.404225558
"BWT","raw",266,0.999986413519393,24000.0000000001
"BWT","raw",267,0.999932929737719,24302.2016046255
"BWT","raw",268,1.00012843726692,24984.4872922364
"BWT","raw",269,1.00001916759235,24228.3254022057
"BWT","raw",270,1.0000151856343,24860.8214432062
"BWT","raw",271,1.00007030031047,24873.4118220576
"BWT","raw",272,1.00013444483866,24853.3844424839
"BWT","raw",273,1.00024264926863,24891.7409616241
"BWT","raw",274,1.00011690627918,24237.0030347117
"BWT","raw",275,1.00011725205548,24288.593038511
"BWT","raw",276,0.999974189321447,24472.1584558518
"BWT","raw",277,1.00008616644781,24090.8963429963
"BWT","raw",278,1.00000141779603,26188.9863023909
"BWT","raw",279,1.00005613883471,24346.7689464528
"BWT","raw",280,0.999933435006384,24473.0573544926
"BWT","raw",281,0.999939549259598,24764.1695270901
"BWT","raw",282,0.999911041067522,23924.8041657515
"BWT","raw",283,0.999967134259339,23460.3816948718
"BWT","raw",284,0.999992451051835,22911.2594084793
"BWT","raw",285,0.999964918518837,24040.4916343235
"BWT","raw",286,0.99994513152218,24260.4959082252
"BWT","raw",287,1.00008934667677,24367.8266890308
"BWT","raw",288,1.00009765978433,24199.0730082597
"BWT","raw",289,1.00016901321619,24545.5702231346
"BWT","raw",290,1.0000178437608,24919.5061119207
"BWT","raw",291,1.00001240176413,24000
"BWT","raw",292,0.999904837746022,24000
"BWT","raw",293,1.00009450074868,23912.3174999967
"BWT","raw",294,1.00001835055993,23609.4505862621
"BWT","raw",295,0.999944027387292,24262.6023747501
"BWT","raw",296,0.999933791539177,24000
"BWT","raw",297,0.999973268544301,24000
"BWT","raw",298,0.999993474701582,24499.1821854868
"BWT","raw",299,1.00009893297389,24462.6746009058
"BWT","raw",300,0.999987283922909,23363.6679879757
"BWT","raw",301,1.00017531604479,23739.1350768083
"BWT","raw",302,1.00025907453657,23745.4975535973
"BWT","raw",303,1.00014154864451,24026.1666060425
"BWT","raw",304,1.00012608682538,24480.2982098688
"BWT","raw",305,1.00000002219963,24333.5165023504
"BWT","raw",306,0.99993512806247,24249.2944732264
"BWT","raw",307,1.00000618908276,23654.8091891367
"BWT","raw",308,1.00000274988042,24000
"BWT","raw",309,0.999988806357157,23980.3149695167
"BWT","raw",310,0.999957219069309,24000
"BWT","raw",311,0.999889556411377,24952.3195825126
"BWT","raw",312,0.999982081091216,24292.5458219186
"BWT","raw",313,0.999928032056891,23479.5252608172
"BWT","raw",314,0.99989300400742,23623.7925639789
"BWT","raw",315,1.00000457070788,24087.4976896586
"BWT","raw",316,1.00000629804481,24795.7544981735
"BWT","raw",317,1.00006659354368,24051.5097626639
"BWT","raw",318,1.00002084261818,24555.1775576474
"BWT","raw",319,1.00021129115913,24000
"BWT","raw",320,1.0001338428684,24000
"BWT","raw",321,1.00016403996539,24316.7349059949
"BWT","raw",322,1.00000423907059,24539.242429435
"BWT","raw",323,1.00004729217746,24546.2104608103
"BWT","raw",324,0.999989598784263,24000
"BWT","raw",325,1.00003939480064,23574.7310510665
"BWT","raw",326,1.00009317632538,24318.9746284486
"BWT","raw",327,1.00013611626561,24275.5107259823
"BWT","raw",328,1.00010638165579,24674.7253300069
"BWT","raw",329,1.00004824656881,24821.2782137931
"BWT","raw",330,1.00007424028932,24484.0239921358
"BWT","raw",331,0.999983415191296,24401.8917041538
"BWT","raw",332,1.00011741202411,23877.2725040345
"BWT","raw",333,1.00000393244371,24146.1603345753
"BWT","raw",334,0.99995407442553,23717.8043292763
"BWT","raw",335,0.999999360761911,23305.8845932991
"BWT","raw",336,0.999962716094505,24000
"BWT","raw",337,0.999933205050048,24000
"BWT","raw",338,0.999920853590679,23477.9926123993
"BWT","raw",339,0.999938600516178,24228.0284188409
"BWT","raw",340,0.999965394262544,24246.57215924
"BWT","raw",341,0.999979020091974,23597.3206478391
"BWT","raw",342,1.00006627343042,24287.7732383036
"BWT","raw",343,1.00010932572312,24228.343075724
"BWT","raw",344,1.00002542311675,23736.6689085821
"BWT","raw",345,0.99994899063136,23773.4625564929
"BWT","raw",346,1.00000135829564,23776.0193677046
"BWT","raw",347,0.999959256894895,24000
"BWT","raw",348,1.00004718047357,24000
"BWT","raw",349,1.00006549271507,24257.6751110695
"BWT","raw",350,0.999961257139211,24261.8011787308
"BWT","raw",351,1.00009852359507,24223.8331372862
"BWT","raw",352,0.999953514366938,23246.6979977162
"BWT","raw",353,0.999920371184574,23487.592918653
"BWT","raw",354,0.999954910563651,23487.3938642908
"BWT","raw",355,0.999888768308584,23690.8063954731
"BWT","raw",356,0.999940976147495,24007.8584252154
"BWT","raw",357,1.00001583186596,24000
"BWT","raw",358,1.00001998671569,24000
"BWT","raw",359,0.99993658845037,24000
"BWT","raw",360,1.00003379543731,24000
"BWT","raw",361,1.00004370753667,24180.916528153
"BWT","raw",362,1.00000664957456,24810.7046573708
"BWT","raw",363,1.00013116402819,24000
"BWT","raw",364,1.00013120581528,24286.748976704
"BWT","raw",365,0.999989188572607,24754.3063497541
"BWT","raw",366,0.999929832653104,23970.4401078687
"BWT","raw",367,0.999922231467674,24465.8736786188
"BWT","raw",368,0.999988932618498,23410.3252745915
"BWT","raw",369,0.99991374178784,23598.6334882988
"BWT","raw",370,1.00001380466164,23812.8824814362
"BWT","raw",371,0.999937167855571,23639.7238104713
"BWT","raw",372,1.00004226748316,24000
"BWT","raw",373,1.00008486321838,23255.0732005632
"BWT","raw",374,1.00008137228561,24000
"BWT","raw",375,1.0000421792673,24758.2033309661
"BWT","raw",376,0.999985174163565,24499.9158411461
"BWT","raw",377,1.00001289223481,24733.4734560465
"BWT","raw",378,1.00005749732071,24000
"BWT","raw",379,1.00008162455688,24235.1084339078
"BWT","raw",380,1.00001909623096,24116.3814694918
"BWT","raw",381,1.00017125169343,24000
"BWT","raw",382,0.999984322876655,24000
"BWT","raw",383,1.00012189933326,24000
"BWT","raw",384,1.00002419896662,24000
"BWT","raw",385,1.00004291762486,24308.2044386422
"BWT","raw",386,1.00009677920724,24308.344508706
"BWT","raw",387,1.00005190506228,24268.0259295458
"BWT","raw",388,1.00006146742582,24458.9788394427
"BWT","raw",389,0.999997306347805,23692.9150025755
"BWT","raw",390,1.00001281180137,24010.2111144156
"BWT","raw",391,0.999909358944311,24000
"BWT","raw",392,1.0000525857626,23778.5360988669
"BWT","raw",393,0.999957892146055,23724.0738286257
"BWT","raw",394,1.0000611546967,25072.4391479608
"BWT","raw",395,0.999994063311147,24102.9866171036
"BWT","raw",396,0.999987452568267,24000
"BWT","raw",397,1.0000509996625,24000
"BWT","raw",398,1.00018208459314,24223.1555006311
"BWT","raw",399,0.999974098631126,24065.7547788393
"BWT","raw",400,0.99992626280312,24000
"BWT","raw",401,1.00004705033163,24050.2606530281
"BWT","raw",402,1.00013070842553,24000
"BWT","raw",403,0.99998189364066,24000
"BWT","raw",404,1.00011273846395,24007.4959551894
"BWT","raw",405,1.0000538380323,24000
"BWT","raw",406,0.999961436071538,24000
"BWT","raw",407,1.00019872342132,24000
"BWT","raw",408,1.00004744881122,23978.2997258077
"BWT","raw",409,1.00008276651837,24000
"BWT","raw",410,0.999986844226062,24000
"BWT","raw",411,0.99992358438225,24000
"BWT","raw",412,1.00010877777797,23084.0123078982
"BWT","raw",413,0.999934993014275,24371.4645233351
"BWT","raw",414,0.999935284399384,24516.6188661897
"BWT","raw",415,0.999967272565468,24651.9818653637
"BWT","raw",416,0.999904500365976,24277.149666903
"BWT","raw",417,0.999961665240842,23884.5022564455
"BWT","raw",418,1.0000147125224,24136.3455973855
"BWT","raw",419,1.00008064973349,23631.4626020071
"BWT","raw",420,1.00001192720722,23590.2249415189
"BWT","raw",421,0.999950674443686,23640.6372431779
"BWT","raw",422,1.00006217709807,23769.8627891964
"BWT","raw",423,1.0000219149236,23964.2020812428
"BWT","raw",424,1.00005563122238,24294.8658889707
"BWT","raw",425,0.999963348774469,23697.0896387957
"BWT","raw",426,0.999929680129302,23722.3740407453
"BWT","raw",427,1.00002420135427,23711.0512684253
"BWT","raw",428,0.999936199572995,23733.5584608459
"BWT","raw",429,0.999977773812318,24000
"BWT","raw",430,1.00009056117866,23747.9115952168
"BWT","raw",431,1.00007501923337,23773.0094145063
"BWT","raw",432,1.00006750183075,24000
"BWT","raw",433,1.00001685954672,24000
"BWT","raw",434,1.00001979346547,24000
"BWT","raw",435,1.00003251380019,24000.0000000001
"BWT","raw",436,0.999956396390913,23946.1768086827
"BWT","raw",437,1.00007487118308,24000
"BWT","raw",438,1.00026544872834,24242.4283130275
"BWT","raw",439,1.00032828430589,24468.2626241821
"BWT","raw",440,1.00023310343606,24000
"BWT","raw",441,1.00010472632033,24956.9834533017
"BWT","raw",442,1.0000377108451,24393.4205632675
"BWT","raw",443,1.000101899813,24127.0626413673
"BWT","raw",444,1.00005874588858,24086.9042909996
"BWT","raw",445,0.999955376286294,24339.7421262864
"BWT","raw",446,1.00008755752171,24507.8649442948
"BWT","raw",447,1.00009444872975,24227.9581267367
"BWT","raw",448,1.00014496905072,24000
"BWT","raw",449,1.00000380225402,24000
"BWT","raw",450,1.00010039358676,24565.2025887746
"BWT","raw",451,0.999966605583476,23970.7675560719
"BWT","raw",452,0.999973658120852,23653.90102342
"BWT","raw",453,1.00005803125464,23759.2862090266
"BWT","raw",454,0.999992163407804,24000
"BWT","raw",455,1.00002988358072,23782.878400782
"BWT","raw",456,1.00001822382195,22731.6624085087
"BWT","raw",457,1.0000190369233,23581.1310235542
"BWT","raw",458,0.999939203971563,23098.7361836543
"BWT","raw",459,1.00004627091065,23413.2626896161
"BWT","raw",460,0.99997472542376,23075.7301843801
"BWT","raw",461,0.999995721856717,23023.9774261347
"BWT","raw",462,1.00012596049094,23651.3923232794
"BWT","raw",463,1.00008254881246,23603.3775506396
"BWT","raw",464,1.00002276696943,23043.0002886281
"BWT","raw",465,1.00004417911902,22745.6572750586
"BWT","raw",466,1.00014531855776,21570.6276564027
"BWT","raw",467,1.00019121028016,20400.9277945826
"BWT","raw",468,1.00042724820297,16374.3139887806
"BWT","raw",469,1.00041725832523,13653.3940442658
"BWT","raw",470,1.00055035785274,10943.402069446
"BWT","raw",471,1.00076544164081,9024.24381610273
"BWT","raw",472,1.00107686156508,6808.85277122927
"BWT","raw",473,1.00123171920303,4839.47735791321
"BWT","raw",474,1.00166563448296,4266.06919204397
"BWT","raw",475,1.00129887882169,4312.19344385598
"BWT","raw",476,1.00084304374517,4618.70204840439
"BWT","raw",477,1.00074888923032,4697.58507959231
"BWT","raw",478,1.00057564423604,4609.17072425461
"BWT","raw",479,1.00067235617985,4882.44552106527
"BWT","raw",480,1.00068032374774,4907.10721212057
"BWT","raw",481,1.00056202837676,4722.1555871691
"BWT","raw",482,1.00051039945305,4734.58913993898
"BWT","raw",483,1.00090056672108,4778.58981537574
"BWT","raw",484,1.00098036463834,4272.74831219073
"BWT","raw",485,1.00114443945896,4046.62329162149
"BWT","raw",486,1.00095662078707,3757.91427981887
"BWT","raw",487,1.00150175905234,3959.21919024181
"BWT","raw",488,1.00174441435318,4427.51440621897
"BWT","raw",489,1.00190347311681,5110.99725064276
"BWT","raw",490,1.00206001257483,5983.24911426461
"BWT","raw",491,1.00181064167807,6766.34683620547
"BWT","raw",492,1.00177096047395,7370.87234018813
"BWT","raw",493,1.00132250470088,8552.40593014723
"BWT","raw",494,1.00087022910915,9090.9548151956
"BWT","raw",495,1.00064802859219,9463.79453876661
"BWT","raw",496,1.0007095282346,9999.67816253952
"BWT","raw",497,1.00086791122452,10114.2904879953
"BWT","raw",498,1.00088280021097,10300.4754714676
"BWT","raw",499,1.00062931150292,9859.21358299612
"BWT","raw",500,1.00072154545237,9678.77214469922
"BWT","raw",501,1.00067874850325,9903.19957132695
"BWT","raw",502,1.00074402867357,10655.7510279771
"BWT","raw",503,1.00053545028063,10986.1761367991
"BWT","raw",504,1.00043611782998,11457.4535669816
"BWT","raw",505,1.00011469138979,10538.8092955625
"BWT","raw",506,1.00016259769548,9081.63838790332
"BWT","raw",507,1.0001980272557,7190.52033076561
"BWT","raw",508,1.00017473324807,6748.04427823636
"BWT","raw",509,1.00014417993814,6433.80471128628
"BWT","raw",510,1.00003842461575,6350.05847444562
"BWT","raw",511,1.00020614113147,5882.22339071029
"BWT","raw",512,1.00060381391061,6225.52118930972
"BWT","raw",513,1.00060064754171,6120.13915268159
"BWT","raw",514,1.00034220234291,6054.15835911672
"BWT","raw",515,1.00016338952219,6133.70625964305
"BWT","raw",516,1.00012441500647,5417.98044472152
"BWT","raw",517,1.00018168022364,5201.58070666873
"BWT","raw",518,1.00023286664021,5147.22700649511
"BWT","raw",519,1.00040901868391,5051.0723907098
"BWT","raw",520,1.00039178121501,5539.60762776363
"BWT","raw",521,1.00024294991325,5012.61973011521
"BWT","raw",522,1.00018644920899,4860.23991180796
"BWT","raw",523,1.00025022517835,5235.41283114415
"BWT","raw",524,1.00030935496303,4260.0952622189
"BWT","raw",525,1.00051034613268,3420.05327614932
"BWT","raw",526,1.00115704243041,3143.68513755305
"BWT","raw",527,1.00123615679932,2965.18253443471
"BWT","raw",528,1.00147901827161,2928.61247468023
"BWT","raw",529,1.0016739167771,3059.32460664407
"BWT","raw",530,1.00158265153693,2935.03790330846
"BWT","raw",531,1.00216736690211,2955.00481589786
"BWT","raw",532,1.00233820010146,2640.26163773337
"BWT","raw",533,1.00265219616712,2288.95461008751
"BWT","raw",534,1.00280758492452,2028.27848142658
"BWT","raw",535,1.00346536225847,1835.8026560651
"BWT","raw",536,1.00360467797134,1855.28494047797
"BWT","raw",537,1.00332256477952,1743.11240251421
"BWT","raw",538,1.00317537817009,1725.01022948255
"BWT","raw",539,1.00212824318392,1781.52861835699
"BWT","raw",540,1.00139269647601,1952.06427799771
"BWT","centered",1,1.00021363880501,23922.5987499061
"BWT","centered",2,1.00006064986397,23698.7754364562
"BWT","centered",3,0.999949187609768,23713.9559736384
"BWT","centered",4,0.999973357029361,23778.5626859827
"BWT","centered",5,1.0000132091364,23744.5401620561
"BWT","centered",6,1.0002965083143,22866.0827836203
"BWT","centered",7,1.00001115706135,22892.5153193932
"BWT","centered",8,1.00008478974435,23036.3748024849
"BWT","centered",9,1.00009744033149,23619.5175682618
"BWT","centered",10,1.00013319519894,23916.4212402212
"BWT","centered",11,0.999979362637751,24075.9449073121
"BWT","centered",12,1.00007041500627,23735.1858391794
"BWT","centered",13,0.999926985029443,24050.3565005251
"BWT","centered",14,1.00010120072359,23981.2203738616
"BWT","centered",15,1.00002747784983,23954.0662279616
"BWT","centered",16,1.00002623505808,23482.8145461282
"BWT","centered",17,1.00002121072108,24000
"BWT","centered",18,1.00014457461837,24000
"BWT","centered",19,1.00005124810338,24048.2497457657
"BWT","centered",20,0.999972244187453,23873.2174070369
"BWT","centered",21,1.00003097945714,24000
"BWT","centered",22,1.00007653574361,24000
"BWT","centered",23,0.999974819365116,23722.2177702458
"BWT","centered",24,0.999943469411828,24000
"BWT","centered",25,1.00004496474662,24000
"BWT","centered",26,1.00003429319699,22594.78649686
"BWT","centered",27,0.999960791872268,23046.5272256419
"BWT","centered",28,1.00008026154628,23558.6903772835
"BWT","centered",29,1.00002543008574,23695.934004469
"BWT","centered",30,0.999952033262396,23502.0718052225
"BWT","centered",31,0.999942896560309,23919.2033239069
"BWT","centered",32,0.999949264127569,23758.6890074396
"BWT","centered",33,1.00009805855919,22972.2880433017
"BWT","centered",34,1.00013270520375,23611.8348687695
"BWT","centered",35,1.00027575507107,23327.3249726402
"BWT","centered",36,1.00021419130981,23369.5420400348
"BWT","centered",37,1.00019401881962,23148.2632091328
"BWT","centered",38,1.00013723602294,22397.6782060042
"BWT","centered",39,0.999997046413851,23566.3601899126
"BWT","centered",40,0.999985459418587,23415.3590223988
"BWT","centered",41,0.999975155866055,24000
"BWT","centered",42,1.0000126817467,23338.1158099705
"BWT","centered",43,0.999942417794111,23999.9999999999
"BWT","centered",44,0.999968217720298,23659.0507899042
"BWT","centered",45,1.000073834527,24000
"BWT","centered",46,1.00004974564589,24000
"BWT","centered",47,1.00008754817047,24237.2101218571
"BWT","centered",48,1.00002025790811,24000
"BWT","centered",49,1.00009846823864,24000
"BWT","centered",50,1.00018875141508,24400.9345316382
"BWT","centered",51,1.00006841649459,24000
"BWT","centered",52,1.00000370604007,24213.7737462028
"BWT","centered",53,0.999962872392115,24000
"BWT","centered",54,0.999972763960734,23911.4562843626
"BWT","centered",55,0.999955343230528,24782.9951843151
"BWT","centered",56,0.999946555123365,24000
"BWT","centered",57,1.00008142027898,26108.763021924
"BWT","centered",58,0.999977377492336,24980.1942434948
"BWT","centered",59,0.999969948586292,24264.3807611093
"BWT","centered",60,0.99995360516647,24264.5073394668
"BWT","centered",61,1.00002804320624,24000
"BWT","centered",62,1.00003437741089,23926.6447526249
"BWT","centered",63,0.999936426530562,24295.7702800782
"BWT","centered",64,1.00029546695082,24011.2105142925
"BWT","centered",65,1.00020741176484,24000
"BWT","centered",66,1.00005658434862,24320.9185239526
"BWT","centered",67,1.00004075087997,24000
"BWT","centered",68,0.999967209336731,24149.2981099308
"BWT","centered",69,0.999955131150889,24894.4877106778
"BWT","centered",70,1.00012768546764,25017.6829708029
"BWT","centered",71,0.999993870764361,24194.598780593
"BWT","centered",72,1.00000612458963,24143.3646594154
"BWT","centered",73,1.00009493956451,24000
"BWT","centered",74,1.00008294180074,24000
"BWT","centered",75,1.00005341913212,23745.6370804945
"BWT","centered",76,1.00004974552785,24557.6408949115
"BWT","centered",77,1.00007223095608,25383.7260209697
"BWT","centered",78,0.999937581842093,24604.7901211337
"BWT","centered",79,0.999936145010737,22584.9513134264
"BWT","centered",80,0.99995277441922,24000
"BWT","centered",81,0.999975741000907,24000
"BWT","centered",82,1.00007687343305,24000
"BWT","centered",83,1.0000513027884,24000
"BWT","centered",84,0.999952364787821,24286.1386937843
"BWT","centered",85,0.999989479792998,24225.0860205603
"BWT","centered",86,0.999969569863946,23913.9276843036
"BWT","centered",87,1.00005280125762,24000
"BWT","centered",88,1.00001391996276,23879.743426791
"BWT","centered",89,1.00005573372854,23764.5705500673
"BWT","centered",90,1.000029504911,24000
"BWT","centered",91,0.999977795692829,23773.5649144297
"BWT","centered",92,1.00003184349099,24000
"BWT","centered",93,1.00012001005849,24000
"BWT","centered",94,1.00007318410099,24000
"BWT","centered",95,1.00000038913462,24633.2789972865
"BWT","centered",96,1.00005218756812,24000
"BWT","centered",97,0.999965686454839,24000
"BWT","centered",98,0.999978639440309,24000
"BWT","centered",99,0.999990160767659,23788.7029020104
"BWT","centered",100,0.999964363941275,23868.0521188921
"BWT","centered",101,0.999983645251314,24000
"BWT","centered",102,1.00006872919448,24000
"BWT","centered",103,1.00006443968948,24000
"BWT","centered",104,1.00003130999176,23246.4282577763
"BWT","centered",105,0.999974894366826,22726.4345345019
"BWT","centered",106,1.00000285552677,23338.109641129
"BWT","centered",107,1.00002503683611,25300.5115598024
"BWT","centered",108,1.00002669288679,24699.0711483439
"BWT","centered",109,0.999986371992235,24000
"BWT","centered",110,1.0000389121594,24000
"BWT","centered",111,1.00000875990349,24000
"BWT","centered",112,1.00003993810492,23721.6539555888
"BWT","centered",113,1.00000910562296,24000
"BWT","centered",114,1.00005375282228,24000
"BWT","centered",115,1.00004470070634,23877.375673608
"BWT","centered",116,1.00010719122688,24000
"BWT","centered",117,0.999988039689186,24000
"BWT","centered",118,0.99993755961869,24313.8048787924
"BWT","centered",119,0.999961385968666,24000
"BWT","centered",120,1.00011647429891,24296.8049825411
"BWT","centered",121,1.00001325309793,24340.8084918789
"BWT","centered",122,1.00009498321506,24424.6095576412
"BWT","centered",123,1.00000700663118,23386.4603287118
"BWT","centered",124,1.00005029042639,23646.9182490217
"BWT","centered",125,0.999967125313846,23561.7074985113
"BWT","centered",126,0.999958957807394,23705.6391474157
"BWT","centered",127,1.0000089441562,25105.2288652976
"BWT","centered",128,1.00000465159911,23936.807518778
"BWT","centered",129,1.00002134885236,23202.2773431881
"BWT","centered",130,0.999980892238983,24632.9298207318
"BWT","centered",131,0.999957078134758,24633.059906192
"BWT","centered",132,0.99997667158563,24317.4701136716
"BWT","centered",133,1.0000136598353,23766.5823719551
"BWT","centered",134,1.00000339310669,24000
"BWT","centered",135,1.00000138514126,22535.1825610199
"BWT","centered",136,0.999964561314956,23602.919585148
"BWT","centered",137,1.00014533474099,23760.0166060171
"BWT","centered",138,0.999991102122128,23746.1411385482
"BWT","centered",139,1.00012040999754,23517.2914926514
"BWT","centered",140,1.00001592344235,23664.1690837525
"BWT","centered",141,1.00004667104971,23178.7647218474
"BWT","centered",142,1.00000440526727,23569.6375963099
"BWT","centered",143,1.00017326873026,24279.9842367291
"BWT","centered",144,1.00001147788896,24281.112521723
"BWT","centered",145,0.999972188514041,24236.1139508953
"BWT","centered",146,1.00004075143804,24000
"BWT","centered",147,1.00011221850723,23541.0492770411
"BWT","centered",148,0.999961369541552,24249.3205024131
"BWT","centered",149,0.999996436282585,23743.3401666859
"BWT","centered",150,1.00006087691485,24078.8786196285
"BWT","centered",151,1.00003414916387,23522.7490184887
"BWT","centered",152,1.00003922962157,23646.9718201691
"BWT","centered",153,1.00009851545414,23925.2676090206
"BWT","centered",154,0.999980230231841,23588.5630906407
"BWT","centered",155,0.999962809905803,23587.4000372227
"BWT","centered",156,0.999923653698244,24413.7953049493
"BWT","centered",157,1.00000060828656,24000
"BWT","centered",158,1.00008416027484,24182.6704181037
"BWT","centered",159,0.999971243277008,23241.2011132481
"BWT","centered",160,0.999948577278843,24081.6446512562
"BWT","centered",161,1.00001918436123,24908.1660828771
"BWT","centered",162,1.00000231073619,24000
"BWT","centered",163,1.00001213867571,23110.9898864621
"BWT","centered",164,0.999955345455355,23603.1887569635
"BWT","centered",165,1.00000979015683,22306.7126635582
"BWT","centered",166,0.999986572771029,23684.3435110129
"BWT","centered",167,1.00003156515812,23402.6757671118
"BWT","centered",168,1.00014593131296,23520.5987056723
"BWT","centered",169,1.00009349544252,23545.3396560965
"BWT","centered",170,1.00001319405666,24144.8066631264
"BWT","centered",171,1.0000215486457,24214.4972017937
"BWT","centered",172,0.999973768690524,23679.4184451361
"BWT","centered",173,1.00017678800147,23235.2470580023
"BWT","centered",174,1.00004887349847,22543.9024969296
"BWT","centered",175,1.00013510499575,22959.7092131531
"BWT","centered",176,1.00006621819307,23667.5739310299
"BWT","centered",177,1.00006559701668,23761.8208154412
"BWT","centered",178,1.00006385574423,24000
"BWT","centered",179,1.00010982393092,23686.910149258
"BWT","centered",180,1.00001787036164,24000
"BWT","centered",181,0.999988333047509,23657.2545430052
"BWT","centered",182,1.00027529995726,24000
"BWT","centered",183,1.00011338759369,24000
"BWT","centered",184,1.0001609568774,24000
"BWT","centered",185,0.999964238408663,24000
"BWT","centered",186,1.00005929712445,24102.7141634369
"BWT","centered",187,0.999983041196896,24540.1008841596
"BWT","centered",188,1.00001907134022,24350.4537384488
"BWT","centered",189,1.00002082978876,23689.1698340088
"BWT","centered",190,0.999982835418323,24251.6795680067
"BWT","centered",191,1.00002970210091,24294.4926677674
"BWT","centered",192,1.00002697806484,24424.4053694178
"BWT","centered",193,0.999992599573471,23963.4403285887
"BWT","centered",194,1.00002167932251,24521.0835738063
"BWT","centered",195,1.00021909036146,24000
"BWT","centered",196,1.00004617241292,24000
"BWT","centered",197,1.00001332031151,23971.6278971782
"BWT","centered",198,0.999981570237404,23482.0900336609
"BWT","centered",199,1.00004658266803,23717.4391726175
"BWT","centered",200,1.00001004613375,23550.7967550972
"BWT","centered",201,1.00017214877305,23696.3544001571
"BWT","centered",202,0.999975963826654,23779.2140075276
"BWT","centered",203,1.00008936875956,24273.6934039956
"BWT","centered",204,0.999985029313653,24596.1391268327
"BWT","centered",205,0.999940707241425,25357.6516838306
"BWT","centered",206,1.00002176321566,24772.4348549167
"BWT","centered",207,0.999972112604388,24000
"BWT","centered",208,0.999938533545497,24000
"BWT","centered",209,1.00005473599537,24000
"BWT","centered",210,0.999977290779526,24000
"BWT","centered",211,0.999989424960453,24000
"BWT","centered",212,0.999976346166784,24000
"BWT","centered",213,0.99996259416581,23435.9175696277
"BWT","centered",214,0.999927185942377,24001.1727728218
"BWT","centered",215,0.999965679488437,23619.5191558192
"BWT","centered",216,0.999988741943852,24423.8340420907
"BWT","centered",217,1.00020788639389,24701.3512996415
"BWT","centered",218,1.00013128165965,24236.6499674009
"BWT","centered",219,0.999961125369039,24247.8087732114
"BWT","centered",220,1.00002199067862,24192.8882073205
"BWT","centered",221,0.999985586730627,23777.3061236229
"BWT","centered",222,0.999996778556003,23710.0629141471
"BWT","centered",223,0.999976108223247,24000
"BWT","centered",224,1.00002877689473,24786.5160875114
"BWT","centered",225,1.00007397842617,24000
"BWT","centered",226,1.00004767490923,25067.6078704374
"BWT","centered",227,1.0000318453434,25281.2253037371
"BWT","centered",228,1.00004257988581,24808.299169403
"BWT","centered",229,1.00010493239668,24629.6660082049
"BWT","centered",230,1.00000814065456,23846.1332536634
"BWT","centered",231,1.00000461875154,24359.1903213799
"BWT","centered",232,0.99994004456289,23782.6683702448
"BWT","centered",233,1.00004863634814,23464.3893410268
"BWT","centered",234,1.00012495241956,23969.5022277905
"BWT","centered",235,1.00014930748838,25221.3997349954
"BWT","centered",236,1.00007166332178,24392.2765683328
"BWT","centered",237,0.999994956097296,24292.1356069916
"BWT","centered",238,1.00015300353291,23598.8648666169
"BWT","centered",239,1.00007254458647,24017.4360146453
"BWT","centered",240,1.00005502030661,23622.2503235609
"BWT","centered",241,0.999973676987198,24000
"BWT","centered",242,1.00002715055525,24000
"BWT","centered",243,0.999905896861369,23637.2697895354
"BWT","centered",244,0.999948051415852,23660.2032995444
"BWT","centered",245,0.999916567256243,24161.4025920095
"BWT","centered",246,0.999945644448658,23774.1577874788
"BWT","centered",247,0.999995950294307,23932.9581220853
"BWT","centered",248,0.999963236177371,23363.2118541528
"BWT","centered",249,1.00001480268874,24000.0000000001
"BWT","centered",250,0.999915299080476,24000
"BWT","centered",251,0.999990035609027,24000
"BWT","centered",252,1.00024870121783,23890.9791961762
"BWT","centered",253,1.00002116893976,24000
"BWT","centered",254,0.999980365195703,23712.3151294591
"BWT","centered",255,0.999988432903805,23618.5596247651
"BWT","centered",256,0.999943708583622,24097.3114718833
"BWT","centered",257,1.00000176113221,24225.13492796
"BWT","centered",258,0.999983924678407,24000
"BWT","centered",259,1.0001628626317,23081.7847263597
"BWT","centered",260,1.00002670732012,24300.9948160344
"BWT","centered",261,1.00012026226699,23642.7763207392
"BWT","centered",262,1.00001464754822,24000
"BWT","centered",263,1.00013129254919,24089.4590742327
"BWT","centered",264,1.00004731659288,23881.3800529124
"BWT","centered",265,0.999972475037253,24316.6517816522
"BWT","centered",266,0.999960502955021,23816.1673472912
"BWT","centered",267,0.999964839133738,23995.0545059829
"BWT","centered",268,1.00007887487246,24000
"BWT","centered",269,0.999988935290079,24000
"BWT","centered",270,1.0000785835349,24600.6611498834
"BWT","centered",271,1.00011969214649,24685.0495005202
"BWT","centered",272,1.00018560994431,24633.5098294778
"BWT","centered",273,1.00018380093089,25006.2240920383
"BWT","centered",274,1.00014348474779,24279.9830600342
"BWT","centered",275,1.00012720176047,24239.3462410187
"BWT","centered",276,1.00000629171707,24395.4629089387
"BWT","centered",277,1.00006271657347,24004.3671905714
"BWT","centered",278,0.999945593934267,25890.2413107144
"BWT","centered",279,0.999976086704599,23834.6802623873
"BWT","centered",280,0.999931032671639,24270.8355754206
"BWT","centered",281,0.999944921688401,24588.6959638319
"BWT","centered",282,0.999904043358989,23829.4888339824
"BWT","centered",283,0.999970488157677,23363.8305191376
"BWT","centered",284,1.00008602900006,22926.7191789248
"BWT","centered",285,0.999937356916968,23959.3638660897
"BWT","centered",286,1.00001766962522,23980.3569254608
"BWT","centered",287,1.00018298953249,24000
"BWT","centered",288,1.00005830468688,24083.9288242978
"BWT","centered",289,1.00016599762778,24000
"BWT","centered",290,1.00002863057706,24224.2345017241
"BWT","centered",291,1.0000047948993,24000
"BWT","centered",292,0.999912444163522,24000
"BWT","centered",293,1.00009670463209,23877.4728041031
"BWT","centered",294,1.00005195619476,23596.7097697688
"BWT","centered",295,0.999984318859632,24273.3597348303
"BWT","centered",296,0.999949960937695,24247.4759977236
"BWT","centered",297,0.99998685024784,24000
"BWT","centered",298,1.00000374620795,24379.8427863893
"BWT","centered",299,1.00011956671404,24342.7978256826
"BWT","centered",300,1.00000918732881,22983.2507153109
"BWT","centered",301,1.00019730491847,23519.4363610687
"BWT","centered",302,1.00026865325166,23341.6551245895
"BWT","centered",303,1.00017295139551,23479.400986742
"BWT","centered",304,1.00015228665731,24345.6709120619
"BWT","centered",305,0.999997007010181,24217.9740120762
"BWT","centered",306,0.999978205525046,24161.9965004989
"BWT","centered",307,1.00003625234488,23619.3090144462
"BWT","centered",308,0.999958977620843,24000
"BWT","centered",309,0.999983575206617,24000
"BWT","centered",310,0.999951791804894,24000
"BWT","centered",311,0.999884131584794,24680.2417693697
"BWT","centered",312,0.999943149572161,24253.9081527454
"BWT","centered",313,0.999928637831762,23451.3653442775
"BWT","centered",314,0.999891562928035,23877.2397415943
"BWT","centered",315,0.999984790668463,24105.5973546428
"BWT","centered",316,0.999961172683569,24009.8064277531
"BWT","centered",317,1.00001598815061,24012.9748088179
"BWT","centered",318,0.999981999608172,24318.6429566645
"BWT","centered",319,1.00020862307154,24000
"BWT","centered",320,1.0001993523629,24000
"BWT","centered",321,1.00010203946224,24334.1229892651
"BWT","centered",322,1.00002576024366,23834.85088959
"BWT","centered",323,0.999992948739004,24238.5612885971
"BWT","centered",324,0.999942365969066,24000
"BWT","centered",325,0.999987006506371,23480.6967771999
"BWT","centered",326,1.00004478719122,24032.0114276983
"BWT","centered",327,1.0000828057896,24271.1735753809
"BWT","centered",328,1.00006745637003,24600.7598742848
"BWT","centered",329,1.00001899841834,23903.869503886
"BWT","centered",330,1.00014603792928,24511.6267919118
"BWT","centered",331,0.999954987476193,23776.9751676791
"BWT","centered",332,1.00006758646068,23869.171303937
"BWT","centered",333,0.999983450837248,23462.5212059348
"BWT","centered",334,0.999926869040359,23705.9286943489
"BWT","centered",335,0.999893790746532,23764.5788643045
"BWT","centered",336,0.99992525981813,24000
"BWT","centered",337,0.999936516726707,24000
"BWT","centered",338,0.999991275271468,23467.7751962241
"BWT","centered",339,0.99996233397291,24000.0000000001
"BWT","centered",340,0.999965566502625,24230.0135262981
"BWT","centered",341,1.00005851781828,23579.2464695041
"BWT","centered",342,1.00008537901209,24267.9154439917
"BWT","centered",343,1.00013077743352,24000
"BWT","centered",344,1.00011426494333,23752.69484739
"BWT","centered",345,0.999977510718627,24000
"BWT","centered",346,1.00005071273612,24000
"BWT","centered",347,0.999955135057244,24000
"BWT","centered",348,1.0000010545179,24000
"BWT","centered",349,0.999981568757133,24314.8947748024
"BWT","centered",350,0.999932304971761,24082.7650598932
"BWT","centered",351,1.00001360930933,24239.1691302248
"BWT","centered",352,0.999957974256294,23276.9664037119
"BWT","centered",353,0.999931137368944,23180.1132874202
"BWT","centered",354,0.999926586714623,23462.0128531776
"BWT","centered",355,0.999887414471924,23649.1354106307
"BWT","centered",356,0.999940539897167,24063.1302128286
"BWT","centered",357,1.00011878468579,24000
"BWT","centered",358,1.00007212004663,24243.7397250017
"BWT","centered",359,0.999935752332179,24000
"BWT","centered",360,1.00008272559842,24000
"BWT","centered",361,1.00005635239938,24147.8752710748
"BWT","centered",362,1.00001039409653,24241.7789378111
"BWT","centered",363,1.00014035469042,23334.2971379634
"BWT","centered",364,1.00012369677194,24254.0266701311
"BWT","centered",365,0.999980802638263,24715.9303906615
"BWT","centered",366,0.99995822794372,23993.2772846192
"BWT","centered",367,0.999961007512506,24399.1304393047
"BWT","centered",368,0.999981815517901,23418.6720017627
"BWT","centered",369,0.999901370682263,23607.566872922
"BWT","centered",370,1.00003989658763,23841.2131125392
"BWT","centered",371,0.999939902493186,22598.1005912903
"BWT","centered",372,1.00012446423297,24000
"BWT","centered",373,1.0001171368576,23407.5346781997
"BWT","centered",374,1.00005260034759,24000
"BWT","centered",375,1.00000872452403,24649.5623114699
"BWT","centered",376,0.999991562950516,23819.029309144
"BWT","centered",377,1.00000142021799,24662.0162173767
"BWT","centered",378,1.00005928080936,24000
"BWT","centered",379,1.00011171733923,24220.9776809621
"BWT","centered",380,1.00003038372902,23966.1719729663
"BWT","centered",381,1.00021781387251,23761.922310923
"BWT","centered",382,1.00002754441638,24000
"BWT","centered",383,1.0000839102821,24000
"BWT","centered",384,0.999993362608551,24000
"BWT","centered",385,1.00001327435114,23709.7090408722
"BWT","centered",386,1.00005967972356,24200.460201665
"BWT","centered",387,1.00001457480884,24000
"BWT","centered",388,1.00002568575213,23738.7040159215
"BWT","centered",389,0.999963873350395,24005.2466259288
"BWT","centered",390,0.999988965063599,24001.5596122361
"BWT","centered",391,0.999931373772127,24000
"BWT","centered",392,1.00012434455491,24000
"BWT","centered",393,0.999946628741218,23955.7610925376
"BWT","centered",394,0.999982210824971,24561.40635147
"BWT","centered",395,0.999976095428101,24115.2410849124
"BWT","centered",396,1.00000239808155,24000
"BWT","centered",397,1.00002477918399,24000
"BWT","centered",398,1.00012809806523,24000
"BWT","centered",399,0.999980313847675,24084.1980911989
"BWT","centered",400,0.999950171724094,23761.7666187702
"BWT","centered",401,1.0000809208073,24197.0641308359
"BWT","centered",402,1.00013979809625,24000
"BWT","centered",403,1.00002371779037,24000
"BWT","centered",404,1.00008053730394,24000
"BWT","centered",405,1.00008745629364,24000
"BWT","centered",406,0.999991512950817,24000
"BWT","centered",407,1.00006911430058,24000
"BWT","centered",408,1.00010738686549,24000
"BWT","centered",409,1.00013737411268,24000
"BWT","centered",410,1.00003700026851,24276.0044830355
"BWT","centered",411,0.999950328436726,24000
"BWT","centered",412,1.00002745567406,23069.7628203338
"BWT","centered",413,0.999955634619145,24311.3464082365
"BWT","centered",414,0.999962323441072,23666.2408519016
"BWT","centered",415,0.999978835887407,24597.7460326779
"BWT","centered",416,0.999925557851338,24012.8030005754
"BWT","centered",417,1.00000597692083,24084.9914114377
"BWT","centered",418,1.00002523895154,24110.3117445961
"BWT","centered",419,1.00013667278726,23332.4048043563
"BWT","centered",420,1.00004592049772,23580.6819681846
"BWT","centered",421,0.999970992190468,23550.0758787088
"BWT","centered",422,1.00005236697088,23733.7646928026
"BWT","centered",423,1.00002708227723,23832.7725666538
"BWT","centered",424,1.00016232393889,24140.1119580296
"BWT","centered",425,0.999983156893691,23601.9072889801
"BWT","centered",426,1.00001992793387,23481.3136586588
"BWT","centered",427,1.00011716075049,23686.244353565
"BWT","centered",428,0.99995885567872,23730.9266281153
"BWT","centered",429,1.00005187416283,23771.8002295691
"BWT","centered",430,1.00011568879974,23726.2072981239
"BWT","centered",431,1.00012278763959,23764.1683008247
"BWT","centered",432,1.00008396583526,23906.5282554685
"BWT","centered",433,1.00005239174175,23704.501610008
"BWT","centered",434,1.00006411166295,24000
"BWT","centered",435,1.00006330498516,24000
"BWT","centered",436,0.999974204596686,23924.9499395104
"BWT","centered",437,1.00010048684657,23708.3855387734
"BWT","centered",438,1.00029199943461,24000
"BWT","centered",439,1.00034727368425,24455.9745378071
"BWT","centered",440,1.00027578659045,24000
"BWT","centered",441,1.00014166561602,24956.1528997881
"BWT","centered",442,1.00006316904677,24380.6643176789
"BWT","centered",443,1.00011365271204,24333.7937107129
"BWT","centered",444,1.00003591480263,24101.3959498671
"BWT","centered",445,0.999923842976477,24305.7772462851
"BWT","centered",446,1.00007015912211,24235.87934478
"BWT","centered",447,1.00008016171641,24000
"BWT","centered",448,1.00008368171542,24000
"BWT","centered",449,0.999962517176866,24000
"BWT","centered",450,1.00002928417907,24341.5927981726
"BWT","centered",451,0.999954492829452,24000
"BWT","centered",452,1.00000388702849,23656.1651509291
"BWT","centered",453,1.00005980766156,23759.7175319763
"BWT","centered",454,0.999978833062058,23999.9999999999
"BWT","centered",455,1.00002102052646,23757.2413330209
"BWT","centered",456,1.00000677459757,22492.5047321438
"BWT","centered",457,1.00002622644369,23540.4136087516
"BWT","centered",458,0.999962337249177,23440.6644620443
"BWT","centered",459,0.999982168531058,23428.0718224327
"BWT","centered",460,0.999994982842236,23341.7107655928
"BWT","centered",461,0.999988007621422,23289.2618445513
"BWT","centered",462,1.00011300878017,23448.9204852866
"BWT","centered",463,1.00006237706395,23626.6886111933
"BWT","centered",464,1.00003050465474,23528.2647937108
"BWT","centered",465,1.00003953892215,23112.2929902311
"BWT","centered",466,1.00012561853398,21719.8323598754
"BWT","centered",467,1.00014703192538,20829.3369130938
"BWT","centered",468,1.00036745510273,17180.5722211041
"BWT","centered",469,1.00035931176326,14837.6605308195
"BWT","centered",470,1.00048748662913,11483.68313042
"BWT","centered",471,1.00067473256981,9659.03375839797
"BWT","centered",472,1.00096401872664,7200.98794590079
"BWT","centered",473,1.0011329160802,5130.07012800986
"BWT","centered",474,1.00157091716467,4491.65899913517
"BWT","centered",475,1.00120728021258,4621.35592369134
"BWT","centered",476,1.00075558011792,4923.58023189725
"BWT","centered",477,1.00065849746275,4960.30954882135
"BWT","centered",478,1.00048207314978,5153.29031436471
"BWT","centered",479,1.00055799989681,5269.6981186919
"BWT","centered",480,1.00058940506637,5256.67745120852
"BWT","centered",481,1.00047776196827,4748.13849531928
"BWT","centered",482,1.00043826957669,5170.24478121629
"BWT","centered",483,1.00080388773332,4850.40001012402
"BWT","centered",484,1.00085978223497,4578.51584854614
"BWT","centered",485,1.00100012024789,4192.5819705998
"BWT","centered",486,1.00082148893978,4068.21257090264
"BWT","centered",487,1.0013448861651,4232.45681501616
"BWT","centered",488,1.00161571213455,4748.03069980959
"BWT","centered",489,1.00176112194037,5565.81871611079
"BWT","centered",490,1.00192442164609,6266.54189202003
"BWT","centered",491,1.00162838675498,7511.36844689521
"BWT","centered",492,1.00156466077903,8096.22024912168
"BWT","centered",493,1.00116115336594,9224.41366750688
"BWT","centered",494,1.00075709007881,9594.35421920571
"BWT","centered",495,1.0005482023032,10074.5642734206
"BWT","centered",496,1.00058738649882,10739.443890108
"BWT","centered",497,1.00076054431437,10807.9315528837
"BWT","centered",498,1.00078030558324,11137.554524396
"BWT","centered",499,1.00056124794676,10422.4395855962
"BWT","centered",500,1.00066975145661,10285.2317578568
"BWT","centered",501,1.00056941248918,10675.0763894585
"BWT","centered",502,1.00065975195974,11394.1544629768
"BWT","centered",503,1.00045970369615,11852.6910438588
"BWT","centered",504,1.00040046798108,12402.3809663834
"BWT","centered",505,1.00007553761652,11154.7605979517
"BWT","centered",506,1.0001383841272,9544.73937494027
"BWT","centered",507,1.00019124863827,7548.61020927656
"BWT","centered",508,1.00013543439204,7313.57048119703
"BWT","centered",509,1.00008648839635,7030.53950089781
"BWT","centered",510,1.0000052331478,6919.7547075323
"BWT","centered",511,1.00017754585447,6409.71141768034
"BWT","centered",512,1.00055469423958,6702.36145111814
"BWT","centered",513,1.00053287026476,6761.50981551962
"BWT","centered",514,1.0002517548104,6624.76968824154
"BWT","centered",515,1.0001265229857,6644.76222345183
"BWT","centered",516,1.0000936063027,5845.90741907208
"BWT","centered",517,1.00017281743233,5822.2101571972
"BWT","centered",518,1.0001935906463,5529.67198265507
"BWT","centered",519,1.00048736931515,5568.55195702221
"BWT","centered",520,1.00046531407582,5949.88375816107
"BWT","centered",521,1.00031139972721,5585.56366508719
"BWT","centered",522,1.00025245146378,5439.60137067909
"BWT","centered",523,1.00032663317709,5741.02724140745
"BWT","centered",524,1.00036455023739,4764.42085466867
"BWT","centered",525,1.00056827331985,3725.95139726101
"BWT","centered",526,1.00089751025653,3281.18035778594
"BWT","centered",527,1.00135785572602,3158.20234363564
"BWT","centered",528,1.00162011448803,3124.46630547656
"BWT","centered",529,1.00182171977974,3232.61149561025
"BWT","centered",530,1.00174548632779,3180.23218678988
"BWT","centered",531,1.0023368383957,3143.27705268172
"BWT","centered",532,1.00251867375355,2852.40491543222
"BWT","centered",533,1.00281113404169,2466.33780392367
"BWT","centered",534,1.00292666291337,2131.98260132344
"BWT","centered",535,1.00360007927989,1958.95591856584
"BWT","centered",536,1.00372259255714,1952.72655122266
"BWT","centered",537,1.00341869835326,1879.97813348635
"BWT","centered",538,1.00321916019114,1838.28929697445
"BWT","centered",539,1.00216897594547,1885.65831055866
"BWT","centered",540,1.0014181506514,2030.05583917616
"BWT","first_difference",1,1.00010696247318,24000
"BWT","first_difference",2,1.00014784270333,25162.0250641938
"BWT","first_difference",3,1.0001224397283,23507.0901866708
"BWT","first_difference",4,0.999987859089221,23684.9886839867
"BWT","first_difference",5,1.00002607393057,23825.6622772314
"BWT","first_difference",6,1.0001536858245,23800.935119632
"BWT","first_difference",7,1.00004207568674,24710.52836903
"BWT","first_difference",8,1.00008397408735,24511.0469375918
"BWT","first_difference",9,1.000097639347,24000
"BWT","first_difference",10,1.00006316793341,25376.4864743611
"BWT","first_difference",11,1.00005706790151,24035.3635140713
"BWT","first_difference",12,0.999930649471086,23796.2570899482
"BWT","first_difference",13,1.00004673829373,25943.1874439345
"BWT","first_difference",14,1.00016508128179,24010.243689806
"BWT","first_difference",15,0.999980586725063,23792.3913805654
"BWT","first_difference",16,1.00022680875872,23023.9241965194
"BWT","first_difference",17,0.999993860089891,24000
"BWT","first_difference",18,1.00012423922249,24000
"BWT","first_difference",19,1.00012596463419,23902.7115231639
"BWT","first_difference",20,0.999907393120389,23766.6135135456
"BWT","first_difference",21,1.00005518591695,23731.2240008615
"BWT","first_difference",22,1.00003239012953,24068.2159994304
"BWT","first_difference",23,1.00008800493127,24000
"BWT","first_difference",24,1.00003101892842,23554.0870258245
"BWT","first_difference",25,0.999979495819797,24278.177650575
"BWT","first_difference",26,0.999974267011352,24058.7924074925
"BWT","first_difference",27,1.00003826647907,24000
"BWT","first_difference",28,0.999991955766821,23779.6897634863
"BWT","first_difference",29,1.000047012073,24558.0728749778
"BWT","first_difference",30,0.999954393236097,24498.7727104775
"BWT","first_difference",31,1.00004566638356,24000
"BWT","first_difference",32,1.00007622087955,23846.9691840914
"BWT","first_difference",33,1.0000542311724,24766.409021551
"BWT","first_difference",34,1.00017041462851,24402.1099701541
"BWT","first_difference",35,1.00004117958602,23461.6529898328
"BWT","first_difference",36,1.00006676392376,23671.1316490278
"BWT","first_difference",37,1.00010239386587,25719.3595547168
"BWT","first_difference",38,1.00002513083465,23658.5970323193
"BWT","first_difference",39,1.00033131840904,23768.2511603565
"BWT","first_difference",40,0.999972918985292,24100.0743487746
"BWT","first_difference",41,0.999933633594743,23641.8503898918
"BWT","first_difference",42,0.999976326598457,24000
"BWT","first_difference",43,0.999902488680292,23667.2645564714
"BWT","first_difference",44,1.00007570871332,25361.4716520046
"BWT","first_difference",45,1.00006276631628,24790.7721760924
"BWT","first_difference",46,0.999990942887815,23692.9510098972
"BWT","first_difference",47,0.999977188392033,24000
"BWT","first_difference",48,1.00007103616281,23762.5908365304
"BWT","first_difference",49,1.00007700953439,25370.3887151357
"BWT","first_difference",50,1.00003125777718,24080.3323621923
"BWT","first_difference",51,0.999910261087979,23206.3836603624
"BWT","first_difference",52,1.00000894347276,24114.0484540172
"BWT","first_difference",53,0.999957854983744,23636.7106898084
"BWT","first_difference",54,1.00004427072573,24000
"BWT","first_difference",55,1.00005865877333,24317.8392232674
"BWT","first_difference",56,0.999960223940379,23772.8932001877
"BWT","first_difference",57,0.999987957041933,24251.3909038675
"BWT","first_difference",58,1.00000192252375,24000
"BWT","first_difference",59,0.999942376297507,24587.1395550864
"BWT","first_difference",60,1.00003261237365,24000
"BWT","first_difference",61,1.00000890637948,23599.1161062887
"BWT","first_difference",62,0.999914760965745,23875.6214473129
"BWT","first_difference",63,1.00015669749564,24000
"BWT","first_difference",64,1.00003173556369,23944.0522245844
"BWT","first_difference",65,1.00016082840143,24000
"BWT","first_difference",66,1.00026541701081,23729.761942014
"BWT","first_difference",67,1.00002905284616,24000
"BWT","first_difference",68,0.999977727309604,24138.909029899
"BWT","first_difference",69,1.00020739105896,24000
"BWT","first_difference",70,1.00000128734307,23965.5610910647
"BWT","first_difference",71,1.00003951313856,25057.3704550819
"BWT","first_difference",72,1.00012285159957,24820.9867294964
"BWT","first_difference",73,1.00009704878839,24000.0000000001
"BWT","first_difference",74,0.999963564520595,24159.2642209403
"BWT","first_difference",75,0.999950213205687,25520.5555618042
"BWT","first_difference",76,1.00002538825482,24000
"BWT","first_difference",77,0.999946690033415,24019.043552622
"BWT","first_difference",78,0.999924218029035,24635.3782722721
"BWT","first_difference",79,1.00014703323933,23714.9457925885
"BWT","first_difference",80,0.999956714001619,24776.2962480016
"BWT","first_difference",81,1.00011229831167,24362.857727928
"BWT","first_difference",82,1.00015544920269,24636.1330651819
"BWT","first_difference",83,1.00008320390721,23831.4781145763
"BWT","first_difference",84,0.999961054078103,23564.730091824
"BWT","first_difference",85,0.999980326894583,24000
"BWT","first_difference",86,1.00007770400402,24000
"BWT","first_difference",87,1.00020244566987,23709.3452751737
"BWT","first_difference",88,1.00013794850378,25433.3439788358
"BWT","first_difference",89,1.00013470112435,24211.2744626449
"BWT","first_difference",90,1.00019385071509,23942.8769220011
"BWT","first_difference",91,0.999962098909738,24494.2356649523
"BWT","first_difference",92,1.00007415814833,24499.0936743468
"BWT","first_difference",93,1.00018061181788,23999.9999999999
"BWT","first_difference",94,0.999936601936216,24000
"BWT","first_difference",95,1.00007264477378,25225.5139792759
"BWT","first_difference",96,1.00012660502084,24000
"BWT","first_difference",97,0.999984922952722,23637.8095132282
"BWT","first_difference",98,0.999985228487374,23919.8056040896
"BWT","first_difference",99,0.999943634649896,24361.9163271105
"BWT","first_difference",100,1.00001515292186,24293.5131786023
"BWT","first_difference",101,1.00005238401623,24000
"BWT","first_difference",102,1.00018390085084,24000
"BWT","first_difference",103,1.00004697004819,24591.3588449494
"BWT","first_difference",104,1.00002682853507,24334.3611314211
"BWT","first_difference",105,1.00018504577164,24058.2980225538
"BWT","first_difference",106,1.00007738160871,23559.8525437577
"BWT","first_difference",107,0.999996578415698,24693.3946643097
"BWT","first_difference",108,0.999991980599671,24625.9612320872
"BWT","first_difference",109,1.00016424392534,24000
"BWT","first_difference",110,1.00000923569535,24226.9707996773
"BWT","first_difference",111,0.999963320860933,24000
"BWT","first_difference",112,1.00013128363049,23583.9176636474
"BWT","first_difference",113,0.999980569446783,24338.9964297091
"BWT","first_difference",114,0.999988137930382,24524.0263683122
"BWT","first_difference",115,1.00008031354653,23750.4170066663
"BWT","first_difference",116,0.999939898480012,24000
"BWT","first_difference",117,1.00010947630458,23853.3798979549
"BWT","first_difference",118,1.00024311420769,24251.3892665072
"BWT","first_difference",119,1.00004662782571,22383.3113609651
"BWT","first_difference",120,1.00026967164126,24368.5816991826
"BWT","first_difference",121,1.00000703034317,24315.5839898094
"BWT","first_difference",122,1.00008950145441,24000
"BWT","first_difference",123,1.00000499858447,23726.7033367966
"BWT","first_difference",124,0.999928318038142,24257.1651356329
"BWT","first_difference",125,1.0000542280933,23608.9980384557
"BWT","first_difference",126,1.00005442125224,23365.488481169
"BWT","first_difference",127,0.999968729170554,23515.7146872116
"BWT","first_difference",128,0.999963674693593,24497.0045528516
"BWT","first_difference",129,0.999995050788159,24141.4109961128
"BWT","first_difference",130,1.00052922841887,24050.6889949175
"BWT","first_difference",131,1.00006053827943,24000
"BWT","first_difference",132,1.00014424179586,24000.0000000001
"BWT","first_difference",133,1.00007558456191,23861.0140890163
"BWT","first_difference",134,0.999925664299855,25188.5776652474
"BWT","first_difference",135,0.999995112902994,23752.2963205715
"BWT","first_difference",136,0.999953912720999,26246.4863689076
"BWT","first_difference",137,1.00017696629201,23730.6673681142
"BWT","first_difference",138,0.999988471308159,23370.188422674
"BWT","first_difference",139,1.00012218733165,24000
"BWT","first_difference",140,1.00014587316716,24505.9414148543
"BWT","first_difference",141,1.00002670951931,24518.4669879941
"BWT","first_difference",142,1.00004813164096,24000
"BWT","first_difference",143,1.00010464618328,24828.4549319329
"BWT","first_difference",144,1.00002420846618,24269.3682302254
"BWT","first_difference",145,1.00007774693503,24000.0000000001
"BWT","first_difference",146,1.00013196072318,24187.7307830267
"BWT","first_difference",147,1.00015482978134,24468.9287657117
"BWT","first_difference",148,1.00007891545112,24000
"BWT","first_difference",149,0.999952386024047,23290.6408250856
"BWT","first_difference",150,0.999964084961246,23607.9272970251
"BWT","first_difference",151,1.00008643983844,23638.558011222
"BWT","first_difference",152,0.99993906836777,24000
"BWT","first_difference",153,1.00008024558746,24000
"BWT","first_difference",154,1.00010964681867,24000
"BWT","first_difference",155,0.999940642626665,23130.3169545113
"BWT","first_difference",156,1.00006237716039,24411.1585057604
"BWT","first_difference",157,1.00023597136429,24267.3790461098
"BWT","first_difference",158,1.00012527156872,23780.8022515496
"BWT","first_difference",159,1.0000180546704,24713.8385710988
"BWT","first_difference",160,1.00007282689656,24253.144197385
"BWT","first_difference",161,0.999999864515506,24115.5548057033
"BWT","first_difference",162,1.00002838205802,24252.5532717076
"BWT","first_difference",163,1.00027311749044,24654.6776775517
"BWT","first_difference",164,1.00002508647723,23183.8205628094
"BWT","first_difference",165,1.00003815486475,24098.2833417417
"BWT","first_difference",166,1.00001120310667,24000
"BWT","first_difference",167,1.00004993949646,24000
"BWT","first_difference",168,0.999973388588459,24000
"BWT","first_difference",169,1.00030795232406,23721.9656063158
"BWT","first_difference",170,0.999947236990327,24322.4326124221
"BWT","first_difference",171,1.0001463396088,24337.2964772373
"BWT","first_difference",172,1.00006967563013,24271.6809098015
"BWT","first_difference",173,0.999932597129808,24596.9963261303
"BWT","first_difference",174,1.00005340848852,23371.5293035594
"BWT","first_difference",175,0.999970815730687,25613.8027409964
"BWT","first_difference",176,0.999901046347924,24000
"BWT","first_difference",177,1.00003685963513,23772.0482112293
"BWT","first_difference",178,1.00006270617478,24573.0001898187
"BWT","first_difference",179,0.999984104544147,23384.8218028024
"BWT","first_difference",180,0.9999632481655,23180.9171244461
"BWT","first_difference",181,1.0000152835545,24303.9884780771
"BWT","first_difference",182,0.999910669721527,24081.8922659801
"BWT","first_difference",183,1.00006220830115,24000
"BWT","first_difference",184,0.999946951201187,23648.1596401178
"BWT","first_difference",185,1.00003263802799,23078.6020873109
"BWT","first_difference",186,1.00007717993272,24906.5935409395
"BWT","first_difference",187,0.999904672604381,23801.8222875985
"BWT","first_difference",188,0.999958552146523,24327.2803267699
"BWT","first_difference",189,1.00004217243404,24000
"BWT","first_difference",190,1.00002900337665,24000
"BWT","first_difference",191,1.00000001932311,23503.6358459752
"BWT","first_difference",192,1.00005923561532,23696.2099186678
"BWT","first_difference",193,1.00000803784295,24262.4251936204
"BWT","first_difference",194,0.999904155890682,24209.7218809036
"BWT","first_difference",195,1.00011529306765,24864.3615577332
"BWT","first_difference",196,1.00014787473444,24576.1319015953
"BWT","first_difference",197,0.999981310037024,24224.3543026399
"BWT","first_difference",198,1.00018118589471,23717.8579974898
"BWT","first_difference",199,1.00007953201287,23948.6164996975
"BWT","first_difference",200,1.00011525204746,24000
"BWT","first_difference",201,1.00006147530229,24457.4306588673
"BWT","first_difference",202,1.00037484458675,23777.3807105801
"BWT","first_difference",203,1.0001321647733,24033.5682121056
"BWT","first_difference",204,1.00006334602832,23123.7782731579
"BWT","first_difference",205,0.99993955269099,24319.3335904896
"BWT","first_difference",206,0.99996457086647,24543.7668310148
"BWT","first_difference",207,1.00006080313358,24000
"BWT","first_difference",208,0.999930289751619,23978.838660651
"BWT","first_difference",209,0.999904519804002,24000
"BWT","first_difference",210,0.999940935891986,23434.6621302616
"BWT","first_difference",211,0.999988077500033,24000.0000000001
"BWT","first_difference",212,1.00025420997788,23360.95189955
"BWT","first_difference",213,1.00000966020815,23567.0169025475
"BWT","first_difference",214,1.00005592951561,23776.5518774116
"BWT","first_difference",215,0.999978423121139,24415.8666412664
"BWT","first_difference",216,1.00004076668245,24000
"BWT","first_difference",217,0.999976836564617,24611.8448634758
"BWT","first_difference",218,1.00014995939717,24479.6437350107
"BWT","first_difference",219,1.00000687460833,24236.2600266301
"BWT","first_difference",220,1.00013951078821,23684.9967834908
"BWT","first_difference",221,1.00022679710404,23850.3320790103
"BWT","first_difference",222,1.00008365757235,23166.2260525445
"BWT","first_difference",223,0.999991865307477,23403.523394854
"BWT","first_difference",224,0.999920556306775,23464.1836685824
"BWT","first_difference",225,1.00005024602679,24406.4717721187
"BWT","first_difference",226,1.00009261384016,23995.6731365204
"BWT","first_difference",227,0.999988833916924,23944.8579442596
"BWT","first_difference",228,1.0000713237986,23943.4797453181
"BWT","first_difference",229,0.999999908679813,24543.4804677654
"BWT","first_difference",230,1.00029531906582,24433.842707968
"BWT","first_difference",231,1.00009468404288,24259.9029014242
"BWT","first_difference",232,1.00004289274024,24239.6916803075
"BWT","first_difference",233,1.00006137739508,24000
"BWT","first_difference",234,1.00012446201587,25041.3212865946
"BWT","first_difference",235,1.00013785672263,23562.4052332409
"BWT","first_difference",236,1.0000304810189,23363.6607225608
"BWT","first_difference",237,0.999952809553646,23288.0058737197
"BWT","first_difference",238,1.00006312371505,24000
"BWT","first_difference",239,1.00003712014468,23783.6163034993
"BWT","first_difference",240,1.00009675644574,22935.604359535
"BWT","first_difference",241,1.00002282949999,23270.5320270518
"BWT","first_difference",242,1.00013393154741,24000
"BWT","first_difference",243,1.00012650211216,24000
"BWT","first_difference",244,1.00004236812963,24000
"BWT","first_difference",245,1.00000927853139,24938.3985149078
"BWT","first_difference",246,0.999947394947549,23617.4915763897
"BWT","first_difference",247,0.999958557262816,24229.0793692939
"BWT","first_difference",248,1.00004887934253,23653.042620983
"BWT","first_difference",249,0.999950608192844,24370.4633108294
"BWT","first_difference",250,1.00012354780375,24000
"BWT","first_difference",251,1.0000125699358,24000
"BWT","first_difference",252,0.999939761233161,24091.4826966156
"BWT","first_difference",253,1.00001019235453,23496.1728445467
"BWT","first_difference",254,1.00008216071694,23756.8514678156
"BWT","first_difference",255,0.999972758168144,24000
"BWT","first_difference",256,1.00010974236091,24000
"BWT","first_difference",257,1.00005021182705,24000
"BWT","first_difference",258,0.999995047664357,24000
"BWT","first_difference",259,0.999942550106427,24752.1025441863
"BWT","first_difference",260,1.00003857648126,24000
"BWT","first_difference",261,0.999978132352102,23708.1039612205
"BWT","first_difference",262,1.0001202320667,23780.924954576
"BWT","first_difference",263,1.00004339000693,24000
"BWT","first_difference",264,0.999954503920012,24330.5049077255
"BWT","first_difference",265,1.00014940148258,25054.4015817811
"BWT","first_difference",266,0.99998707018794,23327.8936127569
"BWT","first_difference",267,1.00001099631471,23975.5671981518
"BWT","first_difference",268,1.00000454392322,24388.0965536441
"BWT","first_difference",269,1.00014147941471,24000
"BWT","first_difference",270,1.00002790850053,24017.2326008904
"BWT","first_difference",271,1.00001298372925,23872.6442631164
"BWT","first_difference",272,1.00003918997164,23582.7921063999
"BWT","first_difference",273,0.999950743343323,25205.8769382582
"BWT","first_difference",274,0.999980485518139,23718.8739154291
"BWT","first_difference",275,1.00015994727265,24234.1427998689
"BWT","first_difference",276,1.00003858840671,24000
"BWT","first_difference",277,0.999970954722751,24000
"BWT","first_difference",278,1.00003316893366,24046.1482257444
"BWT","first_difference",279,1.00007210257134,23514.6595334795
"BWT","first_difference",280,1.00022678279254,23693.8572493104
"BWT","first_difference",281,1.00000617634042,24000
"BWT","first_difference",282,1.00010448069171,24266.7240044952
"BWT","first_difference",283,1.00012566249488,24424.2942493374
"BWT","first_difference",284,1.00018699753613,23837.7091770777
"BWT","first_difference",285,1.00030053270059,23689.5907909335
"BWT","first_difference",286,1.00001330129249,24225.1295237032
"BWT","first_difference",287,0.999936820721796,24638.9991952628
"BWT","first_difference",288,1.00018192523673,23416.9671666075
"BWT","first_difference",289,1.00010989320752,24568.7377550777
"BWT","first_difference",290,1.00010048863137,24623.7090761029
"BWT","first_difference",291,1.00000194044005,24000
"BWT","first_difference",292,0.999976461535448,23859.1027232479
"BWT","first_difference",293,0.999937559984167,23755.4594611193
"BWT","first_difference",294,1.00001208928469,24264.3656764319
"BWT","first_difference",295,0.999944216700569,24317.5480783992
"BWT","first_difference",296,1.00005645146625,24000
"BWT","first_difference",297,0.999924877570394,25519.1700780121
"BWT","first_difference",298,1.00015843326376,23679.2989097305
"BWT","first_difference",299,0.999978337202035,24000
"BWT","first_difference",300,1.00008463773086,23500.9385597792
"BWT","first_difference",301,0.999978793072664,24517.8868684183
"BWT","first_difference",302,1.00012136490308,24169.4082593176
"BWT","first_difference",303,0.999917972841033,24474.0688406868
"BWT","first_difference",304,1.00018885248612,24532.5090318516
"BWT","first_difference",305,0.99996449947912,23704.5589468574
"BWT","first_difference",306,1.00003669176516,23581.7781569263
"BWT","first_difference",307,1.00022668546682,24000
"BWT","first_difference",308,0.999971254917349,24773.9141396347
"BWT","first_difference",309,1.0000002944255,24600.3699250523
"BWT","first_difference",310,1.00007663425243,24260.0222766564
"BWT","first_difference",311,0.999965180916511,24000
"BWT","first_difference",312,0.999914484395444,24000
"BWT","first_difference",313,1.00007549466424,24255.7177198214
"BWT","first_difference",314,1.00005195310381,24461.4004211715
"BWT","first_difference",315,1.00008721076104,23759.5671421469
"BWT","first_difference",316,0.999917845190929,23412.8184057216
"BWT","first_difference",317,0.999917836615705,22931.04089534
"BWT","first_difference",318,1.00009155130958,24000
"BWT","first_difference",319,1.00018576965808,24000
"BWT","first_difference",320,0.999880630797274,23781.2438950575
"BWT","first_difference",321,1.00006917156263,24051.2511143974
"BWT","first_difference",322,1.00005350789256,24000
"BWT","first_difference",323,0.999997179239308,23560.3307405308
"BWT","first_difference",324,1.00023948101479,23839.445155249
"BWT","first_difference",325,1.00002196524346,23666.3318241846
"BWT","first_difference",326,1.00002199500749,22965.9326837969
"BWT","first_difference",327,1.00004503778758,24000
"BWT","first_difference",328,1.00003278100315,24566.2455037149
"BWT","first_difference",329,1.00005477414648,23999.9999999999
"BWT","first_difference",330,1.00000554612371,23742.6254671546
"BWT","first_difference",331,1.000041206893,24153.5890406022
"BWT","first_difference",332,1.00011984160076,24302.8257868335
"BWT","first_difference",333,0.999981440935641,24288.9048725832
"BWT","first_difference",334,1.00004136411554,24000
"BWT","first_difference",335,1.00008145987819,24000
"BWT","first_difference",336,0.999993450987638,24000
"BWT","first_difference",337,0.999985536188424,23465.8459354078
"BWT","first_difference",338,1.00003742120181,24109.9494098795
"BWT","first_difference",339,1.00024874168477,23598.5876928628
"BWT","first_difference",340,1.000288764112,24000.0000000001
"BWT","first_difference",341,0.99992136351955,24696.441504159
"BWT","first_difference",342,1.00005415605362,24000
"BWT","first_difference",343,1.00007342225805,24000.0000000001
"BWT","first_difference",344,0.999940250243811,24000
"BWT","first_difference",345,0.999928521853442,24000
"BWT","first_difference",346,0.999923388613722,23596.4343350585
"BWT","first_difference",347,1.00029425084314,23937.553232723
"BWT","first_difference",348,1.00001089128735,24608.6446609878
"BWT","first_difference",349,1.00008871413495,24229.6711369773
"BWT","first_difference",350,1.00004045205399,24700.0936759362
"BWT","first_difference",351,1.00014674902451,24000
"BWT","first_difference",352,0.999955375195894,24025.5723818883
"BWT","first_difference",353,0.99998020742513,24000
"BWT","first_difference",354,1.00004090170236,24669.317141317
"BWT","first_difference",355,0.999883780317001,24000
"BWT","first_difference",356,0.999985004395336,24000
"BWT","first_difference",357,1.00027270925151,24572.2415842088
"BWT","first_difference",358,0.999907710304819,24000
"BWT","first_difference",359,1.0000730011853,23549.411024649
"BWT","first_difference",360,1.00025010858303,23664.9334891821
"BWT","first_difference",361,1.00002352089425,24000
"BWT","first_difference",362,1.00022672975738,23858.5091947583
"BWT","first_difference",363,1.00010184275969,23044.6142324316
"BWT","first_difference",364,1.00007300155759,24350.3450323571
"BWT","first_difference",365,1.00012842423167,23622.8908535681
"BWT","first_difference",366,1.00009176837508,24429.334172806
"BWT","first_difference",367,0.999955442854412,24017.3767960867
"BWT","first_difference",368,1.0001794417445,24000
"BWT","first_difference",369,1.00006839270844,24203.7331262775
"BWT","first_difference",370,1.00006203390316,23774.7399901602
"BWT","first_difference",371,1.00013014796598,24000
"BWT","first_difference",372,1.00019165547477,24000
"BWT","first_difference",373,0.999935666469454,24000
"BWT","first_difference",374,1.00001180674957,23300.9076798941
"BWT","first_difference",375,1.00004133272217,24000
"BWT","first_difference",376,1.00010307996057,25029.1096820061
"BWT","first_difference",377,1.00000470794911,24000.0000000001
"BWT","first_difference",378,1.00004301995568,23911.3691356544
"BWT","first_difference",379,1.00023003520263,24000
"BWT","first_difference",380,0.999982625875902,24093.6066976613
"BWT","first_difference",381,1.00003116967123,24441.4327298549
"BWT","first_difference",382,1.00016396698453,24480.7079928321
"BWT","first_difference",383,1.00011100216528,25196.6270827402
"BWT","first_difference",384,1.00009531565869,23660.1746615166
"BWT","first_difference",385,1.00003530820287,23976.798708362
"BWT","first_difference",386,1.00011376988501,23563.4421966032
"BWT","first_difference",387,1.00002732811136,24544.2536183592
"BWT","first_difference",388,0.999985650724108,23643.8756990848
"BWT","first_difference",389,1.00006734186623,23455.3111396054
"BWT","first_difference",390,0.999918419714107,24323.1277196946
"BWT","first_difference",391,0.999957840955382,25009.3152247711
"BWT","first_difference",392,0.999957043160014,24000
"BWT","first_difference",393,1.0000088189597,24333.3307219746
"BWT","first_difference",394,0.999973364412078,23569.1972011094
"BWT","first_difference",395,0.999953631167243,24000
"BWT","first_difference",396,0.999967064471917,24000
"BWT","first_difference",397,1.00001485092882,24213.222829918
"BWT","first_difference",398,0.999981240606221,24047.2086677395
"BWT","first_difference",399,0.999997381799364,23609.1930262556
"BWT","first_difference",400,1.00004797722046,23740.9424589159
"BWT","first_difference",401,1.00006111417841,24000
"BWT","first_difference",402,0.99994247724846,22891.4972158088
"BWT","first_difference",403,1.00006313997479,24190.5945219904
"BWT","first_difference",404,0.999973955849925,23660.5788253265
"BWT","first_difference",405,1.00000693501156,24000
"BWT","first_difference",406,0.999917251755277,24579.621048986
"BWT","first_difference",407,1.00048065607594,23836.9773716837
"BWT","first_difference",408,0.999947340798997,24000
"BWT","first_difference",409,1.00012187523422,24493.94439058
"BWT","first_difference",410,1.00003854975538,24000
"BWT","first_difference",411,0.999954668154245,24000
"BWT","first_difference",412,1.00008526769175,23967.140195862
"BWT","first_difference",413,0.999959668244179,23311.5875391075
"BWT","first_difference",414,0.99998983776805,24502.7555824224
"BWT","first_difference",415,1.0000760056012,23563.5282973905
"BWT","first_difference",416,1.00013140405254,23763.4806314964
"BWT","first_difference",417,1.00009149489702,24000
"BWT","first_difference",418,0.999968041428897,24912.9194684306
"BWT","first_difference",419,1.00004271349218,24224.8719783587
"BWT","first_difference",420,1.00005516712225,24000
"BWT","first_difference",421,1.00011541381488,24000
"BWT","first_difference",422,0.999967129612073,24748.6891978025
"BWT","first_difference",423,1.00010906492369,24626.5395770049
"BWT","first_difference",424,1.00001769685366,23820.9559763595
"BWT","first_difference",425,1.00003739554644,24000
"BWT","first_difference",426,0.999967312767777,24272.2761293901
"BWT","first_difference",427,0.999908644627121,23566.0138926488
"BWT","first_difference",428,0.999919733848229,24940.891126581
"BWT","first_difference",429,1.00010743383566,24000
"BWT","first_difference",430,1.00001963281445,25985.188084684
"BWT","first_difference",431,1.00010300404505,23981.898581814
"BWT","first_difference",432,1.00016009787891,24639.0208809785
"BWT","first_difference",433,1.00005731504179,23899.3158804803
"BWT","first_difference",434,1.00007788788266,24241.97121759
"BWT","first_difference",435,1.00005108771938,24174.2412840517
"BWT","first_difference",436,0.999973486484448,23727.6918363926
"BWT","first_difference",437,0.999986240074723,24000
"BWT","first_difference",438,1.00011750720918,25832.6601130129
"BWT","first_difference",439,1.00012922299566,24491.0462501585
"BWT","first_difference",440,0.999996262484264,23994.636568082
"BWT","first_difference",441,0.999961300158537,24236.4339383413
"BWT","first_difference",442,1.00010299835865,23370.286072202
"BWT","first_difference",443,1.00040252160937,24080.6751863674
"BWT","first_difference",444,1.00004451557255,24427.4577493718
"BWT","first_difference",445,1.00003734243737,24596.4219862472
"BWT","first_difference",446,1.00012639174749,23782.0969877226
"BWT","first_difference",447,1.00007864733609,24581.5932762593
"BWT","first_difference",448,0.999976816423362,23760.0481127774
"BWT","first_difference",449,0.999918478635076,24000
"BWT","first_difference",450,1.00003861268664,24914.1136086736
"BWT","first_difference",451,1.00005566974146,24453.4320374858
"BWT","first_difference",452,0.999980238382337,26101.6382846924
"BWT","first_difference",453,0.999968874783209,24000
"BWT","first_difference",454,0.999886694560942,24000
"BWT","first_difference",455,1.00016150586729,23661.4539769784
"BWT","first_difference",456,1.00003070326668,23482.6312269225
"BWT","first_difference",457,1.00006055359994,23823.4524800564
"BWT","first_difference",458,1.00026172382468,24641.5068981584
"BWT","first_difference",459,1.00000076634332,23955.1808199563
"BWT","first_difference",460,1.00005026937025,24262.3726325646
"BWT","first_difference",461,1.00001434616022,23733.2022963025
"BWT","first_difference",462,1.00003367451371,24000
"BWT","first_difference",463,1.00019435786395,23947.4260179874
"BWT","first_difference",464,0.999947396840012,24352.2188174036
"BWT","first_difference",465,0.99998115950519,24476.3819284456
"BWT","first_difference",466,0.999979135910213,24000
"BWT","first_difference",467,0.999997492073345,23601.9663527835
"BWT","first_difference",468,0.999980022619688,23194.7756151265
"BWT","first_difference",469,1.00008784885342,23489.1356886897
"BWT","first_difference",470,1.000047656522,23884.9855359797
"BWT","first_difference",471,1.00006348324293,22691.66187939
"BWT","first_difference",472,1.00021570079283,20015.4012783586
"BWT","first_difference",473,1.00019409584069,22759.7905062996
"BWT","first_difference",474,1.00007693525106,22524.4435173232
"BWT","first_difference",475,0.999995869627283,21475.7388069648
"BWT","first_difference",476,1.00012654892967,21446.0829154945
"BWT","first_difference",477,1.00000338295558,21845.6446912659
"BWT","first_difference",478,1.00012507754403,22337.0522225348
"BWT","first_difference",479,1.00012650346768,21592.3679014036
"BWT","first_difference",480,1.00004076890205,20901.0219080284
"BWT","first_difference",481,0.999943601424698,21202.4010135887
"BWT","first_difference",482,0.999973912383911,20589.263561588
"BWT","first_difference",483,1.00000824899785,18696.584970411
"BWT","first_difference",484,0.999981057803901,18814.3127585762
"BWT","first_difference",485,1.00003447443104,19152.4150523361
"BWT","first_difference",486,1.00007075648794,20200.0937589965
"BWT","first_difference",487,1.00006319377807,21416.792927207
"BWT","first_difference",488,1.00002709223415,20948.5940027258
"BWT","first_difference",489,1.00000749559007,21333.7186652129
"BWT","first_difference",490,1.00010093999071,22364.3267285655
"BWT","first_difference",491,0.999909950927567,23272.1753646514
"BWT","first_difference",492,1.00011832450744,22586.7254063687
"BWT","first_difference",493,0.999998659328186,23378.9829338865
"BWT","first_difference",494,1.00021866095331,23605.367556809
"BWT","first_difference",495,1.00012729140228,24373.5276919405
"BWT","first_difference",496,1.00000872828106,24000
"BWT","first_difference",497,1.00010127296761,23491.195852739
"BWT","first_difference",498,1.00002866825254,23706.8705807002
"BWT","first_difference",499,1.00011258603184,24000
"BWT","first_difference",500,1.00010933739275,23488.5430139834
"BWT","first_difference",501,1.00013752854733,24000
"BWT","first_difference",502,1.00006783733646,23721.6604457126
"BWT","first_difference",503,1.00005004582849,21494.6293422861
"BWT","first_difference",504,1.00013422634933,23112.4142850183
"BWT","first_difference",505,1.00000950765849,21958.5669848953
"BWT","first_difference",506,1.00001733834622,20433.4355624021
"BWT","first_difference",507,1.00005208818945,22196.3831956523
"BWT","first_difference",508,1.00010259916826,22440.5069166882
"BWT","first_difference",509,1.0000559767601,21088.6238951095
"BWT","first_difference",510,0.99999820930309,20501.8733496907
"BWT","first_difference",511,1.00034248001517,22256.653773254
"BWT","first_difference",512,0.999949223677008,21783.8605489345
"BWT","first_difference",513,1.00001375830416,21882.5418388884
"BWT","first_difference",514,1.00016531142023,20224.2529149262
"BWT","first_difference",515,1.00019034804665,21262.5651487564
"BWT","first_difference",516,0.999967917029804,20840.3032177798
"BWT","first_difference",517,1.00013629035868,21782.9447852945
"BWT","first_difference",518,1.00019867414372,22114.3310773193
"BWT","first_difference",519,0.999955470796602,21183.7012115208
"BWT","first_difference",520,1.00028151193897,21416.6236383514
"BWT","first_difference",521,0.999938313460028,22729.985683836
"BWT","first_difference",522,1.0000782315524,22283.6987826738
"BWT","first_difference",523,1.0000444706244,20439.7642287268
"BWT","first_difference",524,1.00000600994186,19820.4961355868
"BWT","first_difference",525,1.00001237539879,19968.444426188
"BWT","first_difference",526,1.00011142079074,19688.049984976
"BWT","first_difference",527,1.0000979351613,18583.5982290103
"BWT","first_difference",528,1.00007394349256,18094.6238098445
"BWT","first_difference",529,1.00002577898523,18589.9530841715
"BWT","first_difference",530,1.00032264066054,18788.9682469718
"BWT","first_difference",531,1.00006483464673,17766.2244885973
"BWT","first_difference",532,0.999938912284574,18073.5572085665
"BWT","first_difference",533,1.0002659488608,16454.8837386468
"BWT","first_difference",534,1.00006308786376,16646.9500025129
"BWT","first_difference",535,1.00001232972085,14779.4781295893
"BWT","first_difference",536,1.00015205894149,15045.8313004615
"BWT","first_difference",537,1.00027816622443,13272.7439111163
"BWT","first_difference",538,1.00003575259292,12607.9245892795
"BWT","first_difference",539,0.999970831892379,16473.9233392618
