"parameter","form","time.index","Rhat","ESS"
"d13CO2","raw",1,1.11099502346817,1951.41700562326
"d13CO2","raw",2,1.08292174537267,2073.27860851037
"d13CO2","raw",3,1.06302549647018,2378.72180898402
"d13CO2","raw",4,1.05010023928283,2554.86269141679
"d13CO2","raw",5,1.04015116999116,2491.04090633049
"d13CO2","raw",6,1.03335311869418,2580.03646612323
"d13CO2","raw",7,1.02847345692153,2600.59274620045
"d13CO2","raw",8,1.02402533178677,2686.88925357156
"d13CO2","raw",9,1.02062301269964,2587.87936923249
"d13CO2","raw",10,1.01785791131857,2515.11190410499
"d13CO2","raw",11,1.01506895940904,2472.9720257888
"d13CO2","raw",12,1.0135564884456,2736.45497717412
"d13CO2","raw",13,1.01185293799441,2610.50340244502
"d13CO2","raw",14,1.01048305996591,2482.23507829533
"d13CO2","raw",15,1.00886020337154,2293.27988537088
"d13CO2","raw",16,1.00827737325238,2234.90251977745
"d13CO2","raw",17,1.00733998658512,2295.75242413545
"d13CO2","raw",18,1.0064042293265,2383.7199452292
"d13CO2","raw",19,1.00582481878963,2682.0653683706
"d13CO2","raw",20,1.00542566724443,2885.6747890862
"d13CO2","raw",21,1.00498086400598,3163.64219280022
"d13CO2","raw",22,1.00451699188318,3301.17978239634
"d13CO2","raw",23,1.00387509853828,3665.7049280983
"d13CO2","raw",24,1.00364481899447,3954.3658793837
"d13CO2","raw",25,1.00313222527045,4375.75428605599
"d13CO2","raw",26,1.00251234642752,4825.72035701732
"d13CO2","raw",27,1.00222088500028,5117.04507925031
"d13CO2","raw",28,1.00195069283303,5376.13527447563
"d13CO2","raw",29,1.00169449088524,6132.103249587
"d13CO2","raw",30,1.00140855532124,6725.43022333236
"d13CO2","raw",31,1.00100965119658,7039.34385710754
"d13CO2","raw",32,1.00078334172262,6855.15427794086
"d13CO2","raw",33,1.00061214156164,7439.96218883555
"d13CO2","raw",34,1.00056760278965,7808.6218735341
"d13CO2","raw",35,1.00044875090652,7931.84626781429
"d13CO2","raw",36,1.00037530770776,8334.97045187485
"d13CO2","raw",37,1.00031497256765,8486.26825227816
"d13CO2","raw",38,1.00026277204993,8385.88387458582
"d13CO2","raw",39,1.00016802030965,8362.4624670676
"d13CO2","raw",40,1.00006345644765,8552.78408496393
"d13CO2","raw",41,1.0001113406204,8485.75692030333
"d13CO2","raw",42,1.00009872442889,8094.03642039501
"d13CO2","raw",43,1.00013353756669,7480.20093244863
"d13CO2","raw",44,1.0001797321512,7255.30685639061
"d13CO2","raw",45,1.00017759423118,7413.29663834919
"d13CO2","raw",46,1.00016231537534,7132.94868138774
"d13CO2","raw",47,1.00018860307208,7075.35906447015
"d13CO2","raw",48,1.00009623711783,6999.7899420589
"d13CO2","raw",49,1.00003489409187,7270.28041983246
"d13CO2","raw",50,1.00003007085772,7321.22889621313
"d13CO2","raw",51,0.999977584479174,7554.18750991026
"d13CO2","raw",52,0.999996907284184,7219.26114420154
"d13CO2","raw",53,0.999948014684386,7401.91333914705
"d13CO2","raw",54,0.999970611800132,7692.05120081473
"d13CO2","raw",55,1.0000057298863,7955.0115726848
"d13CO2","raw",56,0.99998522089271,8505.6310763621
"d13CO2","raw",57,1.00004482685296,8494.11362930546
"d13CO2","raw",58,1.00009310175585,8441.34371074616
"d13CO2","raw",59,1.00013357501253,8476.64111249826
"d13CO2","raw",60,1.00020175574678,8933.66535046547
"d13CO2","raw",61,1.00022813105516,9001.25999193846
"d13CO2","raw",62,1.00027821515703,8817.79323787727
"d13CO2","raw",63,1.00025391171936,8877.1134274469
"d13CO2","raw",64,1.0001443274116,9033.97353146183
"d13CO2","raw",65,1.00010579378619,9247.1134728117
"d13CO2","raw",66,1.00018503144782,8640.21366578547
"d13CO2","raw",67,1.00029480175961,8343.89254402962
"d13CO2","raw",68,1.00030111206372,8188.79634518304
"d13CO2","raw",69,1.00034668995162,8538.63340230884
"d13CO2","raw",70,1.00043014357797,8316.69948158983
"d13CO2","raw",71,1.00048974945258,8095.77241749728
"d13CO2","raw",72,1.00034485527401,8474.20298750344
"d13CO2","raw",73,1.00029421141124,8660.59844505503
"d13CO2","raw",74,1.00026626389041,8604.35767837178
"d13CO2","raw",75,1.0003173524181,8337.48130189862
"d13CO2","raw",76,1.00028205003973,8521.95311145337
"d13CO2","raw",77,1.00030808361429,8643.49837027262
"d13CO2","raw",78,1.00028474209498,8983.48392034093
"d13CO2","raw",79,1.00019695598665,9170.058926195
"d13CO2","raw",80,1.0001968875933,8935.18239821029
"d13CO2","raw",81,1.00020209873718,9902.91646634878
"d13CO2","raw",82,1.00029124112592,9810.93414855903
"d13CO2","raw",83,1.00034683153938,9747.85855696287
"d13CO2","raw",84,1.00031386443407,9153.16438632679
"d13CO2","raw",85,1.00041916125503,8891.02879016739
"d13CO2","raw",86,1.00040328427437,8744.92718617201
"d13CO2","raw",87,1.00060477175409,8397.72094472884
"d13CO2","raw",88,1.00066367058705,8241.48616149737
"d13CO2","raw",89,1.0005775057044,8127.87337220398
"d13CO2","raw",90,1.00081943724351,7927.6080387679
"d13CO2","raw",91,1.00077041284827,7649.72983575774
"d13CO2","raw",92,1.00078126675269,7417.85905085947
"d13CO2","raw",93,1.00094432166904,7311.13874707324
"d13CO2","raw",94,1.00088917588453,6681.07034542385
"d13CO2","raw",95,1.00112853856373,6467.75030662721
"d13CO2","raw",96,1.00123520680951,6136.94324999857
"d13CO2","raw",97,1.00132137098381,5611.81600219428
"d13CO2","raw",98,1.00137376533439,5303.93802135137
"d13CO2","raw",99,1.00136070783162,4713.90965405711
"d13CO2","raw",100,1.00149728363955,4404.14199308361
"d13CO2","raw",101,1.00153470750991,3974.29284016472
"d13CO2","raw",102,1.00184629190456,3804.65327815457
"d13CO2","raw",103,1.00208375833911,3910.4041682941
"d13CO2","raw",104,1.00255297113246,3653.45731355644
"d13CO2","raw",105,1.00278535898797,3277.11075782401
"d13CO2","raw",106,1.00296422430424,3065.2480876731
"d13CO2","raw",107,1.00349942120269,2752.11859991582
"d13CO2","raw",108,1.00373186220338,2573.63633894681
"d13CO2","raw",109,1.00400879975675,2630.02710783981
"d13CO2","raw",110,1.0039237730359,2734.40683129816
"d13CO2","raw",111,1.0036660922783,2812.82556182105
"d13CO2","raw",112,1.00341612005204,3085.43222003079
"d13CO2","raw",113,1.00325008434649,3279.43685844925
"d13CO2","raw",114,1.00290574903572,3530.16652651937
"d13CO2","raw",115,1.00276956176075,3761.46120630959
"d13CO2","raw",116,1.00254400036581,4036.64382333939
"d13CO2","raw",117,1.002339229267,4343.83303631198
"d13CO2","raw",118,1.00213303946381,4800.73349369736
"d13CO2","raw",119,1.00194880647989,5398.46375087328
"d13CO2","raw",120,1.00187211325435,5457.61238725367
"d13CO2","raw",121,1.00159796140225,6229.14465146181
"d13CO2","raw",122,1.00132920558476,7013.19771311239
"d13CO2","raw",123,1.00126572460842,8090.18869171095
"d13CO2","raw",124,1.00115843070036,8937.45622437033
"d13CO2","raw",125,1.00117988140597,9737.4568555723
"d13CO2","raw",126,1.001039054963,11523.5101967776
"d13CO2","raw",127,1.00092438093469,11416.2244544197
"d13CO2","raw",128,1.00079741806303,13509.3636676972
"d13CO2","raw",129,1.00069149064613,14344.7274855078
"d13CO2","raw",130,1.00081699455949,15045.1350870087
"d13CO2","raw",131,1.00074130433218,15401.347888634
"d13CO2","raw",132,1.00071355766818,16928.8514604196
"d13CO2","raw",133,1.00078775049693,17299.6941697285
"d13CO2","raw",134,1.00064885334492,17755.4708771285
"d13CO2","raw",135,1.00062638926738,17823.113582141
"d13CO2","raw",136,1.00077080794021,18509.0424468721
"d13CO2","raw",137,1.00073813808485,18811.2061776079
"d13CO2","raw",138,1.00073928418312,18759.8979210687
"d13CO2","raw",139,1.00083213911641,18143.946722924
"d13CO2","raw",140,1.00061123035468,17783.0440159526
"d13CO2","raw",141,1.00054854242819,17887.3340359531
"d13CO2","raw",142,1.00061426168429,17593.5097964596
"d13CO2","raw",143,1.00062700267723,17731.7125976733
"d13CO2","raw",144,1.00070074356936,17855.4302779581
"d13CO2","raw",145,1.00066184295038,17728.6468828906
"d13CO2","raw",146,1.00062865677071,17317.4490187054
"d13CO2","raw",147,1.0005917287374,17151.1639420566
"d13CO2","raw",148,1.00067757311567,16910.0540977681
"d13CO2","raw",149,1.00076305545508,16782.6249190611
"d13CO2","raw",150,1.00077584112553,16509.1582428193
"d13CO2","raw",151,1.00081098494823,15812.5089083186
"d13CO2","raw",152,1.0008986712189,14904.2666728111
"d13CO2","raw",153,1.00092851541758,14563.4675106911
"d13CO2","raw",154,1.00091240096972,13591.5437185278
"d13CO2","raw",155,1.00081210922329,12836.63185087
"d13CO2","raw",156,1.00083782526464,11648.4009664267
"d13CO2","raw",157,1.00087766212935,10740.8775074331
"d13CO2","raw",158,1.00071241995545,10707.0397140353
"d13CO2","raw",159,1.00070896895273,9903.62743937531
"d13CO2","raw",160,1.00060576421199,9270.45810795261
"d13CO2","raw",161,1.00044020279907,8868.52692145585
"d13CO2","raw",162,1.00045193874383,8797.63776307449
"d13CO2","raw",163,1.00043774095725,9118.36730636323
"d13CO2","raw",164,1.00039928507163,9277.28432500459
"d13CO2","raw",165,1.00030879138003,9315.14136673665
"d13CO2","raw",166,1.00035601295264,9870.36144186061
"d13CO2","raw",167,1.00025397597616,10244.8645307406
"d13CO2","raw",168,1.00022389880648,10514.4166916422
"d13CO2","raw",169,1.00026218403507,11288.8887316922
"d13CO2","raw",170,1.00037889890498,11857.0672290921
"d13CO2","raw",171,1.00041646638554,13362.1889981665
"d13CO2","raw",172,1.00043112668388,14076.6712084381
"d13CO2","raw",173,1.00024230402652,14928.2841433138
"d13CO2","raw",174,1.00026121212434,15690.5804395403
"d13CO2","raw",175,1.00040756637694,16183.7260997169
"d13CO2","raw",176,1.00030354608924,16888.0733851144
"d13CO2","raw",177,1.00028364998707,17156.0436075997
"d13CO2","raw",178,1.0003396996732,17291.0818570378
"d13CO2","raw",179,1.00030721149595,16831.0398448983
"d13CO2","raw",180,1.00022150436227,17086.2603728271
"d13CO2","raw",181,1.00030065374508,16106.1374179141
"d13CO2","raw",182,1.00033756104664,16769.0701591121
"d13CO2","raw",183,1.00031099384614,16987.910231805
"d13CO2","raw",184,1.00026939614667,17745.6396237072
"d13CO2","raw",185,1.00034490377538,17682.2579083787
"d13CO2","raw",186,1.00028504166381,17485.9270769778
"d13CO2","raw",187,1.00023020476624,17387.5042423443
"d13CO2","raw",188,1.00022709920946,17110.8923208588
"d13CO2","raw",189,1.00019775755718,17033.8047781257
"d13CO2","raw",190,1.00016521822386,17859.6730429949
"d13CO2","raw",191,1.00021154069382,17528.970257739
"d13CO2","raw",192,1.00022010169476,17555.6537936564
"d13CO2","raw",193,1.00024073150727,17749.4520304633
"d13CO2","raw",194,1.00021131349835,17700.2540659704
"d13CO2","raw",195,1.00018201087308,17893.2796829645
"d13CO2","raw",196,1.0002339449481,17751.0830035316
"d13CO2","raw",197,1.00034518929254,17448.8311959576
"d13CO2","raw",198,1.00034477889261,16946.6597524914
"d13CO2","raw",199,1.0002944922822,16716.4846876607
"d13CO2","raw",200,1.0002264335536,16301.8283062278
"d13CO2","raw",201,1.00020359067516,15316.4843193958
"d13CO2","raw",202,1.00021605857131,15113.4757658291
"d13CO2","raw",203,1.00022157698386,13595.8078204379
"d13CO2","raw",204,1.00029153091886,13700.6684234851
"d13CO2","raw",205,1.00030405192834,12256.455345333
"d13CO2","raw",206,1.00024096760711,10852.5156696347
"d13CO2","raw",207,1.00026073368029,10963.6333957284
"d13CO2","raw",208,1.00032047665398,10045.4662146725
"d13CO2","raw",209,1.00028088630067,10304.1051399142
"d13CO2","raw",210,1.0002407038649,9925.99480800444
"d13CO2","raw",211,1.00022684388214,10077.0036812081
"d13CO2","raw",212,1.00023500787838,9865.78017745267
"d13CO2","raw",213,1.00029494390483,9090.96612725954
"d13CO2","raw",214,1.00030983676839,9744.12028865985
"d13CO2","raw",215,1.00034184365169,9677.23874511209
"d13CO2","raw",216,1.00036554432157,9363.80839919854
"d13CO2","raw",217,1.00038016306019,9020.53369425023
"d13CO2","raw",218,1.00024373904367,9544.79984062127
"d13CO2","raw",219,1.00027790687912,9879.20029775356
"d13CO2","raw",220,1.00020571042417,10077.8663466806
"d13CO2","raw",221,1.00016873078273,10751.2451706735
"d13CO2","raw",222,1.00014418408449,10817.5088348764
"d13CO2","raw",223,1.00012697749626,11024.2159226583
"d13CO2","raw",224,1.00013527514758,11667.5014745293
"d13CO2","raw",225,1.00025461586831,11465.7599126587
"d13CO2","raw",226,1.00010698435011,11441.4636188737
"d13CO2","raw",227,1.00014591624855,11714.7100954507
"d13CO2","raw",228,1.00018551626506,12427.1118126846
"d13CO2","raw",229,1.00016501608587,12417.7596826023
"d13CO2","raw",230,1.00014306041881,12062.4283780833
"d13CO2","raw",231,1.00013713863291,11717.4302674995
"d13CO2","raw",232,1.00010738853683,11369.1480498837
"d13CO2","raw",233,1.00018679992303,11185.5246878666
"d13CO2","raw",234,1.00019141169686,9890.86650341561
"d13CO2","raw",235,1.00016888528508,8869.31747466682
"d13CO2","raw",236,1.00021061284764,8325.38193133044
"d13CO2","raw",237,1.00028344642489,9658.42162351904
"d13CO2","raw",238,1.00021726321891,10467.5824459877
"d13CO2","raw",239,1.00018619891271,10409.431879039
"d13CO2","raw",240,1.00017669617408,11257.1621341925
"d13CO2","raw",241,1.00020646129891,11433.0853584324
"d13CO2","raw",242,1.00028439652259,12120.9244167177
"d13CO2","raw",243,1.00034630604964,12657.9308250172
"d13CO2","raw",244,1.00033358199808,12803.8708720137
"d13CO2","raw",245,1.0003909201474,12743.5190715889
"d13CO2","raw",246,1.00030030141015,12406.6980520832
"d13CO2","raw",247,1.00021733010565,12319.6447793286
"d13CO2","raw",248,1.00025054207946,12129.0393575175
"d13CO2","raw",249,1.00033815494574,11543.645623558
"d13CO2","raw",250,1.00032005670409,11456.326324535
"d13CO2","raw",251,1.00039498467265,10825.5996485247
"d13CO2","raw",252,1.00035602465229,10006.6897719544
"d13CO2","raw",253,1.00040387969096,10680.6972619149
"d13CO2","raw",254,1.00043179610124,11004.922461684
"d13CO2","raw",255,1.00035803264723,10759.2016521028
"d13CO2","raw",256,1.00037002755834,10708.2592677664
"d13CO2","raw",257,1.00031140172551,11546.9779862764
"d13CO2","raw",258,1.00033824348327,11277.9674600065
"d13CO2","raw",259,1.00033294127146,11033.9369290427
"d13CO2","raw",260,1.00029070362353,10819.0997030414
"d13CO2","raw",261,1.00025722595871,10917.6415102156
"d13CO2","raw",262,1.00025255245447,10715.0138089585
"d13CO2","raw",263,1.00020254412384,10911.9697706129
"d13CO2","raw",264,1.00017367610247,11288.5006510414
"d13CO2","raw",265,1.0001297166112,11632.3864734935
"d13CO2","raw",266,1.00010727496687,11586.5493074963
"d13CO2","raw",267,1.00008438572408,11891.2801093074
"d13CO2","raw",268,1.00013333418928,12741.327842047
"d13CO2","raw",269,1.00010475695892,12424.0993387877
"d13CO2","raw",270,1.00016338034448,14188.7534598561
"d13CO2","raw",271,1.00018578588137,14481.4326708561
"d13CO2","raw",272,1.00017640034649,14686.5583371992
"d13CO2","raw",273,1.00022978858318,14045.8503608673
"d13CO2","raw",274,1.0001858600293,14682.2694726795
"d13CO2","raw",275,1.00025645862074,14569.9920673374
"d13CO2","raw",276,1.00029165440937,14334.2369256002
"d13CO2","raw",277,1.00019509830383,14213.6493129045
"d13CO2","raw",278,1.00021831478619,14292.0464723703
"d13CO2","raw",279,1.00017014219134,14283.3566595139
"d13CO2","raw",280,1.00020620370958,13160.3052649882
"d13CO2","raw",281,1.00022637564229,13476.7500484289
"d13CO2","raw",282,1.00021396750336,13209.5446685118
"d13CO2","raw",283,1.00026497683228,12633.2555726768
"d13CO2","raw",284,1.00027097963224,11778.2206831358
"d13CO2","raw",285,1.00030733069691,10985.6377320449
"d13CO2","raw",286,1.00038020210388,9795.05772603339
"d13CO2","raw",287,1.00050921791475,7887.45582691117
"d13CO2","raw",288,1.0006202348994,7106.88693586169
"d13CO2","raw",289,1.0007381207827,6340.72564399541
"d13CO2","raw",290,1.00069959215794,5956.94000764877
"d13CO2","raw",291,1.00057671897132,6030.15684182015
"d13CO2","raw",292,1.00039462932,6035.13496927978
"d13CO2","raw",293,1.00042750394905,6284.01260516609
"d13CO2","raw",294,1.00039867571809,6611.59905189604
"d13CO2","raw",295,1.00039325906051,6921.94396480207
"d13CO2","raw",296,1.00035701031678,7439.39895578969
"d13CO2","raw",297,1.00034086326514,7810.80635368461
"d13CO2","raw",298,1.00027935315765,8491.75014899318
"d13CO2","raw",299,1.00020853500012,9181.89274773717
"d13CO2","raw",300,1.00022744156836,9533.98009797198
"d13CO2","raw",301,1.00027356456849,9713.31550186291
"d13CO2","raw",302,1.00031724527079,10199.0040986336
"d13CO2","raw",303,1.00037052430762,10272.2736890247
"d13CO2","raw",304,1.00030372877922,10899.0978903611
"d13CO2","raw",305,1.00034423940943,10827.7994691167
"d13CO2","raw",306,1.00047637014976,11035.4946132989
"d13CO2","raw",307,1.000302003297,11035.5572685242
"d13CO2","raw",308,1.00026760224056,11593.9828802636
"d13CO2","raw",309,1.00032094894303,12252.8121312699
"d13CO2","raw",310,1.00031051674596,12458.8367321517
"d13CO2","raw",311,1.00033163349521,12792.5034918241
"d13CO2","raw",312,1.00039851195968,13651.3678721948
"d13CO2","raw",313,1.0003832074265,13897.9701483551
"d13CO2","raw",314,1.00045391191462,14127.6384358301
"d13CO2","raw",315,1.00048129834999,14663.1999424246
"d13CO2","raw",316,1.00038818543011,14896.3785299328
"d13CO2","raw",317,1.00054416401452,15613.9065609041
"d13CO2","raw",318,1.00043372445974,16717.7865422482
"d13CO2","raw",319,1.00040577727747,17024.4575804934
"d13CO2","raw",320,1.00046204535166,17882.2008167473
"d13CO2","raw",321,1.00048136154387,17546.2864820429
"d13CO2","raw",322,1.00065523654463,17054.4785749067
"d13CO2","raw",323,1.00061419421322,17475.5843869204
"d13CO2","raw",324,1.00064203523512,16449.7068214265
"d13CO2","raw",325,1.00063267646309,16495.5191181332
"d13CO2","raw",326,1.00057646751127,16704.5176436344
"d13CO2","raw",327,1.00071891379584,16419.0134728823
"d13CO2","raw",328,1.00068648592447,15630.3351475039
"d13CO2","raw",329,1.00063441065879,14949.8594504744
"d13CO2","raw",330,1.0006639337987,14523.1777706789
"d13CO2","raw",331,1.00071424875197,13306.1154252354
"d13CO2","raw",332,1.00081099503761,11019.7391630679
"d13CO2","raw",333,1.00103108285134,9277.38218788502
"d13CO2","raw",334,1.00119430718091,8016.51423899958
"d13CO2","raw",335,1.00132068145515,6795.0388252026
"d13CO2","raw",336,1.00149350296047,5780.18574419993
"d13CO2","raw",337,1.00172164025848,4985.10611429717
"d13CO2","raw",338,1.00169081272132,4172.87725880071
"d13CO2","raw",339,1.00194313288554,3517.57541523806
"d13CO2","raw",340,1.0020106692627,4257.69582275695
"d13CO2","raw",341,1.0017285083192,4703.88024476461
"d13CO2","raw",342,1.00170506640185,4788.45501020119
"d13CO2","raw",343,1.00169847295765,5091.77776404279
"d13CO2","raw",344,1.00157774764235,5133.92975685283
"d13CO2","raw",345,1.00140117154879,5206.70612027014
"d13CO2","raw",346,1.00122495585306,5009.251961968
"d13CO2","raw",347,1.00128907681771,4787.74603660538
"d13CO2","raw",348,1.00120668471814,5214.08721316403
"d13CO2","raw",349,1.00117125731706,4500.76465403972
"d13CO2","raw",350,1.00114903645142,4412.12288765845
"d13CO2","raw",351,1.00113114540713,4204.10229860822
"d13CO2","raw",352,1.0010867467951,4167.55448318381
"d13CO2","raw",353,1.00111613830261,4043.02518631834
"d13CO2","raw",354,1.00111928337733,3856.2178921132
"d13CO2","raw",355,1.0012263737923,3573.61509648398
"d13CO2","raw",356,1.00126078652554,3482.43183757682
"d13CO2","raw",357,1.00114738374295,3394.23235985286
"d13CO2","raw",358,1.00094482350885,3312.28845501398
"d13CO2","raw",359,1.00078049109462,3774.08963379185
"d13CO2","raw",360,1.00069991766668,4340.99309827493
"d13CO2","raw",361,1.00063486865285,4758.04072153636
"d13CO2","raw",362,1.00051404390983,4973.3248517248
"d13CO2","raw",363,1.0005542918272,5241.53123386316
"d13CO2","raw",364,1.00062695625172,5592.14594309601
"d13CO2","raw",365,1.00062222849652,5541.4468974239
"d13CO2","raw",366,1.00065567863176,6266.94659148507
"d13CO2","raw",367,1.00063961041233,6784.61593085467
"d13CO2","raw",368,1.00068942661813,6884.16942612366
"d13CO2","raw",369,1.0008121425427,7114.54789267575
"d13CO2","raw",370,1.00083543817441,6647.3525878657
"d13CO2","raw",371,1.00080319286338,6566.223108085
"d13CO2","raw",372,1.00084202445847,6951.86930784287
"d13CO2","raw",373,1.00070963990566,6375.18195183309
"d13CO2","raw",374,1.00059184652065,6410.42656767609
"d13CO2","raw",375,1.00065460573244,6653.06793761565
"d13CO2","raw",376,1.00055408523472,6661.53747226978
"d13CO2","raw",377,1.00080377010098,6499.22793801343
"d13CO2","raw",378,1.00083234145115,6364.08041634818
"d13CO2","raw",379,1.00090404375376,6068.88887624182
"d13CO2","raw",380,1.00097643354201,5431.51949663697
"d13CO2","raw",381,1.00097355882519,5210.20878749365
"d13CO2","raw",382,1.00132096655178,4970.78594884307
"d13CO2","raw",383,1.00124280904948,5072.42844157895
"d13CO2","raw",384,1.00130282956085,4789.69614111311
"d13CO2","raw",385,1.00122526371916,5634.49144744751
"d13CO2","raw",386,1.00102411402332,5436.22558604399
"d13CO2","raw",387,1.00100163630561,6021.98767259359
"d13CO2","raw",388,1.00085844396251,7364.64961319338
"d13CO2","raw",389,1.00084031340917,7413.11652403802
"d13CO2","raw",390,1.00076454536816,7979.57468905172
"d13CO2","raw",391,1.00079519669774,7912.78434757864
"d13CO2","raw",392,1.00074774797151,8069.04888050365
"d13CO2","raw",393,1.00096397756607,7499.33919261138
"d13CO2","raw",394,1.00098820633795,7001.39024069065
"d13CO2","raw",395,1.00092112103262,7192.07655151078
"d13CO2","raw",396,1.00080878093907,6940.81708828544
"d13CO2","raw",397,1.00087375067063,6787.37435662331
"d13CO2","raw",398,1.0009918385925,5728.73689224864
"d13CO2","raw",399,1.00100822666869,5749.67678354664
"d13CO2","raw",400,1.00095887640295,5591.71261690767
"d13CO2","raw",401,1.00098317074777,4644.83749887371
"d13CO2","raw",402,1.00089112185642,4408.89791330298
"d13CO2","raw",403,1.00090354655788,4649.7093495078
"d13CO2","raw",404,1.00080120211994,4306.15842535181
"d13CO2","raw",405,1.00091997515719,3570.00812761024
"d13CO2","raw",406,1.00095151405147,3488.84756516236
"d13CO2","raw",407,1.00093010987431,3502.32177552504
"d13CO2","raw",408,1.00101837356372,3603.21236546092
"d13CO2","raw",409,1.00105062632629,3500.11791946497
"d13CO2","raw",410,1.00098134554928,3693.60981951624
"d13CO2","raw",411,1.00093152554991,3838.0070642243
"d13CO2","raw",412,1.00101859843788,3712.70873193347
"d13CO2","raw",413,1.00111491052219,3779.75463060202
"d13CO2","raw",414,1.00115987346747,3854.29543149335
"d13CO2","raw",415,1.00109124357575,3431.3039815872
"d13CO2","raw",416,1.00115310199638,3539.54839753873
"d13CO2","raw",417,1.00115231079753,3709.31462775544
"d13CO2","raw",418,1.00122339479617,3684.22383602882
"d13CO2","raw",419,1.00110605057475,3837.01965964749
"d13CO2","raw",420,1.00095358730911,4029.99192733178
"d13CO2","raw",421,1.00098318091808,4246.5478145102
"d13CO2","raw",422,1.00081370435222,4447.82244791431
"d13CO2","raw",423,1.00083739322916,4681.84180232563
"d13CO2","raw",424,1.00091267821007,4813.29730870443
"d13CO2","raw",425,1.00075523417398,4932.05642985523
"d13CO2","raw",426,1.00069214632297,5194.08138480036
"d13CO2","raw",427,1.00049690333219,5680.25604344666
"d13CO2","raw",428,1.0004922058714,5922.61601836514
"d13CO2","raw",429,1.0005236217093,6268.57019993163
"d13CO2","raw",430,1.00066976941375,6624.67876378665
"d13CO2","raw",431,1.00070457672703,6559.27665408185
"d13CO2","raw",432,1.00070637079157,6468.51274319355
"d13CO2","raw",433,1.00071564576467,6783.93673040673
"d13CO2","raw",434,1.00077487952991,6668.79073996194
"d13CO2","raw",435,1.00067861144199,6291.13291208367
"d13CO2","raw",436,1.00090175680801,5909.05649234876
"d13CO2","raw",437,1.00083168441195,5350.03920496589
"d13CO2","raw",438,1.0008466997964,4887.97275488439
"d13CO2","raw",439,1.00082742813566,4709.80360963411
"d13CO2","raw",440,1.00088240721255,4756.23879705739
"d13CO2","raw",441,1.00090235818853,4869.33913997927
"d13CO2","raw",442,1.00085879981568,4731.20999724011
"d13CO2","raw",443,1.00088884912115,4814.07765288683
"d13CO2","raw",444,1.00096383426801,4495.11654534848
"d13CO2","raw",445,1.00087206680483,4566.64028386932
"d13CO2","raw",446,1.00079574239204,4498.20363527032
"d13CO2","raw",447,1.00084047855513,4692.08779394071
"d13CO2","raw",448,1.00078969079793,4643.32136275321
"d13CO2","raw",449,1.00076605944248,4268.58132943986
"d13CO2","raw",450,1.00068088327471,4974.76936698714
"d13CO2","raw",451,1.00062171693722,5427.09921910437
"d13CO2","raw",452,1.0006513109427,5984.96414980343
"d13CO2","raw",453,1.00059514848115,6503.28421040394
"d13CO2","raw",454,1.00061515583199,7241.82283210708
"d13CO2","raw",455,1.00048838785784,7268.60720418059
"d13CO2","raw",456,1.00050034147327,7873.09907293747
"d13CO2","raw",457,1.00035758287934,8164.67316126588
"d13CO2","raw",458,1.00039899622596,9099.10117311538
"d13CO2","raw",459,1.00040900505153,9440.62464463772
"d13CO2","raw",460,1.00046358984645,9925.02301355757
"d13CO2","raw",461,1.0004829503196,9929.6877679205
"d13CO2","raw",462,1.00059554799879,9659.7810840444
"d13CO2","raw",463,1.00075434241275,9398.86312992969
"d13CO2","raw",464,1.00082445127616,9254.46429025167
"d13CO2","raw",465,1.00087300971212,8817.18948379648
"d13CO2","raw",466,1.00100152033302,8026.40046517305
"d13CO2","raw",467,1.00099497340489,8476.51605356625
"d13CO2","raw",468,1.00097019406414,8916.66091795979
"d13CO2","raw",469,1.00090491499479,9705.02663934637
"d13CO2","raw",470,1.00089802158023,10122.7347192608
"d13CO2","raw",471,1.00071366080312,11318.474416665
"d13CO2","raw",472,1.00050239917336,12033.438791648
"d13CO2","raw",473,1.00055680960349,14351.4370214714
"d13CO2","raw",474,1.00067130092795,13796.6324924947
"d13CO2","raw",475,1.00061774141864,16028.8569832165
"d13CO2","raw",476,1.00059920523882,15877.7589195973
"d13CO2","raw",477,1.00059941077005,16206.7467555855
"d13CO2","raw",478,1.00061861174503,15934.1873086811
"d13CO2","raw",479,1.00063349010112,15833.5615914908
"d13CO2","raw",480,1.00073677634459,15330.7324794131
"d13CO2","raw",481,1.00066967490945,15879.4177861128
"d13CO2","raw",482,1.00061697234216,15500.1194811432
"d13CO2","raw",483,1.0007412666063,16181.5918686255
"d13CO2","raw",484,1.00080980450154,15056.3446874447
"d13CO2","raw",485,1.00078569964376,14290.9875789815
"d13CO2","raw",486,1.00085864683566,14513.9027965268
"d13CO2","raw",487,1.00094167451554,13533.4047831066
"d13CO2","raw",488,1.00090949547236,15025.1019743055
"d13CO2","raw",489,1.00078509364651,15633.6619336714
"d13CO2","raw",490,1.00070325487267,15514.7075250563
"d13CO2","raw",491,1.00068149552849,16509.116702011
"d13CO2","raw",492,1.00071353745379,17170.3718648875
"d13CO2","raw",493,1.0006591771056,16184.276041703
"d13CO2","raw",494,1.00070322143806,16783.1446572187
"d13CO2","raw",495,1.00071883861554,17272.218733028
"d13CO2","raw",496,1.00089373626484,18323.5123748792
"d13CO2","raw",497,1.00080528421708,19137.1260002142
"d13CO2","raw",498,1.00081438504688,19027.9379319071
"d13CO2","raw",499,1.00089193734155,17909.3769164884
"d13CO2","raw",500,1.00092187364629,18024.919331713
"d13CO2","raw",501,1.00093737364656,18021.2147917115
"d13CO2","raw",502,1.00086167214217,17492.6443268388
"d13CO2","raw",503,1.00081585972109,19171.4706404096
"d13CO2","raw",504,1.00093462518318,19499.944698494
"d13CO2","raw",505,1.00093044919457,19509.2859975818
"d13CO2","raw",506,1.00099542541825,19595.2082851896
"d13CO2","raw",507,1.00086765209505,19034.5754353154
"d13CO2","raw",508,1.00087456660852,18937.1775516118
"d13CO2","raw",509,1.00089091354252,18694.0774755992
"d13CO2","raw",510,1.00081558379673,18986.3346354578
"d13CO2","raw",511,1.00091751722662,19340.47636549
"d13CO2","raw",512,1.00086071369399,18229.1416495472
"d13CO2","raw",513,1.00070081070863,19203.5154646984
"d13CO2","raw",514,1.00077016950181,17604.7882160026
"d13CO2","raw",515,1.0007413062107,18187.1918149083
"d13CO2","raw",516,1.00068971179385,17357.1004780054
"d13CO2","raw",517,1.0007280742902,18081.8959348908
"d13CO2","raw",518,1.00091327064827,17895.7483652016
"d13CO2","raw",519,1.00095399996591,17772.8024231345
"d13CO2","raw",520,1.00077079927684,17742.480614957
"d13CO2","raw",521,1.00082442778414,17769.8273748498
"d13CO2","raw",522,1.00080540096376,18077.555999754
"d13CO2","raw",523,1.00079787142476,18413.6801081412
"d13CO2","raw",524,1.00079453026847,17560.4034920355
"d13CO2","raw",525,1.00085301225307,17190.5050507574
"d13CO2","raw",526,1.00089693215407,16376.3875490453
"d13CO2","raw",527,1.0008768029961,15508.9903239406
"d13CO2","raw",528,1.00093317009777,16897.2900060047
"d13CO2","raw",529,1.00103413541616,17021.2871753722
"d13CO2","raw",530,1.0009845752019,17369.0421256822
"d13CO2","raw",531,1.00077390440146,17179.9061936457
"d13CO2","raw",532,1.00097030736349,16977.6374970909
"d13CO2","raw",533,1.0009349131741,15854.1541322653
"d13CO2","raw",534,1.00081717789076,15421.022726157
"d13CO2","raw",535,1.00092616598591,15191.5917266384
"d13CO2","raw",536,1.00103002264036,14235.0579661251
"d13CO2","raw",537,1.00101302569838,12601.6676781396
"d13CO2","raw",538,1.00095110655947,12615.1736092828
"d13CO2","raw",539,1.00107285541457,11376.2123135048
"d13CO2","raw",540,1.00090540461384,11577.32513807
"d13CO2","centered",1,1.28070993408989,575.572836005187
"d13CO2","centered",2,1.23186696796556,774.342553656089
"d13CO2","centered",3,1.18496106007364,718.424409916061
"d13CO2","centered",4,1.15163920123077,968.760624844357
"d13CO2","centered",5,1.124944805506,964.560727246438
"d13CO2","centered",6,1.10585623581409,995.277687610556
"d13CO2","centered",7,1.0915389989088,1112.73567544145
"d13CO2","centered",8,1.0784158117474,1033.56919832112
"d13CO2","centered",9,1.0680206868538,1051.34301302781
"d13CO2","centered",10,1.05954327278945,1043.17727619198
"d13CO2","centered",11,1.05071810075958,997.959468498536
"d13CO2","centered",12,1.04592057810679,984.17684671672
"d13CO2","centered",13,1.04090374474898,928.006966602001
"d13CO2","centered",14,1.03626316947777,862.601391012789
"d13CO2","centered",15,1.03088604603556,839.27597583499
"d13CO2","centered",16,1.0290427107481,834.634037512756
"d13CO2","centered",17,1.0263342161639,881.301884417864
"d13CO2","centered",18,1.02328607514091,921.582701228728
"d13CO2","centered",19,1.02136944308329,1004.84085153734
"d13CO2","centered",20,1.02035945641152,1094.46058001563
"d13CO2","centered",21,1.01882907327787,1032.98313128428
"d13CO2","centered",22,1.01742329588008,1086.35122767709
"d13CO2","centered",23,1.01525991915102,1272.49163307747
"d13CO2","centered",24,1.01424592617706,1326.77423401094
"d13CO2","centered",25,1.01285801817258,1544.60400083223
"d13CO2","centered",26,1.0108661135603,1602.99864170111
"d13CO2","centered",27,1.00953736739343,1736.03213548834
"d13CO2","centered",28,1.00859971072291,1971.86329605369
"d13CO2","centered",29,1.00762124431894,2078.24714012717
"d13CO2","centered",30,1.00669948311553,2436.59779165101
"d13CO2","centered",31,1.00525601243418,2613.89732838216
"d13CO2","centered",32,1.00431407312999,2757.85277494692
"d13CO2","centered",33,1.00338186852353,2812.79491426118
"d13CO2","centered",34,1.00332526673456,3220.44367128211
"d13CO2","centered",35,1.0029931598968,3304.17644622563
"d13CO2","centered",36,1.00254128273187,3449.82802145336
"d13CO2","centered",37,1.00223489551495,3669.01026425472
"d13CO2","centered",38,1.00200198391651,3867.90521462978
"d13CO2","centered",39,1.00151270440288,3778.99647711482
"d13CO2","centered",40,1.00088333859523,3839.9813647975
"d13CO2","centered",41,1.00101263382382,3757.02302689485
"d13CO2","centered",42,1.00102505208391,3575.43010158333
"d13CO2","centered",43,1.0009633453167,3147.38772429251
"d13CO2","centered",44,1.00093398208636,3116.0091929166
"d13CO2","centered",45,1.00079292398019,3112.47215128254
"d13CO2","centered",46,1.00089415043411,3224.36812792039
"d13CO2","centered",47,1.0007146605604,3166.52819636576
"d13CO2","centered",48,1.00050583440821,3253.2781531056
"d13CO2","centered",49,1.00052120729763,3276.68944790871
"d13CO2","centered",50,1.00028313209825,3219.00620487941
"d13CO2","centered",51,1.00012292030964,3266.17849805161
"d13CO2","centered",52,0.999994384951995,3315.01680780152
"d13CO2","centered",53,1.00009324667494,3408.95486833547
"d13CO2","centered",54,1.00003956971186,3635.53013003862
"d13CO2","centered",55,1.00036808220446,3767.24385942413
"d13CO2","centered",56,1.00022552282023,3765.13712252997
"d13CO2","centered",57,1.00038034084118,3911.19096095612
"d13CO2","centered",58,1.00044182567862,3804.3887881201
"d13CO2","centered",59,1.00043182613418,3941.19836988944
"d13CO2","centered",60,1.00052047734004,4209.59201687711
"d13CO2","centered",61,1.0004858386836,4333.74895957749
"d13CO2","centered",62,1.00060096266366,4316.86026203532
"d13CO2","centered",63,1.00051035920157,4336.31220377835
"d13CO2","centered",64,1.00038407677978,4390.84506281976
"d13CO2","centered",65,1.00033449564739,4355.20465406218
"d13CO2","centered",66,1.00048121448089,4252.38926569012
"d13CO2","centered",67,1.00068260850351,4063.34418730186
"d13CO2","centered",68,1.00064193556999,4061.51787573449
"d13CO2","centered",69,1.00076766899864,3930.48874856818
"d13CO2","centered",70,1.00098435386549,3748.92257643862
"d13CO2","centered",71,1.00112464779829,3847.50466588805
"d13CO2","centered",72,1.00099128187122,4164.04952212667
"d13CO2","centered",73,1.00085551023637,4197.0853144152
"d13CO2","centered",74,1.00060497342143,4192.40343073557
"d13CO2","centered",75,1.00055955132805,4353.51219105432
"d13CO2","centered",76,1.00047066204535,4602.96870810857
"d13CO2","centered",77,1.00057291166283,4580.73072130404
"d13CO2","centered",78,1.00078301630609,4701.99842085241
"d13CO2","centered",79,1.00050403255612,4685.1745951218
"d13CO2","centered",80,1.00048250412548,4840.11360857963
"d13CO2","centered",81,1.00036826961701,4845.61811724401
"d13CO2","centered",82,1.00070984184081,4884.51408153506
"d13CO2","centered",83,1.00078222283838,4519.57232686338
"d13CO2","centered",84,1.00068731432067,4497.84395858707
"d13CO2","centered",85,1.00086252606186,4021.32417175328
"d13CO2","centered",86,1.00084130123464,4139.78065274963
"d13CO2","centered",87,1.00118324117178,3638.0923988174
"d13CO2","centered",88,1.001458613084,3377.44370339152
"d13CO2","centered",89,1.00144978661221,3078.14361596857
"d13CO2","centered",90,1.002190026121,3090.43429640313
"d13CO2","centered",91,1.0020764763176,2885.76155555499
"d13CO2","centered",92,1.00223710549555,2692.52445373629
"d13CO2","centered",93,1.00280014940773,2495.39867864124
"d13CO2","centered",94,1.00274276956252,2407.42987809397
"d13CO2","centered",95,1.00346854412936,2264.55756686167
"d13CO2","centered",96,1.00363279155418,2088.79940405054
"d13CO2","centered",97,1.00371338887524,1994.82207282105
"d13CO2","centered",98,1.00371071862537,1807.42011767671
"d13CO2","centered",99,1.00386779120347,1712.20314716206
"d13CO2","centered",100,1.00423969057916,1557.64413828879
"d13CO2","centered",101,1.00433462510858,1466.89230772851
"d13CO2","centered",102,1.00554560497879,1362.49172213718
"d13CO2","centered",103,1.00642182990753,1265.672343491
"d13CO2","centered",104,1.00812797959343,1155.02221076105
"d13CO2","centered",105,1.00926365994442,1067.11118286529
"d13CO2","centered",106,1.00996553946452,961.784180732883
"d13CO2","centered",107,1.01219674896055,863.682828179421
"d13CO2","centered",108,1.01324059783759,777.253259682535
"d13CO2","centered",109,1.0138880783935,856.44207981763
"d13CO2","centered",110,1.01382446462385,868.78811575014
"d13CO2","centered",111,1.012732061839,838.752502881621
"d13CO2","centered",112,1.01177045143523,940.803967685384
"d13CO2","centered",113,1.01071613820446,988.854911848423
"d13CO2","centered",114,1.00953079264985,1054.53567387228
"d13CO2","centered",115,1.00900371870721,1124.15979890847
"d13CO2","centered",116,1.00842903376709,1149.99565291525
"d13CO2","centered",117,1.00773469236264,1338.07170445102
"d13CO2","centered",118,1.00698078501248,1499.15210590122
"d13CO2","centered",119,1.00627428998202,1608.75089900297
"d13CO2","centered",120,1.00610516556158,1770.33957371164
"d13CO2","centered",121,1.00507997500398,2021.1631790813
"d13CO2","centered",122,1.00406936007406,2325.90106279142
"d13CO2","centered",123,1.00352207691157,2707.36242701588
"d13CO2","centered",124,1.0033310950754,3094.75912341173
"d13CO2","centered",125,1.00332210575836,3486.04786309161
"d13CO2","centered",126,1.00299244996366,3820.14180091346
"d13CO2","centered",127,1.00265063709171,4294.00766670038
"d13CO2","centered",128,1.00228338789694,4882.79722512089
"d13CO2","centered",129,1.00195437906479,5549.82813479481
"d13CO2","centered",130,1.00212828521551,6065.00186200976
"d13CO2","centered",131,1.00186524247214,7109.01329998089
"d13CO2","centered",132,1.00182201887261,7582.42235500505
"d13CO2","centered",133,1.00218396173249,8109.5110004806
"d13CO2","centered",134,1.00174379981548,9237.1866083806
"d13CO2","centered",135,1.00145278491314,9391.05177144014
"d13CO2","centered",136,1.00163793383234,10160.8265745982
"d13CO2","centered",137,1.00153711508352,10519.0627826119
"d13CO2","centered",138,1.00142141073126,9827.36985263614
"d13CO2","centered",139,1.00174983643914,9973.68398409382
"d13CO2","centered",140,1.00150991850483,9077.9928491556
"d13CO2","centered",141,1.0011985647051,9507.21211025408
"d13CO2","centered",142,1.00142302471702,8930.08900348545
"d13CO2","centered",143,1.00121443004598,9460.76049808608
"d13CO2","centered",144,1.00136649019265,8712.24477081961
"d13CO2","centered",145,1.00128611262588,8092.74659671122
"d13CO2","centered",146,1.00129031279468,7543.2682126128
"d13CO2","centered",147,1.0010509679113,7629.06342931687
"d13CO2","centered",148,1.00134572108466,7521.07824867104
"d13CO2","centered",149,1.00146831395247,7419.16626329788
"d13CO2","centered",150,1.00153447466202,6972.5037262609
"d13CO2","centered",151,1.00174559878944,6733.83207701206
"d13CO2","centered",152,1.00204532580957,6016.65386548437
"d13CO2","centered",153,1.00197944574638,5329.81588488612
"d13CO2","centered",154,1.00182999660297,4919.66680442553
"d13CO2","centered",155,1.00140256994519,4187.9586033053
"d13CO2","centered",156,1.00150447226312,3655.42796734127
"d13CO2","centered",157,1.00152606815613,3534.38595741886
"d13CO2","centered",158,1.00106873069996,3434.41470117374
"d13CO2","centered",159,1.00120084593995,3082.37431501088
"d13CO2","centered",160,1.00093034029765,2904.48050076148
"d13CO2","centered",161,1.00053934190493,2840.4818639848
"d13CO2","centered",162,1.00057420368867,2669.44539033563
"d13CO2","centered",163,1.00057495862334,2721.05936905817
"d13CO2","centered",164,1.00047535175452,2884.84381523316
"d13CO2","centered",165,1.00031505960584,2992.46813358767
"d13CO2","centered",166,1.00042358065329,3081.24832844196
"d13CO2","centered",167,1.00029324338056,3237.48966971647
"d13CO2","centered",168,1.00014832437444,3209.90216336604
"d13CO2","centered",169,1.00025173988122,3580.79307063297
"d13CO2","centered",170,1.00042267877296,4161.77048656282
"d13CO2","centered",171,1.00044488136511,4593.41972847576
"d13CO2","centered",172,1.00052244957504,4912.08259161317
"d13CO2","centered",173,1.00027792751556,5524.7930600053
"d13CO2","centered",174,1.00016809222728,6129.81936751812
"d13CO2","centered",175,1.0004420422019,6881.8467933788
"d13CO2","centered",176,1.00029849483942,7570.58051942299
"d13CO2","centered",177,1.00015048042409,7738.36566496982
"d13CO2","centered",178,1.00032225915592,8316.99500583263
"d13CO2","centered",179,1.00037901302472,8488.74115994219
"d13CO2","centered",180,1.00010777907286,7805.73848709343
"d13CO2","centered",181,1.00026132164033,7456.62957133216
"d13CO2","centered",182,1.00030987269454,7104.88180943365
"d13CO2","centered",183,1.00029374497271,7925.91360903092
"d13CO2","centered",184,1.00015264691301,7125.36377206219
"d13CO2","centered",185,1.00033104180359,7434.46117908952
"d13CO2","centered",186,1.00028722526726,7035.84449032334
"d13CO2","centered",187,1.00015820107335,6489.83254899164
"d13CO2","centered",188,1.00022010495667,6529.64540573427
"d13CO2","centered",189,1.00019412000634,6608.7869278329
"d13CO2","centered",190,1.00015339198693,6708.71811723964
"d13CO2","centered",191,1.00025742531593,7489.4920172175
"d13CO2","centered",192,1.00027963533216,7549.23043815208
"d13CO2","centered",193,1.00022540025639,7981.89855087688
"d13CO2","centered",194,1.00010209763125,8384.77305497052
"d13CO2","centered",195,1.00011636813958,8898.78773469872
"d13CO2","centered",196,1.00030076659189,8553.21902563718
"d13CO2","centered",197,1.00042746926413,8269.81150119935
"d13CO2","centered",198,1.00052646459561,7987.15603201242
"d13CO2","centered",199,1.00063521595007,7509.51552003226
"d13CO2","centered",200,1.0005301718516,7215.00003393887
"d13CO2","centered",201,1.00041438276902,6510.79887035787
"d13CO2","centered",202,1.00056741065613,6060.92165496196
"d13CO2","centered",203,1.00070778967857,5385.7851790615
"d13CO2","centered",204,1.00103601072542,4874.9168297552
"d13CO2","centered",205,1.00113082033233,4382.26462832653
"d13CO2","centered",206,1.00091910292848,3653.41938217271
"d13CO2","centered",207,1.00092576208019,3418.24687367302
"d13CO2","centered",208,1.00085949044057,3301.39393703185
"d13CO2","centered",209,1.00085389263928,2879.13490112553
"d13CO2","centered",210,1.0008112009305,2925.33358157465
"d13CO2","centered",211,1.00081831614428,2956.99940560457
"d13CO2","centered",212,1.00099124772111,2893.78642689085
"d13CO2","centered",213,1.00124101438498,2952.25213647962
"d13CO2","centered",214,1.0011610783447,2899.53457566814
"d13CO2","centered",215,1.00141282890082,2715.02226805209
"d13CO2","centered",216,1.00151663212249,2532.72328577485
"d13CO2","centered",217,1.00127700496251,2425.29239923636
"d13CO2","centered",218,1.00101345113208,2721.04794559067
"d13CO2","centered",219,1.00080494234353,2837.94648555055
"d13CO2","centered",220,1.00062562227552,3142.61059808888
"d13CO2","centered",221,1.00045626570355,3376.46558101047
"d13CO2","centered",222,1.00051737882456,3413.65524972852
"d13CO2","centered",223,1.00045597820756,3547.15484434193
"d13CO2","centered",224,1.00054639442582,4090.00530646349
"d13CO2","centered",225,1.0007999166137,3685.55600036902
"d13CO2","centered",226,1.00049036750477,3877.96870950565
"d13CO2","centered",227,1.00044488971,4087.82382221408
"d13CO2","centered",228,1.00067035478851,3735.83043539425
"d13CO2","centered",229,1.00076910289299,3940.55541403429
"d13CO2","centered",230,1.00060804835218,3542.71054071061
"d13CO2","centered",231,1.00050559657723,3533.00622780823
"d13CO2","centered",232,1.0007812139279,3426.17302600724
"d13CO2","centered",233,1.00077732260162,2977.91450151103
"d13CO2","centered",234,1.00102580878087,2784.92424342928
"d13CO2","centered",235,1.00086625746098,2725.66005502931
"d13CO2","centered",236,1.00082398861534,2463.82579412495
"d13CO2","centered",237,1.00111865932642,2728.25984581695
"d13CO2","centered",238,1.0010765629738,3108.67697931828
"d13CO2","centered",239,1.00093139326477,3381.98662599069
"d13CO2","centered",240,1.00083418935598,3458.45698097248
"d13CO2","centered",241,1.00097318242105,4101.42164335248
"d13CO2","centered",242,1.0011059507392,4500.97901165518
"d13CO2","centered",243,1.00128624352125,4678.33642714119
"d13CO2","centered",244,1.00106639870848,4588.69495613603
"d13CO2","centered",245,1.00121854029784,4646.83426752277
"d13CO2","centered",246,1.00081915593339,4152.08759336239
"d13CO2","centered",247,1.00071406259919,4198.66763521555
"d13CO2","centered",248,1.00090184385757,4320.04311877677
"d13CO2","centered",249,1.00112362186723,3726.82196410745
"d13CO2","centered",250,1.00090503528373,4070.25861768361
"d13CO2","centered",251,1.00085276475232,4214.40847949084
"d13CO2","centered",252,1.00065848182223,3679.06092792966
"d13CO2","centered",253,1.00063542189029,3599.52633381191
"d13CO2","centered",254,1.00087323317508,3891.97980264995
"d13CO2","centered",255,1.00064080902882,3805.59287382501
"d13CO2","centered",256,1.00066511646457,3796.9328938408
"d13CO2","centered",257,1.00058186671687,3823.68332414489
"d13CO2","centered",258,1.00061016608273,3905.66412692532
"d13CO2","centered",259,1.00065886834862,3645.87323247343
"d13CO2","centered",260,1.00044884298497,3723.87456112244
"d13CO2","centered",261,1.00040922445554,3631.80423714799
"d13CO2","centered",262,1.0004381414745,3396.52750487982
"d13CO2","centered",263,1.00020443354603,3780.23804981291
"d13CO2","centered",264,1.0001506757352,3989.60032734855
"d13CO2","centered",265,1.00024917536408,4271.43677313712
"d13CO2","centered",266,1.0000641281924,4390.78520160397
"d13CO2","centered",267,1.00016012152944,4848.46624625244
"d13CO2","centered",268,1.00027374388445,4771.74509750224
"d13CO2","centered",269,1.00023624660877,4790.37179059211
"d13CO2","centered",270,1.00013510744081,5461.38862712219
"d13CO2","centered",271,1.00000851504033,6006.85314632046
"d13CO2","centered",272,1.00010938642526,6029.94595488986
"d13CO2","centered",273,1.00027584610855,5604.07634523366
"d13CO2","centered",274,1.00020224815669,5746.55526858558
"d13CO2","centered",275,1.00028540160408,5945.62259669074
"d13CO2","centered",276,1.00044514394715,5921.78609770347
"d13CO2","centered",277,1.00032903266711,5468.27777284592
"d13CO2","centered",278,1.00052118773135,6092.8781878411
"d13CO2","centered",279,1.00057940630466,5538.85659739961
"d13CO2","centered",280,1.00082366132566,5267.23302678689
"d13CO2","centered",281,1.00087726087464,4797.657592529
"d13CO2","centered",282,1.00108908531715,4514.32170375787
"d13CO2","centered",283,1.00129760692269,3684.50582610368
"d13CO2","centered",284,1.00148155059366,3383.13429083578
"d13CO2","centered",285,1.00136754768738,3218.2055578941
"d13CO2","centered",286,1.00148492773771,2784.47499619717
"d13CO2","centered",287,1.00201035106994,2221.88324417655
"d13CO2","centered",288,1.00278533765914,1660.31279415168
"d13CO2","centered",289,1.00301292836118,1594.69373798569
"d13CO2","centered",290,1.00326603549071,1572.92584588956
"d13CO2","centered",291,1.0028655236017,1554.83459398143
"d13CO2","centered",292,1.00231836414078,1543.93683347101
"d13CO2","centered",293,1.00214660180577,1759.46699521808
"d13CO2","centered",294,1.00189241189818,1931.39666106534
"d13CO2","centered",295,1.00187113999156,2123.88787217917
"d13CO2","centered",296,1.00150069637065,2383.09674921807
"d13CO2","centered",297,1.00146457632752,2600.66480474147
"d13CO2","centered",298,1.00124099421567,2749.73223000818
"d13CO2","centered",299,1.00092779384721,2998.94100061407
"d13CO2","centered",300,1.00081807235864,3282.2786187798
"d13CO2","centered",301,1.00070193259499,3343.60239467314
"d13CO2","centered",302,1.0005211530346,3459.77023846405
"d13CO2","centered",303,1.00062540720541,3810.61278676321
"d13CO2","centered",304,1.00058346935057,4522.10513362002
"d13CO2","centered",305,1.00086666741221,4674.0125661825
"d13CO2","centered",306,1.00112862691205,4387.92942819255
"d13CO2","centered",307,1.00082136127635,4662.78794225516
"d13CO2","centered",308,1.00080980857693,4938.34887425047
"d13CO2","centered",309,1.00090790326106,5254.46603822661
"d13CO2","centered",310,1.00069318447245,5283.47547391541
"d13CO2","centered",311,1.00048518879689,5803.69581040868
"d13CO2","centered",312,1.00065599509214,6306.8757108755
"d13CO2","centered",313,1.00061687602376,6506.84058097455
"d13CO2","centered",314,1.000738956305,7010.77995689575
"d13CO2","centered",315,1.00075143242076,7309.70915411699
"d13CO2","centered",316,1.00069271513028,7717.04050961935
"d13CO2","centered",317,1.00099786966617,8124.06425357779
"d13CO2","centered",318,1.00076069335183,8229.5014877532
"d13CO2","centered",319,1.00062992885261,8757.07962989336
"d13CO2","centered",320,1.00067847129646,10010.5323829651
"d13CO2","centered",321,1.00072532387575,9162.48095974615
"d13CO2","centered",322,1.00102123272363,8757.21898754782
"d13CO2","centered",323,1.00099278723321,9191.08640857725
"d13CO2","centered",324,1.00111979708824,8436.71782482947
"d13CO2","centered",325,1.00128982479944,7826.91023830085
"d13CO2","centered",326,1.0010786922903,7014.73948918914
"d13CO2","centered",327,1.00131803794721,6680.21623350241
"d13CO2","centered",328,1.00112030392218,6265.91036125674
"d13CO2","centered",329,1.00095705783394,5891.33659558049
"d13CO2","centered",330,1.00101701658485,5744.01898255763
"d13CO2","centered",331,1.00120302235916,4600.980248592
"d13CO2","centered",332,1.00143562360741,4124.83307779749
"d13CO2","centered",333,1.00203170211833,3295.83163705455
"d13CO2","centered",334,1.00263138709516,2702.77061607305
"d13CO2","centered",335,1.00356140129881,2097.2550465836
"d13CO2","centered",336,1.00457545827665,1631.74773882118
"d13CO2","centered",337,1.00579641600466,1264.89448302881
"d13CO2","centered",338,1.00572523170199,1040.55177273796
"d13CO2","centered",339,1.0067544246253,865.762716684176
"d13CO2","centered",340,1.00669522252826,1089.91603865383
"d13CO2","centered",341,1.00552560255642,1171.34126806981
"d13CO2","centered",342,1.00521131704048,1394.14325640597
"d13CO2","centered",343,1.00529530127424,1456.97114966947
"d13CO2","centered",344,1.00488409979151,1539.79350431946
"d13CO2","centered",345,1.00442582013269,1667.20927804937
"d13CO2","centered",346,1.00396981998163,1507.44109657731
"d13CO2","centered",347,1.00421451143634,1455.73717548695
"d13CO2","centered",348,1.00382065084498,1392.02732545271
"d13CO2","centered",349,1.00363035213942,1257.8891512937
"d13CO2","centered",350,1.00373411505705,1263.34090682525
"d13CO2","centered",351,1.00341004519147,1185.46860167302
"d13CO2","centered",352,1.00335994342208,1124.77423649818
"d13CO2","centered",353,1.00357029800963,1083.08645948316
"d13CO2","centered",354,1.00346713696846,1025.235952804
"d13CO2","centered",355,1.00403476842338,952.219421181064
"d13CO2","centered",356,1.00456410558208,848.038667809137
"d13CO2","centered",357,1.00453271092048,817.549636245609
"d13CO2","centered",358,1.00350013184209,863.817363693603
"d13CO2","centered",359,1.00265706767992,984.782586210344
"d13CO2","centered",360,1.00231087043435,1120.04410403579
"d13CO2","centered",361,1.00190920833589,1286.47408935012
"d13CO2","centered",362,1.00181294239357,1456.82253885944
"d13CO2","centered",363,1.00198995967319,1534.22482473978
"d13CO2","centered",364,1.00224581619663,1774.46942073088
"d13CO2","centered",365,1.00226582641426,1893.87675757436
"d13CO2","centered",366,1.00228649411978,1817.50687556571
"d13CO2","centered",367,1.00226245929447,2098.57544498161
"d13CO2","centered",368,1.00264803535827,2072.12086401129
"d13CO2","centered",369,1.00286717642058,1947.5101974352
"d13CO2","centered",370,1.00295416438833,1950.87988637448
"d13CO2","centered",371,1.00264380378886,1938.54207299142
"d13CO2","centered",372,1.0030622860471,2038.86103262517
"d13CO2","centered",373,1.0023123241157,1970.89516762343
"d13CO2","centered",374,1.00198450455623,2027.25483182892
"d13CO2","centered",375,1.00214972264593,1918.06393313075
"d13CO2","centered",376,1.00158178024782,1843.69803862188
"d13CO2","centered",377,1.00224142971746,1683.82463770084
"d13CO2","centered",378,1.00234898264365,1561.30569935375
"d13CO2","centered",379,1.00252184227822,1422.21622520931
"d13CO2","centered",380,1.00239168429913,1461.05400975308
"d13CO2","centered",381,1.00242432999654,1298.4333563098
"d13CO2","centered",382,1.00355324818882,1193.88239891623
"d13CO2","centered",383,1.00323722455996,1228.20547560896
"d13CO2","centered",384,1.00336381147193,1326.82021236817
"d13CO2","centered",385,1.00314362327642,1248.36309272409
"d13CO2","centered",386,1.00256121143912,1531.00616194813
"d13CO2","centered",387,1.00247558636149,1569.76133422407
"d13CO2","centered",388,1.00204644542771,1876.06456269372
"d13CO2","centered",389,1.00198231581281,2067.58785182724
"d13CO2","centered",390,1.00173306879419,2256.38369319473
"d13CO2","centered",391,1.00184685745843,2083.17321593691
"d13CO2","centered",392,1.00187222193605,2079.88396717205
"d13CO2","centered",393,1.00248301474989,1935.59143112777
"d13CO2","centered",394,1.00262705932186,2100.02426544407
"d13CO2","centered",395,1.00238090279515,2010.50604895832
"d13CO2","centered",396,1.00208663312318,1832.70628703774
"d13CO2","centered",397,1.00222970052484,2010.24551613935
"d13CO2","centered",398,1.00258637271526,1925.75688169995
"d13CO2","centered",399,1.00262437532387,1778.40449075621
"d13CO2","centered",400,1.00263494797171,1558.621583382
"d13CO2","centered",401,1.0027357997326,1508.34153846208
"d13CO2","centered",402,1.00246521502261,1331.85628853027
"d13CO2","centered",403,1.00248499278826,1371.14613590927
"d13CO2","centered",404,1.00234550709952,1107.27158992699
"d13CO2","centered",405,1.00289559243029,1243.90265993224
"d13CO2","centered",406,1.00305004322975,1207.39764499339
"d13CO2","centered",407,1.00285592867351,1139.94457185172
"d13CO2","centered",408,1.00327831211345,1112.70057970905
"d13CO2","centered",409,1.00321117319028,1085.24414959808
"d13CO2","centered",410,1.00292668586919,1071.46228363551
"d13CO2","centered",411,1.002852383153,1063.84420057167
"d13CO2","centered",412,1.00307495640521,1119.93545841322
"d13CO2","centered",413,1.00333573169757,1162.03519851106
"d13CO2","centered",414,1.0033586619351,1091.11668009747
"d13CO2","centered",415,1.00312219751706,1026.47620818657
"d13CO2","centered",416,1.00329278289088,993.806700767127
"d13CO2","centered",417,1.00318426362524,1074.7889132342
"d13CO2","centered",418,1.00328757422317,1060.37262592966
"d13CO2","centered",419,1.00271915236412,1083.37809429261
"d13CO2","centered",420,1.00210774159094,1239.30988148305
"d13CO2","centered",421,1.00228639386887,1326.56270032399
"d13CO2","centered",422,1.00180942137341,1460.8262976012
"d13CO2","centered",423,1.00199056073627,1646.41561650733
"d13CO2","centered",424,1.00197938850101,1581.3537754429
"d13CO2","centered",425,1.00167930022972,1596.30135381449
"d13CO2","centered",426,1.00159608657027,1650.06600219366
"d13CO2","centered",427,1.00138305535613,1634.10792245133
"d13CO2","centered",428,1.00126949598147,1910.42876477367
"d13CO2","centered",429,1.00122839352802,1891.40975033523
"d13CO2","centered",430,1.00150058955419,1890.4785494861
"d13CO2","centered",431,1.00155743185669,2164.91315698192
"d13CO2","centered",432,1.00162260799103,1942.82264391884
"d13CO2","centered",433,1.00166988476177,2081.01950278141
"d13CO2","centered",434,1.00160653290774,1969.08855856975
"d13CO2","centered",435,1.00143865916406,1811.30204681973
"d13CO2","centered",436,1.00209208743767,1842.252692066
"d13CO2","centered",437,1.00195032775857,1482.43055524346
"d13CO2","centered",438,1.00194712654193,1437.29032569028
"d13CO2","centered",439,1.00188677971402,1342.80265149046
"d13CO2","centered",440,1.00220999274839,1358.21087660719
"d13CO2","centered",441,1.00219075985391,1421.20030587932
"d13CO2","centered",442,1.00218216535504,1316.06903439542
"d13CO2","centered",443,1.0022690227835,1216.82366677566
"d13CO2","centered",444,1.00261915596218,1157.58057227147
"d13CO2","centered",445,1.00249807909001,1180.82269321123
"d13CO2","centered",446,1.00244753155443,1176.70407210892
"d13CO2","centered",447,1.00255663344043,1302.95425827599
"d13CO2","centered",448,1.00235998017251,1299.27286788203
"d13CO2","centered",449,1.00234354099122,1258.03903229864
"d13CO2","centered",450,1.00201534522846,1388.69918317392
"d13CO2","centered",451,1.00184970303542,1508.20390913816
"d13CO2","centered",452,1.00175847964567,1682.50240129374
"d13CO2","centered",453,1.00140305031062,1875.86116732467
"d13CO2","centered",454,1.00133186447282,1950.92341942768
"d13CO2","centered",455,1.00106852000662,2089.32658564961
"d13CO2","centered",456,1.00122394144274,2219.00525425302
"d13CO2","centered",457,1.00066668752028,2346.13578313558
"d13CO2","centered",458,1.00071596454891,2826.22718038458
"d13CO2","centered",459,1.00070926408642,2873.54621071356
"d13CO2","centered",460,1.0006466825081,2971.16424082841
"d13CO2","centered",461,1.00066579445211,2903.38927962929
"d13CO2","centered",462,1.00096842357706,2765.45700219584
"d13CO2","centered",463,1.00144591394499,2306.67922653325
"d13CO2","centered",464,1.0016941818398,2092.7839708178
"d13CO2","centered",465,1.00197284902229,1964.51505317362
"d13CO2","centered",466,1.00252263016777,1955.50718846812
"d13CO2","centered",467,1.00266171333435,1809.00552632444
"d13CO2","centered",468,1.00274269769765,1812.72132062155
"d13CO2","centered",469,1.00257040046208,1791.35154225784
"d13CO2","centered",470,1.00259377532596,1949.80591264591
"d13CO2","centered",471,1.00206735125931,1816.85684781533
"d13CO2","centered",472,1.00158101891522,1857.07158365843
"d13CO2","centered",473,1.00260773940299,1929.09650144424
"d13CO2","centered",474,1.00356008203441,1970.37900997994
"d13CO2","centered",475,1.00310757445772,2186.62422948012
"d13CO2","centered",476,1.00321370933907,2381.41823368938
"d13CO2","centered",477,1.00295832257924,2428.98206834144
"d13CO2","centered",478,1.00317643521644,2577.6771260149
"d13CO2","centered",479,1.00376776829362,2219.48120206909
"d13CO2","centered",480,1.00424136215649,2109.9030952912
"d13CO2","centered",481,1.00432221398666,1912.8744192209
"d13CO2","centered",482,1.00388880537834,1897.52792379557
"d13CO2","centered",483,1.00478006782184,1748.13767631898
"d13CO2","centered",484,1.0062068442106,1523.78070690711
"d13CO2","centered",485,1.00605850175522,1461.87860117141
"d13CO2","centered",486,1.0069465312551,1393.66392356616
"d13CO2","centered",487,1.00782127713855,1382.12704131406
"d13CO2","centered",488,1.00716459603823,1465.84506984958
"d13CO2","centered",489,1.00615601782726,1720.6408570616
"d13CO2","centered",490,1.00549343652536,1586.17911702273
"d13CO2","centered",491,1.00521657385097,1786.44198022162
"d13CO2","centered",492,1.00570746267061,1613.65443227905
"d13CO2","centered",493,1.00526852800278,1906.49034899844
"d13CO2","centered",494,1.00529430934099,1914.87536850404
"d13CO2","centered",495,1.0054298377943,1909.38999521328
"d13CO2","centered",496,1.00706430711504,1936.62786818057
"d13CO2","centered",497,1.00632606505544,2212.76895579131
"d13CO2","centered",498,1.00602526645784,2176.19092063198
"d13CO2","centered",499,1.00682233011432,2193.80849165958
"d13CO2","centered",500,1.00700947384133,2277.40297566571
"d13CO2","centered",501,1.00698616862611,2225.57380538548
"d13CO2","centered",502,1.00654299727879,2184.69108077294
"d13CO2","centered",503,1.00631152741742,2078.53966225299
"d13CO2","centered",504,1.00698610733733,2011.26122465612
"d13CO2","centered",505,1.00706818204914,1875.60391552845
"d13CO2","centered",506,1.00723317045105,1856.48021521085
"d13CO2","centered",507,1.00577456116806,2190.72438015532
"d13CO2","centered",508,1.00550596861791,2206.29709245016
"d13CO2","centered",509,1.00523381618924,2243.02797003546
"d13CO2","centered",510,1.00543835923268,2075.65926118338
"d13CO2","centered",511,1.00653702872807,1791.84457820532
"d13CO2","centered",512,1.00608272019905,1860.4173181503
"d13CO2","centered",513,1.00472120114181,1975.28347921923
"d13CO2","centered",514,1.00510068110575,1891.25772491555
"d13CO2","centered",515,1.00453993937929,2128.27805764254
"d13CO2","centered",516,1.00485165103836,1876.37555391656
"d13CO2","centered",517,1.00463284334825,2042.77690160347
"d13CO2","centered",518,1.00577908365756,2150.23142758966
"d13CO2","centered",519,1.00622882773882,2240.55664971159
"d13CO2","centered",520,1.00533160162367,1882.35192665469
"d13CO2","centered",521,1.00536871599818,1994.9661213742
"d13CO2","centered",522,1.00525468315603,2141.91998170204
"d13CO2","centered",523,1.0052897701732,2068.4344348361
"d13CO2","centered",524,1.00528237343108,1919.32207295574
"d13CO2","centered",525,1.00576369133635,1815.32864031242
"d13CO2","centered",526,1.00548730067714,1948.07566699895
"d13CO2","centered",527,1.00581090937329,1769.29839844508
"d13CO2","centered",528,1.00703957594933,1753.78874700701
"d13CO2","centered",529,1.00686434916404,1984.45740486305
"d13CO2","centered",530,1.00649027311569,1866.6874118855
"d13CO2","centered",531,1.00468587770923,2050.27240275043
"d13CO2","centered",532,1.00623280294803,1820.00936298252
"d13CO2","centered",533,1.00572874940007,1749.12446338513
"d13CO2","centered",534,1.00574864504219,1617.01967653875
"d13CO2","centered",535,1.00665164039117,1411.81518135897
"d13CO2","centered",536,1.00709203001513,1446.76619861061
"d13CO2","centered",537,1.00738881956746,1420.5188131436
"d13CO2","centered",538,1.00606088275773,1413.01457795122
"d13CO2","centered",539,1.00627824150707,1461.87552365508
"d13CO2","centered",540,1.00398751189994,1764.33395159311
"d13CO2","first_difference",1,1.03677123168824,9023.8004334311
"d13CO2","first_difference",2,1.02185339993488,14218.8531399883
"d13CO2","first_difference",3,1.01127552826498,16137.3047009205
"d13CO2","first_difference",4,1.00781777968507,18634.8258355311
"d13CO2","first_difference",5,1.00449393121357,18564.9689095266
"d13CO2","first_difference",6,1.0028455964288,19400.8891756391
"d13CO2","first_difference",7,1.00228392107097,18899.6467906638
"d13CO2","first_difference",8,1.00167983761372,19149.4425189253
"d13CO2","first_difference",9,1.00149109527035,20077.9262715781
"d13CO2","first_difference",10,1.00156097998565,19285.2618524572
"d13CO2","first_difference",11,1.00048258079168,18987.1580793433
"d13CO2","first_difference",12,1.00088015393618,18780.156860336
"d13CO2","first_difference",13,1.00068237518179,17481.2495011154
"d13CO2","first_difference",14,1.00101362693557,15147.6940441024
"d13CO2","first_difference",15,1.00022070179637,16778.8151195999
"d13CO2","first_difference",16,1.00030766497479,15181.0492212053
"d13CO2","first_difference",17,1.00042322340706,16097.565511729
"d13CO2","first_difference",18,1.00011521920044,16839.1501330675
"d13CO2","first_difference",19,1.00005962582459,16065.3528996577
"d13CO2","first_difference",20,1.00015457252362,19352.1901006749
"d13CO2","first_difference",21,1.00024823956662,20538.8611432921
"d13CO2","first_difference",22,1.00027177277561,19856.7362171643
"d13CO2","first_difference",23,1.00013260810258,22343.0558469451
"d13CO2","first_difference",24,1.00029062723264,23157.532869732
"d13CO2","first_difference",25,1.0004454478493,21532.9939383619
"d13CO2","first_difference",26,1.00001164656615,22044.1937528381
"d13CO2","first_difference",27,1.0002888628077,23031.8026749992
"d13CO2","first_difference",28,1.00000804242857,23155.0277630844
"d13CO2","first_difference",29,1.00036223545104,21751.9555650956
"d13CO2","first_difference",30,1.00031422430679,23517.7715860473
"d13CO2","first_difference",31,1.0001091309306,23022.48304166
"d13CO2","first_difference",32,1.00017265490329,23621.1488218399
"d13CO2","first_difference",33,0.999978150882736,23775.4476521981
"d13CO2","first_difference",34,1.00011019560527,23675.612577441
"d13CO2","first_difference",35,1.00003768232594,23159.9758847717
"d13CO2","first_difference",36,1.00009445441267,23729.2473374879
"d13CO2","first_difference",37,1.00018422509997,23999.9999999999
"d13CO2","first_difference",38,1.0001332615055,23169.6136772386
"d13CO2","first_difference",39,1.0003408182687,23522.0222677818
"d13CO2","first_difference",40,0.999956520457697,22522.251050591
"d13CO2","first_difference",41,1.00005750997467,23247.9498305859
"d13CO2","first_difference",42,1.00015875338962,23193.6214295263
"d13CO2","first_difference",43,1.00008711637558,23505.5272932121
"d13CO2","first_difference",44,1.00021252025749,23321.1722349077
"d13CO2","first_difference",45,1.00014906909462,23597.4688564609
"d13CO2","first_difference",46,1.00007575624346,23141.266750437
"d13CO2","first_difference",47,1.00028861027902,22558.703791728
"d13CO2","first_difference",48,1.00000197625681,23618.3875425805
"d13CO2","first_difference",49,1.00003204160183,22760.2767396614
"d13CO2","first_difference",50,1.00004313667089,23597.5423363035
"d13CO2","first_difference",51,1.00005099140147,22740.2705376342
"d13CO2","first_difference",52,1.00003069424175,23569.2500898091
"d13CO2","first_difference",53,0.99999349631775,21161.7704305014
"d13CO2","first_difference",54,0.999886849889655,23485.0926395496
"d13CO2","first_difference",55,0.999973630039656,23588.1709365757
"d13CO2","first_difference",56,1.00023317031356,23730.0490199659
"d13CO2","first_difference",57,1.00004025518138,24000
"d13CO2","first_difference",58,1.00000873697305,24000
"d13CO2","first_difference",59,1.00029034613256,23300.9312172705
"d13CO2","first_difference",60,0.999962015610241,22694.7372438774
"d13CO2","first_difference",61,0.999944182912627,23646.0475733225
"d13CO2","first_difference",62,1.00015039890508,23999.9999999999
"d13CO2","first_difference",63,1.0001689037949,22240.4373153862
"d13CO2","first_difference",64,1.00003046778426,23773.0033846107
"d13CO2","first_difference",65,0.999992880344075,23267.0656178667
"d13CO2","first_difference",66,1.00009781627735,23185.0164099296
"d13CO2","first_difference",67,0.999992686741046,22894.8623913072
"d13CO2","first_difference",68,1.00023048444663,23174.9220040582
"d13CO2","first_difference",69,1.0001880426251,22468.1887216863
"d13CO2","first_difference",70,1.00025080799042,22614.8330780726
"d13CO2","first_difference",71,1.00011745609156,23540.6896172297
"d13CO2","first_difference",72,1.00020682375201,22986.6694495191
"d13CO2","first_difference",73,1.00013780619709,23494.7324754132
"d13CO2","first_difference",74,1.00026012164412,22992.9871305802
"d13CO2","first_difference",75,1.0002148996271,22540.0932727488
"d13CO2","first_difference",76,0.99998760506171,23394.7389006293
"d13CO2","first_difference",77,1.00027942132214,23135.7541527337
"d13CO2","first_difference",78,0.999973126483852,23036.4246943267
"d13CO2","first_difference",79,1.00006607814642,23507.9152638813
"d13CO2","first_difference",80,1.00004763140773,24000.5316172237
"d13CO2","first_difference",81,1.00015560830559,24000
"d13CO2","first_difference",82,1.00003482735255,21998.1318964866
"d13CO2","first_difference",83,0.999989445096174,23265.9077018483
"d13CO2","first_difference",84,1.00002962942447,23511.2040288543
"d13CO2","first_difference",85,0.999986481232586,24149.1177206081
"d13CO2","first_difference",86,1.00030946767123,22785.1177685009
"d13CO2","first_difference",87,1.00005625584615,22811.1509818294
"d13CO2","first_difference",88,0.999999933637322,22714.3499115986
"d13CO2","first_difference",89,1.0001134964874,22603.9339217694
"d13CO2","first_difference",90,0.999971088380236,23198.5623000912
"d13CO2","first_difference",91,1.00005151043907,23756.2111608805
"d13CO2","first_difference",92,1.00011391779712,23731.8911274298
"d13CO2","first_difference",93,1.00030002105908,22917.9772358694
"d13CO2","first_difference",94,1.00018264335034,22669.2714932815
"d13CO2","first_difference",95,0.999993160714332,23278.0754246495
"d13CO2","first_difference",96,1.00013892435717,22750.7377812155
"d13CO2","first_difference",97,0.999952651653014,21163.5606566646
"d13CO2","first_difference",98,1.000073513207,22175.305022339
"d13CO2","first_difference",99,1.00002407780116,21503.1256739003
"d13CO2","first_difference",100,1.00020585623523,19972.7686543998
"d13CO2","first_difference",101,1.00017584023373,19761.3477699768
"d13CO2","first_difference",102,1.00002484564176,19005.660580724
"d13CO2","first_difference",103,1.00028980582284,19602.2064258429
"d13CO2","first_difference",104,1.00017810663383,18987.07867189
"d13CO2","first_difference",105,1.00002997892926,18545.9108116865
"d13CO2","first_difference",106,1.00023788156037,17438.047194129
"d13CO2","first_difference",107,1.00004938507862,15950.0340288359
"d13CO2","first_difference",108,1.00003110321046,15025.7607752185
"d13CO2","first_difference",109,1.00010061295404,15486.9431079162
"d13CO2","first_difference",110,1.00008207286723,17176.6307192892
"d13CO2","first_difference",111,1.00007407271285,16894.809179861
"d13CO2","first_difference",112,1.00016137011241,18259.4569953524
"d13CO2","first_difference",113,1.00009387512441,19630.8865288194
"d13CO2","first_difference",114,1.00014063035566,19114.7868517074
"d13CO2","first_difference",115,0.999992083034443,20553.6180213907
"d13CO2","first_difference",116,1.00022359726488,20376.5541121169
"d13CO2","first_difference",117,1.00016358400736,20730.2748690255
"d13CO2","first_difference",118,0.999959478122886,21880.2520678032
"d13CO2","first_difference",119,1.00001602275725,21566.4449679655
"d13CO2","first_difference",120,1.00031128441378,23008.2801257155
"d13CO2","first_difference",121,1.00020558851692,23165.3469089445
"d13CO2","first_difference",122,1.00020880602705,23691.9718103305
"d13CO2","first_difference",123,1.00004160197909,23285.9675147472
"d13CO2","first_difference",124,0.999958549132627,24000
"d13CO2","first_difference",125,0.999938409318767,22816.5607535433
"d13CO2","first_difference",126,1.00001512663705,23319.0994683095
"d13CO2","first_difference",127,1.0000458374035,24279.3043065163
"d13CO2","first_difference",128,1.00006474413625,23729.3491750888
"d13CO2","first_difference",129,1.00011799051378,23036.3005609711
"d13CO2","first_difference",130,1.00005501642459,24545.269012605
"d13CO2","first_difference",131,1.00014363341044,24000
"d13CO2","first_difference",132,1.00001520199305,23950.5390880286
"d13CO2","first_difference",133,1.0001822521771,22583.0749278926
"d13CO2","first_difference",134,0.999983684701347,23040.7506813969
"d13CO2","first_difference",135,1.00010477385257,23342.8499638926
"d13CO2","first_difference",136,0.999967641747667,24404.4170460096
"d13CO2","first_difference",137,1.000182380412,23224.6897713752
"d13CO2","first_difference",138,1.00017029262507,23191.6912351044
"d13CO2","first_difference",139,1.00023278848307,23096.9966807088
"d13CO2","first_difference",140,0.999976827368414,23489.0688103903
"d13CO2","first_difference",141,1.00010083838549,23093.0677490499
"d13CO2","first_difference",142,1.00009539601697,23354.7736096819
"d13CO2","first_difference",143,1.00009029117119,23758.7187055488
"d13CO2","first_difference",144,0.999994627231182,24000
"d13CO2","first_difference",145,1.00004140142585,24796.5134290125
"d13CO2","first_difference",146,0.999993597760764,24448.9040433418
"d13CO2","first_difference",147,1.00005163400268,24000
"d13CO2","first_difference",148,0.999996596023733,23317.6568498208
"d13CO2","first_difference",149,1.00007735172498,24152.6877861521
"d13CO2","first_difference",150,1.00010281608078,24522.0985495329
"d13CO2","first_difference",151,0.999936487680408,23103.4438404734
"d13CO2","first_difference",152,1.00011243719925,22860.8509205815
"d13CO2","first_difference",153,0.999993031167603,23127.5578632817
"d13CO2","first_difference",154,1.00011639654149,23132.6658225984
"d13CO2","first_difference",155,1.00001545761363,23597.0662115977
"d13CO2","first_difference",156,0.999949979927226,23724.9366292694
"d13CO2","first_difference",157,1.0001554925927,23636.5877260978
"d13CO2","first_difference",158,0.999956315539792,21076.5132412296
"d13CO2","first_difference",159,1.00004624921934,22229.7408966683
"d13CO2","first_difference",160,1.00009905939266,21463.4344074946
"d13CO2","first_difference",161,0.999956892748205,21251.7637566722
"d13CO2","first_difference",162,1.00017880860884,20211.5632160912
"d13CO2","first_difference",163,0.999955431590185,20556.617294614
"d13CO2","first_difference",164,1.00002401541717,20528.2972602475
"d13CO2","first_difference",165,1.00035163817067,21007.3766673401
"d13CO2","first_difference",166,1.0000337375093,22181.1955586998
"d13CO2","first_difference",167,1.00024462726505,21969.3126690724
"d13CO2","first_difference",168,1.00016011035819,23635.5074237407
"d13CO2","first_difference",169,1.00006171727767,23158.6441116457
"d13CO2","first_difference",170,0.999967083519442,23715.1086223272
"d13CO2","first_difference",171,1.0002407654228,22022.8879056131
"d13CO2","first_difference",172,1.00025658169151,23604.8098632612
"d13CO2","first_difference",173,0.999988154870725,24000.0000000001
"d13CO2","first_difference",174,1.00012866925154,23701.0018511644
"d13CO2","first_difference",175,1.00001610100745,22415.7909917013
"d13CO2","first_difference",176,1.00016022774826,23741.5369848717
"d13CO2","first_difference",177,0.999997198501791,23550.6439661738
"d13CO2","first_difference",178,1.00000979828129,22305.2765608368
"d13CO2","first_difference",179,1.00011097236204,23538.1153477034
"d13CO2","first_difference",180,1.00006392461846,23581.614682102
"d13CO2","first_difference",181,1.00005079311976,24101.6456229473
"d13CO2","first_difference",182,0.999948044228756,22606.9109124202
"d13CO2","first_difference",183,1.00005152758167,22752.1639086281
"d13CO2","first_difference",184,1.00000552256329,23681.7787425482
"d13CO2","first_difference",185,1.00019525182183,23223.5032530491
"d13CO2","first_difference",186,0.999968661333148,23281.4090089483
"d13CO2","first_difference",187,1.00012083942331,23657.8783429731
"d13CO2","first_difference",188,1.00009673969903,23656.847490856
"d13CO2","first_difference",189,0.99998921314421,23422.3273128005
"d13CO2","first_difference",190,1.00003682451349,24000
"d13CO2","first_difference",191,0.999995179321984,23584.5402698155
"d13CO2","first_difference",192,0.999989256850525,24235.1652411701
"d13CO2","first_difference",193,0.999895452292955,22964.4527580309
"d13CO2","first_difference",194,1.00001695595428,23526.270467243
"d13CO2","first_difference",195,1.00005734506741,24140.4754492554
"d13CO2","first_difference",196,1.00004707190005,23731.3611974975
"d13CO2","first_difference",197,0.999913407955421,24000
"d13CO2","first_difference",198,1.00029169444992,24000
"d13CO2","first_difference",199,1.00001712047091,24000
"d13CO2","first_difference",200,1.00012487606167,24293.0568196423
"d13CO2","first_difference",201,0.999994835432868,23518.6655983901
"d13CO2","first_difference",202,1.00003331549293,23151.5142510593
"d13CO2","first_difference",203,1.00032356212351,24000
"d13CO2","first_difference",204,1.00007560009455,23487.3574632033
"d13CO2","first_difference",205,1.0000549381759,23251.2211506749
"d13CO2","first_difference",206,1.00007537883471,23186.6575934617
"d13CO2","first_difference",207,1.00003563113432,23226.9791377675
"d13CO2","first_difference",208,0.999940732778715,22995.2904990379
"d13CO2","first_difference",209,1.00021581790049,22210.9447917455
"d13CO2","first_difference",210,1.00019590590302,21948.45947445
"d13CO2","first_difference",211,0.999977452735005,21882.6407819343
"d13CO2","first_difference",212,1.00027640079254,22104.3885103228
"d13CO2","first_difference",213,0.999987433317379,22073.3430474382
"d13CO2","first_difference",214,1.00006870039166,22241.4414972737
"d13CO2","first_difference",215,1.00010029292138,21581.4336489414
"d13CO2","first_difference",216,1.0004653633148,22698.4468465118
"d13CO2","first_difference",217,1.00024667098854,22372.3229605739
"d13CO2","first_difference",218,1.00014518795545,20967.1217213868
"d13CO2","first_difference",219,1.00018760272701,22275.8924907517
"d13CO2","first_difference",220,1.00007273602838,23723.9176891026
"d13CO2","first_difference",221,0.999974726697527,23464.9257894515
"d13CO2","first_difference",222,0.999932898169619,23210.0553384012
"d13CO2","first_difference",223,1.00002118091181,23636.639951713
"d13CO2","first_difference",224,1.00011976796983,23325.4785463324
"d13CO2","first_difference",225,1.00013051109716,22571.9595248125
"d13CO2","first_difference",226,1.00000339116818,23227.4766749792
"d13CO2","first_difference",227,1.00006964993798,22877.725250202
"d13CO2","first_difference",228,1.00000245965548,22212.7183685658
"d13CO2","first_difference",229,1.0000338705614,23246.3425689812
"d13CO2","first_difference",230,0.999964921717224,21837.9311345344
"d13CO2","first_difference",231,1.00006852193178,22592.0067086237
"d13CO2","first_difference",232,1.00010076488429,22286.8123496283
"d13CO2","first_difference",233,1.00006730352034,22223.4910591274
"d13CO2","first_difference",234,1.00003310029749,21282.2194170841
"d13CO2","first_difference",235,0.999944294693237,20905.8041641186
"d13CO2","first_difference",236,1.00001864207824,19651.256699448
"d13CO2","first_difference",237,0.99998755308475,21063.332005476
"d13CO2","first_difference",238,1.00016558228399,23393.8501639024
"d13CO2","first_difference",239,0.999965246756895,22499.5387237849
"d13CO2","first_difference",240,1.00008399329394,22761.1349553266
"d13CO2","first_difference",241,1.00017808303406,22051.8288111089
"d13CO2","first_difference",242,0.99995562291974,22767.4994980966
"d13CO2","first_difference",243,1.00014775917724,23276.7812822987
"d13CO2","first_difference",244,1.0001184635314,24000
"d13CO2","first_difference",245,1.00011621627576,23353.0436251027
"d13CO2","first_difference",246,1.00001267134415,23239.596624695
"d13CO2","first_difference",247,1.00002838554588,22621.1929059391
"d13CO2","first_difference",248,1.00013206183426,23724.8262291355
"d13CO2","first_difference",249,0.999997874654895,22229.6743455663
"d13CO2","first_difference",250,1.00010997113928,22698.171271659
"d13CO2","first_difference",251,0.999962414400947,24000
"d13CO2","first_difference",252,1.00010954302198,21682.6978936257
"d13CO2","first_difference",253,1.00012952484158,23983.4740849331
"d13CO2","first_difference",254,0.999993984039921,23414.9303325361
"d13CO2","first_difference",255,0.999985712886945,24000
"d13CO2","first_difference",256,1.00005180122001,23261.795717652
"d13CO2","first_difference",257,1.00005964145769,23312.5587392774
"d13CO2","first_difference",258,1.00012638506482,22550.9520827525
"d13CO2","first_difference",259,0.999980598707183,23999.9999999999
"d13CO2","first_difference",260,1.00008987441181,23726.3169491992
"d13CO2","first_difference",261,1.00016872919618,24797.2156581071
"d13CO2","first_difference",262,0.999993122526451,22647.7201433205
"d13CO2","first_difference",263,0.999985998549306,21918.4092660536
"d13CO2","first_difference",264,1.00005371600719,22424.0617209617
"d13CO2","first_difference",265,0.999994943814529,22970.1692961822
"d13CO2","first_difference",266,1.00004045711173,22825.4210846532
"d13CO2","first_difference",267,1.00023099119471,23382.3373387549
"d13CO2","first_difference",268,1.00006988500526,23518.828802034
"d13CO2","first_difference",269,1.00002116725704,23135.5634964351
"d13CO2","first_difference",270,1.00003257024799,23607.5639025012
"d13CO2","first_difference",271,0.99995259724411,23509.0664871773
"d13CO2","first_difference",272,1.00010257966993,23502.5311899878
"d13CO2","first_difference",273,1.00034096307295,23142.3988027563
"d13CO2","first_difference",274,1.00006747160482,22955.4553288139
"d13CO2","first_difference",275,0.999936513354455,24364.355940748
"d13CO2","first_difference",276,0.999990674017199,23057.9988521915
"d13CO2","first_difference",277,0.999975180860767,22828.7054085616
"d13CO2","first_difference",278,0.999972569533944,23626.4980758257
"d13CO2","first_difference",279,1.00005668896646,22344.0452779477
"d13CO2","first_difference",280,1.00006585951409,22495.8884505393
"d13CO2","first_difference",281,1.00015522713928,23614.5555927228
"d13CO2","first_difference",282,0.999924063391043,21353.1130511544
"d13CO2","first_difference",283,0.999959696711582,23120.2452573306
"d13CO2","first_difference",284,1.00012333698661,22180.2126391427
"d13CO2","first_difference",285,1.00007758733595,21052.2326922975
"d13CO2","first_difference",286,1.00008784212342,20399.3724375612
"d13CO2","first_difference",287,1.00004643089976,19797.2731404882
"d13CO2","first_difference",288,1.00012445049081,15133.8242487352
"d13CO2","first_difference",289,1.00014403758853,16201.941257103
"d13CO2","first_difference",290,1.0001608381848,16042.9057374771
"d13CO2","first_difference",291,1.00011980407136,17771.7361611783
"d13CO2","first_difference",292,1.00019430073523,19591.2310411583
"d13CO2","first_difference",293,1.00008277804702,21903.3225988968
"d13CO2","first_difference",294,0.999980620529553,22488.7142447945
"d13CO2","first_difference",295,1.00014662823257,22777.5428393395
"d13CO2","first_difference",296,1.00001402557329,23446.296917224
"d13CO2","first_difference",297,0.999962397847019,23159.3605994048
"d13CO2","first_difference",298,1.0000642005427,23086.1697705034
"d13CO2","first_difference",299,1.00016657553008,23764.9046599866
"d13CO2","first_difference",300,1.00012340220285,23720.9053705314
"d13CO2","first_difference",301,1.0000954227734,23724.2214763588
"d13CO2","first_difference",302,1.00003141834948,24000
"d13CO2","first_difference",303,0.99998581623532,23766.7284783837
"d13CO2","first_difference",304,1.00021728425728,23445.5850930266
"d13CO2","first_difference",305,1.00026330496489,24197.3740199068
"d13CO2","first_difference",306,1.00011126918297,24000
"d13CO2","first_difference",307,1.00004568458102,22753.3306733415
"d13CO2","first_difference",308,1.00012163850051,23724.4055515288
"d13CO2","first_difference",309,0.999995492827242,23447.3212903843
"d13CO2","first_difference",310,1.00023857035135,23115.9439809418
"d13CO2","first_difference",311,0.999963087536849,24206.4366423403
"d13CO2","first_difference",312,0.999880628413875,22077.0687708555
"d13CO2","first_difference",313,1.0000264743002,24803.264308099
"d13CO2","first_difference",314,0.999941045499766,23511.0050816108
"d13CO2","first_difference",315,1.0000252744729,24000
"d13CO2","first_difference",316,0.999955013217737,22866.558070917
"d13CO2","first_difference",317,1.00002078662889,21903.6599762998
"d13CO2","first_difference",318,1.00001776227964,24000
"d13CO2","first_difference",319,1.00002393293055,24000
"d13CO2","first_difference",320,1.00033472235539,23516.7768112475
"d13CO2","first_difference",321,1.00030024385082,24991.0358637398
"d13CO2","first_difference",322,1.00022539650481,23512.9761091338
"d13CO2","first_difference",323,0.999992906617685,23636.5277928841
"d13CO2","first_difference",324,0.999966086238124,23900.409669297
"d13CO2","first_difference",325,1.00006215821043,24000
"d13CO2","first_difference",326,0.999986814976155,23644.4543281266
"d13CO2","first_difference",327,0.999955066887493,23397.8811537444
"d13CO2","first_difference",328,0.999977657933547,24000
"d13CO2","first_difference",329,1.00024686003792,23499.4348377587
"d13CO2","first_difference",330,1.00018608438257,23654.6952600971
"d13CO2","first_difference",331,1.00016460693069,22888.1946640609
"d13CO2","first_difference",332,1.0002364903811,21856.5122197516
"d13CO2","first_difference",333,1.00026743063537,22737.5131263472
"d13CO2","first_difference",334,1.00027614750733,24000
"d13CO2","first_difference",335,1.00004449850152,23332.5593826347
"d13CO2","first_difference",336,1.00005968271927,21796.6170629116
"d13CO2","first_difference",337,1.00003983682001,13456.8474557646
"d13CO2","first_difference",338,1.00005832519376,11142.5951520097
"d13CO2","first_difference",339,1.00003980256666,10590.1172047204
"d13CO2","first_difference",340,1.00003999680959,17719.0086211606
"d13CO2","first_difference",341,1.00002920951873,18200.871056737
"d13CO2","first_difference",342,1.00014521485987,18021.4206795232
"d13CO2","first_difference",343,1.00022294930568,20645.4543140585
"d13CO2","first_difference",344,0.999964374844492,19149.8540468622
"d13CO2","first_difference",345,1.00010369302264,20157.4280402609
"d13CO2","first_difference",346,1.00009665697898,20521.0018315715
"d13CO2","first_difference",347,1.00002424235159,20579.2050005815
"d13CO2","first_difference",348,1.00015299147166,20500.8116837647
"d13CO2","first_difference",349,1.00007245002139,19403.0847178509
"d13CO2","first_difference",350,0.999966147888287,18756.2089075413
"d13CO2","first_difference",351,1.00019867080941,19423.0195414016
"d13CO2","first_difference",352,1.00011265067314,19554.7888105592
"d13CO2","first_difference",353,1.00020744090783,17938.8910481148
"d13CO2","first_difference",354,1.00000023850544,18154.7533384644
"d13CO2","first_difference",355,1.00003935050148,15078.3703824353
"d13CO2","first_difference",356,1.00020066728157,13191.7818041264
"d13CO2","first_difference",357,1.00066761251611,11603.6084499742
"d13CO2","first_difference",358,1.00018872828679,15333.9985187825
"d13CO2","first_difference",359,0.999935456790586,17650.0683805898
"d13CO2","first_difference",360,1.00029366218278,20403.6560492737
"d13CO2","first_difference",361,1.00030982868539,19142.2002196049
"d13CO2","first_difference",362,1.00003537148727,20885.5963271836
"d13CO2","first_difference",363,1.00018217544602,21566.4197382558
"d13CO2","first_difference",364,1.00012862894247,20159.8505606923
"d13CO2","first_difference",365,0.99994092829123,22337.2045066251
"d13CO2","first_difference",366,1.00026004727437,20297.0684819103
"d13CO2","first_difference",367,1.00000934401388,21185.3926278836
"d13CO2","first_difference",368,1.00007443793494,19316.2404942726
"d13CO2","first_difference",369,1.00003961911437,19682.7182899373
"d13CO2","first_difference",370,1.00003160279304,20133.9130016178
"d13CO2","first_difference",371,0.999985840121152,20917.2187175899
"d13CO2","first_difference",372,1.00000798120146,19668.588563579
"d13CO2","first_difference",373,1.00002239879741,20987.2938611884
"d13CO2","first_difference",374,1.00014535444351,20537.3773235789
"d13CO2","first_difference",375,1.00000004189761,20089.0524343827
"d13CO2","first_difference",376,1.00029458696055,21507.5350336099
"d13CO2","first_difference",377,1.00002622822806,20872.0137708437
"d13CO2","first_difference",378,1.00002365749194,20088.8585039431
"d13CO2","first_difference",379,1.00025735951951,18779.1346773535
"d13CO2","first_difference",380,0.99993787885335,19045.3952667709
"d13CO2","first_difference",381,1.00027527604067,17184.5598307972
"d13CO2","first_difference",382,1.00008246677378,18515.0998376276
"d13CO2","first_difference",383,1.00010659038789,19625.1950530335
"d13CO2","first_difference",384,1.00031598784329,19092.2498187176
"d13CO2","first_difference",385,1.00009298220398,21516.4032799027
"d13CO2","first_difference",386,1.0000271938865,21964.3106218273
"d13CO2","first_difference",387,1.00001651895718,19840.096094559
"d13CO2","first_difference",388,0.999947517167107,22516.1057201828
"d13CO2","first_difference",389,0.999997260267811,22060.4993730592
"d13CO2","first_difference",390,0.999961354982003,21639.7928295734
"d13CO2","first_difference",391,1.00000022808345,21176.7626464257
"d13CO2","first_difference",392,1.00013282867679,22292.6350933182
"d13CO2","first_difference",393,0.9999893922645,22417.1495604076
"d13CO2","first_difference",394,0.999947152839248,22513.7180331405
"d13CO2","first_difference",395,1.00013514143688,23593.0570862184
"d13CO2","first_difference",396,1.00028219106459,21120.9082017027
"d13CO2","first_difference",397,1.00006688725165,24000
"d13CO2","first_difference",398,0.999999760097478,22248.8631009804
"d13CO2","first_difference",399,1.00012047484855,22639.145669551
"d13CO2","first_difference",400,1.00010816534325,20636.0591981164
"d13CO2","first_difference",401,1.0000280213801,20692.6413714381
"d13CO2","first_difference",402,0.99997766056213,20105.8821192777
"d13CO2","first_difference",403,1.00006237922005,21700.6542592729
"d13CO2","first_difference",404,1.00013612476657,19572.09909274
"d13CO2","first_difference",405,1.00006563277717,21123.2686566948
"d13CO2","first_difference",406,1.00019762292008,21072.4188596545
"d13CO2","first_difference",407,1.00004570433635,19805.1732464603
"d13CO2","first_difference",408,1.00013942816244,20025.3749214085
"d13CO2","first_difference",409,0.999953613459626,21553.7844357323
"d13CO2","first_difference",410,0.999996687419024,20143.4126221817
"d13CO2","first_difference",411,1.00001431137896,19626.4841413454
"d13CO2","first_difference",412,1.00003582385795,20200.4273604171
"d13CO2","first_difference",413,0.999998403758398,19771.0397951556
"d13CO2","first_difference",414,1.00013236610776,18962.7513761434
"d13CO2","first_difference",415,1.00003233332057,18342.091974658
"d13CO2","first_difference",416,1.00013639285536,18569.5186770123
"d13CO2","first_difference",417,0.999958239330608,19173.5153815264
"d13CO2","first_difference",418,1.0002697304369,19373.4891988249
"d13CO2","first_difference",419,1.00003311065467,18564.6382800218
"d13CO2","first_difference",420,0.999953201747007,17669.4923880436
"d13CO2","first_difference",421,1.00016472052939,18165.9257797221
"d13CO2","first_difference",422,1.00009094709272,20678.6056591557
"d13CO2","first_difference",423,1.00015822828302,17112.8818620447
"d13CO2","first_difference",424,1.00021492822089,19959.9699857548
"d13CO2","first_difference",425,1.00001466286331,20634.8721717278
"d13CO2","first_difference",426,1.00031974194832,21284.2826876694
"d13CO2","first_difference",427,0.999994979015741,22835.9246260461
"d13CO2","first_difference",428,1.00014741089108,21021.1083954942
"d13CO2","first_difference",429,0.999990067326049,22811.3011737212
"d13CO2","first_difference",430,0.999955007236266,20504.032556543
"d13CO2","first_difference",431,0.999972985890578,19651.19720837
"d13CO2","first_difference",432,0.999940193839739,22147.5475410163
"d13CO2","first_difference",433,1.00031312140881,19925.0212284269
"d13CO2","first_difference",434,1.00011382168388,20868.7148365489
"d13CO2","first_difference",435,1.00012730064285,21062.3938249284
"d13CO2","first_difference",436,1.00005292807608,20281.7477043195
"d13CO2","first_difference",437,1.00009030484701,21169.1335068155
"d13CO2","first_difference",438,1.0000488818079,18444.6078331138
"d13CO2","first_difference",439,1.00012557428481,17395.7074864573
"d13CO2","first_difference",440,1.00001944536884,17805.8001853536
"d13CO2","first_difference",441,1.00000366245271,19259.3910055876
"d13CO2","first_difference",442,1.00012348521119,20009.0217568173
"d13CO2","first_difference",443,1.00018994478428,17922.3176720968
"d13CO2","first_difference",444,0.999992856174452,18753.4560713021
"d13CO2","first_difference",445,1.00003420392771,18506.503309748
"d13CO2","first_difference",446,1.00013649704693,18242.8270966566
"d13CO2","first_difference",447,1.00022615980105,20025.3632654863
"d13CO2","first_difference",448,1.00034427658285,20510.8662529445
"d13CO2","first_difference",449,1.00027286474229,18988.4198855074
"d13CO2","first_difference",450,1.00003641216654,19030.6567473391
"d13CO2","first_difference",451,1.00010670524514,19634.3682811351
"d13CO2","first_difference",452,1.00006244747487,18733.3079432163
"d13CO2","first_difference",453,0.999934167874227,21461.0261955377
"d13CO2","first_difference",454,1.00002478100926,19643.4745058777
"d13CO2","first_difference",455,1.00025393565286,21601.7242188583
"d13CO2","first_difference",456,1.00024806393737,20062.8552031063
"d13CO2","first_difference",457,0.999992113884954,21500.103496148
"d13CO2","first_difference",458,1.00004297796442,20350.9547164824
"d13CO2","first_difference",459,1.00021107053467,20408.7632684207
"d13CO2","first_difference",460,0.999985156291784,20546.9639304879
"d13CO2","first_difference",461,1.00024525261155,20902.7162323142
"d13CO2","first_difference",462,1.00010729683415,20821.4921117503
"d13CO2","first_difference",463,1.00013500559995,20542.0087397365
"d13CO2","first_difference",464,0.999980247618224,20146.1896855922
"d13CO2","first_difference",465,1.00004582047889,16534.3711840212
"d13CO2","first_difference",466,1.00000237293113,16163.9425909616
"d13CO2","first_difference",467,0.999998671065131,14853.2038929313
"d13CO2","first_difference",468,1.0001050179451,15673.1186403062
"d13CO2","first_difference",469,1.00008537034222,15940.0070582211
"d13CO2","first_difference",470,1.00016896805132,14100.9664744386
"d13CO2","first_difference",471,1.0004730900588,15208.6060172039
"d13CO2","first_difference",472,1.00056167746176,10493.7280104524
"d13CO2","first_difference",473,1.00009092721106,14547.437757887
"d13CO2","first_difference",474,1.00048239530411,14679.2449461625
"d13CO2","first_difference",475,0.999940068438391,20465.524450604
"d13CO2","first_difference",476,0.99999680181717,21559.2911310269
"d13CO2","first_difference",477,1.00001039703902,20345.7945212192
"d13CO2","first_difference",478,1.00016299258791,20594.0078531031
"d13CO2","first_difference",479,0.999944872155372,21370.7015585189
"d13CO2","first_difference",480,0.999967275468349,20694.575822085
"d13CO2","first_difference",481,0.999981955411484,20375.7694082048
"d13CO2","first_difference",482,1.0000802397183,19783.4351121441
"d13CO2","first_difference",483,1.00016929052032,19214.1575402083
"d13CO2","first_difference",484,0.99999907852795,18906.6385592763
"d13CO2","first_difference",485,1.00010988229273,16979.2032443651
"d13CO2","first_difference",486,1.00021063747569,15974.8492053172
"d13CO2","first_difference",487,0.999986022338539,17861.9986625906
"d13CO2","first_difference",488,0.999999094137317,21138.9781677411
"d13CO2","first_difference",489,1.00002957562236,21808.2359276562
"d13CO2","first_difference",490,1.00014459763943,22918.5022292186
"d13CO2","first_difference",491,1.00000160858014,22254.9346461778
"d13CO2","first_difference",492,0.999968826291245,22799.2810247478
"d13CO2","first_difference",493,1.00003904454201,22696.2014652917
"d13CO2","first_difference",494,1.00002003830618,23728.0875877528
"d13CO2","first_difference",495,1.00021500802218,23399.4022028037
"d13CO2","first_difference",496,1.00002380608548,23066.0756948019
"d13CO2","first_difference",497,1.00002780119806,23204.1339860432
"d13CO2","first_difference",498,0.999920927030982,24000
"d13CO2","first_difference",499,1.00002050028098,22220.9532841015
"d13CO2","first_difference",500,1.00006982917196,22182.794760757
"d13CO2","first_difference",501,1.00012652000302,21542.3264671037
"d13CO2","first_difference",502,0.999934790803653,22273.7720233352
"d13CO2","first_difference",503,1.00002542876782,22482.7435886468
"d13CO2","first_difference",504,1.00006982338399,23332.9710553557
"d13CO2","first_difference",505,1.00013986100151,22601.3477392794
"d13CO2","first_difference",506,1.00002662426192,18399.5084245515
"d13CO2","first_difference",507,0.999956810019527,18233.1701017703
"d13CO2","first_difference",508,1.00007183342517,19317.8395927504
"d13CO2","first_difference",509,0.999967861782642,18977.8141358978
"d13CO2","first_difference",510,1.0000905676691,19385.6744592432
"d13CO2","first_difference",511,1.0001221516815,20150.8379032944
"d13CO2","first_difference",512,1.00009052777221,20916.4767215675
"d13CO2","first_difference",513,0.999996919692941,18896.0793710482
"d13CO2","first_difference",514,1.00017319919162,20826.1397364637
"d13CO2","first_difference",515,1.00006087854389,20219.068919215
"d13CO2","first_difference",516,1.00011204733408,18107.8174877641
"d13CO2","first_difference",517,1.00023863346857,18843.7861745199
"d13CO2","first_difference",518,0.999967568156781,19189.9256139953
"d13CO2","first_difference",519,1.00022695226196,20219.5521947476
"d13CO2","first_difference",520,0.999996557262876,21562.5615269138
"d13CO2","first_difference",521,0.999967803442858,21861.6839457804
"d13CO2","first_difference",522,1.00003687313967,21083.0596195472
"d13CO2","first_difference",523,0.999924635741135,21049.6936018985
"d13CO2","first_difference",524,1.00003006355805,20826.9545985826
"d13CO2","first_difference",525,0.99996011434638,16720.6595593847
"d13CO2","first_difference",526,1.00005234260449,15181.3595336777
"d13CO2","first_difference",527,1.00020262072583,17713.8659428366
"d13CO2","first_difference",528,1.00007914385737,17250.3430103117
"d13CO2","first_difference",529,1.00008182505783,15749.1724957764
"d13CO2","first_difference",530,1.00016968504169,16639.830645633
"d13CO2","first_difference",531,1.00010425474088,15586.9163915258
"d13CO2","first_difference",532,1.00003664176472,12466.6598037571
"d13CO2","first_difference",533,1.00028659811464,12163.835976321
"d13CO2","first_difference",534,0.99998333767462,10909.4997952541
"d13CO2","first_difference",535,1.00081556461028,8751.12939756733
"d13CO2","first_difference",536,1.00023521398226,7537.3838773852
"d13CO2","first_difference",537,1.00042748855677,7123.1216465689
"d13CO2","first_difference",538,1.00027930103555,7103.60953945763
"d13CO2","first_difference",539,1.00014190328023,7579.87942219171
"GMST","raw",1,1.09682484502198,1143.44586950747
"GMST","raw",2,1.11141945825309,1048.83555861288
"GMST","raw",3,1.11653928803243,1043.60061193668
"GMST","raw",4,1.11289022906205,1110.56589475533
"GMST","raw",5,1.10573442537748,992.367963384619
"GMST","raw",6,1.09865722417609,974.567298091818
"GMST","raw",7,1.09129743527176,879.080512356941
"GMST","raw",8,1.08287456541813,902.222558771621
"GMST","raw",9,1.07766381795865,938.476302274683
"GMST","raw",10,1.06969090647768,868.066459586948
"GMST","raw",11,1.06454127554336,807.294296615955
"GMST","raw",12,1.05702690408325,825.995760833077
"GMST","raw",13,1.05073174134588,838.751715291544
"GMST","raw",14,1.04533505754935,814.611641809535
"GMST","raw",15,1.04090843642172,846.910215459103
"GMST","raw",16,1.03636418030552,837.424419380036
"GMST","raw",17,1.03363600134222,850.673216412591
"GMST","raw",18,1.02993773200554,822.747948820128
"GMST","raw",19,1.02691914404902,833.401317405208
"GMST","raw",20,1.02465729514934,865.44971088521
"GMST","raw",21,1.02199570046936,925.864345276207
"GMST","raw",22,1.02040947827984,948.733620740029
"GMST","raw",23,1.0188021472088,1047.61430664758
"GMST","raw",24,1.01732390328474,1121.51798611465
"GMST","raw",25,1.01520935940174,1206.73364893817
"GMST","raw",26,1.01381803060694,1303.48127905388
"GMST","raw",27,1.01244350335947,1475.50194400909
"GMST","raw",28,1.01126498201418,1671.39661349633
"GMST","raw",29,1.00985246944793,1879.61497517749
"GMST","raw",30,1.00928872487685,1975.52625952031
"GMST","raw",31,1.0083770664935,2121.8829799647
"GMST","raw",32,1.0070109917834,2175.60510274948
"GMST","raw",33,1.00669881747503,2370.99802344768
"GMST","raw",34,1.00560191457447,2549.01766876404
"GMST","raw",35,1.00527837597117,2694.49530016672
"GMST","raw",36,1.00482151265463,2710.1625011472
"GMST","raw",37,1.00423479875299,2835.95171979995
"GMST","raw",38,1.0034640940849,2892.160924161
"GMST","raw",39,1.00312696966957,2853.54843176271
"GMST","raw",40,1.00285924784694,2970.51089356459
"GMST","raw",41,1.00263904672443,3005.18168810972
"GMST","raw",42,1.00241376681444,2775.84591519634
"GMST","raw",43,1.00203074875792,2739.27545471008
"GMST","raw",44,1.00160575303388,2744.43150895213
"GMST","raw",45,1.0016606452574,2720.58754454483
"GMST","raw",46,1.00138737944202,2664.00669009567
"GMST","raw",47,1.00118839847509,2728.98634398164
"GMST","raw",48,1.00101506037309,2757.75761958893
"GMST","raw",49,1.00090711526661,2705.13580717902
"GMST","raw",50,1.00087035576222,2776.69720165643
"GMST","raw",51,1.0007775260247,2868.61178988883
"GMST","raw",52,1.00076395954976,2894.24666617783
"GMST","raw",53,1.00053067249285,2888.70657153159
"GMST","raw",54,1.00057759088817,2934.10961616477
"GMST","raw",55,1.00069010582729,2990.27123119626
"GMST","raw",56,1.00058210976307,3205.74933870833
"GMST","raw",57,1.00040961235534,3195.8191141687
"GMST","raw",58,1.00033796401217,3278.2403334776
"GMST","raw",59,1.00043087614809,3330.95114209947
"GMST","raw",60,1.00027862701583,3407.98472937971
"GMST","raw",61,1.00048492494102,3515.22717147625
"GMST","raw",62,1.00021342034453,3570.14592322929
"GMST","raw",63,1.0001803759784,3542.80105484018
"GMST","raw",64,1.00014534171637,3700.9576284154
"GMST","raw",65,1.00022012771963,3396.99455889721
"GMST","raw",66,1.00023535726452,3727.71306567273
"GMST","raw",67,1.00031532986325,3652.56610426292
"GMST","raw",68,1.00047411936159,3595.52221799962
"GMST","raw",69,1.00049769572397,3581.40133593546
"GMST","raw",70,1.00052195859092,3472.83992702036
"GMST","raw",71,1.00051005073634,3470.62850140049
"GMST","raw",72,1.00068480112295,3634.65800452692
"GMST","raw",73,1.00054885007746,3634.69984292486
"GMST","raw",74,1.00039488183784,3452.76299393336
"GMST","raw",75,1.000334393908,3612.87852352297
"GMST","raw",76,1.00029421379283,3629.9676794224
"GMST","raw",77,1.00023261705761,3774.81920045017
"GMST","raw",78,1.00032492416829,3743.96615237213
"GMST","raw",79,1.00031913006816,3865.76370113059
"GMST","raw",80,1.00027215701062,4013.37228815938
"GMST","raw",81,1.0002697459217,3980.23062656268
"GMST","raw",82,1.00022825088878,3870.10363079354
"GMST","raw",83,1.00042185831049,3583.48947687555
"GMST","raw",84,1.00031360421245,3250.58701995398
"GMST","raw",85,1.00042428307831,3488.19696061799
"GMST","raw",86,1.00056331220502,3411.19357850472
"GMST","raw",87,1.00078865261955,3060.98750784516
"GMST","raw",88,1.00100051911585,2944.48946309846
"GMST","raw",89,1.00163012112079,2845.02417284406
"GMST","raw",90,1.00192196135064,2695.60564422556
"GMST","raw",91,1.00202033949414,2333.79831716529
"GMST","raw",92,1.00186820127734,2248.43500196683
"GMST","raw",93,1.00228741429861,2074.53384136861
"GMST","raw",94,1.00270304912083,1956.37727078998
"GMST","raw",95,1.0028074143197,1812.63538191813
"GMST","raw",96,1.00308935259247,1736.99859029466
"GMST","raw",97,1.00303486451749,1555.17672519995
"GMST","raw",98,1.00329589541684,1493.11912844287
"GMST","raw",99,1.00356078963782,1420.40552844683
"GMST","raw",100,1.00427266564716,1290.36336077869
"GMST","raw",101,1.00525713030201,1200.77620779801
"GMST","raw",102,1.00587125611417,1161.93025234618
"GMST","raw",103,1.00651528467004,1038.85734797182
"GMST","raw",104,1.00685960028009,990.724779905306
"GMST","raw",105,1.00724275410557,883.074701837318
"GMST","raw",106,1.0079704739713,809.135729537911
"GMST","raw",107,1.00949673222245,753.38732416969
"GMST","raw",108,1.01011352453439,729.809565570664
"GMST","raw",109,1.01002117278914,708.74650038867
"GMST","raw",110,1.00985652363508,715.268616567033
"GMST","raw",111,1.01073045235974,722.552343076327
"GMST","raw",112,1.01069970805542,750.841435658656
"GMST","raw",113,1.00996385066908,815.126072666405
"GMST","raw",114,1.00892300433995,856.432347570243
"GMST","raw",115,1.0084192370242,940.468926234908
"GMST","raw",116,1.00745122149968,999.877499715522
"GMST","raw",117,1.0066547525873,1162.56661078575
"GMST","raw",118,1.0058476157434,1279.34175825222
"GMST","raw",119,1.00526024380797,1393.94515544552
"GMST","raw",120,1.00467145743533,1469.41553496486
"GMST","raw",121,1.00367557655399,1682.75032590789
"GMST","raw",122,1.00336769310976,1915.3786245627
"GMST","raw",123,1.00289657426045,2210.00952491568
"GMST","raw",124,1.00258566911667,2549.84016921159
"GMST","raw",125,1.00254426600094,2702.84423454928
"GMST","raw",126,1.00217552027969,3227.03343759817
"GMST","raw",127,1.00185835862862,3679.58627954614
"GMST","raw",128,1.00166755158492,3892.54071005134
"GMST","raw",129,1.00146927593319,4143.09471612051
"GMST","raw",130,1.00143839748165,5141.46710170366
"GMST","raw",131,1.00120172288105,5338.45458916603
"GMST","raw",132,1.00111461842331,6059.78972867245
"GMST","raw",133,1.00144112254233,6614.95923119016
"GMST","raw",134,1.00106662461834,8127.24313872925
"GMST","raw",135,1.00100227425536,9050.70242746432
"GMST","raw",136,1.00072534089129,9665.21681642158
"GMST","raw",137,1.00055492161901,9360.128392552
"GMST","raw",138,1.0006008273693,10455.2261764158
"GMST","raw",139,1.00043228481877,10262.6900695003
"GMST","raw",140,1.00056098753981,9002.16610323204
"GMST","raw",141,1.00040585430673,9619.90046151867
"GMST","raw",142,1.00048294668632,9377.97785534717
"GMST","raw",143,1.00053065559764,8926.92957545869
"GMST","raw",144,1.00048196452752,8688.92643560039
"GMST","raw",145,1.00072945770682,8096.04075424579
"GMST","raw",146,1.00067697417354,7733.80818728925
"GMST","raw",147,1.00066379304175,7583.07493980452
"GMST","raw",148,1.00083557602961,7460.29583018208
"GMST","raw",149,1.00105297325776,7031.68737854472
"GMST","raw",150,1.00128191163408,6608.01547388449
"GMST","raw",151,1.00090201552991,6006.58301508718
"GMST","raw",152,1.000797636464,5510.67059978133
"GMST","raw",153,1.00094043373538,4904.0762349798
"GMST","raw",154,1.00064818903265,4389.25384025421
"GMST","raw",155,1.00060645127269,3858.33029591919
"GMST","raw",156,1.00069970182325,3543.48741918018
"GMST","raw",157,1.00072437999955,3177.30470566849
"GMST","raw",158,1.00080865633874,3158.62466748589
"GMST","raw",159,1.00083669063515,2853.09865828173
"GMST","raw",160,1.00071572711639,2644.45233255777
"GMST","raw",161,1.00061356984634,2619.72758016272
"GMST","raw",162,1.00063735304812,2409.21019049062
"GMST","raw",163,1.00054225674612,2539.07302872681
"GMST","raw",164,1.00037717165847,2670.57295181499
"GMST","raw",165,1.00020687104732,2722.24870285447
"GMST","raw",166,1.00030532301004,2831.38622064684
"GMST","raw",167,1.00038230279789,3095.6584284667
"GMST","raw",168,1.00033475154639,3174.36590656383
"GMST","raw",169,1.00039133329096,3532.43180670326
"GMST","raw",170,1.00017582601141,3858.25634253895
"GMST","raw",171,1.00006649907663,4418.30283400909
"GMST","raw",172,1.00008337386799,4969.31239154116
"GMST","raw",173,1.00003034519792,5515.74379775745
"GMST","raw",174,1.00006036174204,5825.23662829457
"GMST","raw",175,1.00009004661593,6718.61546461856
"GMST","raw",176,1.00006114505841,7117.86378755259
"GMST","raw",177,1.00010281028401,7506.16901029002
"GMST","raw",178,1.00001676299685,7942.31177644254
"GMST","raw",179,1.00004595035608,8537.20761301112
"GMST","raw",180,1.00000492137736,7965.65881579222
"GMST","raw",181,1.00019511658564,8272.58619298133
"GMST","raw",182,1.00023929252372,8389.66250081354
"GMST","raw",183,1.00010995336572,8394.58264997218
"GMST","raw",184,1.00015421700355,7826.0943390236
"GMST","raw",185,1.00039170662861,8373.2363634257
"GMST","raw",186,1.00027759032021,8594.0217845267
"GMST","raw",187,1.00025276833721,7889.35636396909
"GMST","raw",188,1.00034883481114,7765.55387536892
"GMST","raw",189,1.00022071338944,8029.78657012548
"GMST","raw",190,1.00025579999484,8428.11772247536
"GMST","raw",191,1.00019997104795,8977.09385122308
"GMST","raw",192,1.00010823320458,9077.30603764174
"GMST","raw",193,1.00003221522947,8933.22864860329
"GMST","raw",194,1.000076122834,8448.43727749345
"GMST","raw",195,1.00001517223376,8594.30543324996
"GMST","raw",196,1.00013000985589,8074.91499685238
"GMST","raw",197,1.0001305627793,8404.84044798337
"GMST","raw",198,1.00024641640214,7629.46524110336
"GMST","raw",199,1.0004277214925,7305.19595488421
"GMST","raw",200,1.00049042378377,6947.30001421285
"GMST","raw",201,1.00041309960193,6449.39271756114
"GMST","raw",202,1.00038633275702,5823.88278911616
"GMST","raw",203,1.00059042649896,5438.52726489127
"GMST","raw",204,1.00052897694878,4617.85898471116
"GMST","raw",205,1.00071126208877,4253.54514593522
"GMST","raw",206,1.00061210720053,3759.62350624837
"GMST","raw",207,1.00088924729848,3560.74933522749
"GMST","raw",208,1.00075450808573,3239.55063788442
"GMST","raw",209,1.00048858118557,2990.17885201701
"GMST","raw",210,1.00045837486383,2843.3431618166
"GMST","raw",211,1.00041112334024,2847.2443351866
"GMST","raw",212,1.00072166988076,2567.40584430879
"GMST","raw",213,1.00081380950252,2603.49672717707
"GMST","raw",214,1.00104960017217,2504.39111586104
"GMST","raw",215,1.00098762011329,2484.26415260414
"GMST","raw",216,1.00124512397549,2402.37884692038
"GMST","raw",217,1.00104991201002,2380.17322154599
"GMST","raw",218,1.00072142036577,2565.92739014994
"GMST","raw",219,1.00068887340039,2773.57032900142
"GMST","raw",220,1.00054101419844,2940.59495486726
"GMST","raw",221,1.00052547647021,3066.50381373895
"GMST","raw",222,1.00073551530429,3230.70816187948
"GMST","raw",223,1.00056661864849,3440.57704377019
"GMST","raw",224,1.0008196544451,3562.893624842
"GMST","raw",225,1.00111514894055,3418.51961704133
"GMST","raw",226,1.00123500474668,3526.90889599058
"GMST","raw",227,1.00107720439877,3429.15937311895
"GMST","raw",228,1.00132047042144,3422.35450266728
"GMST","raw",229,1.00178323075175,3423.89873575289
"GMST","raw",230,1.00172313961834,3327.2185775397
"GMST","raw",231,1.00147826836364,3162.27326282216
"GMST","raw",232,1.00178952723361,2945.62123224578
"GMST","raw",233,1.00192508597545,2804.34429792165
"GMST","raw",234,1.0016776999398,2600.6143987566
"GMST","raw",235,1.001888792988,2487.643160949
"GMST","raw",236,1.00227055147538,2392.06247136634
"GMST","raw",237,1.00214780665772,2611.54881673301
"GMST","raw",238,1.00176029171709,3005.74700814026
"GMST","raw",239,1.00179811402971,3370.2253164069
"GMST","raw",240,1.00168762567904,3593.1927581533
"GMST","raw",241,1.00185769539867,3842.43538285619
"GMST","raw",242,1.00191046858226,3917.60006381282
"GMST","raw",243,1.00196061381597,4015.14336705727
"GMST","raw",244,1.00245205586194,3937.13819333137
"GMST","raw",245,1.00202769131876,4122.79209972975
"GMST","raw",246,1.00201867571672,4059.8455391974
"GMST","raw",247,1.00198279296908,3902.97882847476
"GMST","raw",248,1.00179455940566,3803.00179505651
"GMST","raw",249,1.00215716698444,3705.67539517445
"GMST","raw",250,1.00221275575726,3957.53959319994
"GMST","raw",251,1.00192868588279,3656.24175452974
"GMST","raw",252,1.00173356013285,3497.90070062882
"GMST","raw",253,1.0016289658883,3395.11413845415
"GMST","raw",254,1.00158128091589,3987.82523678133
"GMST","raw",255,1.00154883040187,3887.24299153557
"GMST","raw",256,1.00152783164625,3503.6602009826
"GMST","raw",257,1.00123441340596,3528.15619348125
"GMST","raw",258,1.00122169091889,3594.70299213491
"GMST","raw",259,1.00161387678536,3280.30704441908
"GMST","raw",260,1.00130487186503,3505.33227532739
"GMST","raw",261,1.00124277029925,3299.42705953834
"GMST","raw",262,1.00148696475326,3306.08083675991
"GMST","raw",263,1.00104399314783,3449.98797694288
"GMST","raw",264,1.00079429899098,3578.3872654434
"GMST","raw",265,1.00060989472181,3851.15339913327
"GMST","raw",266,1.00048603697313,4032.03285086116
"GMST","raw",267,1.00055653353216,4257.67423674106
"GMST","raw",268,1.00053876667305,4436.17693186869
"GMST","raw",269,1.0007323424858,4726.12496856738
"GMST","raw",270,1.00054172836074,5138.06937759203
"GMST","raw",271,1.00039404597983,5359.14617581023
"GMST","raw",272,1.00041214800718,5585.73088693439
"GMST","raw",273,1.00038666109552,5622.33503583365
"GMST","raw",274,1.00056242663272,5706.16193197118
"GMST","raw",275,1.00023445159,5694.93414839511
"GMST","raw",276,1.00028869386479,5610.83167098235
"GMST","raw",277,1.00021964051529,5405.95343537714
"GMST","raw",278,1.00035560790657,5042.5722153921
"GMST","raw",279,1.00039672489044,4584.0123683646
"GMST","raw",280,1.00070006328951,4579.82482913389
"GMST","raw",281,1.00078235590613,4541.88466094439
"GMST","raw",282,1.00121275935086,4341.06655831082
"GMST","raw",283,1.00099278568004,3741.79067033637
"GMST","raw",284,1.00109671434693,3071.96598844246
"GMST","raw",285,1.00153937078667,2687.78226058654
"GMST","raw",286,1.00165219534589,2239.04135809043
"GMST","raw",287,1.00228124069694,1947.65636004053
"GMST","raw",288,1.00294010636753,1632.73808836553
"GMST","raw",289,1.00355115228521,1413.35372308684
"GMST","raw",290,1.00378182838554,1337.29602056186
"GMST","raw",291,1.00354015824608,1443.36545662836
"GMST","raw",292,1.0033546977105,1464.25489726993
"GMST","raw",293,1.00286533110039,1563.70254052164
"GMST","raw",294,1.0022854768371,1742.16378098942
"GMST","raw",295,1.00184395934742,1901.13078434451
"GMST","raw",296,1.00147571088855,2047.49917396459
"GMST","raw",297,1.00106638528481,2291.28814322986
"GMST","raw",298,1.00101922187027,2473.74666925013
"GMST","raw",299,1.00094823581231,2743.99728354137
"GMST","raw",300,1.00071249162539,2875.32593831526
"GMST","raw",301,1.00057390380713,3081.98057011197
"GMST","raw",302,1.00054934207276,3378.45677116597
"GMST","raw",303,1.00024445035015,3448.76410010885
"GMST","raw",304,1.00032508162492,3488.49485051568
"GMST","raw",305,1.00035140045262,3738.17475719598
"GMST","raw",306,1.00042271645989,3912.81485498813
"GMST","raw",307,1.00045059999116,4418.2441886095
"GMST","raw",308,1.00037737304659,4568.53267866029
"GMST","raw",309,1.00030206863647,4707.77198500924
"GMST","raw",310,1.00018409523088,4869.35702825605
"GMST","raw",311,1.00036112939756,5012.38352100173
"GMST","raw",312,1.00034602186325,5326.67093606072
"GMST","raw",313,1.00012935604152,5900.99301945275
"GMST","raw",314,1.00020916777618,6435.29409051175
"GMST","raw",315,1.00013360000217,6744.53376014087
"GMST","raw",316,1.0001510496965,7252.10021834019
"GMST","raw",317,1.00004777662561,7155.83829736381
"GMST","raw",318,1.00018715657346,7930.80843378493
"GMST","raw",319,1.00026871851349,8308.43544056866
"GMST","raw",320,1.00011189878291,9089.45215577232
"GMST","raw",321,1.00010081022624,9155.56107699398
"GMST","raw",322,1.00029980451218,9223.29267482034
"GMST","raw",323,1.0002081259401,8229.18222599268
"GMST","raw",324,1.0002871617777,7363.07755870788
"GMST","raw",325,1.00027636773146,6856.26183950758
"GMST","raw",326,1.00007356557749,6732.17116356676
"GMST","raw",327,1.00011463019148,6269.50787171676
"GMST","raw",328,1.00025469142047,5648.96472729059
"GMST","raw",329,1.00035803950333,5286.74346145671
"GMST","raw",330,1.00074243257082,4455.37915688882
"GMST","raw",331,1.00076483913815,3666.8410393763
"GMST","raw",332,1.00118378711147,3128.87916058115
"GMST","raw",333,1.00191540674854,2615.05490341638
"GMST","raw",334,1.00228743661883,2126.24399653281
"GMST","raw",335,1.00358507410651,1687.44797424386
"GMST","raw",336,1.00414767490438,1355.76500474913
"GMST","raw",337,1.00593607284032,1119.06511210797
"GMST","raw",338,1.00731262877951,969.958376030672
"GMST","raw",339,1.00869623778228,874.31877910325
"GMST","raw",340,1.00737453057801,986.670121392105
"GMST","raw",341,1.00649142941605,1064.11054765638
"GMST","raw",342,1.00551745275733,1104.07182825618
"GMST","raw",343,1.00519801111515,1250.34978742176
"GMST","raw",344,1.00485160714712,1368.45598935986
"GMST","raw",345,1.00435186656447,1431.8483685527
"GMST","raw",346,1.00362949157756,1348.02733719944
"GMST","raw",347,1.00398261713616,1216.81159941769
"GMST","raw",348,1.00419520444201,1153.51130538517
"GMST","raw",349,1.00407198980248,1062.24025977596
"GMST","raw",350,1.00372776362894,1014.34213131901
"GMST","raw",351,1.00372351498143,1047.90438199742
"GMST","raw",352,1.00389382308568,1009.13573130772
"GMST","raw",353,1.00378623108906,929.441834861899
"GMST","raw",354,1.00431710532098,860.489372584869
"GMST","raw",355,1.00443153403349,800.615281549845
"GMST","raw",356,1.0053918883553,736.15579410674
"GMST","raw",357,1.00529202732466,741.529478743353
"GMST","raw",358,1.00501770618138,748.740845530881
"GMST","raw",359,1.00419913414018,831.292179295205
"GMST","raw",360,1.0037295097038,968.777680262386
"GMST","raw",361,1.00353745703461,1096.98693499137
"GMST","raw",362,1.0033881388894,1203.06388071948
"GMST","raw",363,1.00372553006283,1353.47143145018
"GMST","raw",364,1.00369625768158,1499.27272010616
"GMST","raw",365,1.00412572120792,1552.95343887071
"GMST","raw",366,1.00419332577714,1655.42941407871
"GMST","raw",367,1.00431942655192,1661.16510488479
"GMST","raw",368,1.00488331333982,1641.04458589458
"GMST","raw",369,1.00460193682904,1660.40298190821
"GMST","raw",370,1.00406690362419,1684.51812224128
"GMST","raw",371,1.00455394546743,1698.87127906889
"GMST","raw",372,1.00443472427352,1715.02796440166
"GMST","raw",373,1.00378973496632,1682.20143606256
"GMST","raw",374,1.00374455156214,1760.25719320983
"GMST","raw",375,1.00307816264868,1724.0289562809
"GMST","raw",376,1.00291971144651,1625.98396245368
"GMST","raw",377,1.00259553669848,1522.21994415905
"GMST","raw",378,1.00267062401627,1373.86005522163
"GMST","raw",379,1.00292701112278,1244.66427815838
"GMST","raw",380,1.00322623059677,1238.71928682881
"GMST","raw",381,1.00284841594875,1176.4917720644
"GMST","raw",382,1.00322737001239,1059.25688331609
"GMST","raw",383,1.00290161014721,1106.02956305532
"GMST","raw",384,1.00300331654668,1198.019480981
"GMST","raw",385,1.00279689189398,1171.59745530102
"GMST","raw",386,1.00251202492815,1408.80578135591
"GMST","raw",387,1.00221638349605,1465.60666011964
"GMST","raw",388,1.00202178698435,1631.7269676601
"GMST","raw",389,1.00197252883044,1708.64640869218
"GMST","raw",390,1.00178083477401,1727.23531425087
"GMST","raw",391,1.00173904339299,1828.40915119029
"GMST","raw",392,1.0014947490593,1746.04985390874
"GMST","raw",393,1.00176897268314,1791.85487701371
"GMST","raw",394,1.00193616410307,1657.5376187164
"GMST","raw",395,1.00168827578624,1666.2456217472
"GMST","raw",396,1.00188493492442,1708.4900622986
"GMST","raw",397,1.00172939064039,1590.41412012401
"GMST","raw",398,1.00151652789327,1455.63340398639
"GMST","raw",399,1.00159790029367,1501.69248993184
"GMST","raw",400,1.00148210449672,1429.16281252818
"GMST","raw",401,1.00161342588057,1333.88310270287
"GMST","raw",402,1.00143070246897,1205.03398511769
"GMST","raw",403,1.00149126170467,1096.84464026577
"GMST","raw",404,1.00168497079881,1118.99708893736
"GMST","raw",405,1.0018289357901,1092.05981664562
"GMST","raw",406,1.00181085441419,993.284284857517
"GMST","raw",407,1.00161518601298,963.332394926881
"GMST","raw",408,1.00166802857622,963.311112057258
"GMST","raw",409,1.00194939928885,920.863566265709
"GMST","raw",410,1.00209604050719,904.013579578692
"GMST","raw",411,1.00204259804855,969.432894066723
"GMST","raw",412,1.00231419874645,952.168186692245
"GMST","raw",413,1.0028617746489,984.024025276654
"GMST","raw",414,1.00293361021521,936.618555123412
"GMST","raw",415,1.00298573986622,916.204288750676
"GMST","raw",416,1.0029010155766,948.247971860214
"GMST","raw",417,1.00293447578754,957.701920196425
"GMST","raw",418,1.00279659968354,948.703691380051
"GMST","raw",419,1.00273912038441,988.324498595529
"GMST","raw",420,1.00241279438461,1028.25609096561
"GMST","raw",421,1.00221037140994,1112.1638157703
"GMST","raw",422,1.00215326580423,1129.04599550452
"GMST","raw",423,1.00192491856236,1208.11363047703
"GMST","raw",424,1.00156971471984,1299.0263448705
"GMST","raw",425,1.00168088130807,1274.73425783734
"GMST","raw",426,1.00161731261856,1306.08481254615
"GMST","raw",427,1.00159697530053,1392.12149645931
"GMST","raw",428,1.00195277063312,1472.71967961843
"GMST","raw",429,1.00153135082044,1589.47390642696
"GMST","raw",430,1.00119187664308,1522.26114055397
"GMST","raw",431,1.00130953374366,1605.74377864322
"GMST","raw",432,1.00129079601729,1547.61432796092
"GMST","raw",433,1.00142381577472,1611.23080330532
"GMST","raw",434,1.00173355303264,1694.99668034513
"GMST","raw",435,1.0018122342174,1555.58084421905
"GMST","raw",436,1.002187489278,1422.43327873598
"GMST","raw",437,1.00257746939955,1294.47933448442
"GMST","raw",438,1.00281133052939,1253.42811307875
"GMST","raw",439,1.00287803112542,1155.58805130748
"GMST","raw",440,1.00265504252178,1127.33218404003
"GMST","raw",441,1.00256739183136,1082.7530430935
"GMST","raw",442,1.00260851033253,1085.57363268589
"GMST","raw",443,1.00258578732022,1065.25326222922
"GMST","raw",444,1.00271295943954,1027.15185593966
"GMST","raw",445,1.0028169378794,1020.26816857713
"GMST","raw",446,1.00288939886394,1047.37582819223
"GMST","raw",447,1.00292278283508,1049.89641964731
"GMST","raw",448,1.00261723565813,1095.63661449311
"GMST","raw",449,1.00319360299351,1178.09116419946
"GMST","raw",450,1.00260280729166,1212.68425150205
"GMST","raw",451,1.00232724162016,1254.20117384811
"GMST","raw",452,1.00199606284493,1364.97434927034
"GMST","raw",453,1.00169829660351,1544.92852394762
"GMST","raw",454,1.00165907118367,1683.7475413238
"GMST","raw",455,1.00129484717479,1790.9861757137
"GMST","raw",456,1.00082442293888,1917.55937421316
"GMST","raw",457,1.00099824522708,1939.83878524324
"GMST","raw",458,1.00095078763552,2053.78232870957
"GMST","raw",459,1.00060057860865,2280.93932049505
"GMST","raw",460,1.00065562956041,2193.21805709661
"GMST","raw",461,1.00070176902978,2315.51458924464
"GMST","raw",462,1.00104876578708,2182.39273781382
"GMST","raw",463,1.00133280543459,1954.29008751461
"GMST","raw",464,1.00182194615866,1807.53260143633
"GMST","raw",465,1.0021853094186,1683.78458495509
"GMST","raw",466,1.00241406502394,1709.72087747874
"GMST","raw",467,1.00302537779589,1674.5597293799
"GMST","raw",468,1.00333709605584,1667.9528025527
"GMST","raw",469,1.00293274746684,1754.11575051295
"GMST","raw",470,1.00257301661671,1849.98084944408
"GMST","raw",471,1.00214720744051,1935.71191044402
"GMST","raw",472,1.00153488656158,2006.48891971804
"GMST","raw",473,1.00067970006731,2349.13325725375
"GMST","raw",474,1.00069660454691,2682.06807879143
"GMST","raw",475,1.00042850868006,3847.09623169301
"GMST","raw",476,1.00048382431617,4445.32203937964
"GMST","raw",477,1.0005478801754,5137.4765805826
"GMST","raw",478,1.00064092429627,5420.93323065093
"GMST","raw",479,1.00056185034214,5589.74188292749
"GMST","raw",480,1.00059452905159,5204.31867100833
"GMST","raw",481,1.00051648402376,5201.74704188447
"GMST","raw",482,1.00055903571296,4856.627507125
"GMST","raw",483,1.00053742766995,4571.07554736128
"GMST","raw",484,1.0006154532647,4477.07398370898
"GMST","raw",485,1.00075828551488,4832.91719007632
"GMST","raw",486,1.00071468192329,4442.96991481763
"GMST","raw",487,1.00143949480944,4113.81513479223
"GMST","raw",488,1.00138044619235,4584.07656338406
"GMST","raw",489,1.00135142919322,5423.90310012262
"GMST","raw",490,1.00145149049606,5015.3671309778
"GMST","raw",491,1.00144133413418,5163.64071803513
"GMST","raw",492,1.00187073017443,5645.27868653173
"GMST","raw",493,1.00180074861998,5308.89207810372
"GMST","raw",494,1.00114415538953,5726.23954773502
"GMST","raw",495,1.00107754260839,6286.2506391042
"GMST","raw",496,1.00125358023653,5423.46526771445
"GMST","raw",497,1.00117699051738,5936.18889237472
"GMST","raw",498,1.00122754109599,6180.21106664362
"GMST","raw",499,1.00146643401034,6396.21964585538
"GMST","raw",500,1.00111341573711,7582.12271688499
"GMST","raw",501,1.00137192464142,7450.30097695551
"GMST","raw",502,1.00110277082353,8674.82649780216
"GMST","raw",503,1.00113853706129,8745.58918779742
"GMST","raw",504,1.00129297275833,8011.10176449075
"GMST","raw",505,1.00135443811086,8482.38465261813
"GMST","raw",506,1.00123495050453,6819.08103388169
"GMST","raw",507,1.0009729020091,6602.46849096537
"GMST","raw",508,1.00101228526493,7077.59449063463
"GMST","raw",509,1.00105275101761,7498.05085499814
"GMST","raw",510,1.00076066833971,7731.74169580756
"GMST","raw",511,1.00061986459582,7353.00443229044
"GMST","raw",512,1.00059567306855,7580.59021106665
"GMST","raw",513,1.00075326914784,6781.64246418748
"GMST","raw",514,1.00079702568907,5722.59416209937
"GMST","raw",515,1.00097546874837,5893.89439746912
"GMST","raw",516,1.0011599918724,5786.88959839185
"GMST","raw",517,1.00120625582307,5266.48782966606
"GMST","raw",518,1.00165334461526,5818.75904216562
"GMST","raw",519,1.00138016687596,6144.47033241456
"GMST","raw",520,1.00149471896493,6813.19874099992
"GMST","raw",521,1.00208905665001,6247.27800030493
"GMST","raw",522,1.0017589156178,6511.17629704629
"GMST","raw",523,1.0015709306367,6376.95463544401
"GMST","raw",524,1.00182418779142,5965.60623557723
"GMST","raw",525,1.00181379525643,5414.32736439116
"GMST","raw",526,1.00160223476423,5923.09405811735
"GMST","raw",527,1.00119310328088,5882.26833195488
"GMST","raw",528,1.00142419498083,5883.42114451802
"GMST","raw",529,1.00220081945547,6165.70843005971
"GMST","raw",530,1.0018374593116,6444.37143626866
"GMST","raw",531,1.00124893912816,6099.62050237971
"GMST","raw",532,1.00098344307403,5735.04363216951
"GMST","raw",533,1.00070607062447,5669.27984036721
"GMST","raw",534,1.00094066736171,4285.31186749109
"GMST","raw",535,1.00100239174802,3393.6856710758
"GMST","raw",536,1.00110291159959,2987.75131870724
"GMST","raw",537,1.00088637425293,2681.83240602853
"GMST","raw",538,1.00046513618787,2680.7995203312
"GMST","raw",539,1.00046093695621,3255.05749688021
"GMST","raw",540,1.00045368077151,4105.45091587374
"GMST","centered",1,1.09255214362592,1183.77218393726
"GMST","centered",2,1.1073147116363,1093.96622214766
"GMST","centered",3,1.11272950592418,1067.64986716356
"GMST","centered",4,1.10915518026347,1181.24458606468
"GMST","centered",5,1.10212005165823,1035.81151013632
"GMST","centered",6,1.09526709553847,1027.26207689753
"GMST","centered",7,1.08802675981741,962.058873371529
"GMST","centered",8,1.07975944552926,963.810566139459
"GMST","centered",9,1.07460001847603,921.560429087194
"GMST","centered",10,1.06672634107457,915.011022158968
"GMST","centered",11,1.06168695676478,860.449164890131
"GMST","centered",12,1.05419540766762,873.83032861718
"GMST","centered",13,1.04785553768549,868.20146821946
"GMST","centered",14,1.04253799998799,857.033911327336
"GMST","centered",15,1.03815293301628,808.53163969504
"GMST","centered",16,1.03370937387624,875.164832024014
"GMST","centered",17,1.03099751165819,871.906705880794
"GMST","centered",18,1.02736991860641,871.029661560755
"GMST","centered",19,1.02436938900554,869.274854768088
"GMST","centered",20,1.0221178047339,919.696018201192
"GMST","centered",21,1.01950184934567,968.159234244341
"GMST","centered",22,1.01791889379398,1052.40052450347
"GMST","centered",23,1.016348475732,1150.26620898836
"GMST","centered",24,1.01491964944512,1184.30523037804
"GMST","centered",25,1.01284482352812,1291.71075776944
"GMST","centered",26,1.01150834766891,1400.96108918238
"GMST","centered",27,1.01022029267948,1505.79243817689
"GMST","centered",28,1.0090961191079,1786.81133015853
"GMST","centered",29,1.00780066848951,2032.95799114696
"GMST","centered",30,1.00729403321377,2174.23300154685
"GMST","centered",31,1.0064806130382,2347.94995920648
"GMST","centered",32,1.00525157302354,2396.84077328584
"GMST","centered",33,1.00498712043137,2569.73812041678
"GMST","centered",34,1.00401108794507,2860.45566036374
"GMST","centered",35,1.00374144580112,3015.70906351879
"GMST","centered",36,1.00332925656758,3032.36913890234
"GMST","centered",37,1.00286696955635,3170.54209217729
"GMST","centered",38,1.00224725160032,3210.68927045489
"GMST","centered",39,1.00195977819623,3178.71463611989
"GMST","centered",40,1.00174411297197,3310.84534687613
"GMST","centered",41,1.00155020904175,3317.31376672437
"GMST","centered",42,1.00144183150191,3022.48907303796
"GMST","centered",43,1.00115765803139,2994.27323432193
"GMST","centered",44,1.00085650034407,2988.45545389807
"GMST","centered",45,1.00091648385981,2922.53574517822
"GMST","centered",46,1.00075071734832,2881.28278167549
"GMST","centered",47,1.00068575639273,3004.98970856172
"GMST","centered",48,1.00052821363135,2979.69497372238
"GMST","centered",49,1.00049284566478,2906.92195429528
"GMST","centered",50,1.00052210385038,3009.19390258575
"GMST","centered",51,1.00050752161016,3120.66614240649
"GMST","centered",52,1.00058425930579,3163.93318794788
"GMST","centered",53,1.00043694825489,3139.46935235288
"GMST","centered",54,1.00043485644978,3233.63919259344
"GMST","centered",55,1.00051156035438,3309.22562785795
"GMST","centered",56,1.0003926679767,3544.09195953395
"GMST","centered",57,1.00032473726745,3548.94814074286
"GMST","centered",58,1.00024168444667,3647.01768905544
"GMST","centered",59,1.00036176924281,3782.15985462616
"GMST","centered",60,1.00029881168936,3810.3155120093
"GMST","centered",61,1.00047011284281,3946.24011794872
"GMST","centered",62,1.0003547801991,3996.38686678332
"GMST","centered",63,1.00029194293606,3952.45030990818
"GMST","centered",64,1.00033678565697,4087.98663758214
"GMST","centered",65,1.00042019810282,3803.66669090968
"GMST","centered",66,1.00058790842825,3985.11843514037
"GMST","centered",67,1.00070833382444,4040.26576022472
"GMST","centered",68,1.00086723157197,3978.34250125522
"GMST","centered",69,1.00095252649455,3948.96143784601
"GMST","centered",70,1.00101670209637,3822.79319250305
"GMST","centered",71,1.00096618318606,3851.1256634249
"GMST","centered",72,1.00108036135274,4007.14009133482
"GMST","centered",73,1.00101509341726,4054.44331557126
"GMST","centered",74,1.00071536180709,4022.98673698837
"GMST","centered",75,1.00054154877924,3989.58497110435
"GMST","centered",76,1.00049358953866,4271.24664445202
"GMST","centered",77,1.0004408488869,4244.62526077576
"GMST","centered",78,1.00065114974888,4150.91686449838
"GMST","centered",79,1.00051266690101,4305.44793430995
"GMST","centered",80,1.00047706149933,4430.22390272547
"GMST","centered",81,1.00042060295202,4397.08624934195
"GMST","centered",82,1.00046642572314,4302.56183591297
"GMST","centered",83,1.00051527014104,3802.84192362829
"GMST","centered",84,1.00064658838215,3756.52023971014
"GMST","centered",85,1.0009667566523,3789.39677226861
"GMST","centered",86,1.00119001351227,3678.4926407993
"GMST","centered",87,1.00150573586061,3582.84344774903
"GMST","centered",88,1.00170569286217,3247.37267554285
"GMST","centered",89,1.00231639950598,3093.98644576369
"GMST","centered",90,1.00269873962476,2966.02549994793
"GMST","centered",91,1.00270065335066,2710.23602809237
"GMST","centered",92,1.00260597689245,2418.22816408403
"GMST","centered",93,1.00301355254208,2237.30192757781
"GMST","centered",94,1.00345950721577,2148.58796770572
"GMST","centered",95,1.0037022306083,1970.84357300275
"GMST","centered",96,1.00413858933855,1885.36474353827
"GMST","centered",97,1.00414766798032,1691.38321726158
"GMST","centered",98,1.0044673479056,1640.28038352251
"GMST","centered",99,1.00488477498755,1526.15360657263
"GMST","centered",100,1.00572567094168,1396.58182968122
"GMST","centered",101,1.00679394348151,1299.96248223985
"GMST","centered",102,1.00745186532909,1259.31778021641
"GMST","centered",103,1.00832292573671,1119.74981967841
"GMST","centered",104,1.00886948266302,1058.8654935802
"GMST","centered",105,1.00932455760126,928.482829560985
"GMST","centered",106,1.01016129898376,840.233415429808
"GMST","centered",107,1.01196311357641,800.289745571673
"GMST","centered",108,1.0127469237321,789.986728360123
"GMST","centered",109,1.01276593769836,751.41501964894
"GMST","centered",110,1.01252482328405,743.213721152213
"GMST","centered",111,1.0135435070542,768.017905148706
"GMST","centered",112,1.01345666377496,800.576527738371
"GMST","centered",113,1.01258653072848,872.184579826535
"GMST","centered",114,1.01149616775112,897.861230462856
"GMST","centered",115,1.01101511289242,986.937699047207
"GMST","centered",116,1.00982228886111,1149.90292646711
"GMST","centered",117,1.00891481580721,1223.15531818068
"GMST","centered",118,1.00806416239267,1371.06421340007
"GMST","centered",119,1.00735554520434,1493.27064928354
"GMST","centered",120,1.00659190361999,1591.30238274415
"GMST","centered",121,1.00534853622035,1831.87462938587
"GMST","centered",122,1.00495008361534,2095.28147741603
"GMST","centered",123,1.00442904432393,2418.21464961076
"GMST","centered",124,1.00395120315159,2771.84909950949
"GMST","centered",125,1.00378877437905,3000.47618522906
"GMST","centered",126,1.00321854987066,3507.49342912608
"GMST","centered",127,1.00285465950793,3951.64761863102
"GMST","centered",128,1.0027009938126,4468.00853513755
"GMST","centered",129,1.00244930968109,4527.96360285549
"GMST","centered",130,1.00248348458512,5462.47024041783
"GMST","centered",131,1.00223355801303,5553.91300702344
"GMST","centered",132,1.00216161707692,6040.58523405218
"GMST","centered",133,1.00255447864901,7234.37848377272
"GMST","centered",134,1.00217384811648,8021.12468547284
"GMST","centered",135,1.00219073966956,8634.26057013282
"GMST","centered",136,1.00181905515979,9174.64645186089
"GMST","centered",137,1.00163336730766,9056.85768963214
"GMST","centered",138,1.0016391367921,9214.8213920443
"GMST","centered",139,1.00133178168776,8585.68662381254
"GMST","centered",140,1.00167922252943,8346.27584404911
"GMST","centered",141,1.00152957088898,8288.84227411456
"GMST","centered",142,1.00178970139953,8160.36766877223
"GMST","centered",143,1.00181047508532,7962.22144807394
"GMST","centered",144,1.00167352629371,7809.61842577579
"GMST","centered",145,1.00193893461513,7260.31764779637
"GMST","centered",146,1.00185639638779,7378.18323067483
"GMST","centered",147,1.00171647216451,6991.89463872805
"GMST","centered",148,1.00194026940977,6920.26796306947
"GMST","centered",149,1.00216697453711,6603.05935361784
"GMST","centered",150,1.0024618890259,6292.06354992208
"GMST","centered",151,1.00192912133254,5814.16746727175
"GMST","centered",152,1.00164906678806,5287.68883540655
"GMST","centered",153,1.00170462953784,4824.43600643138
"GMST","centered",154,1.0014503511966,4206.40372169809
"GMST","centered",155,1.00136331477465,3664.76039974612
"GMST","centered",156,1.00146367706908,3323.31003129824
"GMST","centered",157,1.00143475614532,3071.78029698584
"GMST","centered",158,1.00149643271215,3069.75450884528
"GMST","centered",159,1.00151326965195,2855.44166813399
"GMST","centered",160,1.00118569691818,2658.07067706532
"GMST","centered",161,1.00086012188972,2596.87945941398
"GMST","centered",162,1.00090752047785,2429.5039237732
"GMST","centered",163,1.00085211232841,2531.62619597814
"GMST","centered",164,1.00059456721132,2664.18187754213
"GMST","centered",165,1.00036582896151,2694.82564768906
"GMST","centered",166,1.0004562487544,2792.09434807864
"GMST","centered",167,1.00039992022244,2951.27238975345
"GMST","centered",168,1.00035315266032,3037.08635331869
"GMST","centered",169,1.00043789162278,3494.57166672752
"GMST","centered",170,1.00023892402102,3802.55901276184
"GMST","centered",171,1.00008139753881,4118.10126028741
"GMST","centered",172,1.00027132544419,4467.72731072733
"GMST","centered",173,1.00026063134542,4745.32036721444
"GMST","centered",174,1.00027215660321,5492.78366291184
"GMST","centered",175,1.00040390412758,5724.49999720091
"GMST","centered",176,1.00042790590693,6389.58969194757
"GMST","centered",177,1.00042535441339,6416.1608274151
"GMST","centered",178,1.00042151428383,6716.58526270302
"GMST","centered",179,1.00043825212542,6533.53396735108
"GMST","centered",180,1.00049456147524,6949.04534242653
"GMST","centered",181,1.0002907640514,7151.69441988467
"GMST","centered",182,1.00029797278693,6847.52204466313
"GMST","centered",183,1.00035921169288,6656.59829601587
"GMST","centered",184,1.00034904317784,6415.00535387596
"GMST","centered",185,1.0002577966056,7241.6735886752
"GMST","centered",186,1.00029931085548,6762.33771910331
"GMST","centered",187,1.00029518337257,6838.63324816157
"GMST","centered",188,1.00039530414864,6136.19741853371
"GMST","centered",189,1.00051540311125,6359.92715803963
"GMST","centered",190,1.00054425317574,6484.48656335685
"GMST","centered",191,1.00060403649094,6962.19056859728
"GMST","centered",192,1.00040551165913,6968.46181943669
"GMST","centered",193,1.00049424768872,6455.2664629782
"GMST","centered",194,1.00048142812314,6592.67348234987
"GMST","centered",195,1.00045521652735,6718.7139901856
"GMST","centered",196,1.00056642155206,6524.32630268462
"GMST","centered",197,1.00059805638502,6464.64944730773
"GMST","centered",198,1.00070526668081,6258.15502692378
"GMST","centered",199,1.00093508359021,6523.0748770237
"GMST","centered",200,1.00093232444467,6294.09867879497
"GMST","centered",201,1.00070959951411,5926.5895181278
"GMST","centered",202,1.0007808608613,5342.12331270155
"GMST","centered",203,1.00097772864128,4913.70366088363
"GMST","centered",204,1.00080269656022,4200.76225212583
"GMST","centered",205,1.00100915446426,3829.38957434392
"GMST","centered",206,1.00079540290133,3528.72818884004
"GMST","centered",207,1.00116111445395,3155.15397494707
"GMST","centered",208,1.00089361155446,3006.25923364211
"GMST","centered",209,1.00079967714814,2720.75757931622
"GMST","centered",210,1.00079993440109,2677.92616428655
"GMST","centered",211,1.00071599082941,2764.7083366891
"GMST","centered",212,1.00118344848868,2510.04021688761
"GMST","centered",213,1.00130776798384,2578.87153157305
"GMST","centered",214,1.00166065084272,2461.17392093579
"GMST","centered",215,1.00146073850041,2327.72795456196
"GMST","centered",216,1.00178301267351,2377.98558089472
"GMST","centered",217,1.00148704307509,2365.01692258914
"GMST","centered",218,1.0010679782908,2495.00829656005
"GMST","centered",219,1.00092972783925,2757.79124161091
"GMST","centered",220,1.00067363488723,2897.35949719948
"GMST","centered",221,1.00061848671534,3013.2646181289
"GMST","centered",222,1.00068185101469,3073.38226164833
"GMST","centered",223,1.00056346082059,3306.694893601
"GMST","centered",224,1.00063941515645,3428.17224617798
"GMST","centered",225,1.00075717846531,3387.65705438306
"GMST","centered",226,1.00083119454354,3493.12386301511
"GMST","centered",227,1.00069879568247,3377.81036488089
"GMST","centered",228,1.0008328594291,3338.16770931401
"GMST","centered",229,1.00109237393856,3371.0335023559
"GMST","centered",230,1.00091514216039,3284.25639447707
"GMST","centered",231,1.00068731535532,3163.59138484768
"GMST","centered",232,1.00083065445226,2831.7682285645
"GMST","centered",233,1.00090423409632,2776.21411092109
"GMST","centered",234,1.00080587055301,2622.84822144939
"GMST","centered",235,1.00100719639008,2493.25058520439
"GMST","centered",236,1.00129462929485,2471.35934792722
"GMST","centered",237,1.00110814393567,2654.63516091717
"GMST","centered",238,1.00088460443526,3049.20168344653
"GMST","centered",239,1.00095636823325,3219.63076051353
"GMST","centered",240,1.00086033949807,3463.13048349777
"GMST","centered",241,1.00096761613163,3733.3172348226
"GMST","centered",242,1.001011415871,3884.34494004048
"GMST","centered",243,1.00102097268316,3869.99638630604
"GMST","centered",244,1.00131822890619,4097.88214387896
"GMST","centered",245,1.00114170480416,4030.07124805597
"GMST","centered",246,1.00113796525046,4012.90481758514
"GMST","centered",247,1.00101257201938,3797.7090249588
"GMST","centered",248,1.00093365926778,3965.02391326346
"GMST","centered",249,1.00114549353393,3749.82702582967
"GMST","centered",250,1.00113917901716,3617.96728874465
"GMST","centered",251,1.00102585414341,3625.5722157172
"GMST","centered",252,1.00094719242106,3502.479405538
"GMST","centered",253,1.0008845638171,3696.61570675949
"GMST","centered",254,1.00080521686839,3793.27670050498
"GMST","centered",255,1.00075397756457,3865.46508177904
"GMST","centered",256,1.00075815159752,3645.52196329586
"GMST","centered",257,1.00055732129534,3547.07883775528
"GMST","centered",258,1.00052920163794,3451.97277499366
"GMST","centered",259,1.00082003665567,3315.59005124045
"GMST","centered",260,1.00053508086164,3444.93616773898
"GMST","centered",261,1.00058674417274,3275.94610478039
"GMST","centered",262,1.00064423903539,3333.92373606878
"GMST","centered",263,1.00033166969124,3409.35795372271
"GMST","centered",264,1.00018857517884,3585.01266833479
"GMST","centered",265,1.00013906025475,3894.9086147805
"GMST","centered",266,1.00012889271988,4011.7009027754
"GMST","centered",267,1.00005313961482,4260.81508938798
"GMST","centered",268,0.999987124887145,4450.66011039112
"GMST","centered",269,1.00016841195315,4805.69376068927
"GMST","centered",270,1.00009644364535,5184.38419363035
"GMST","centered",271,1.00007085675096,5410.4691251307
"GMST","centered",272,1.00020049469282,5470.92968589582
"GMST","centered",273,1.00030147957399,5606.18638778944
"GMST","centered",274,1.00053819630999,5721.36725987651
"GMST","centered",275,1.00039300684955,5701.50537988605
"GMST","centered",276,1.00036968036971,5627.89831170692
"GMST","centered",277,1.00039619605172,5430.72631922826
"GMST","centered",278,1.00045133398293,5081.63568383
"GMST","centered",279,1.00047994364236,4628.13468724752
"GMST","centered",280,1.00087571719996,4585.94069597349
"GMST","centered",281,1.00083317172736,4107.00699951817
"GMST","centered",282,1.00130971512536,3692.22462395918
"GMST","centered",283,1.00118417107576,3611.77359434997
"GMST","centered",284,1.00125770909348,2988.34228199142
"GMST","centered",285,1.00174303633412,2622.22662019089
"GMST","centered",286,1.00191375376414,2274.56531800229
"GMST","centered",287,1.00251172578955,2049.01621971656
"GMST","centered",288,1.0029732710448,1684.55489245664
"GMST","centered",289,1.00359992781299,1458.32589813336
"GMST","centered",290,1.0036373471041,1369.44925114889
"GMST","centered",291,1.00330663455172,1486.63079113345
"GMST","centered",292,1.00296433530131,1451.83458366653
"GMST","centered",293,1.00257735412318,1526.94633889101
"GMST","centered",294,1.0020663854759,1783.15421150658
"GMST","centered",295,1.00167820476573,1946.83070254895
"GMST","centered",296,1.00131457354403,2103.5300238908
"GMST","centered",297,1.0009541364055,2331.49653717129
"GMST","centered",298,1.00091690072977,2534.09017843119
"GMST","centered",299,1.00089137290954,2779.93322186285
"GMST","centered",300,1.00072902063774,2932.105883588
"GMST","centered",301,1.00073376932054,3153.35959352673
"GMST","centered",302,1.00067199921703,3465.04292992692
"GMST","centered",303,1.00045907593659,3635.04647692908
"GMST","centered",304,1.00052836150236,3688.78186562746
"GMST","centered",305,1.00068400255949,4128.86458700132
"GMST","centered",306,1.0008471903581,4325.04275089875
"GMST","centered",307,1.00092691000587,4445.61651830021
"GMST","centered",308,1.00082369784187,4533.36791100609
"GMST","centered",309,1.0007974360304,4758.63588312283
"GMST","centered",310,1.00074943904503,4781.58561921737
"GMST","centered",311,1.00068998400876,5099.88309679206
"GMST","centered",312,1.00069831202256,5343.10087910652
"GMST","centered",313,1.00072334875802,5850.8421671395
"GMST","centered",314,1.00095632396726,6386.40451693163
"GMST","centered",315,1.00066214392271,6752.44244187875
"GMST","centered",316,1.0008497729575,7203.86699357689
"GMST","centered",317,1.0008319590488,6919.72576227934
"GMST","centered",318,1.00122514496983,7424.41923789273
"GMST","centered",319,1.0013862432632,7815.30662788612
"GMST","centered",320,1.00104573161162,8790.34733923571
"GMST","centered",321,1.0009196046458,8408.41357390631
"GMST","centered",322,1.00117146296625,8860.29538669065
"GMST","centered",323,1.00107974350709,7862.70010147676
"GMST","centered",324,1.00126198022572,6845.48537340925
"GMST","centered",325,1.00120061649281,6411.07605727944
"GMST","centered",326,1.00093112747104,6528.10045369434
"GMST","centered",327,1.00084721504027,6140.17393053654
"GMST","centered",328,1.00109068211588,5480.5413486333
"GMST","centered",329,1.00117943279937,5018.79202490481
"GMST","centered",330,1.00147769307998,4604.19365784062
"GMST","centered",331,1.00141307837913,3847.38358474825
"GMST","centered",332,1.00189442292228,3269.54659288032
"GMST","centered",333,1.00270676732794,2680.17602755818
"GMST","centered",334,1.00293942916772,2225.64209420938
"GMST","centered",335,1.00421070435268,1807.60767977231
"GMST","centered",336,1.00481540847323,1412.40467729999
"GMST","centered",337,1.00675763100521,1173.63973081999
"GMST","centered",338,1.0081523972616,1011.96809139536
"GMST","centered",339,1.00968927285809,911.109005474469
"GMST","centered",340,1.00820794199873,1069.0856633078
"GMST","centered",341,1.00731803424517,1147.66820084912
"GMST","centered",342,1.0064015994487,1236.8282541414
"GMST","centered",343,1.00609398622453,1388.4164995048
"GMST","centered",344,1.00558030605902,1475.35790933529
"GMST","centered",345,1.00490104534607,1547.78843265543
"GMST","centered",346,1.00420992874517,1484.49294790513
"GMST","centered",347,1.00443088880738,1401.70261195967
"GMST","centered",348,1.00459157986064,1252.94700270827
"GMST","centered",349,1.00436189832302,1171.95214541556
"GMST","centered",350,1.00384498863264,1102.19828257262
"GMST","centered",351,1.00360831221464,1144.44442201039
"GMST","centered",352,1.00354964247692,1098.2846546911
"GMST","centered",353,1.00333558784438,1054.92761515868
"GMST","centered",354,1.00362671547999,961.76089794055
"GMST","centered",355,1.00365352391012,870.977291438216
"GMST","centered",356,1.00432455332784,813.496535040528
"GMST","centered",357,1.00409348432752,786.401733884561
"GMST","centered",358,1.00377761641441,780.555308585623
"GMST","centered",359,1.00305986239476,900.425074278814
"GMST","centered",360,1.00252306412217,1066.3928117334
"GMST","centered",361,1.00210381697435,1226.75722909252
"GMST","centered",362,1.00192414626515,1267.58215650484
"GMST","centered",363,1.00225766508342,1442.5934577901
"GMST","centered",364,1.00225998693845,1639.91796169783
"GMST","centered",365,1.00252556575229,1694.6703585705
"GMST","centered",366,1.00260988452604,1869.6096923475
"GMST","centered",367,1.00270534155027,1855.496645039
"GMST","centered",368,1.00326491685746,1804.28932406797
"GMST","centered",369,1.00303502814943,1839.26884479759
"GMST","centered",370,1.00259003279545,1955.46666490743
"GMST","centered",371,1.00298803091352,1919.83635850092
"GMST","centered",372,1.00291134725576,1901.10688210997
"GMST","centered",373,1.00238603848319,1821.98817890274
"GMST","centered",374,1.00244278113454,1899.86102355651
"GMST","centered",375,1.00205275929513,1860.21513024661
"GMST","centered",376,1.00204021337584,1744.34502101601
"GMST","centered",377,1.00178743606247,1628.86604389587
"GMST","centered",378,1.00203243981745,1451.33144472494
"GMST","centered",379,1.0024645863834,1398.23332463743
"GMST","centered",380,1.00283387036436,1289.90860415062
"GMST","centered",381,1.00257968693469,1177.96939449334
"GMST","centered",382,1.00304976919834,1099.88338584647
"GMST","centered",383,1.00292069069615,1158.33451885451
"GMST","centered",384,1.00311667474897,1266.55345280644
"GMST","centered",385,1.00292838009547,1293.90625682438
"GMST","centered",386,1.00258711900172,1452.35739528508
"GMST","centered",387,1.00243113907863,1581.59753827068
"GMST","centered",388,1.00224145774946,1808.29032932143
"GMST","centered",389,1.00217348383493,1864.67215763501
"GMST","centered",390,1.00205329688636,1864.85488582026
"GMST","centered",391,1.00210105249726,2009.20310543485
"GMST","centered",392,1.00207635680979,1961.38309016738
"GMST","centered",393,1.00235623001726,1987.61834398723
"GMST","centered",394,1.00252385748825,1837.18369819463
"GMST","centered",395,1.00227624891926,1934.90714425049
"GMST","centered",396,1.0025329307214,1884.77092666148
"GMST","centered",397,1.00235712785221,1783.89627369741
"GMST","centered",398,1.00214769429917,1615.99579880696
"GMST","centered",399,1.00228196745308,1649.99342254819
"GMST","centered",400,1.00220081578791,1560.44537932733
"GMST","centered",401,1.00241948806676,1437.80978509475
"GMST","centered",402,1.00215839130803,1365.65389611918
"GMST","centered",403,1.00236038716784,1188.55470771766
"GMST","centered",404,1.00277126490739,1221.30352081869
"GMST","centered",405,1.00289080414574,1188.74152102331
"GMST","centered",406,1.00297497802775,1082.12943828011
"GMST","centered",407,1.00272540651242,1066.19648013028
"GMST","centered",408,1.00264671545739,1063.76706305532
"GMST","centered",409,1.00284616044095,1049.19511746789
"GMST","centered",410,1.00299452505861,1011.71859635374
"GMST","centered",411,1.00294459828423,1053.26993140014
"GMST","centered",412,1.00317315619191,1039.63158974272
"GMST","centered",413,1.003745603247,1092.14938529972
"GMST","centered",414,1.00386100939229,1035.84835797066
"GMST","centered",415,1.00381780090755,1030.92157220859
"GMST","centered",416,1.00362294928576,1082.50512875468
"GMST","centered",417,1.00351342286032,1058.50542787393
"GMST","centered",418,1.00323575386288,1051.74715938809
"GMST","centered",419,1.00317272746582,1097.86255736711
"GMST","centered",420,1.00295734730713,1173.92787443109
"GMST","centered",421,1.00266634767649,1212.24397182332
"GMST","centered",422,1.00258272300373,1334.04190278483
"GMST","centered",423,1.00230365382149,1404.41566791812
"GMST","centered",424,1.00197315823601,1431.21083573657
"GMST","centered",425,1.00202156355348,1429.12113570043
"GMST","centered",426,1.00195655584024,1515.8631294344
"GMST","centered",427,1.00147275196637,1575.02034158289
"GMST","centered",428,1.00155829972774,1764.89319869706
"GMST","centered",429,1.00135980460677,1769.04603909763
"GMST","centered",430,1.00121754244515,1845.47714147923
"GMST","centered",431,1.00138572060916,1817.07690106971
"GMST","centered",432,1.00139325360563,1735.3377154084
"GMST","centered",433,1.00151827499795,1916.5938314544
"GMST","centered",434,1.00172202822339,1880.31023966733
"GMST","centered",435,1.00168376759656,1643.10090622594
"GMST","centered",436,1.00202278294154,1609.46027843728
"GMST","centered",437,1.0023987962154,1441.67694350178
"GMST","centered",438,1.0024687496803,1376.01087081122
"GMST","centered",439,1.00263753997921,1251.8247853443
"GMST","centered",440,1.00257930734712,1193.6134448699
"GMST","centered",441,1.00235534271668,1138.51914369939
"GMST","centered",442,1.00248570343105,1162.57010300818
"GMST","centered",443,1.00254079788386,1143.04974196052
"GMST","centered",444,1.00255866469394,1112.77410414121
"GMST","centered",445,1.00266632246078,1098.24011798809
"GMST","centered",446,1.0027047958667,1091.92783867399
"GMST","centered",447,1.00273311033141,1182.69966533065
"GMST","centered",448,1.00235629341752,1185.37434898872
"GMST","centered",449,1.00284895518413,1236.00057457433
"GMST","centered",450,1.00229449066085,1302.15712892033
"GMST","centered",451,1.00214206947012,1362.31472779018
"GMST","centered",452,1.00190703135914,1489.35524469567
"GMST","centered",453,1.00167499104614,1677.13865666747
"GMST","centered",454,1.0016981150285,1806.17485135769
"GMST","centered",455,1.00140243967635,1921.84914744051
"GMST","centered",456,1.00099164607632,2085.1557246229
"GMST","centered",457,1.00117710396735,2096.03910234916
"GMST","centered",458,1.00111280039456,2233.82265015873
"GMST","centered",459,1.00086617374236,2483.61675964623
"GMST","centered",460,1.00085830622446,2645.430883911
"GMST","centered",461,1.00089653197211,2519.26961417718
"GMST","centered",462,1.00114703400983,2388.41808627559
"GMST","centered",463,1.00137561630324,2122.31886785865
"GMST","centered",464,1.00193711494725,2001.00935495608
"GMST","centered",465,1.0022019713581,1827.21327981683
"GMST","centered",466,1.00233356353809,1886.52521711073
"GMST","centered",467,1.00267416919383,1833.43277019691
"GMST","centered",468,1.00288028405311,1790.0439354837
"GMST","centered",469,1.00256395426782,1819.66324813164
"GMST","centered",470,1.00230382749275,1928.3282469766
"GMST","centered",471,1.00195082995702,1989.79226139415
"GMST","centered",472,1.00173688049434,2126.72772417809
"GMST","centered",473,1.00105968735315,2312.96570378429
"GMST","centered",474,1.00104998055162,2652.97763625967
"GMST","centered",475,1.00089141251788,3435.80019041951
"GMST","centered",476,1.00096847203879,3692.02233698958
"GMST","centered",477,1.00118036436664,4186.72044024695
"GMST","centered",478,1.00158245011809,4502.1878782365
"GMST","centered",479,1.00180634456213,4221.65229822943
"GMST","centered",480,1.00211650136461,3598.03502578939
"GMST","centered",481,1.00197334412221,3351.02328975861
"GMST","centered",482,1.00204584684497,3076.4662103276
"GMST","centered",483,1.00198267252266,3221.92758067265
"GMST","centered",484,1.00203519842692,3000.66538259301
"GMST","centered",485,1.00203638890545,3137.85691605645
"GMST","centered",486,1.00179752135294,3056.71948266132
"GMST","centered",487,1.0028690049485,2856.72129962994
"GMST","centered",488,1.0030889011542,3339.36837997011
"GMST","centered",489,1.00307274829776,3395.36884492735
"GMST","centered",490,1.0030733737169,3484.46680862661
"GMST","centered",491,1.00291847870584,3556.52535956977
"GMST","centered",492,1.00343563944687,3383.02245373999
"GMST","centered",493,1.00343603132922,3302.05700872659
"GMST","centered",494,1.00263721473592,3809.46830480373
"GMST","centered",495,1.00272132096488,3758.07850002897
"GMST","centered",496,1.00302199597139,3427.33477788453
"GMST","centered",497,1.0029049926843,3384.21342898473
"GMST","centered",498,1.00293123655836,3366.9559832475
"GMST","centered",499,1.00363601388146,4050.42098604999
"GMST","centered",500,1.00321085640747,4157.26980514751
"GMST","centered",501,1.00361002473928,3724.46551109112
"GMST","centered",502,1.00326392043302,3635.14387222324
"GMST","centered",503,1.00341705823636,3803.69049633645
"GMST","centered",504,1.00345423371073,4201.25743645376
"GMST","centered",505,1.00373825172703,3897.88807103338
"GMST","centered",506,1.0034672612993,3649.11682793362
"GMST","centered",507,1.00307304403674,3499.07220942152
"GMST","centered",508,1.0030111869922,3734.99909717625
"GMST","centered",509,1.00278714988839,4273.78192716869
"GMST","centered",510,1.00257613753457,4190.02026855746
"GMST","centered",511,1.00231758123557,4032.75474278857
"GMST","centered",512,1.00235740705493,4259.05785262039
"GMST","centered",513,1.00284323599971,3739.29829599745
"GMST","centered",514,1.00257846956514,3486.39268063191
"GMST","centered",515,1.00272553473441,3172.25907890426
"GMST","centered",516,1.00312581944761,3748.27930679037
"GMST","centered",517,1.00307987269629,3338.39912911146
"GMST","centered",518,1.00312996247547,3326.78933268975
"GMST","centered",519,1.00265411013628,3538.85889744507
"GMST","centered",520,1.00273631504806,4092.70861988636
"GMST","centered",521,1.00359159184449,3819.24450662465
"GMST","centered",522,1.00323569350349,4214.92783175271
"GMST","centered",523,1.00287134242531,4101.0669861388
"GMST","centered",524,1.00336585437046,3884.85255070333
"GMST","centered",525,1.00300885574786,3807.21843375741
"GMST","centered",526,1.00259532005637,3881.36605676888
"GMST","centered",527,1.00267716111353,3728.93868787134
"GMST","centered",528,1.00330404229516,3697.71113635069
"GMST","centered",529,1.00401552270707,3663.83982863419
"GMST","centered",530,1.00333201596892,3784.65312258247
"GMST","centered",531,1.0026835173097,3322.19082906276
"GMST","centered",532,1.00292104136689,3404.55012699539
"GMST","centered",533,1.00262375628381,3067.73349286678
"GMST","centered",534,1.00282526263265,3078.37434540281
"GMST","centered",535,1.00315691448877,2503.9253848364
"GMST","centered",536,1.00335313504128,2377.38646368497
"GMST","centered",537,1.00304739754347,2240.69702212087
"GMST","centered",538,1.00262602732432,2254.50191863447
"GMST","centered",539,1.00230968243039,2584.87082704033
"GMST","centered",540,1.00189667150595,3474.97926156696
"GMST","first_difference",1,1.00165217424058,23722.2411605717
"GMST","first_difference",2,1.00006173407086,23122.3468685512
"GMST","first_difference",3,1.00064416739347,21354.8725448747
"GMST","first_difference",4,1.00087999880311,23335.6384372714
"GMST","first_difference",5,1.0012058792642,21255.1221802041
"GMST","first_difference",6,1.00134926914441,20521.7146137569
"GMST","first_difference",7,1.0018628713158,19201.8975844563
"GMST","first_difference",8,1.00082063709338,19674.6888988153
"GMST","first_difference",9,1.00153974327963,18930.8721363345
"GMST","first_difference",10,1.0009346187702,18066.5614492801
"GMST","first_difference",11,1.00165728244492,16178.8657958511
"GMST","first_difference",12,1.0015574558044,17414.6787450222
"GMST","first_difference",13,1.00121923814318,16206.0337739035
"GMST","first_difference",14,1.00110501091749,17321.0320932153
"GMST","first_difference",15,1.00092488150138,18526.9227173898
"GMST","first_difference",16,1.00045669543953,18500.3267939488
"GMST","first_difference",17,1.00082582896864,17795.0457690988
"GMST","first_difference",18,1.00057060917521,18475.9587175317
"GMST","first_difference",19,1.0004463140112,19045.8629317707
"GMST","first_difference",20,1.00066328995626,19813.2811146299
"GMST","first_difference",21,1.00040341426216,19362.9444568121
"GMST","first_difference",22,1.00015531730985,20539.9562750693
"GMST","first_difference",23,1.00020372192622,21225.5624842527
"GMST","first_difference",24,1.00059518071206,23242.0323219886
"GMST","first_difference",25,1.00022676084269,19734.1784246362
"GMST","first_difference",26,1.0001794805754,21317.2395754351
"GMST","first_difference",27,1.00010297010437,21492.6215867831
"GMST","first_difference",28,1.00032253412442,21829.617330754
"GMST","first_difference",29,0.999994188588174,20809.516436897
"GMST","first_difference",30,1.00036351636826,23208.6923021016
"GMST","first_difference",31,1.00027770765331,22837.5427120896
"GMST","first_difference",32,0.999985235427396,23150.9205694473
"GMST","first_difference",33,1.00021725487166,23256.8749210961
"GMST","first_difference",34,1.00006661989574,22693.0100408997
"GMST","first_difference",35,1.00015582867115,22819.1698972676
"GMST","first_difference",36,1.00014638931862,21965.0272998575
"GMST","first_difference",37,1.00035052650206,22389.1854262071
"GMST","first_difference",38,1.00003238110008,21052.4923357488
"GMST","first_difference",39,1.00012833497409,23409.1585440226
"GMST","first_difference",40,1.00004217872588,23667.8700305859
"GMST","first_difference",41,1.00012659438242,21498.361108216
"GMST","first_difference",42,1.00000869731778,21258.1933327793
"GMST","first_difference",43,1.00011577084562,22057.2968064891
"GMST","first_difference",44,0.999909596102171,24000
"GMST","first_difference",45,1.00028164631549,22903.2715811532
"GMST","first_difference",46,1.00034662809313,22382.0171173944
"GMST","first_difference",47,0.999992530249387,22917.034765987
"GMST","first_difference",48,0.99993991456106,23255.2172639715
"GMST","first_difference",49,1.00010123038914,23489.1816094936
"GMST","first_difference",50,1.00011944462006,23562.537570576
"GMST","first_difference",51,0.999982468817162,22575.0252099187
"GMST","first_difference",52,1.00003122893503,22681.6733209075
"GMST","first_difference",53,1.00011351621584,23552.539705927
"GMST","first_difference",54,1.00008247244209,22928.887398734
"GMST","first_difference",55,1.00006347176701,23073.358609349
"GMST","first_difference",56,1.000125693113,22598.1831806581
"GMST","first_difference",57,1.00011555352512,23211.2309208695
"GMST","first_difference",58,1.00000722613119,24021.5217000348
"GMST","first_difference",59,1.0002982351891,22868.2230655183
"GMST","first_difference",60,1.00002446735304,23338.9421755346
"GMST","first_difference",61,0.999984118126681,22955.1756200136
"GMST","first_difference",62,0.999878430815757,23462.4782771939
"GMST","first_difference",63,1.00002609163568,23341.2576404374
"GMST","first_difference",64,0.999993731920235,22416.5012855898
"GMST","first_difference",65,1.00002917545886,22389.9818222277
"GMST","first_difference",66,1.00002824030299,22850.1609848334
"GMST","first_difference",67,0.999996850111419,22958.2196363887
"GMST","first_difference",68,1.00000832857132,22527.659123434
"GMST","first_difference",69,1.00012322915789,23111.9153334098
"GMST","first_difference",70,1.00003203556347,21851.4411652204
"GMST","first_difference",71,1.00029175318762,22568.5886134627
"GMST","first_difference",72,1.00011075894062,22999.7792964714
"GMST","first_difference",73,1.00010045611433,22930.1734695368
"GMST","first_difference",74,1.00010588111647,23533.6403520539
"GMST","first_difference",75,1.00005885371282,23115.7134671928
"GMST","first_difference",76,1.00012148239959,22576.3543659811
"GMST","first_difference",77,1.00008085843574,23104.0328028096
"GMST","first_difference",78,1.00000756489671,22681.8287544308
"GMST","first_difference",79,1.00002322794242,23321.5546331646
"GMST","first_difference",80,1.00012010764686,22351.7563174046
"GMST","first_difference",81,1.00002151406144,23887.2967385953
"GMST","first_difference",82,1.0002217976901,22649.3372693692
"GMST","first_difference",83,1.00009584347146,23112.0403611909
"GMST","first_difference",84,1.00014559982888,23446.7013809166
"GMST","first_difference",85,0.999981908965181,23366.5584343653
"GMST","first_difference",86,1.00002025308208,24000
"GMST","first_difference",87,1.00002141633786,22776.0358279957
"GMST","first_difference",88,1.00068978332184,22818.1298155877
"GMST","first_difference",89,1.00009213958131,21674.5800806467
"GMST","first_difference",90,1.00013172978692,22972.287032355
"GMST","first_difference",91,1.00003931962592,22604.7643331755
"GMST","first_difference",92,1.00021363047211,20912.7333470954
"GMST","first_difference",93,1.00004298221548,22436.9156512234
"GMST","first_difference",94,1.00015647564026,20060.1877404955
"GMST","first_difference",95,1.00003720636462,20518.5307023931
"GMST","first_difference",96,1.00001805321922,20944.8011934675
"GMST","first_difference",97,1.00008331033945,20649.0216962699
"GMST","first_difference",98,1.00004673101251,22062.824795526
"GMST","first_difference",99,1.0001767981855,19218.6017326501
"GMST","first_difference",100,1.00026530337784,21750.9984415932
"GMST","first_difference",101,1.00034681294346,20151.7482375835
"GMST","first_difference",102,1.00037757067166,21196.8488296359
"GMST","first_difference",103,1.0000716973274,19760.8606812105
"GMST","first_difference",104,1.00002351489861,16760.5022717952
"GMST","first_difference",105,1.00034814748937,16999.1407616162
"GMST","first_difference",106,1.00030566362629,16797.7381775484
"GMST","first_difference",107,1.00019994646865,16196.564520985
"GMST","first_difference",108,1.00015336866393,17838.2380012525
"GMST","first_difference",109,1.00002046672861,15931.9672984042
"GMST","first_difference",110,1.00018972412523,15590.2295945431
"GMST","first_difference",111,0.999991922127457,16825.4375283356
"GMST","first_difference",112,0.999998346948271,16661.8346482823
"GMST","first_difference",113,1.00020728430217,18412.8549256591
"GMST","first_difference",114,1.0004487413971,18088.3514068999
"GMST","first_difference",115,1.00019746205929,19907.5839928378
"GMST","first_difference",116,1.00020462819246,21582.8011794242
"GMST","first_difference",117,1.00005481400228,19934.8558235434
"GMST","first_difference",118,1.000102087311,21462.4002850256
"GMST","first_difference",119,1.00014344321992,22183.6461251856
"GMST","first_difference",120,1.00023725135522,23384.6761133133
"GMST","first_difference",121,1.0000082515402,22831.6521905278
"GMST","first_difference",122,1.00006891377164,20469.9523267618
"GMST","first_difference",123,1.00003992147176,22443.2422836391
"GMST","first_difference",124,1.00007231930209,23418.4024997605
"GMST","first_difference",125,1.00007024597511,22714.1878141725
"GMST","first_difference",126,1.00009663858483,22167.3422656939
"GMST","first_difference",127,0.999986067433464,22202.0693132693
"GMST","first_difference",128,0.999921842699962,23129.7462549996
"GMST","first_difference",129,1.00003646299909,24050.0637256457
"GMST","first_difference",130,1.00012667444851,24000
"GMST","first_difference",131,1.00009984997655,22952.885001849
"GMST","first_difference",132,0.999998663108212,24587.9805742924
"GMST","first_difference",133,1.00007894466175,24902.6273343815
"GMST","first_difference",134,1.00008736369386,24000
"GMST","first_difference",135,1.00019108429492,23042.892924698
"GMST","first_difference",136,0.999984297354917,23924.4078873672
"GMST","first_difference",137,0.999893202677118,24000
"GMST","first_difference",138,1.00012889504593,24000
"GMST","first_difference",139,1.00003649138289,22310.3724494006
"GMST","first_difference",140,0.999981550779572,23628.3146164503
"GMST","first_difference",141,0.9999639249537,22830.9584775899
"GMST","first_difference",142,1.0000093042654,23378.7305357245
"GMST","first_difference",143,0.999979500551576,24000
"GMST","first_difference",144,1.00010521185225,22892.1919299753
"GMST","first_difference",145,1.00022134222472,24634.5975893238
"GMST","first_difference",146,0.999991026306485,23739.6785585106
"GMST","first_difference",147,1.00007231245449,23853.2487763342
"GMST","first_difference",148,0.999960614567007,22984.1993107143
"GMST","first_difference",149,0.999976696552038,23879.5327141769
"GMST","first_difference",150,1.00008962240249,23098.4600596449
"GMST","first_difference",151,1.0000219586398,23782.9308289223
"GMST","first_difference",152,0.999941701576541,23143.0230521393
"GMST","first_difference",153,1.00012966424579,22927.1700646137
"GMST","first_difference",154,1.00003201400526,21725.2918628419
"GMST","first_difference",155,1.00004658495205,22419.4623194646
"GMST","first_difference",156,0.999972236220599,22509.169398192
"GMST","first_difference",157,1.00014685137646,21982.0933646948
"GMST","first_difference",158,0.999958745441831,21296.1292479019
"GMST","first_difference",159,1.00016887804855,21469.6798105809
"GMST","first_difference",160,1.00019228408868,21238.0446277106
"GMST","first_difference",161,1.00009771386122,22449.2562222754
"GMST","first_difference",162,1.00029812903066,21648.4479879267
"GMST","first_difference",163,1.00011458030138,22176.1867717616
"GMST","first_difference",164,1.00020162158973,21457.918059612
"GMST","first_difference",165,1.00001634076876,21197.0403745273
"GMST","first_difference",166,0.999973806620827,19432.0662065634
"GMST","first_difference",167,1.00009170789321,22409.9088895347
"GMST","first_difference",168,0.999994583433011,22318.3214244146
"GMST","first_difference",169,1.00013595174946,23100.2885556554
"GMST","first_difference",170,1.00014211298899,22464.9204975187
"GMST","first_difference",171,0.99996408627281,22787.6789704675
"GMST","first_difference",172,0.999946187566335,22524.3585123778
"GMST","first_difference",173,0.999967779945455,20994.5977976245
"GMST","first_difference",174,1.00003713342703,23420.0487796559
"GMST","first_difference",175,1.00034207764922,23551.959762843
"GMST","first_difference",176,1.00010839986351,23319.2966161655
"GMST","first_difference",177,1.00022220673626,23739.3876356246
"GMST","first_difference",178,0.999968787121008,23411.9334660309
"GMST","first_difference",179,1.00018877544165,24000
"GMST","first_difference",180,1.00003940732423,23361.0038142024
"GMST","first_difference",181,1.00000224473887,23476.017434203
"GMST","first_difference",182,1.00021771819165,22732.8124924352
"GMST","first_difference",183,1.00009775415575,22700.5307730238
"GMST","first_difference",184,1.00005026455056,23082.6424444976
"GMST","first_difference",185,1.00012436622819,23616.2536085424
"GMST","first_difference",186,1.00002849444016,23369.9541593546
"GMST","first_difference",187,1.00005734464312,24000
"GMST","first_difference",188,1.00033301182111,24000
"GMST","first_difference",189,1.00015775434672,22901.6867624917
"GMST","first_difference",190,0.999960004965783,23135.2448895355
"GMST","first_difference",191,0.999964188597925,23541.9809092409
"GMST","first_difference",192,1.00021912474005,23764.6378598305
"GMST","first_difference",193,0.99998853335031,22981.2449672098
"GMST","first_difference",194,1.00002366376872,23415.7226362357
"GMST","first_difference",195,1.0000524090073,23444.0622068348
"GMST","first_difference",196,1.00000199619582,22938.5503397425
"GMST","first_difference",197,0.9999299594643,23477.6741691111
"GMST","first_difference",198,0.999951883432208,23909.5435054963
"GMST","first_difference",199,1.00005605956455,22839.9142990267
"GMST","first_difference",200,0.999986460627435,24469.4205323387
"GMST","first_difference",201,1.00002910540012,22808.717510496
"GMST","first_difference",202,0.999993549761318,22646.6306711007
"GMST","first_difference",203,1.00009224084571,23308.0973647305
"GMST","first_difference",204,0.999965266528049,22256.2615651247
"GMST","first_difference",205,1.00031807088879,22163.4439560021
"GMST","first_difference",206,0.999989862640983,23326.5726307964
"GMST","first_difference",207,1.00033013494739,21452.952606451
"GMST","first_difference",208,1.00002259932716,22083.1176209436
"GMST","first_difference",209,0.999991054861229,22253.5346510721
"GMST","first_difference",210,1.00024725569091,20841.464333474
"GMST","first_difference",211,1.00024925461437,22185.3391179139
"GMST","first_difference",212,1.00013839404384,19810.562217427
"GMST","first_difference",213,1.00030519591588,20176.6995921586
"GMST","first_difference",214,1.00009891513472,19746.6185308464
"GMST","first_difference",215,0.999986279479015,20927.6591453906
"GMST","first_difference",216,0.999986279998607,21387.4338626271
"GMST","first_difference",217,1.00004714991336,20567.3938593534
"GMST","first_difference",218,1.00013540260606,21213.0639271305
"GMST","first_difference",219,1.00000691843056,21957.8016240815
"GMST","first_difference",220,1.00006658582619,23133.1318951315
"GMST","first_difference",221,0.999994015625568,21407.3869151838
"GMST","first_difference",222,1.0000450213231,22702.2698014695
"GMST","first_difference",223,1.00013527885673,21654.8810263862
"GMST","first_difference",224,1.00002824221831,23636.6471243848
"GMST","first_difference",225,1.00019947485254,22355.4081396334
"GMST","first_difference",226,0.999960801296677,22574.6349941067
"GMST","first_difference",227,1.00009789611135,22895.0398574826
"GMST","first_difference",228,1.00009497454023,22869.4251104737
"GMST","first_difference",229,1.00018897576946,21056.1067918096
"GMST","first_difference",230,1.00008357894867,21510.55716782
"GMST","first_difference",231,1.00018733307492,21999.4866178771
"GMST","first_difference",232,1.00016777045708,20833.4461209764
"GMST","first_difference",233,1.00010094897657,21673.7606287749
"GMST","first_difference",234,1.00012348640322,20921.9386298736
"GMST","first_difference",235,1.00000005828631,22925.868722623
"GMST","first_difference",236,1.00008256765112,20124.7760118562
"GMST","first_difference",237,1.00011535401476,21029.8406173718
"GMST","first_difference",238,0.99999409446834,22959.6527120804
"GMST","first_difference",239,0.999926536126757,21762.3700335064
"GMST","first_difference",240,0.999941915447317,21795.5658696441
"GMST","first_difference",241,1.00003896704626,21315.4766095965
"GMST","first_difference",242,0.999973252894687,21953.6089898743
"GMST","first_difference",243,1.0000585715608,21901.2036996511
"GMST","first_difference",244,1.00005097164258,22557.0880205659
"GMST","first_difference",245,1.00004890857331,23237.8645074881
"GMST","first_difference",246,1.00007763627793,22487.6367128303
"GMST","first_difference",247,1.00003619559582,22297.1993130686
"GMST","first_difference",248,1.00006363307165,23493.7915236928
"GMST","first_difference",249,1.00029546396554,22360.4861755814
"GMST","first_difference",250,1.00015603890138,22366.2062848669
"GMST","first_difference",251,1.00004142620736,22808.482972628
"GMST","first_difference",252,0.999964233278831,21893.9131360868
"GMST","first_difference",253,0.999973147699667,21098.0934407623
"GMST","first_difference",254,0.999951799402135,22312.6636163906
"GMST","first_difference",255,1.00007630726238,21773.1147962898
"GMST","first_difference",256,0.999996481898464,21829.3600957756
"GMST","first_difference",257,1.00001112456372,23387.6545541562
"GMST","first_difference",258,0.999968310014368,22734.9775153443
"GMST","first_difference",259,1.00000361388489,22742.2424573955
"GMST","first_difference",260,1.00005272729383,22115.0184822662
"GMST","first_difference",261,1.00016500456267,23412.8192310318
"GMST","first_difference",262,1.00017294768549,23422.520339173
"GMST","first_difference",263,0.999975565672561,23339.4168681181
"GMST","first_difference",264,1.00004435074424,21206.3532674078
"GMST","first_difference",265,0.999975265687175,23172.9252312024
"GMST","first_difference",266,1.0001397406721,22989.542818121
"GMST","first_difference",267,0.999956150814839,23272.9487663072
"GMST","first_difference",268,1.00005218777863,22394.6352993756
"GMST","first_difference",269,1.00006499210871,22475.573626793
"GMST","first_difference",270,1.00006079807022,23224.5874209785
"GMST","first_difference",271,1.00017848664885,23494.8055627848
"GMST","first_difference",272,1.00000744013899,23285.1122679058
"GMST","first_difference",273,1.00005502362795,22716.8100132096
"GMST","first_difference",274,1.00008850810303,23185.5367893946
"GMST","first_difference",275,1.00008581253615,24000
"GMST","first_difference",276,1.00001380581003,23173.6505425595
"GMST","first_difference",277,1.00008994464552,23376.3141784141
"GMST","first_difference",278,1.00019744276848,23590.5342114246
"GMST","first_difference",279,1.0000782147822,24362.6453429929
"GMST","first_difference",280,1.00001425070638,23256.7289142515
"GMST","first_difference",281,1.00029629644679,22890.4762782691
"GMST","first_difference",282,1.00000630044065,22083.6517017415
"GMST","first_difference",283,1.00008834405731,22238.2506051023
"GMST","first_difference",284,1.00016792980108,19686.405384578
"GMST","first_difference",285,1.00000028806725,19171.0189797982
"GMST","first_difference",286,1.00031239637497,18836.2328565896
"GMST","first_difference",287,1.00025704216003,16416.5283334441
"GMST","first_difference",288,1.00025991436932,18742.9346084686
"GMST","first_difference",289,1.00017312787958,17796.8755503435
"GMST","first_difference",290,0.999960423950322,17076.3930101866
"GMST","first_difference",291,1.00005817368472,18774.032864789
"GMST","first_difference",292,1.00002281299993,20947.0705982208
"GMST","first_difference",293,1.00013380022989,20465.328721107
"GMST","first_difference",294,1.00001497784269,22151.4064387571
"GMST","first_difference",295,1.00022712185705,20773.5536338497
"GMST","first_difference",296,1.00014027329848,21554.0092582682
"GMST","first_difference",297,1.00002729079779,21582.0084763837
"GMST","first_difference",298,0.999923638274456,20672.8937562684
"GMST","first_difference",299,1.00003824051648,23358.3212312439
"GMST","first_difference",300,1.00013977193601,22327.3342931809
"GMST","first_difference",301,1.0000220221995,23059.7884841224
"GMST","first_difference",302,1.0002139647445,20983.3756406381
"GMST","first_difference",303,0.99995592025164,23265.8704937476
"GMST","first_difference",304,1.00014046417757,22620.6955581693
"GMST","first_difference",305,1.00001052436,24102.9433460433
"GMST","first_difference",306,1.00008947655092,23669.7311068587
"GMST","first_difference",307,0.999925761905778,21749.1158648677
"GMST","first_difference",308,1.00027535671259,23130.8344691816
"GMST","first_difference",309,1.000104600525,23733.6530998023
"GMST","first_difference",310,1.00013854977644,23514.345085281
"GMST","first_difference",311,1.00010830316998,23551.0064208073
"GMST","first_difference",312,0.999994370816408,21937.5177866614
"GMST","first_difference",313,1.00007563208142,24084.0232621832
"GMST","first_difference",314,1.00003249009099,23760.6072214349
"GMST","first_difference",315,1.00008467498035,22728.7917290724
"GMST","first_difference",316,1.00008413687401,23218.2915837087
"GMST","first_difference",317,1.00029063005408,23261.3861724532
"GMST","first_difference",318,1.00010184423379,23440.2855120752
"GMST","first_difference",319,1.00003628656657,24000
"GMST","first_difference",320,1.00000954807154,24065.8016842325
"GMST","first_difference",321,1.00011711995115,22976.1324256518
"GMST","first_difference",322,0.999983429607617,23241.0955201665
"GMST","first_difference",323,0.999976547479998,23734.8577902447
"GMST","first_difference",324,1.0001408282608,24000
"GMST","first_difference",325,1.0000212406893,23568.2242537342
"GMST","first_difference",326,1.00002217539704,24598.9140785295
"GMST","first_difference",327,1.00004961257208,22115.7446723745
"GMST","first_difference",328,0.999969319202051,24000
"GMST","first_difference",329,1.0002048840401,22604.4273443223
"GMST","first_difference",330,0.999980244347778,23233.8987516324
"GMST","first_difference",331,1.00002036250422,20852.1482477646
"GMST","first_difference",332,1.00024570624305,22614.5001593718
"GMST","first_difference",333,0.999977493085419,18968.1762101266
"GMST","first_difference",334,1.00051064787425,22234.8956352093
"GMST","first_difference",335,1.00002806893479,19282.954772468
"GMST","first_difference",336,1.00061775089547,17662.8877126925
"GMST","first_difference",337,1.00023196404275,17044.5181611664
"GMST","first_difference",338,1.00022117348316,15994.4709552087
"GMST","first_difference",339,1.00001239494354,14436.1830315942
"GMST","first_difference",340,1.00005385244735,15398.8721025031
"GMST","first_difference",341,1.00015773598204,17220.6948705166
"GMST","first_difference",342,0.99998476207464,15637.9897993324
"GMST","first_difference",343,1.00005954606541,17025.2773786791
"GMST","first_difference",344,1.00012831993721,15551.8001492734
"GMST","first_difference",345,1.00038736471236,16922.0451016134
"GMST","first_difference",346,1.00022453478478,19439.9769645322
"GMST","first_difference",347,0.999936190989535,19005.3793870607
"GMST","first_difference",348,1.00020620493902,18849.8048035367
"GMST","first_difference",349,1.00016880802078,18785.6297493525
"GMST","first_difference",350,1.00007607758186,16784.999401346
"GMST","first_difference",351,1.00010111071773,16583.7962486303
"GMST","first_difference",352,0.999981870659677,17406.0010451897
"GMST","first_difference",353,1.00033545078668,14677.9759276096
"GMST","first_difference",354,1.0000409987114,14375.9963917604
"GMST","first_difference",355,1.00046138163229,13314.7675697192
"GMST","first_difference",356,1.00005685898027,13714.3608736688
"GMST","first_difference",357,1.00001927657636,13609.6703662482
"GMST","first_difference",358,1.0002898469537,12729.7545930847
"GMST","first_difference",359,1.00027609845376,15061.2302092273
"GMST","first_difference",360,1.00083862301109,14391.4908972736
"GMST","first_difference",361,1.00009684581367,16552.4701428883
"GMST","first_difference",362,1.00043659856563,16033.7345826945
"GMST","first_difference",363,0.999981348674096,18787.8076258438
"GMST","first_difference",364,1.00023704894598,18158.2879682231
"GMST","first_difference",365,0.99998428643233,20763.7511496135
"GMST","first_difference",366,1.00004462323588,17821.4596408882
"GMST","first_difference",367,1.00009881482736,20727.1552655148
"GMST","first_difference",368,0.99999807215435,20736.3061768746
"GMST","first_difference",369,1.00004206103041,21347.9043730081
"GMST","first_difference",370,1.00007493475075,18809.93824579
"GMST","first_difference",371,0.999889263569682,19022.6503468111
"GMST","first_difference",372,1.0001330500047,20470.7862578271
"GMST","first_difference",373,0.999912058201063,19021.0319577735
"GMST","first_difference",374,1.00024479561342,17426.8537213484
"GMST","first_difference",375,1.00001432353993,17558.8060471157
"GMST","first_difference",376,1.00002870014173,18414.1488921231
"GMST","first_difference",377,1.00018257972659,19175.4243980329
"GMST","first_difference",378,1.00024438973982,19135.0282490387
"GMST","first_difference",379,1.00018700872579,18675.5996199736
"GMST","first_difference",380,0.999995358232222,16572.0186745337
"GMST","first_difference",381,1.00003255892139,17662.658051312
"GMST","first_difference",382,1.00027561326321,18589.8788717332
"GMST","first_difference",383,1.00010985857006,20235.2110115608
"GMST","first_difference",384,1.00006223696113,18576.4760088802
"GMST","first_difference",385,1.00030969556996,18072.8794811562
"GMST","first_difference",386,0.999995708451826,20712.9125337471
"GMST","first_difference",387,0.9998960008299,17813.0181709168
"GMST","first_difference",388,0.999992228587395,21669.1421921222
"GMST","first_difference",389,1.00006392175536,19859.2832060974
"GMST","first_difference",390,1.0000284505597,18741.6566450874
"GMST","first_difference",391,1.00016187107658,18749.5464842802
"GMST","first_difference",392,1.00020009671235,19754.0825439955
"GMST","first_difference",393,0.999980779416276,22924.1656201192
"GMST","first_difference",394,1.00018386836218,21819.9095878497
"GMST","first_difference",395,0.999958385730108,21435.8900353129
"GMST","first_difference",396,1.00018166962061,21602.9511496285
"GMST","first_difference",397,1.00011850470931,21248.8148195575
"GMST","first_difference",398,0.999988571344412,18348.2022075865
"GMST","first_difference",399,0.999996050177014,20644.6897474989
"GMST","first_difference",400,1.00000511079864,19310.7518208159
"GMST","first_difference",401,0.999948983238914,20497.5835839727
"GMST","first_difference",402,1.00016224464139,20534.1477812428
"GMST","first_difference",403,1.00021901897412,19809.6795907107
"GMST","first_difference",404,0.999999466941233,19728.3243944979
"GMST","first_difference",405,1.00010087777121,17807.4808123837
"GMST","first_difference",406,1.00012009206509,18712.6158788017
"GMST","first_difference",407,1.00006862135799,18967.7154096752
"GMST","first_difference",408,1.00024414063225,18927.5784638464
"GMST","first_difference",409,1.00021631936166,18769.0009811027
"GMST","first_difference",410,0.999965837299874,16918.9821003522
"GMST","first_difference",411,1.0003183818984,17391.7094792847
"GMST","first_difference",412,1.00016363886711,18126.8426630668
"GMST","first_difference",413,0.99988648307586,16936.7763753326
"GMST","first_difference",414,1.00006154275346,18532.9085706388
"GMST","first_difference",415,1.00008615995849,17369.226138418
"GMST","first_difference",416,1.00035401717239,17115.6085588923
"GMST","first_difference",417,1.00019754693221,18389.2435101395
"GMST","first_difference",418,1.00008597585012,18607.1763302872
"GMST","first_difference",419,1.00036896283486,18660.277510643
"GMST","first_difference",420,1.00009693470071,17221.6779721504
"GMST","first_difference",421,0.999960869857423,17261.8412168109
"GMST","first_difference",422,1.00003726490667,20067.5410218263
"GMST","first_difference",423,1.00001131451172,17713.6396867157
"GMST","first_difference",424,1.00018922164921,18840.2280960694
"GMST","first_difference",425,1.00006255680816,20316.3462910171
"GMST","first_difference",426,1.0002454977163,20660.5236780702
"GMST","first_difference",427,1.00012711364453,18535.4142057946
"GMST","first_difference",428,1.00025890368197,21779.0225929941
"GMST","first_difference",429,1.00000381973254,20623.4815837918
"GMST","first_difference",430,1.00016167300224,18679.4439605491
"GMST","first_difference",431,1.00009938542967,19772.4845187547
"GMST","first_difference",432,0.999945500692306,21410.1773788478
"GMST","first_difference",433,1.0002591451357,20228.6776761384
"GMST","first_difference",434,0.999971590225136,20143.6250219965
"GMST","first_difference",435,1.00007016860015,20341.8967877464
"GMST","first_difference",436,1.00013548228911,17722.1734975948
"GMST","first_difference",437,1.00011291504629,19768.2865312139
"GMST","first_difference",438,1.00012057994298,19979.9354203691
"GMST","first_difference",439,1.00021281975851,18086.7530073379
"GMST","first_difference",440,1.00005650720056,17454.8133390966
"GMST","first_difference",441,0.999996036353269,17303.4278530533
"GMST","first_difference",442,1.00010566600622,17202.0515065991
"GMST","first_difference",443,1.00008786384664,16445.9395222016
"GMST","first_difference",444,1.00016965705366,17223.8890209991
"GMST","first_difference",445,1.00011998945576,17775.0147454559
"GMST","first_difference",446,1.00003895420346,17405.2590966213
"GMST","first_difference",447,1.00008483719478,19274.3045240238
"GMST","first_difference",448,1.00048866958276,19470.7534276613
"GMST","first_difference",449,1.00013406975714,17196.473875353
"GMST","first_difference",450,1.00028782464855,17791.9890269938
"GMST","first_difference",451,1.00004571128665,19182.6485430099
"GMST","first_difference",452,1.00001145575052,17720.9819676856
"GMST","first_difference",453,0.999953772402306,17053.4482782225
"GMST","first_difference",454,1.00010661568532,19869.9261150798
"GMST","first_difference",455,1.0003710208786,20681.1773338147
"GMST","first_difference",456,1.00017639362587,20320.2098214203
"GMST","first_difference",457,1.00003311820338,18986.925809207
"GMST","first_difference",458,1.00025199712926,20217.4802484615
"GMST","first_difference",459,1.00033190527829,15632.9059704408
"GMST","first_difference",460,0.999913260472887,20612.368129697
"GMST","first_difference",461,1.00016656732052,20262.4707785191
"GMST","first_difference",462,1.00002613602401,20587.6761252373
"GMST","first_difference",463,1.00036319364284,19393.2725924879
"GMST","first_difference",464,1.0001032770015,19794.2157057505
"GMST","first_difference",465,0.999960405563973,19213.8514343413
"GMST","first_difference",466,1.00022619412491,16925.3254882321
"GMST","first_difference",467,1.00000651534381,16065.5200685342
"GMST","first_difference",468,1.00000840577421,15476.9020792244
"GMST","first_difference",469,1.0003050960156,16126.326994187
"GMST","first_difference",470,1.00014916685196,14339.1822413805
"GMST","first_difference",471,1.00030356579571,17350.2636347859
"GMST","first_difference",472,1.00038517864497,15403.1753978331
"GMST","first_difference",473,0.999989981314959,19968.5857568184
"GMST","first_difference",474,1.00010819158663,17876.9913790281
"GMST","first_difference",475,0.999991583357078,21706.8124284702
"GMST","first_difference",476,0.999989689198025,22563.8663690429
"GMST","first_difference",477,1.00013244603567,23554.0238002919
"GMST","first_difference",478,1.00019153715271,24000
"GMST","first_difference",479,1.00004182104081,23762.0000730451
"GMST","first_difference",480,0.999958014190318,23679.3394578287
"GMST","first_difference",481,0.999992477534972,22903.4398884678
"GMST","first_difference",482,0.999954118962809,23138.5212439292
"GMST","first_difference",483,0.99995371889222,22680.6474729264
"GMST","first_difference",484,1.00003520425981,22868.5044634001
"GMST","first_difference",485,0.999936736439232,22792.0168219112
"GMST","first_difference",486,1.00031036074365,22977.8130082128
"GMST","first_difference",487,1.00001171961104,24119.0171727822
"GMST","first_difference",488,1.00001334313767,23897.2607813674
"GMST","first_difference",489,1.00011626907838,23406.7813126811
"GMST","first_difference",490,1.00011585683474,23769.6193134252
"GMST","first_difference",491,1.00002830094371,23700.6976940168
"GMST","first_difference",492,0.999965631865742,24000
"GMST","first_difference",493,1.00008380055107,24000
"GMST","first_difference",494,0.999941489401173,23038.7137835099
"GMST","first_difference",495,0.999981540355619,24000
"GMST","first_difference",496,1.00010936633842,23757.0092275414
"GMST","first_difference",497,0.999945178002235,23084.5205492062
"GMST","first_difference",498,1.00008262940218,23773.162023312
"GMST","first_difference",499,1.00005593980686,23452.0002912822
"GMST","first_difference",500,0.999941473779495,23907.6261053506
"GMST","first_difference",501,1.00015970780899,23733.0058232826
"GMST","first_difference",502,1.00015134733119,23447.3534267145
"GMST","first_difference",503,1.00011403273496,23498.5978045375
"GMST","first_difference",504,1.00000933864159,23932.9606087856
"GMST","first_difference",505,1.00010385495513,24588.0364957715
"GMST","first_difference",506,1.00001119950102,23534.683531515
"GMST","first_difference",507,1.00011467150285,23760.1539765662
"GMST","first_difference",508,0.999970022248923,23550.236393634
"GMST","first_difference",509,1.00020149966795,23744.9725098371
"GMST","first_difference",510,1.00011079130622,23720.8234435213
"GMST","first_difference",511,0.999968580885615,23616.3263630043
"GMST","first_difference",512,1.00001291816118,23740.1050344495
"GMST","first_difference",513,0.999945048952929,22524.5188126161
"GMST","first_difference",514,1.00011257452127,22843.1450970335
"GMST","first_difference",515,0.999984314292985,24000
"GMST","first_difference",516,0.999926523338793,22405.790990798
"GMST","first_difference",517,1.00026387393439,24185.6829302163
"GMST","first_difference",518,0.99999660304072,23387.7836153949
"GMST","first_difference",519,1.00000634169433,23684.4653291037
"GMST","first_difference",520,1.00003402493177,22310.0082128859
"GMST","first_difference",521,1.00032415175973,23440.5334112326
"GMST","first_difference",522,1.00002330158636,22691.8617098549
"GMST","first_difference",523,0.999971289855808,23395.9815900435
"GMST","first_difference",524,1.00001988779198,24312.8446968684
"GMST","first_difference",525,1.00009002247859,23026.9464088042
"GMST","first_difference",526,1.00015914982188,23557.8302321269
"GMST","first_difference",527,0.99995934269247,22244.7477735521
"GMST","first_difference",528,1.0002035770133,22689.7630797323
"GMST","first_difference",529,1.0001734963661,21945.1978848312
"GMST","first_difference",530,1.00022846009148,20785.9895169044
"GMST","first_difference",531,1.00004765313342,22976.5065501065
"GMST","first_difference",532,1.00003104008525,22254.0987713919
"GMST","first_difference",533,1.00014355307814,21081.7103334012
"GMST","first_difference",534,1.00039522421102,17760.9152104555
"GMST","first_difference",535,0.999974786465342,15832.4482445203
"GMST","first_difference",536,1.00018489554807,15632.4454142768
"GMST","first_difference",537,1.00015548475774,14556.9943136561
"GMST","first_difference",538,1.00026024003919,17295.7971699072
"GMST","first_difference",539,1.00003208908838,21008.5251637471
"BWT","raw",1,1.00022277294124,23225.5547811131
"BWT","raw",2,1.00019277807836,24000
"BWT","raw",3,1.00013268797851,24000
"BWT","raw",4,0.999956689872815,23381.5846178079
"BWT","raw",5,1.00003181769394,24155.4122571682
"BWT","raw",6,1.00009058339013,24000
"BWT","raw",7,1.00012434123894,23620.230242347
"BWT","raw",8,1.00009455173321,24624.9765086907
"BWT","raw",9,1.00003612721265,24237.5244753838
"BWT","raw",10,1.00006130680028,24226.6636486918
"BWT","raw",11,0.999954862414071,24000
"BWT","raw",12,1.00012073993863,23711.4442143974
"BWT","raw",13,0.999978999134844,23777.7792679744
"BWT","raw",14,1.00015149682804,23734.326114381
"BWT","raw",15,0.999915716965927,24000
"BWT","raw",16,0.999985230147759,24706.8402748754
"BWT","raw",17,1.00004635367331,24777.1664750239
"BWT","raw",18,1.00013073033101,24114.6377820399
"BWT","raw",19,1.00014925493176,23595.6316342516
"BWT","raw",20,1.00013754392885,24000
"BWT","raw",21,1.00012357886965,23239.4478325902
"BWT","raw",22,1.00000273311898,22497.850133405
"BWT","raw",23,1.00002156874468,23388.3681200481
"BWT","raw",24,1.00013140194872,24301.8903680397
"BWT","raw",25,1.00008886578225,24525.1624490246
"BWT","raw",26,1.00011049325818,23777.2347824217
"BWT","raw",27,0.999961629662415,24000
"BWT","raw",28,1.00007599153022,23468.2678570245
"BWT","raw",29,1.00022075880206,25259.0111868819
"BWT","raw",30,1.00003064559929,24319.5540895213
"BWT","raw",31,1.00011552133233,23744.3823339339
"BWT","raw",32,1.00000941483123,24000
"BWT","raw",33,1.00010241700611,24000
"BWT","raw",34,1.00002735262688,24539.8363755257
"BWT","raw",35,1.00002748085535,23702.5033474105
"BWT","raw",36,1.00012348137138,23759.6526352821
"BWT","raw",37,1.00012608272636,23914.3688909371
"BWT","raw",38,1.00013316657645,23714.6531887105
"BWT","raw",39,0.999970216228598,25163.6734518542
"BWT","raw",40,0.999978016576806,25125.7160749865
"BWT","raw",41,1.00023609925694,24887.2796082921
"BWT","raw",42,0.99998674429416,24083.6188710833
"BWT","raw",43,1.00019915996708,23658.3608523994
"BWT","raw",44,1.00011074058883,23769.0088385109
"BWT","raw",45,1.00010022577977,23752.1568998563
"BWT","raw",46,1.00000955304194,23535.1447249016
"BWT","raw",47,1.00005084122636,24000
"BWT","raw",48,1.00005744439865,23391.8100863167
"BWT","raw",49,1.00004584390088,23173.7133996534
"BWT","raw",50,1.00003963542718,23517.8600540725
"BWT","raw",51,1.00015086559848,23440.3668187394
"BWT","raw",52,1.00007018823213,23433.9104310078
"BWT","raw",53,1.00002668816671,23714.8847465731
"BWT","raw",54,1.00015516900899,23763.2930778808
"BWT","raw",55,1.00010435221973,24000
"BWT","raw",56,1.00010948808639,24000
"BWT","raw",57,1.00019393503711,24000
"BWT","raw",58,1.00007765996717,24000
"BWT","raw",59,1.00000126703698,23563.6161128458
"BWT","raw",60,0.999954463093598,23684.7555583397
"BWT","raw",61,1.00015935777804,24146.156817993
"BWT","raw",62,1.00025394443916,24000
"BWT","raw",63,1.00016067996892,24000
"BWT","raw",64,1.00018964150432,23731.0625178526
"BWT","raw",65,1.00005106364702,24000
"BWT","raw",66,1.00005914144542,24225.9358576335
"BWT","raw",67,1.00002328217387,24000
"BWT","raw",68,1.00010480573932,24000
"BWT","raw",69,0.999972425054351,23701.0314650661
"BWT","raw",70,1.00011686442789,23573.6321167511
"BWT","raw",71,1.00008228477605,23926.5564938131
"BWT","raw",72,1.0000552295087,23753.0452945546
"BWT","raw",73,1.00004915804271,24000
"BWT","raw",74,1.00006212937236,23778.5038410162
"BWT","raw",75,1.00010654894169,26471.8329632084
"BWT","raw",76,1.000339422822,24424.1745639408
"BWT","raw",77,1.00012925724849,24224.7538818562
"BWT","raw",78,1.00028763807635,23984.5539004919
"BWT","raw",79,1.00011078905359,24033.852038822
"BWT","raw",80,1.00012578291089,24277.7757433179
"BWT","raw",81,1.00004706472225,24050.1170180222
"BWT","raw",82,1.00002250931204,23615.1598416296
"BWT","raw",83,1.00007317042272,24000
"BWT","raw",84,1.00013214054925,24000
"BWT","raw",85,1.00017777467396,24000
"BWT","raw",86,1.0001057404136,24000
"BWT","raw",87,1.00007429257588,24653.1372157045
"BWT","raw",88,1.00004253878132,23455.8266021856
"BWT","raw",89,1.00004425230886,24147.5309315519
"BWT","raw",90,1.000073051664,23927.3396298093
"BWT","raw",91,1.0001581897259,23714.8039309077
"BWT","raw",92,1.00004439342518,23960.0550257139
"BWT","raw",93,1.00010114104046,23767.5465331029
"BWT","raw",94,1.00003583356677,24000
"BWT","raw",95,0.999997859433806,24138.0141006201
"BWT","raw",96,1.00002699156999,23610.1047167237
"BWT","raw",97,1.00003232511869,24132.1725740471
"BWT","raw",98,1.00008347045938,23720.0636005286
"BWT","raw",99,1.00016601835341,23040.2671445935
"BWT","raw",100,1.00013060346637,23338.7788678384
"BWT","raw",101,0.999998518093277,23844.591683441
"BWT","raw",102,0.99999213480544,23747.0513899716
"BWT","raw",103,1.00014411217896,24000
"BWT","raw",104,0.999964819299686,24000
"BWT","raw",105,1.00003625539113,23770.1665675311
"BWT","raw",106,0.999930799210052,23990.5138358757
"BWT","raw",107,0.999926840969906,24000
"BWT","raw",108,0.999949753842221,24055.9432176923
"BWT","raw",109,0.999965214743676,24000
"BWT","raw",110,1.00000389027435,24000
"BWT","raw",111,1.00001914042894,24000
"BWT","raw",112,1.00012224875519,24000
"BWT","raw",113,1.00011120691729,24000
"BWT","raw",114,1.00016247296552,24809.2934593785
"BWT","raw",115,1.00027126763035,24460.5230043933
"BWT","raw",116,0.999987881119448,24000
"BWT","raw",117,1.00002792387889,24014.9677349101
"BWT","raw",118,1.00012767407347,24000
"BWT","raw",119,1.00007742530531,24494.3900042268
"BWT","raw",120,1.00010385095672,24168.9523583341
"BWT","raw",121,1.00007823825393,24204.7143964707
"BWT","raw",122,1.00008724102242,24000
"BWT","raw",123,1.00004768881643,24000
"BWT","raw",124,1.00001015224295,24000
"BWT","raw",125,0.999993168823583,24602.836136597
"BWT","raw",126,0.999994575919656,24113.1627975438
"BWT","raw",127,1.00005538070215,24087.5306631011
"BWT","raw",128,0.999934626466323,23716.5838091522
"BWT","raw",129,0.999967246925493,24567.8358248502
"BWT","raw",130,0.999958315297489,25012.9160242141
"BWT","raw",131,0.999955622196632,24000
"BWT","raw",132,0.999992796535123,24366.5795120084
"BWT","raw",133,1.00006304452908,24635.0977153458
"BWT","raw",134,1.00002980549939,24939.6155423576
"BWT","raw",135,0.999980745321711,24628.1180556059
"BWT","raw",136,1.00000984301573,24376.2693311494
"BWT","raw",137,0.999911223705594,24252.4765507088
"BWT","raw",138,1.00010600768525,24000
"BWT","raw",139,0.999960040913873,24000
"BWT","raw",140,0.999965938551699,22938.2446707202
"BWT","raw",141,1.0000123790811,23395.0793033784
"BWT","raw",142,1.00004820380988,24000
"BWT","raw",143,0.99999188575805,23742.7089714447
"BWT","raw",144,0.999928778961082,24000
"BWT","raw",145,0.999980345783508,23999.9999999999
"BWT","raw",146,1.00005920402831,24215.5717815387
"BWT","raw",147,1.00007801146866,24000
"BWT","raw",148,1.00007504393721,24000
"BWT","raw",149,1.00000876125298,24255.6694978359
"BWT","raw",150,1.00004697601695,24462.4138899905
"BWT","raw",151,1.00003605042161,24742.475431819
"BWT","raw",152,1.00015013484952,25131.0483851567
"BWT","raw",153,1.00001872594689,24091.9960319415
"BWT","raw",154,1.00007231500288,23430.5763488908
"BWT","raw",155,1.00000624129387,24134.5457822082
"BWT","raw",156,1.0001763856442,24185.8225517014
"BWT","raw",157,1.00008017359407,23704.3795919871
"BWT","raw",158,0.999996573279112,23510.4650188184
"BWT","raw",159,0.999961448612694,23442.2916936305
"BWT","raw",160,0.999984469218503,23879.4678413147
"BWT","raw",161,1.0000562963286,23717.4838010842
"BWT","raw",162,0.999991762042501,24607.0138896975
"BWT","raw",163,0.999966707507832,24000
"BWT","raw",164,1.00001819919551,24000
"BWT","raw",165,1.00017518345449,24711.8153372226
"BWT","raw",166,0.999924520041256,24000
"BWT","raw",167,0.999969807076072,23701.7482721519
"BWT","raw",168,1.00009758002528,24000
"BWT","raw",169,1.00001898075138,23662.8541956811
"BWT","raw",170,1.00005783278921,24000
"BWT","raw",171,1.00003818087185,24254.2527624526
"BWT","raw",172,0.999980185299825,24000
"BWT","raw",173,1.00004202652673,24900.92390061
"BWT","raw",174,1.00007428630111,24000
"BWT","raw",175,1.00011905337291,24265.836598784
"BWT","raw",176,1.00021903795804,24892.2792079736
"BWT","raw",177,1.00013294155449,24668.8492562164
"BWT","raw",178,1.00010831697229,23782.6084641287
"BWT","raw",179,1.000144360012,24239.9606683004
"BWT","raw",180,1.00004665099969,24246.2247851393
"BWT","raw",181,0.999968060586119,23736.3751743573
"BWT","raw",182,0.999928306581571,23916.3709932783
"BWT","raw",183,1.00000614295171,24177.4031705063
"BWT","raw",184,0.999939535861333,22204.5109808737
"BWT","raw",185,0.99996781228166,24298.6289856768
"BWT","raw",186,0.999925330135876,24695.1876296984
"BWT","raw",187,0.999899330314255,23715.3600585813
"BWT","raw",188,0.999984700979685,23723.8094710712
"BWT","raw",189,1.00000442286818,23665.6562886031
"BWT","raw",190,0.99999925992839,23402.84687643
"BWT","raw",191,0.999953216501183,23508.1460006493
"BWT","raw",192,1.00000175240021,23804.1336844974
"BWT","raw",193,1.00005056120416,22970.0206286232
"BWT","raw",194,0.999985136698327,22860.1282164078
"BWT","raw",195,0.999960133440478,23759.033997571
"BWT","raw",196,0.999969739413668,22470.3611280103
"BWT","raw",197,1.00005017379876,22600.0033382213
"BWT","raw",198,0.999996981794589,22953.3219850785
"BWT","raw",199,1.00000827919024,22973.9095073715
"BWT","raw",200,0.999956716300367,23450.3838334423
"BWT","raw",201,1.00002045085066,23327.8122479883
"BWT","raw",202,1.00016154265343,23726.4578575741
"BWT","raw",203,1.00003081349909,22763.8472235831
"BWT","raw",204,0.999950220033353,23112.0764555535
"BWT","raw",205,1.00010620748284,22955.0458493982
"BWT","raw",206,1.00002157774879,24212.3157635404
"BWT","raw",207,0.999935328641676,22917.1122025031
"BWT","raw",208,1.00022957995986,23480.9478924699
"BWT","raw",209,1.00008713072288,23283.5643510612
"BWT","raw",210,0.999953537625006,24224.1554068257
"BWT","raw",211,0.999954287885428,23742.8535117218
"BWT","raw",212,1.00011085708341,24305.7478946142
"BWT","raw",213,1.00007531923372,23485.795914531
"BWT","raw",214,1.00011076055736,24354.9939898746
"BWT","raw",215,0.999962012649855,24380.5518045829
"BWT","raw",216,0.99997124425571,24000
"BWT","raw",217,1.00007596797253,24000
"BWT","raw",218,1.00013595337834,24245.265428679
"BWT","raw",219,0.999973839108985,24000
"BWT","raw",220,1.00018616366976,24000
"BWT","raw",221,1.00004798914305,23830.8786228057
"BWT","raw",222,1.00032204742757,24000
"BWT","raw",223,0.99994568185434,24000
"BWT","raw",224,1.00010625010511,23540.6766558521
"BWT","raw",225,1.0000299250424,23516.2886590393
"BWT","raw",226,1.0000547719247,23942.2059451311
"BWT","raw",227,1.00003562289131,24230.8473919568
"BWT","raw",228,1.0001142774641,24829.7995018646
"BWT","raw",229,1.0000715226668,23812.3075898722
"BWT","raw",230,0.99998533574266,23265.6202108994
"BWT","raw",231,0.999963374354987,23753.1014238333
"BWT","raw",232,1.00012199785849,23416.7408907465
"BWT","raw",233,1.00008495980518,23487.3505551212
"BWT","raw",234,1.00003036455254,23748.4752268939
"BWT","raw",235,1.00010223548472,24000
"BWT","raw",236,1.0002075984044,24000
"BWT","raw",237,1.00011861853864,24000
"BWT","raw",238,1.00002589510816,23711.1369932029
"BWT","raw",239,0.999922430596611,23616.3207374179
"BWT","raw",240,1.00002136579184,23592.7454160677
"BWT","raw",241,1.000098743484,24341.9925133341
"BWT","raw",242,0.999907362579644,23037.0202262943
"BWT","raw",243,0.99990383644924,23729.0185175401
"BWT","raw",244,1.00001340490888,24000
"BWT","raw",245,0.999943349868768,24000
"BWT","raw",246,0.999941060164737,24000
"BWT","raw",247,0.999928452890893,24000
"BWT","raw",248,1.00001507443638,24000.0000000001
"BWT","raw",249,1.00001148111251,24000
"BWT","raw",250,1.00004414615022,23211.461249783
"BWT","raw",251,1.00022015678726,23912.6866909544
"BWT","raw",252,0.999997205260841,23354.295289451
"BWT","raw",253,1.00014565228741,24463.0361938053
"BWT","raw",254,0.999971460524326,24000
"BWT","raw",255,0.999986068107695,24097.7536089401
"BWT","raw",256,1.00015607989522,23916.491068629
"BWT","raw",257,1.00000899225522,24000
"BWT","raw",258,1.00003233247575,24000
"BWT","raw",259,1.00027968388929,23501.5876115026
"BWT","raw",260,0.999958965394097,24000
"BWT","raw",261,1.00002062282086,23730.7604627186
"BWT","raw",262,1.00009048580196,23998.7989441959
"BWT","raw",263,1.00028557865293,24000
"BWT","raw",264,1.00003882845372,24017.8386290066
"BWT","raw",265,1.00002021637495,23781.5127588091
"BWT","raw",266,0.999996573847073,23872.6310480763
"BWT","raw",267,1.00011716232179,23623.1247549801
"BWT","raw",268,0.999942404370516,24175.4476899676
"BWT","raw",269,0.99999953524244,24087.1609843787
"BWT","raw",270,1.00014441874367,24250.0292192739
"BWT","raw",271,1.00001144311781,25573.2127413035
"BWT","raw",272,0.999908050028276,24987.5415871605
"BWT","raw",273,0.999903528600355,25517.7211559164
"BWT","raw",274,0.999998417008801,24581.8570539897
"BWT","raw",275,1.00001628523668,23936.7929593425
"BWT","raw",276,1.0000888212084,24000
"BWT","raw",277,0.999970984971243,23729.2650733979
"BWT","raw",278,0.999975051523417,24000
"BWT","raw",279,1.00007539975172,24470.5677804686
"BWT","raw",280,1.00005699676451,24000
"BWT","raw",281,1.00007855128074,24000
"BWT","raw",282,0.999996961860136,24216.7595694196
"BWT","raw",283,1.0000336186312,24148.6206213813
"BWT","raw",284,1.0000085646494,24141.5276877723
"BWT","raw",285,0.999982234934179,24000
"BWT","raw",286,1.00003244520023,24239.8194348706
"BWT","raw",287,0.999983004554158,24287.3410124805
"BWT","raw",288,1.00012784266265,23777.9564710223
"BWT","raw",289,0.999916307056464,24000
"BWT","raw",290,0.999912152088559,24000
"BWT","raw",291,0.999911971707869,24859.8998186952
"BWT","raw",292,0.999930970643371,24458.0113319086
"BWT","raw",293,0.999894280700866,24000
"BWT","raw",294,1.00000058481751,23615.1239694027
"BWT","raw",295,0.999982620668797,23914.9630305415
"BWT","raw",296,1.0000743113759,24000
"BWT","raw",297,0.99998275117169,24000
"BWT","raw",298,1.00003187743178,23844.2645560517
"BWT","raw",299,1.00001196731437,24000
"BWT","raw",300,1.00008600088504,24420.3105979738
"BWT","raw",301,1.0000519399729,23462.7998393393
"BWT","raw",302,1.00012780269892,23703.8025811517
"BWT","raw",303,1.00001799893927,23562.1872155168
"BWT","raw",304,0.999959121805786,23727.228821907
"BWT","raw",305,0.999969177881149,23703.0889895125
"BWT","raw",306,1.00017848980301,23083.6631512416
"BWT","raw",307,0.999981188342343,23204.5938929812
"BWT","raw",308,1.00004464967837,23421.2724983592
"BWT","raw",309,0.999927665721546,24000
"BWT","raw",310,0.999949638250519,23974.9290391975
"BWT","raw",311,0.999989807862394,24264.6229425852
"BWT","raw",312,1.00002084253355,24208.3045645424
"BWT","raw",313,0.999952729165901,24000
"BWT","raw",314,0.999983119691392,24000
"BWT","raw",315,0.999946515896907,24269.0236727667
"BWT","raw",316,0.999984697911074,24048.0813570456
"BWT","raw",317,1.00008620470655,23860.5278610982
"BWT","raw",318,1.00020302845586,24000
"BWT","raw",319,1.00010213400785,24492.4659922072
"BWT","raw",320,1.00009904860828,24000
"BWT","raw",321,1.0000360915398,24000
"BWT","raw",322,1.00002727374497,24000
"BWT","raw",323,1.00001020036273,24466.8103498515
"BWT","raw",324,0.999969662137098,24821.909369208
"BWT","raw",325,0.999990405648802,24286.4421325276
"BWT","raw",326,0.999968403188923,24000
"BWT","raw",327,0.999920347588541,24243.4870417543
"BWT","raw",328,1.00001330066039,24439.0478770608
"BWT","raw",329,0.999985040532186,24842.3250937999
"BWT","raw",330,0.9999488614746,24408.2381459998
"BWT","raw",331,0.999947653201341,24745.0332869931
"BWT","raw",332,0.99995993084531,24843.7250122644
"BWT","raw",333,0.999938857788276,23993.6576296668
"BWT","raw",334,0.999949553908531,23360.6786839816
"BWT","raw",335,1.00002107716915,24000
"BWT","raw",336,1.00007863249369,24000
"BWT","raw",337,1.00014050347232,24307.8973133159
"BWT","raw",338,1.00005847721079,23696.0562255343
"BWT","raw",339,1.00005358246516,24837.6573687334
"BWT","raw",340,1.00001864307126,24443.9731618593
"BWT","raw",341,1.00002752993913,24236.789081115
"BWT","raw",342,1.00013283638463,24281.7913868506
"BWT","raw",343,1.00019253984258,24529.6264661456
"BWT","raw",344,1.00009326468402,24979.272057462
"BWT","raw",345,1.00002828310834,25949.0783455166
"BWT","raw",346,1.00008100287656,24000
"BWT","raw",347,1.00031716812394,24395.0865818181
"BWT","raw",348,1.00036621461938,24281.3838846439
"BWT","raw",349,1.00009168615444,24296.2012335473
"BWT","raw",350,1.00008236857029,24240.8298415726
"BWT","raw",351,1.00008055975732,23749.8094562276
"BWT","raw",352,1.0001098443936,23222.7373535545
"BWT","raw",353,1.00012107393509,24306.7594772868
"BWT","raw",354,1.00020700514547,24000
"BWT","raw",355,1.00033011649474,24560.6722908617
"BWT","raw",356,1.00005609789361,24223.8886624424
"BWT","raw",357,1.00000511161946,24605.1384393541
"BWT","raw",358,0.999964374781046,23807.3175296573
"BWT","raw",359,0.99999211028192,24000
"BWT","raw",360,0.999982087057235,23477.6761537323
"BWT","raw",361,0.999989513575093,23693.1659698366
"BWT","raw",362,1.00010046665331,23441.3617301939
"BWT","raw",363,1.00007001729317,24000
"BWT","raw",364,1.00007342433873,23779.7883520916
"BWT","raw",365,1.00002552782308,25785.2741382242
"BWT","raw",366,0.999954354478715,25489.7330553116
"BWT","raw",367,0.999971979012721,25119.9697192929
"BWT","raw",368,1.00012740906836,25097.4183798471
"BWT","raw",369,1.0000739323719,25727.0226032688
"BWT","raw",370,1.00003477957991,24020.2429619389
"BWT","raw",371,0.999939718634563,25110.5121953109
"BWT","raw",372,0.999962367092486,25118.3975475976
"BWT","raw",373,0.99999567900982,24645.5037227763
"BWT","raw",374,1.00007404205695,24648.1336189224
"BWT","raw",375,0.999942422672836,23768.8576741653
"BWT","raw",376,0.999971954559048,23764.2917381654
"BWT","raw",377,0.999962269740816,23687.8199757469
"BWT","raw",378,0.999882126386461,24332.6167175749
"BWT","raw",379,1.00000629671124,24000
"BWT","raw",380,0.999978492295919,24328.6517607687
"BWT","raw",381,1.00013335552259,23957.1101929453
"BWT","raw",382,1.00026845614939,24000
"BWT","raw",383,1.00019175287675,23637.2818665413
"BWT","raw",384,1.00003160714465,24277.4989128434
"BWT","raw",385,1.00003649721059,24240.5630835094
"BWT","raw",386,1.00000455552971,24923.9412010279
"BWT","raw",387,1.00004091082047,24285.4546764575
"BWT","raw",388,1.00004867096145,25328.7019935214
"BWT","raw",389,1.0000264510103,25131.6024174896
"BWT","raw",390,1.00009972430449,24046.9754447621
"BWT","raw",391,1.00015512219992,23520.2688183404
"BWT","raw",392,1.00007380110672,24230.8708467202
"BWT","raw",393,1.00039023188791,24370.597410049
"BWT","raw",394,1.00039133981268,24000
"BWT","raw",395,1.00025145234075,23947.4980779919
"BWT","raw",396,1.00017842905635,24000
"BWT","raw",397,1.00014132584276,23780.665631653
"BWT","raw",398,1.00011767126858,23489.5184333206
"BWT","raw",399,1.00005214515701,24515.2934763545
"BWT","raw",400,1.000039223577,24599.0825682871
"BWT","raw",401,1.0000718653079,24000
"BWT","raw",402,1.00001373185108,24394.1575887492
"BWT","raw",403,1.00006290750883,24000
"BWT","raw",404,0.999981495803054,24735.4043056696
"BWT","raw",405,1.00002384230491,24808.8150823749
"BWT","raw",406,0.999922645811739,24638.8890982905
"BWT","raw",407,0.999969140048925,25269.3992484725
"BWT","raw",408,1.00002746712821,25172.8818350067
"BWT","raw",409,0.999995215485033,24000
"BWT","raw",410,1.00004426923778,23889.9787170849
"BWT","raw",411,1.00003148655449,24000
"BWT","raw",412,0.999927783192577,24000
"BWT","raw",413,0.999960571845976,23938.5761028734
"BWT","raw",414,0.999928648200863,24000
"BWT","raw",415,0.999956897358617,24000
"BWT","raw",416,0.999882446882044,23967.5470264868
"BWT","raw",417,0.999937887350393,23607.6524165475
"BWT","raw",418,0.999998791668682,24000
"BWT","raw",419,1.00000662118305,23168.533177823
"BWT","raw",420,0.999970682609228,23772.90569171
"BWT","raw",421,0.999924949999868,23713.8836163264
"BWT","raw",422,0.9998949718641,23765.1927526464
"BWT","raw",423,0.999936797656826,23674.1016282892
"BWT","raw",424,0.999945551677429,23923.5405065667
"BWT","raw",425,0.999959263896979,24000
"BWT","raw",426,0.999946580282286,23560.703172618
"BWT","raw",427,0.999972162920641,23687.345574246
"BWT","raw",428,0.999940255230811,23691.8918706009
"BWT","raw",429,1.00000689723623,24236.4537351817
"BWT","raw",430,1.00020933286963,24000
"BWT","raw",431,1.00018606980968,23577.4750063536
"BWT","raw",432,1.00006829399951,23750.4814902623
"BWT","raw",433,1.00017388748936,23751.7298752922
"BWT","raw",434,1.00001021520549,24000
"BWT","raw",435,1.00003475230542,23866.7998423681
"BWT","raw",436,0.99998502215853,24077.4121774068
"BWT","raw",437,0.999990638378081,23694.9339146971
"BWT","raw",438,1.00003625867906,24071.0149226359
"BWT","raw",439,1.00014514623337,23676.5374732524
"BWT","raw",440,1.00003283046692,23673.2285005398
"BWT","raw",441,1.00001422016215,23679.4263225707
"BWT","raw",442,0.999958077047081,24440.8435225657
"BWT","raw",443,0.999985129301958,24563.2399736628
"BWT","raw",444,1.00002295518797,24455.5082544225
"BWT","raw",445,0.999957125207516,23328.9033884834
"BWT","raw",446,1.00003587250483,24000
"BWT","raw",447,1.00001761502348,24000
"BWT","raw",448,1.00004678714115,24223.4443952256
"BWT","raw",449,1.00002083431521,24513.2564239611
"BWT","raw",450,1.00003117038756,24434.8081634125
"BWT","raw",451,1.00009211866041,24224.5524591916
"BWT","raw",452,1.00010339191932,24046.7119590685
"BWT","raw",453,1.00007879591064,24415.2728812794
"BWT","raw",454,0.99992969454648,24009.7722819914
"BWT","raw",455,1.00000396232667,23878.7655347457
"BWT","raw",456,1.00014072147214,24000
"BWT","raw",457,0.999979261491569,23809.7271592512
"BWT","raw",458,0.999992646260808,24000
"BWT","raw",459,1.000101280514,24252.5795323985
"BWT","raw",460,1.00004890467602,23678.5387582665
"BWT","raw",461,1.00011609249739,23623.0690856502
"BWT","raw",462,0.999955211272247,23740.304154797
"BWT","raw",463,0.999884946004319,23354.4965678122
"BWT","raw",464,0.999985713561792,22544.4459735442
"BWT","raw",465,0.999988717495066,22174.8069521955
"BWT","raw",466,1.00008529422485,20490.9787798948
"BWT","raw",467,1.00000865914468,18634.3527137671
"BWT","raw",468,0.999950547767649,16940.3086672996
"BWT","raw",469,1.00012087091313,13897.9428903259
"BWT","raw",470,1.00020184790096,11497.4583087496
"BWT","raw",471,1.00038123832837,8573.31050176314
"BWT","raw",472,1.00039428475023,6360.27846261031
"BWT","raw",473,1.00081925040882,4433.51167141967
"BWT","raw",474,1.00121048990966,3842.59806917417
"BWT","raw",475,1.00143487083175,3777.16296550765
"BWT","raw",476,1.00151812910462,4205.01738446353
"BWT","raw",477,1.00132839100501,4552.07576752743
"BWT","raw",478,1.00160437412422,4572.02694112871
"BWT","raw",479,1.00135068338093,4941.70442467731
"BWT","raw",480,1.00145828882325,5060.3726401382
"BWT","raw",481,1.0014258939978,5144.80131868757
"BWT","raw",482,1.0008680631946,5267.62465734678
"BWT","raw",483,1.00063375380759,5007.1497364204
"BWT","raw",484,1.0004781487443,4823.28857804268
"BWT","raw",485,1.00038028530053,4358.22994259635
"BWT","raw",486,1.00006561575247,4160.87718075157
"BWT","raw",487,1.00008590676871,4062.66208710061
"BWT","raw",488,1.00034002229653,4731.72004320365
"BWT","raw",489,1.00040280548696,5424.57835252613
"BWT","raw",490,1.00036367881759,6141.24094136233
"BWT","raw",491,1.00056179665264,7010.04515499832
"BWT","raw",492,1.00061996414036,7413.3407866029
"BWT","raw",493,1.00050486548357,8333.99949949711
"BWT","raw",494,1.00028304943501,8967.52315810825
"BWT","raw",495,1.00053258638356,9374.33288615583
"BWT","raw",496,1.00051793930602,9600.3802415356
"BWT","raw",497,1.00021545540667,9853.2582471646
"BWT","raw",498,1.00027906486169,9741.63908940049
"BWT","raw",499,1.00040357441954,9263.17313099476
"BWT","raw",500,1.00012228337686,9808.37156158541
"BWT","raw",501,1.00010242246958,9472.88612150891
"BWT","raw",502,1.00023090789015,10075.5790770031
"BWT","raw",503,1.00013803999372,9791.03466119356
"BWT","raw",504,0.999939127657566,10098.7620397997
"BWT","raw",505,1.00008766721054,9689.76328290735
"BWT","raw",506,1.00027757443828,7508.27431689209
"BWT","raw",507,1.00081876322959,6592.20672006484
"BWT","raw",508,1.00069503809279,6199.39349919004
"BWT","raw",509,1.00052691138232,5920.1841918571
"BWT","raw",510,1.00066764000443,6325.68510084024
"BWT","raw",511,1.000528898793,5987.83397577938
"BWT","raw",512,1.00085778405833,6090.86917794005
"BWT","raw",513,1.00116257834015,5790.23478375481
"BWT","raw",514,1.00113833242802,5841.48640873062
"BWT","raw",515,1.00158376567934,5217.41220543802
"BWT","raw",516,1.00142188763811,4813.26333769467
"BWT","raw",517,1.00152039484751,5004.87929473038
"BWT","raw",518,1.00202257879431,5345.52167151309
"BWT","raw",519,1.00218129090739,5498.63385219305
"BWT","raw",520,1.00248208864011,5298.54914240675
"BWT","raw",521,1.00226189178201,5204.85706075347
"BWT","raw",522,1.00182426589883,4770.49812966869
"BWT","raw",523,1.00233475747445,4129.90318110207
"BWT","raw",524,1.0029592746177,3780.29592756312
"BWT","raw",525,1.0039723305299,3403.4463934747
"BWT","raw",526,1.00417735474026,2999.12716247799
"BWT","raw",527,1.00370380280663,2698.88149769222
"BWT","raw",528,1.00317567126812,2752.3130216798
"BWT","raw",529,1.00346977331244,2708.93849999071
"BWT","raw",530,1.00347372100498,2737.26682420273
"BWT","raw",531,1.00336188688473,2493.57542354446
"BWT","raw",532,1.00400214710967,2370.09898148713
"BWT","raw",533,1.00396344398981,2302.60913765004
"BWT","raw",534,1.00297567211141,2074.2776655521
"BWT","raw",535,1.00274522056782,1851.25574209711
"BWT","raw",536,1.00282067172152,1757.0868114928
"BWT","raw",537,1.0021809580773,1710.86375419038
"BWT","raw",538,1.00161887996015,1669.17962949102
"BWT","raw",539,1.00140291652417,1676.61047283507
"BWT","raw",540,1.00083117286798,1944.16764181311
"BWT","centered",1,1.00015763199148,23215.2744262045
"BWT","centered",2,1.00008165094945,24000
"BWT","centered",3,1.00019037462873,23783.1734344105
"BWT","centered",4,0.999949076928407,24087.612156537
"BWT","centered",5,1.00004375528829,23989.8773380012
"BWT","centered",6,1.00003330032909,24000
"BWT","centered",7,1.00011847844042,23435.5797740069
"BWT","centered",8,1.00008280426725,24605.9559461592
"BWT","centered",9,1.00000010502258,24437.4684777203
"BWT","centered",10,1.00007017023707,24000
"BWT","centered",11,0.99998319186289,23770.4746839251
"BWT","centered",12,1.000071552078,23678.817236353
"BWT","centered",13,1.00001238173626,23768.089698545
"BWT","centered",14,1.00010698949162,23707.3010296766
"BWT","centered",15,0.999964808008971,23680.4699444288
"BWT","centered",16,1.00002397170443,24903.9780811198
"BWT","centered",17,1.00009012319373,23086.5766912002
"BWT","centered",18,1.00014421542375,23748.8223968542
"BWT","centered",19,1.00015938494732,23449.6982535395
"BWT","centered",20,1.00012288183496,24000
"BWT","centered",21,1.00010155409042,22411.1042208598
"BWT","centered",22,0.99997766316988,23422.1993842545
"BWT","centered",23,0.999986419847268,23152.6810309288
"BWT","centered",24,1.00008520738112,24059.7276074914
"BWT","centered",25,1.00006029180836,24513.8230021449
"BWT","centered",26,1.00006263284465,23709.0273072256
"BWT","centered",27,0.999933924472507,24000
"BWT","centered",28,1.00004077197001,23433.4945116699
"BWT","centered",29,1.00026123935409,23989.3841998271
"BWT","centered",30,1.00010605742836,24282.0838007947
"BWT","centered",31,1.00002709827709,24392.4784779275
"BWT","centered",32,0.99999569327476,24000
"BWT","centered",33,1.00014296194151,24000
"BWT","centered",34,1.00002450861621,24514.647054011
"BWT","centered",35,1.00004645021435,23701.8876338018
"BWT","centered",36,1.00014195544279,23518.7916021748
"BWT","centered",37,1.00015008254346,23859.1488264239
"BWT","centered",38,1.00002293687116,23643.4190084086
"BWT","centered",39,0.999952639961059,24924.2886275775
"BWT","centered",40,0.999964407364071,24788.2487523915
"BWT","centered",41,1.00020954117936,24630.7927827731
"BWT","centered",42,0.999967752241057,23966.5264048665
"BWT","centered",43,1.00023189416992,23870.5913301251
"BWT","centered",44,1.00017925259226,24000
"BWT","centered",45,1.00009628335922,24003.733559427
"BWT","centered",46,0.999982536398601,23510.7013770692
"BWT","centered",47,1.0000594217162,22947.3118626692
"BWT","centered",48,1.00006825212231,22955.5081234321
"BWT","centered",49,1.00002013235709,23143.868246294
"BWT","centered",50,1.00001765567651,23090.0668529975
"BWT","centered",51,1.00012864972581,23383.7650116428
"BWT","centered",52,1.00006754306196,23509.715639801
"BWT","centered",53,1.00005080159633,23751.2647926821
"BWT","centered",54,1.00019194869551,23773.2988514132
"BWT","centered",55,1.00013334260789,23496.8259681851
"BWT","centered",56,1.0001365081632,23750.6881561451
"BWT","centered",57,1.00022027912332,24000
"BWT","centered",58,1.00003031766706,24000
"BWT","centered",59,1.00003512340967,23562.1077649901
"BWT","centered",60,0.999994940865024,23712.0019399377
"BWT","centered",61,1.00016300210165,24124.9913753331
"BWT","centered",62,1.0003591232039,24000
"BWT","centered",63,1.00026438414058,24000
"BWT","centered",64,1.00024882940149,23746.3891560703
"BWT","centered",65,1.00009943998238,24000
"BWT","centered",66,1.00011317518927,24248.0611377987
"BWT","centered",67,1.00006477147699,24000
"BWT","centered",68,1.00007832769966,24000
"BWT","centered",69,1.00000511236208,23599.8920530491
"BWT","centered",70,1.00021803166886,23755.5202102133
"BWT","centered",71,1.00017589521321,23880.7660087881
"BWT","centered",72,1.00005349345856,23565.242198979
"BWT","centered",73,1.00006684451428,24000
"BWT","centered",74,1.00006267032316,23670.1831240983
"BWT","centered",75,1.00010901737312,25773.6660105247
"BWT","centered",76,1.00027789507319,25386.5462802166
"BWT","centered",77,1.00013732230644,24009.4793692589
"BWT","centered",78,1.0003530701194,23608.5263486361
"BWT","centered",79,1.00012523615338,24000
"BWT","centered",80,1.00012258964099,24109.7057695892
"BWT","centered",81,1.00010746607308,24000
"BWT","centered",82,1.00011462667732,23586.844711605
"BWT","centered",83,1.00022197315217,24129.9938133062
"BWT","centered",84,1.00011960113051,24000
"BWT","centered",85,1.00017565119868,24000
"BWT","centered",86,1.00010970312061,23894.2251783742
"BWT","centered",87,1.00007173194707,24673.0277415911
"BWT","centered",88,1.00003950206965,23094.3636067036
"BWT","centered",89,1.00003371887263,23735.0712824681
"BWT","centered",90,1.00007271729305,23916.2946758766
"BWT","centered",91,1.00013670596391,23524.4280518128
"BWT","centered",92,1.0000223509858,24080.926973795
"BWT","centered",93,1.00006141362607,23531.4922832846
"BWT","centered",94,1.00002290668808,24000
"BWT","centered",95,0.999972721491648,24354.8635879239
"BWT","centered",96,1.0000497344043,23624.8514102694
"BWT","centered",97,1.00003227739579,24103.2824114789
"BWT","centered",98,1.00006625780292,23709.7357704747
"BWT","centered",99,1.00015840832785,22986.6335477536
"BWT","centered",100,1.00011610007397,23693.8576478491
"BWT","centered",101,0.999997582901994,23482.2653665762
"BWT","centered",102,0.999990333351152,23745.8628675964
"BWT","centered",103,1.00008851405158,23772.9485527912
"BWT","centered",104,0.999968830019109,23768.7645465556
"BWT","centered",105,1.00002628588331,23752.5348217173
"BWT","centered",106,0.99993170668214,23989.6906373614
"BWT","centered",107,0.999946327134208,24000
"BWT","centered",108,0.999959001813055,23985.9710187578
"BWT","centered",109,0.999987694769541,23748.8873737891
"BWT","centered",110,1.00001586443704,24000
"BWT","centered",111,1.00002570686576,24160.2827943027
"BWT","centered",112,1.00015116704558,24000
"BWT","centered",113,1.00014365438009,24000
"BWT","centered",114,1.0001053045301,24465.6022871411
"BWT","centered",115,1.00034040343293,24394.1897762431
"BWT","centered",116,0.999978371841546,24000
"BWT","centered",117,1.00003242113498,23571.899081452
"BWT","centered",118,1.00013703162725,24000
"BWT","centered",119,1.00008982932525,24319.2994431177
"BWT","centered",120,1.0000917164116,24012.9370334954
"BWT","centered",121,1.00006832967971,23876.3074379127
"BWT","centered",122,1.00008942289369,24000
"BWT","centered",123,1.00002477836257,24000
"BWT","centered",124,1.00003315394676,24000
"BWT","centered",125,0.99999463481383,24296.9123118888
"BWT","centered",126,1.00000815916628,24128.2223951212
"BWT","centered",127,1.00017864160116,24100.8807198104
"BWT","centered",128,0.999922123414776,23747.102437427
"BWT","centered",129,0.999960311978283,24521.211422324
"BWT","centered",130,0.999972472654998,24278.7670077791
"BWT","centered",131,1.00004044503064,24000
"BWT","centered",132,1.00001141738159,24293.3995427015
"BWT","centered",133,0.999984280537263,24131.6943379223
"BWT","centered",134,0.999936793740661,24763.8416183144
"BWT","centered",135,0.999936834058884,24625.9661228734
"BWT","centered",136,0.99999292442253,24331.4572265802
"BWT","centered",137,0.999993283718255,24259.6496207667
"BWT","centered",138,1.00011854795045,24000
"BWT","centered",139,0.999992514463704,24000
"BWT","centered",140,0.999935116981982,22847.9383759416
"BWT","centered",141,0.999991717300896,23096.3726747173
"BWT","centered",142,1.00007337393341,24000
"BWT","centered",143,0.999998756625166,24000
"BWT","centered",144,0.999920790647773,24000
"BWT","centered",145,0.999935900720681,24000
"BWT","centered",146,1.00004842036241,24148.7734680622
"BWT","centered",147,1.00006179448015,24000
"BWT","centered",148,1.00002819521418,24000
"BWT","centered",149,0.999979552334529,24308.7741979512
"BWT","centered",150,1.00002874628651,23985.8117209732
"BWT","centered",151,1.00008499522461,24611.1736172231
"BWT","centered",152,1.00015201386445,24545.8267997096
"BWT","centered",153,0.9999932513919,24257.0350962976
"BWT","centered",154,1.0000752923276,23205.6114006631
"BWT","centered",155,0.999950629107156,24113.2145983956
"BWT","centered",156,1.00016196195993,24180.7185014403
"BWT","centered",157,1.00009383065909,23734.4558553451
"BWT","centered",158,0.999991614367305,23717.3974113204
"BWT","centered",159,0.999954949246689,23660.185840023
"BWT","centered",160,0.999986178146213,23638.2260828523
"BWT","centered",161,1.0000294488174,23707.3561295639
"BWT","centered",162,1.0000053327095,23743.4865879702
"BWT","centered",163,0.999945704017889,23780.8236879868
"BWT","centered",164,1.00000221191826,24000
"BWT","centered",165,1.00010765755194,24885.0110932912
"BWT","centered",166,0.999896165775951,24046.0832181372
"BWT","centered",167,0.999954870625299,23793.2644514317
"BWT","centered",168,1.00010892966815,23968.1997081297
"BWT","centered",169,0.999989594306522,23942.5913433574
"BWT","centered",170,1.00010671095705,24000
"BWT","centered",171,1.00008785425977,24512.4836693783
"BWT","centered",172,1.00005049127682,24000
"BWT","centered",173,1.00003451011444,24000
"BWT","centered",174,1.00007036196903,24000
"BWT","centered",175,1.00014571632159,24996.9199529305
"BWT","centered",176,1.00024775344994,24414.8876884781
"BWT","centered",177,1.00013192181437,24626.9548614582
"BWT","centered",178,1.0001375083659,23540.4281480841
"BWT","centered",179,1.00013230210193,24243.0020414829
"BWT","centered",180,1.00002132362696,24016.2272720869
"BWT","centered",181,0.999983223960861,23678.6926157591
"BWT","centered",182,0.999925193241259,24200.4492330322
"BWT","centered",183,0.999975625036874,24000
"BWT","centered",184,0.999914791025499,24017.9243938506
"BWT","centered",185,0.999930090283668,24261.2240126558
"BWT","centered",186,0.999940501539409,23901.8911322008
"BWT","centered",187,0.999904796416886,23698.209468455
"BWT","centered",188,0.99999162203985,23426.8357814125
"BWT","centered",189,1.00000462069382,23648.9832702988
"BWT","centered",190,0.999991737643734,23591.1221582531
"BWT","centered",191,1.00001237596277,23511.8474323358
"BWT","centered",192,1.00006940970775,23586.1340578702
"BWT","centered",193,1.000125722135,22833.4781125991
"BWT","centered",194,0.999964644156445,23035.3847617443
"BWT","centered",195,0.999981837814329,23761.9496105171
"BWT","centered",196,1.00000152985661,23398.4575680357
"BWT","centered",197,0.999984209395066,22534.8333712014
"BWT","centered",198,1.00002271738152,22899.6595123718
"BWT","centered",199,1.00003533563751,22589.7668968846
"BWT","centered",200,0.999963812787045,23238.6934806657
"BWT","centered",201,0.999961431094635,23196.9969878559
"BWT","centered",202,1.00010276767209,23613.9340263756
"BWT","centered",203,1.00004955673484,22516.0563836547
"BWT","centered",204,0.999978209849686,22810.0947434574
"BWT","centered",205,1.00016162251226,22415.213912737
"BWT","centered",206,1.00000262050108,23530.2288332867
"BWT","centered",207,0.999951195990888,22872.1952729744
"BWT","centered",208,1.00019530730677,23237.9353892613
"BWT","centered",209,1.00002665802701,23251.965322173
"BWT","centered",210,0.999996809831339,24000
"BWT","centered",211,1.00000148242336,23758.9594962597
"BWT","centered",212,1.00006601622692,24447.5661224531
"BWT","centered",213,1.00008536209478,23427.1296371212
"BWT","centered",214,1.00007745222036,24446.0045207738
"BWT","centered",215,0.999902530823931,24347.4682706292
"BWT","centered",216,0.999956584586502,24000
"BWT","centered",217,1.00002456055191,24000
"BWT","centered",218,1.00009665009838,24000
"BWT","centered",219,0.999946125510455,24000.0000000001
"BWT","centered",220,1.00019672457588,24000
"BWT","centered",221,1.00000303167383,23702.3264645045
"BWT","centered",222,1.00033654827507,24000
"BWT","centered",223,0.999954585366453,24000
"BWT","centered",224,1.0001383679612,23455.0623901696
"BWT","centered",225,1.00005839490824,23423.104341715
"BWT","centered",226,1.00002365037779,23656.9064983572
"BWT","centered",227,1.0000465809711,24000
"BWT","centered",228,1.00016570187361,24506.1408858431
"BWT","centered",229,1.00009068852042,23218.7678694339
"BWT","centered",230,0.999967783791352,23042.5813977062
"BWT","centered",231,0.999994864060366,23051.7226581152
"BWT","centered",232,1.00011963988588,23309.0992139268
"BWT","centered",233,1.00010208063579,23432.6635239673
"BWT","centered",234,1.00004213580081,23741.2200072411
"BWT","centered",235,1.00012776549746,23779.7009827072
"BWT","centered",236,1.00028375045676,23545.2681570957
"BWT","centered",237,1.00002506316587,23779.6522511723
"BWT","centered",238,0.999995975459861,23684.2110325944
"BWT","centered",239,0.999937393690717,23592.1008257543
"BWT","centered",240,0.999982278713369,23556.1260345841
"BWT","centered",241,1.00002305779301,22696.4805446837
"BWT","centered",242,0.999920490102922,22868.7243604497
"BWT","centered",243,0.999949395316567,23436.8557032649
"BWT","centered",244,0.999986158711884,24000
"BWT","centered",245,0.99995650064749,24000
"BWT","centered",246,0.999949790677294,24000
"BWT","centered",247,0.99995039792347,24000
"BWT","centered",248,1.0000608869814,24152.7357015971
"BWT","centered",249,1.00005010885345,23781.0961811115
"BWT","centered",250,1.00002074499763,22986.9531363154
"BWT","centered",251,1.00022175055234,23660.0376620727
"BWT","centered",252,1.00000355073246,22860.6561086441
"BWT","centered",253,1.0001194811593,24434.7143060368
"BWT","centered",254,0.999929185156848,24000
"BWT","centered",255,0.999981235596679,23678.070619122
"BWT","centered",256,1.00014770301231,23934.6098636907
"BWT","centered",257,1.00002452666564,24000
"BWT","centered",258,1.00004314760857,24000
"BWT","centered",259,1.00024494163923,23667.7366084997
"BWT","centered",260,0.999934825795148,24000
"BWT","centered",261,0.999984261837709,23767.9045631961
"BWT","centered",262,1.00010226753617,23966.332295467
"BWT","centered",263,1.00032172111193,24000
"BWT","centered",264,1.00007170648419,24000
"BWT","centered",265,1.00002313344282,23385.7386334994
"BWT","centered",266,1.00003697423213,23309.567856286
"BWT","centered",267,1.00008402481968,23625.4907797926
"BWT","centered",268,1.00000174832646,23997.0070974931
"BWT","centered",269,0.999975925780008,24316.7158025885
"BWT","centered",270,1.00010255566321,24233.4757237685
"BWT","centered",271,0.999973645990954,25248.635105961
"BWT","centered",272,0.999942751117318,24605.5238769878
"BWT","centered",273,0.999919630022273,25472.7191333098
"BWT","centered",274,1.00002795356269,24368.1663831253
"BWT","centered",275,1.00005584328328,23819.8791257246
"BWT","centered",276,1.00017345549578,24000
"BWT","centered",277,1.00001153213113,24273.564798139
"BWT","centered",278,1.00004681422529,24000
"BWT","centered",279,1.0000969999285,24416.225461118
"BWT","centered",280,1.00008119847554,24000
"BWT","centered",281,1.00004979557552,24000
"BWT","centered",282,1.00000654148642,24228.2373726791
"BWT","centered",283,1.00003318765295,23746.7910817593
"BWT","centered",284,1.00003355435244,24000
"BWT","centered",285,1.00000732090588,24000
"BWT","centered",286,1.00005686787353,24244.6591488555
"BWT","centered",287,1.00003260267507,24288.0591799133
"BWT","centered",288,1.00008772929909,23777.9766616751
"BWT","centered",289,1.00001936125621,24000
"BWT","centered",290,0.999921174059358,24000
"BWT","centered",291,0.999958059352728,25081.0586823944
"BWT","centered",292,0.999947407928751,24439.9323010707
"BWT","centered",293,0.9998825488178,24234.0863384602
"BWT","centered",294,0.999995367587531,23657.9457877911
"BWT","centered",295,1.0000121711994,23639.9499954198
"BWT","centered",296,1.00009822656386,23765.8780195766
"BWT","centered",297,1.00000600509963,23409.3555104578
"BWT","centered",298,1.00006164294904,23676.8524183907
"BWT","centered",299,1.00005252400829,24000
"BWT","centered",300,1.00013916704492,24310.975105398
"BWT","centered",301,1.0000987492755,23526.0727245963
"BWT","centered",302,1.00017563837025,23719.496783472
"BWT","centered",303,1.00006990932228,23746.5402964431
"BWT","centered",304,0.99998470224974,23708.3054137416
"BWT","centered",305,0.999992002094727,23683.6951671134
"BWT","centered",306,1.00018305684903,23130.3418335799
"BWT","centered",307,0.999983408498004,23247.594244973
"BWT","centered",308,1.0000607081937,23407.6476067369
"BWT","centered",309,0.999966584210621,24000
"BWT","centered",310,1.00003371438277,23724.239064419
"BWT","centered",311,0.999993281071801,24208.3983156607
"BWT","centered",312,1.00001251056019,23897.3737201183
"BWT","centered",313,1.00004981444086,24000
"BWT","centered",314,1.00003730126819,23909.83352432
"BWT","centered",315,0.999960592015615,23740.0465049765
"BWT","centered",316,1.0000010063347,23963.9787485889
"BWT","centered",317,1.00013162860601,23568.3227525871
"BWT","centered",318,1.00018635676737,24000
"BWT","centered",319,1.00016181714942,23640.302755575
"BWT","centered",320,1.00015613362552,24000
"BWT","centered",321,1.00008406346928,24000
"BWT","centered",322,1.00008026556117,24000
"BWT","centered",323,1.0000613345326,24320.4220721429
"BWT","centered",324,0.999999911216612,24777.0816135158
"BWT","centered",325,0.999996386717224,24272.1580200297
"BWT","centered",326,0.999975706884673,24000
"BWT","centered",327,0.999940111978292,24000
"BWT","centered",328,1.00005354566801,24467.3635669849
"BWT","centered",329,1.00001948473737,24841.7236926028
"BWT","centered",330,0.999969944771749,24380.2772647549
"BWT","centered",331,0.999960134947773,24300.3814908482
"BWT","centered",332,0.999941095892704,23678.6681762427
"BWT","centered",333,0.999943492570838,23763.472783988
"BWT","centered",334,0.999954365414156,23344.5462661573
"BWT","centered",335,1.00000332812745,24000
"BWT","centered",336,1.00005164125921,24000
"BWT","centered",337,1.00012365155612,24275.3383473977
"BWT","centered",338,1.00005651733531,23925.7097483091
"BWT","centered",339,1.00004116185241,24403.7269000389
"BWT","centered",340,1.00001480411017,24353.255513689
"BWT","centered",341,1.00001047596612,24269.6743950921
"BWT","centered",342,1.00002044933954,24514.2573339167
"BWT","centered",343,1.00020461441738,24284.8402567492
"BWT","centered",344,1.00011513455199,24226.900711751
"BWT","centered",345,0.999980915408451,24945.2104249969
"BWT","centered",346,1.00004941020262,24000
"BWT","centered",347,1.00028873809471,24265.9993367277
"BWT","centered",348,1.00033763692369,24403.4666086577
"BWT","centered",349,1.00006354517969,24274.467781967
"BWT","centered",350,1.00007482600791,24235.3011562054
"BWT","centered",351,1.00003408564684,23748.2963311262
"BWT","centered",352,1.00011137586619,23203.7256182711
"BWT","centered",353,1.0001679392846,24280.7728187699
"BWT","centered",354,1.00016506683419,24000.0000000001
"BWT","centered",355,1.0001666791134,24500.71948639
"BWT","centered",356,1.00005285745448,24000
"BWT","centered",357,0.999999501357022,24507.695669729
"BWT","centered",358,0.999957557545641,24000
"BWT","centered",359,0.999966423754081,24000
"BWT","centered",360,1.00006149043163,23421.1315001188
"BWT","centered",361,0.999992688342655,23628.9606698015
"BWT","centered",362,1.00009749863541,23389.0356993625
"BWT","centered",363,1.00009913864746,24000
"BWT","centered",364,1.00010246467382,22848.7774096464
"BWT","centered",365,1.00002825077515,25032.2816704427
"BWT","centered",366,0.999965665675826,25373.576881694
"BWT","centered",367,0.999958676176485,25207.2436926864
"BWT","centered",368,1.00010257203324,25144.3626891364
"BWT","centered",369,1.00006112172651,25772.9702605141
"BWT","centered",370,1.00001653609562,23798.9921422414
"BWT","centered",371,0.999924390838979,24903.0378660781
"BWT","centered",372,0.999961642934686,25001.3730007389
"BWT","centered",373,1.00002519305898,24481.8966269563
"BWT","centered",374,1.00013812122859,24495.7544635269
"BWT","centered",375,0.999986430638392,23813.1731799236
"BWT","centered",376,0.999946053284694,23711.0554210444
"BWT","centered",377,0.999961656617432,23691.2165717661
"BWT","centered",378,0.999897140654432,23829.1531113071
"BWT","centered",379,1.00002958509691,24000
"BWT","centered",380,0.999961127211362,24298.7750642261
"BWT","centered",381,1.00010637398921,24371.6543300813
"BWT","centered",382,1.00022669744965,24000
"BWT","centered",383,1.00010403577903,23595.5707476984
"BWT","centered",384,1.00000037068544,24000
"BWT","centered",385,1.00004775424586,24273.8159627541
"BWT","centered",386,1.00002900508104,24748.256586966
"BWT","centered",387,1.00007781911826,24259.2852493654
"BWT","centered",388,1.00008004684724,25113.9250345444
"BWT","centered",389,1.00008218749042,24818.1816180464
"BWT","centered",390,1.00017483490815,24146.5572166022
"BWT","centered",391,1.00022296627563,23410.7075702933
"BWT","centered",392,1.00012896481996,24145.9616951389
"BWT","centered",393,1.00020895908911,24548.8367109917
"BWT","centered",394,1.0002540880442,24000
"BWT","centered",395,1.00035995170206,23743.5530127629
"BWT","centered",396,1.00020875619608,24000
"BWT","centered",397,1.00014915388767,24000
"BWT","centered",398,1.00015026642033,23572.0694644792
"BWT","centered",399,1.00002367426767,23719.7937326091
"BWT","centered",400,1.0000597030012,24504.6238833852
"BWT","centered",401,1.00008085253442,24000
"BWT","centered",402,0.999977185617187,23492.0833543466
"BWT","centered",403,1.00003467099495,24000
"BWT","centered",404,0.999986609596172,24680.4993802755
"BWT","centered",405,1.00006771303134,24839.4336146853
"BWT","centered",406,0.999949385910822,24717.4493490332
"BWT","centered",407,0.999993195416163,25275.6875480768
"BWT","centered",408,0.999999643509283,24916.2709496738
"BWT","centered",409,0.999987384213868,24000
"BWT","centered",410,1.00009277351208,24000
"BWT","centered",411,1.00003746884023,24000
"BWT","centered",412,0.999940567156784,24000
"BWT","centered",413,0.999950674866762,24066.9685831165
"BWT","centered",414,0.999926083907167,24000
"BWT","centered",415,0.999936680883464,24000
"BWT","centered",416,0.999885612276399,23779.9532287151
"BWT","centered",417,0.999909719609812,22714.0190112353
"BWT","centered",418,1.00003552703124,23114.0654813426
"BWT","centered",419,1.00003333963666,23057.4588528548
"BWT","centered",420,1.00000853849461,23800.9244022255
"BWT","centered",421,0.999921022340366,23643.0096119007
"BWT","centered",422,0.999923926748159,23764.7057909183
"BWT","centered",423,0.999938894419863,23686.0350119858
"BWT","centered",424,1.00000248025299,23898.9601315841
"BWT","centered",425,0.999967105597532,24000
"BWT","centered",426,0.999922461666281,23479.9267328629
"BWT","centered",427,0.999993631680444,23638.2471387692
"BWT","centered",428,0.999985289629601,23532.626609041
"BWT","centered",429,0.999984639073724,24000
"BWT","centered",430,1.00018331318695,24000
"BWT","centered",431,1.00015073064468,23312.4176975015
"BWT","centered",432,1.00003914172503,23683.3834906203
"BWT","centered",433,1.00014287043188,23725.1947661835
"BWT","centered",434,0.999989239967657,23756.6541563748
"BWT","centered",435,1.00001169994123,24105.6720918982
"BWT","centered",436,0.999977966271411,24013.1047358912
"BWT","centered",437,0.999971923419954,23590.5533063621
"BWT","centered",438,1.00001718619697,23933.0142157542
"BWT","centered",439,1.00012232925237,23564.1996884197
"BWT","centered",440,1.00000773833613,23700.3204309811
"BWT","centered",441,0.999990386965464,23673.2162090168
"BWT","centered",442,0.999966888954608,24368.9120310712
"BWT","centered",443,1.00000441630193,23981.3872207381
"BWT","centered",444,1.00003695858042,24000
"BWT","centered",445,0.999962138821924,23324.6902589427
"BWT","centered",446,1.00001207525834,24000
"BWT","centered",447,0.999990830258716,24828.5620390291
"BWT","centered",448,1.00007415419611,24000
"BWT","centered",449,0.999980492553501,24915.689355168
"BWT","centered",450,0.999992408512494,24462.766935416
"BWT","centered",451,1.00010147992472,24162.7380409335
"BWT","centered",452,1.00003541085868,24003.4057656925
"BWT","centered",453,1.00001545934937,24344.2244119495
"BWT","centered",454,0.999930443563946,24012.6040720153
"BWT","centered",455,0.999957950099473,23862.3579374473
"BWT","centered",456,1.00007191624967,24000
"BWT","centered",457,0.999989612893652,23849.7634995003
"BWT","centered",458,1.00003884660524,23939.8034256425
"BWT","centered",459,1.00017051161789,24279.8286049929
"BWT","centered",460,1.00001742593393,23694.2862545756
"BWT","centered",461,1.00004199909461,23653.4110053231
"BWT","centered",462,0.999979469107807,23758.666440879
"BWT","centered",463,0.99990670234465,23455.8823245495
"BWT","centered",464,0.999953931306144,23269.4345405559
"BWT","centered",465,0.999934678157722,22773.1277439204
"BWT","centered",466,1.000139193747,21385.4124941248
"BWT","centered",467,0.999937214043317,20391.1812765582
"BWT","centered",468,0.999999589716532,18359.1937215334
"BWT","centered",469,1.00012019998158,14978.0402914252
"BWT","centered",470,1.00014661325294,12819.7006414353
"BWT","centered",471,1.00032663881093,9232.60989511193
"BWT","centered",472,1.00033097501845,6704.18173950977
"BWT","centered",473,1.0007203329324,4999.7801091854
"BWT","centered",474,1.00107209598691,4067.41781038191
"BWT","centered",475,1.00129702213451,4076.67583329688
"BWT","centered",476,1.00138962375217,4497.10124662727
"BWT","centered",477,1.00121873235249,4796.82600742632
"BWT","centered",478,1.00145899171817,5143.89441477525
"BWT","centered",479,1.00121459811576,5531.26744286181
"BWT","centered",480,1.00130798747947,5468.11905227542
"BWT","centered",481,1.00132216726919,5649.2137947914
"BWT","centered",482,1.00077267538163,5674.78220221157
"BWT","centered",483,1.00053208366664,5373.97651706112
"BWT","centered",484,1.00041909619729,5184.71126548671
"BWT","centered",485,1.00034462954531,4723.56845507308
"BWT","centered",486,1.0001028556695,4417.53071895087
"BWT","centered",487,1.0001776160349,4440.78510908367
"BWT","centered",488,1.00034710336315,4991.48358024405
"BWT","centered",489,1.00041932808501,5807.22559049049
"BWT","centered",490,1.0003832239832,6473.93683009411
"BWT","centered",491,1.00056725066626,7529.49055838687
"BWT","centered",492,1.00062902676028,8183.56183711579
"BWT","centered",493,1.00048921514791,9070.02555925102
"BWT","centered",494,1.00028867188354,9919.13342452279
"BWT","centered",495,1.00052828493762,10724.4675165141
"BWT","centered",496,1.00054427755079,10855.4426936833
"BWT","centered",497,1.00020155425622,10993.3633677051
"BWT","centered",498,1.00030567229256,10522.1100198009
"BWT","centered",499,1.00041051348259,10012.2004888181
"BWT","centered",500,1.00011675525893,10461.1716028702
"BWT","centered",501,1.00008517927805,10452.2742189801
"BWT","centered",502,1.0002143197131,10949.3570265444
"BWT","centered",503,1.00012794243799,10630.31616526
"BWT","centered",504,0.999946258128648,11324.2620354011
"BWT","centered",505,1.00007659139208,10591.2479777609
"BWT","centered",506,1.00020068470084,8235.6951848801
"BWT","centered",507,1.0007294872673,7055.35600040145
"BWT","centered",508,1.0006187637191,6767.5279851536
"BWT","centered",509,1.00041912139772,6301.84387593931
"BWT","centered",510,1.0005292758896,6876.64071644439
"BWT","centered",511,1.00043865165462,6537.34568854364
"BWT","centered",512,1.00076532101758,6697.31259475342
"BWT","centered",513,1.00103025688016,6663.57207266808
"BWT","centered",514,1.00101318583636,6054.89517972406
"BWT","centered",515,1.0014205710432,5676.68851383413
"BWT","centered",516,1.00125438572613,5279.31128974724
"BWT","centered",517,1.00135142813081,5368.61645971241
"BWT","centered",518,1.00185597568705,5831.25147251915
"BWT","centered",519,1.00201636689595,5969.30740842348
"BWT","centered",520,1.00234689185639,5803.66767708931
"BWT","centered",521,1.00214253790408,5639.92122931685
"BWT","centered",522,1.00167623788921,5201.60577851597
"BWT","centered",523,1.002160774487,4643.06675209601
"BWT","centered",524,1.00279685846119,4154.96781993913
"BWT","centered",525,1.00379260770643,3734.97500182256
"BWT","centered",526,1.00400866539457,3210.40665199169
"BWT","centered",527,1.00351232649288,2950.21383302794
"BWT","centered",528,1.00300305583172,2945.572559602
"BWT","centered",529,1.00327985454095,2979.53472329522
"BWT","centered",530,1.0032546484813,2962.22390191577
"BWT","centered",531,1.00311940584423,2723.40400671181
"BWT","centered",532,1.00373096364507,2591.59377926038
"BWT","centered",533,1.00366818197209,2474.21868446707
"BWT","centered",534,1.00272751753611,2265.12338178102
"BWT","centered",535,1.00253383579903,1984.94761782972
"BWT","centered",536,1.00264829749862,1856.98061796951
"BWT","centered",537,1.0020317334695,1854.94891973547
"BWT","centered",538,1.00148763833578,1690.84185768262
"BWT","centered",539,1.0012959868908,1802.13567543821
"BWT","centered",540,1.00077616674941,2021.26155966938
"BWT","first_difference",1,1.00019048763795,25553.5140845824
"BWT","first_difference",2,0.99998221354555,23992.2582778194
"BWT","first_difference",3,0.999922362299883,24402.0619109763
"BWT","first_difference",4,1.00003506483009,23179.4143098778
"BWT","first_difference",5,1.00005602076933,24000
"BWT","first_difference",6,1.00017399377979,24000.0000000001
"BWT","first_difference",7,1.00006027422207,23999.9999999999
"BWT","first_difference",8,0.999963029849478,23658.4727343486
"BWT","first_difference",9,1.00014414067829,24014.3984544023
"BWT","first_difference",10,1.00002613450097,24542.5283530357
"BWT","first_difference",11,0.999941528147512,24000
"BWT","first_difference",12,1.00011663384829,25166.7457930537
"BWT","first_difference",13,0.999992251598926,24000
"BWT","first_difference",14,1.00010278215464,23920.0970050132
"BWT","first_difference",15,1.00020144088324,24000
"BWT","first_difference",16,1.00020521422718,23740.2481149195
"BWT","first_difference",17,1.00000267059081,24242.1648453776
"BWT","first_difference",18,1.00016825540842,24810.9741169778
"BWT","first_difference",19,1.00002026394809,23010.2910265928
"BWT","first_difference",20,1.00005417571198,23688.9590289045
"BWT","first_difference",21,1.00025266966564,24000
"BWT","first_difference",22,0.999986357103127,24000
"BWT","first_difference",23,0.999978385928623,24189.1165433055
"BWT","first_difference",24,1.00001296547332,24100.9995798514
"BWT","first_difference",25,1.00000297883204,24507.8895251868
"BWT","first_difference",26,1.00014507597278,23898.8824824634
"BWT","first_difference",27,1.00015969632598,24000
"BWT","first_difference",28,1.00016755115058,23999.9999999999
"BWT","first_difference",29,1.000110033438,24000
"BWT","first_difference",30,1.0001868286731,24538.2687033709
"BWT","first_difference",31,1.00003875284476,23724.3527481404
"BWT","first_difference",32,0.99994212209565,24315.4630999066
"BWT","first_difference",33,1.00003444694658,24464.4805351003
"BWT","first_difference",34,1.00001839348773,23405.7790013357
"BWT","first_difference",35,1.00010062724027,24000
"BWT","first_difference",36,1.00007030181661,24000
"BWT","first_difference",37,1.00010804998857,24235.8518043201
"BWT","first_difference",38,0.999905138094054,23758.8020704772
"BWT","first_difference",39,1.00012121244275,23729.4554534972
"BWT","first_difference",40,0.999994151685753,24376.6725913885
"BWT","first_difference",41,1.00006004450318,24541.4119437696
"BWT","first_difference",42,1.00005943434401,24082.9345311041
"BWT","first_difference",43,1.00006117511333,23386.9182098048
"BWT","first_difference",44,0.999942158140586,23745.3009363805
"BWT","first_difference",45,1.00010096977302,23523.3736941583
"BWT","first_difference",46,1.00008518975065,24000
"BWT","first_difference",47,0.999955791754309,23787.0501431385
"BWT","first_difference",48,0.999935565470183,23969.7981320813
"BWT","first_difference",49,1.00010212863616,24000
"BWT","first_difference",50,1.00001695815669,24152.4996187795
"BWT","first_difference",51,0.999939437240191,24024.0901593083
"BWT","first_difference",52,1.00003135162749,24235.1294861498
"BWT","first_difference",53,1.00031892604903,23625.5507587588
"BWT","first_difference",54,1.00001959429777,24450.3680421353
"BWT","first_difference",55,0.999931775959354,24000
"BWT","first_difference",56,1.00003741499374,23507.7428788271
"BWT","first_difference",57,1.00002768289264,22992.1654414522
"BWT","first_difference",58,1.00020414029975,24742.3832166147
"BWT","first_difference",59,1.00004227643359,23028.9402899024
"BWT","first_difference",60,0.999885197024261,24121.5357812967
"BWT","first_difference",61,0.999987182992629,23736.8875369167
"BWT","first_difference",62,1.00001851240923,24000
"BWT","first_difference",63,0.999977210475513,23909.4989813945
"BWT","first_difference",64,0.999990158910676,23863.0798672423
"BWT","first_difference",65,0.999972585064438,24000
"BWT","first_difference",66,1.00004738827669,23574.6749730114
"BWT","first_difference",67,1.00004555965223,23733.4290500871
"BWT","first_difference",68,1.00013207798934,23401.9810053364
"BWT","first_difference",69,1.00006155376591,24000
"BWT","first_difference",70,1.00001678845096,24868.2147865882
"BWT","first_difference",71,1.0000202067541,24069.9499795724
"BWT","first_difference",72,1.00021434996197,24358.1632930891
"BWT","first_difference",73,1.00001714699021,24276.9770251211
"BWT","first_difference",74,1.00013187489129,24000
"BWT","first_difference",75,0.999944654478853,23656.8025145243
"BWT","first_difference",76,1.00005727853578,24426.3527530078
"BWT","first_difference",77,0.999980418985076,24530.9061008348
"BWT","first_difference",78,1.0000424214947,24000.0000000001
"BWT","first_difference",79,1.00011953094475,23402.2842522354
"BWT","first_difference",80,1.00000506742612,24248.6965723024
"BWT","first_difference",81,1.00002581095994,24850.7891161627
"BWT","first_difference",82,1.00009499846312,24000
"BWT","first_difference",83,0.999964979163881,24000
"BWT","first_difference",84,0.99990625981442,24000
"BWT","first_difference",85,0.999976793887633,23990.851780067
"BWT","first_difference",86,0.999922920244091,23814.1927354046
"BWT","first_difference",87,0.999918583541868,23685.7906098053
"BWT","first_difference",88,1.00008396021754,23359.4271176992
"BWT","first_difference",89,1.00006028245448,24480.422211593
"BWT","first_difference",90,1.00000657565892,23833.7216464174
"BWT","first_difference",91,1.00025020753799,23421.6689192362
"BWT","first_difference",92,1.00005048245838,23869.2761988376
"BWT","first_difference",93,1.00007728601909,25580.0013273656
"BWT","first_difference",94,1.00011194135175,24649.9069795731
"BWT","first_difference",95,0.999981029783991,23426.9362152127
"BWT","first_difference",96,1.00011481664336,24362.2030541515
"BWT","first_difference",97,0.999927701985284,23974.5714270746
"BWT","first_difference",98,0.999977485956562,24000
"BWT","first_difference",99,1.00009294134394,23940.6733601683
"BWT","first_difference",100,1.00015632331498,24299.3984294159
"BWT","first_difference",101,1.00002953723539,23722.0094599923
"BWT","first_difference",102,1.0000765420915,24000
"BWT","first_difference",103,0.999959619334056,23144.6425910184
"BWT","first_difference",104,1.00018655312803,23326.1631422646
"BWT","first_difference",105,0.999996872866634,22472.9425971334
"BWT","first_difference",106,0.999967965345153,23945.5490455133
"BWT","first_difference",107,1.00004398485483,24233.8013633113
"BWT","first_difference",108,0.999932948747509,23731.3072870236
"BWT","first_difference",109,0.999957430034775,23337.7297455063
"BWT","first_difference",110,0.999986573634774,24676.5400017903
"BWT","first_difference",111,1.00030289867912,23946.462147589
"BWT","first_difference",112,1.00008938766337,24000
"BWT","first_difference",113,1.00011285176223,23798.037370612
"BWT","first_difference",114,1.00001290780884,23814.2079631771
"BWT","first_difference",115,0.999983887368448,24417.428013692
"BWT","first_difference",116,1.00022736187047,23554.2914524223
"BWT","first_difference",117,1.00005775818108,24239.1673497701
"BWT","first_difference",118,1.00017147838489,24064.0066140346
"BWT","first_difference",119,1.00000541996442,24194.1451658366
"BWT","first_difference",120,1.00000859319011,24453.3782166554
"BWT","first_difference",121,0.999962064166887,23676.555279221
"BWT","first_difference",122,1.00014207414517,24000
"BWT","first_difference",123,0.999960543809167,24000
"BWT","first_difference",124,1.00010079359389,24491.9689276257
"BWT","first_difference",125,1.00009335627023,24302.8806826762
"BWT","first_difference",126,1.000021337249,23850.2062837917
"BWT","first_difference",127,1.00009921609803,23974.5777600073
"BWT","first_difference",128,1.00008193178191,24342.4402238707
"BWT","first_difference",129,0.999959528495432,24240.8201347598
"BWT","first_difference",130,1.00004018278673,24000
"BWT","first_difference",131,1.00016096037271,24449.1997417669
"BWT","first_difference",132,1.00002704044087,24000
"BWT","first_difference",133,1.00000558590589,23727.9087446994
"BWT","first_difference",134,1.00017217380675,25141.3974483043
"BWT","first_difference",135,0.999965176646481,23714.9359560107
"BWT","first_difference",136,1.00001882064548,24281.9268230874
"BWT","first_difference",137,1.00004275710476,23725.6961318848
"BWT","first_difference",138,1.00011880346436,24000
"BWT","first_difference",139,0.999998373347561,24000
"BWT","first_difference",140,1.00000995558399,24979.9522216183
"BWT","first_difference",141,0.999985606652372,23350.7431340158
"BWT","first_difference",142,1.00005964664177,23592.1279111901
"BWT","first_difference",143,1.00003532589052,23087.4259067461
"BWT","first_difference",144,1.00006792260591,24000
"BWT","first_difference",145,1.0000015740959,24087.1491734236
"BWT","first_difference",146,0.999998363654298,23706.0110548695
"BWT","first_difference",147,1.00001201519624,23999.9999999999
"BWT","first_difference",148,1.00007230221014,24208.8677803608
"BWT","first_difference",149,1.00002644277693,22696.8654015692
"BWT","first_difference",150,1.00002523069062,24000
"BWT","first_difference",151,1.00010711191167,25093.5731348768
"BWT","first_difference",152,1.00008669377707,24000
"BWT","first_difference",153,1.00012612367783,23880.315485718
"BWT","first_difference",154,1.00010359607384,24433.915028724
"BWT","first_difference",155,0.999993033418237,24000
"BWT","first_difference",156,1.00011340208202,24000
"BWT","first_difference",157,0.999918825414497,24234.3242976087
"BWT","first_difference",158,0.999951042471213,24183.1524531075
"BWT","first_difference",159,1.00007884656767,24000
"BWT","first_difference",160,1.00003248647139,24000
"BWT","first_difference",161,0.999973062255518,24000
"BWT","first_difference",162,1.00005542970689,24000
"BWT","first_difference",163,1.00000122193796,25374.2294991785
"BWT","first_difference",164,0.999979830200921,24000
"BWT","first_difference",165,1.00001543730621,25404.1215001831
"BWT","first_difference",166,1.0000711096489,23744.5060165277
"BWT","first_difference",167,1.00010684936509,24000
"BWT","first_difference",168,0.999954095952284,24000
"BWT","first_difference",169,0.999989720185133,24356.8006865631
"BWT","first_difference",170,1.00001752087494,24000
"BWT","first_difference",171,0.999925943737875,24000
"BWT","first_difference",172,1.00022167364528,24000
"BWT","first_difference",173,0.999911258869426,24278.9520722496
"BWT","first_difference",174,1.00015434430161,24000
"BWT","first_difference",175,1.00023382730709,24176.129583035
"BWT","first_difference",176,0.999970647108852,23730.3889221691
"BWT","first_difference",177,1.00018913646451,24000
"BWT","first_difference",178,0.999980467743999,23635.1590967451
"BWT","first_difference",179,0.999987907827809,24243.452102086
"BWT","first_difference",180,1.00013692443283,24670.5581208456
"BWT","first_difference",181,1.00024012160781,23947.2707085503
"BWT","first_difference",182,1.0000501740014,25825.5013402011
"BWT","first_difference",183,0.999987819851441,23066.6675250488
"BWT","first_difference",184,1.00001900103999,25874.3038729011
"BWT","first_difference",185,1.00012497943091,23797.9181750113
"BWT","first_difference",186,1.00014329825928,24000
"BWT","first_difference",187,1.00009081888219,24000
"BWT","first_difference",188,1.00002822558071,23416.740061413
"BWT","first_difference",189,0.999990341400582,23528.5898218488
"BWT","first_difference",190,0.99998678415478,24681.0966932363
"BWT","first_difference",191,1.0000188520367,24562.7840995634
"BWT","first_difference",192,0.999978979976617,24914.5957822596
"BWT","first_difference",193,0.999914224982421,24271.6172715878
"BWT","first_difference",194,1.00004171340371,23835.7857579085
"BWT","first_difference",195,1.00008043500349,24521.5153612369
"BWT","first_difference",196,1.00004335553193,24000
"BWT","first_difference",197,1.00000786628363,24178.3690452871
"BWT","first_difference",198,1.00009682109181,24071.9965427458
"BWT","first_difference",199,0.999983315020197,23999.9999999999
"BWT","first_difference",200,1.00009059670212,23755.9356703802
"BWT","first_difference",201,0.999988465639414,23491.1640609615
"BWT","first_difference",202,1.00010845888628,24642.6006608279
"BWT","first_difference",203,1.00012341513453,24278.6587175887
"BWT","first_difference",204,0.999957518462444,24277.9508910004
"BWT","first_difference",205,0.999980032706048,24462.3764456533
"BWT","first_difference",206,0.999895623197852,24323.7448905558
"BWT","first_difference",207,1.00003166269053,24934.1008193008
"BWT","first_difference",208,1.00010374410217,24451.9232881722
"BWT","first_difference",209,1.00014304190209,24232.6781025239
"BWT","first_difference",210,1.0000500316485,24789.7257014126
"BWT","first_difference",211,1.0000941538885,23585.4341894036
"BWT","first_difference",212,1.00013349943003,23293.5867884964
"BWT","first_difference",213,1.00002775354063,24730.6490393109
"BWT","first_difference",214,0.999999127938791,24000.0000000001
"BWT","first_difference",215,0.999950632549375,24340.8678695612
"BWT","first_difference",216,1.00001039410745,23683.596874603
"BWT","first_difference",217,0.999915987270986,24000
"BWT","first_difference",218,1.00002392734287,24228.3539187344
"BWT","first_difference",219,1.00021225602471,24000
"BWT","first_difference",220,1.00015306120397,24000
"BWT","first_difference",221,1.00004771462871,23573.7814078529
"BWT","first_difference",222,1.00012064849194,23836.2343078183
"BWT","first_difference",223,1.00017475781334,24000
"BWT","first_difference",224,0.999998613783237,23486.17190422
"BWT","first_difference",225,1.00000169399975,24000
"BWT","first_difference",226,0.999917968546455,23825.5060719585
"BWT","first_difference",227,0.999967580607706,23691.4827254785
"BWT","first_difference",228,0.999983911140341,24305.650994278
"BWT","first_difference",229,1.00001423113176,23550.3669903725
"BWT","first_difference",230,1.00021530009894,23982.4797885602
"BWT","first_difference",231,1.000173485933,22682.543826482
"BWT","first_difference",232,1.00020716294676,24000.0000000001
"BWT","first_difference",233,0.999989620633203,23502.0770703603
"BWT","first_difference",234,1.00002113195589,23818.3980559268
"BWT","first_difference",235,1.00000789612449,24114.9884596366
"BWT","first_difference",236,1.00008382545659,24000
"BWT","first_difference",237,1.00021325786113,23157.7385678403
"BWT","first_difference",238,1.00005885654064,23705.9928143068
"BWT","first_difference",239,0.99997762692507,24249.0302667275
"BWT","first_difference",240,0.999943285602632,23471.8933421773
"BWT","first_difference",241,1.00026135622678,24480.8569442096
"BWT","first_difference",242,0.99994495814546,24032.3670352492
"BWT","first_difference",243,1.00010351350505,24079.4937749967
"BWT","first_difference",244,1.00001256120521,24000.0000000001
"BWT","first_difference",245,0.999944612635946,23719.6728777735
"BWT","first_difference",246,0.999926456357662,23835.5408567771
"BWT","first_difference",247,0.999995585728801,24000
"BWT","first_difference",248,1.00005528002198,23163.1202999977
"BWT","first_difference",249,0.999959793810062,23709.3400955692
"BWT","first_difference",250,0.999980690304979,23794.2522768198
"BWT","first_difference",251,1.00000020819933,23969.5617522527
"BWT","first_difference",252,1.00007131276758,24703.4513719665
"BWT","first_difference",253,1.00021088133471,24081.6890277678
"BWT","first_difference",254,0.99992534188469,23873.170286587
"BWT","first_difference",255,1.00013784214713,24000
"BWT","first_difference",256,1.00007600027797,24288.0592581248
"BWT","first_difference",257,1.00008728710458,24000
"BWT","first_difference",258,0.999995038307222,24000
"BWT","first_difference",259,0.999980501818033,24199.6937844888
"BWT","first_difference",260,0.999954173990723,24067.3175262525
"BWT","first_difference",261,0.999988624034454,24000
"BWT","first_difference",262,1.00001251948814,24000
"BWT","first_difference",263,0.999924837221131,23567.5305082707
"BWT","first_difference",264,0.999955477665428,23912.7700131847
"BWT","first_difference",265,1.00000129167003,24231.9974660463
"BWT","first_difference",266,1.00000104022732,23609.2364711631
"BWT","first_difference",267,1.00003962651376,24000
"BWT","first_difference",268,1.00007309778503,24000
"BWT","first_difference",269,1.00005312840288,25064.6452278305
"BWT","first_difference",270,0.999982565672606,24139.7652546145
"BWT","first_difference",271,1.00015618301742,23774.2366471636
"BWT","first_difference",272,1.0000370943108,23758.9384626617
"BWT","first_difference",273,1.00008807657821,24000
"BWT","first_difference",274,1.00005225617933,24428.6340130682
"BWT","first_difference",275,1.00014272530641,24265.5057130382
"BWT","first_difference",276,1.00029384511252,23748.4326811736
"BWT","first_difference",277,1.00009018699501,24309.4378029015
"BWT","first_difference",278,1.00009158555201,23585.3621433013
"BWT","first_difference",279,1.00008657312652,23470.6426790254
"BWT","first_difference",280,1.00001552461482,23899.087887673
"BWT","first_difference",281,1.00005949101301,23997.1057006645
"BWT","first_difference",282,1.00003520051173,24263.3663099851
"BWT","first_difference",283,0.999970004185326,23367.256686562
"BWT","first_difference",284,1.00002074256276,24000
"BWT","first_difference",285,1.00004602979505,24000
"BWT","first_difference",286,1.00004288648262,24000
"BWT","first_difference",287,0.99998575397392,24000.0000000001
"BWT","first_difference",288,1.00024807489266,24286.3318354848
"BWT","first_difference",289,1.00004012941969,23555.0240360857
"BWT","first_difference",290,1.00000410731631,23580.5422742311
"BWT","first_difference",291,1.00004415879959,25248.9761077885
"BWT","first_difference",292,1.00007633716116,23836.6819507637
"BWT","first_difference",293,1.0000587952295,24000
"BWT","first_difference",294,1.00006398046386,23429.4890732932
"BWT","first_difference",295,1.00011016661374,24338.44949692
"BWT","first_difference",296,0.999940608978109,24000
"BWT","first_difference",297,1.00010313712191,24585.9323908673
"BWT","first_difference",298,1.00006281100521,24000
"BWT","first_difference",299,1.0000201020094,24000
"BWT","first_difference",300,0.999934757684612,23494.4068302298
"BWT","first_difference",301,1.0000213527987,23415.8335199344
"BWT","first_difference",302,1.0001621917587,23761.5142526384
"BWT","first_difference",303,1.00002233310296,23822.4492713455
"BWT","first_difference",304,1.00007627465534,24000
"BWT","first_difference",305,1.00022963879975,23706.1361704829
"BWT","first_difference",306,1.00005821293606,23304.5039689587
"BWT","first_difference",307,1.00006409978983,24187.3517182006
"BWT","first_difference",308,1.00003659003391,24785.2357898345
"BWT","first_difference",309,0.999989686507684,24304.2478478533
"BWT","first_difference",310,0.999995673196919,23359.617964379
"BWT","first_difference",311,1.00005838180337,23764.4821763705
"BWT","first_difference",312,1.00004095332641,22442.278763861
"BWT","first_difference",313,0.999945889820685,23762.6651671808
"BWT","first_difference",314,1.00001108059385,23744.7252712951
"BWT","first_difference",315,0.999966611679609,24276.7312481168
"BWT","first_difference",316,1.00016816116262,24691.1943356338
"BWT","first_difference",317,1.00013103126994,23736.7800549267
"BWT","first_difference",318,1.00004345945122,22957.3534098917
"BWT","first_difference",319,0.99990279554977,24751.4068827505
"BWT","first_difference",320,1.00013833024632,23909.7238599067
"BWT","first_difference",321,0.999896197261956,24000
"BWT","first_difference",322,1.00004819652136,24000
"BWT","first_difference",323,1.00011464378277,24886.172123669
"BWT","first_difference",324,1.00002329394253,23942.4527599086
"BWT","first_difference",325,0.999980621099112,24000
"BWT","first_difference",326,0.999966745196993,23678.6600261219
"BWT","first_difference",327,0.9999731307959,23788.0551415178
"BWT","first_difference",328,0.999990768211766,22979.8285898578
"BWT","first_difference",329,1.000081469742,24000.0000000001
"BWT","first_difference",330,0.99998649500527,24022.9499389511
"BWT","first_difference",331,0.999873929695303,24000
"BWT","first_difference",332,1.0001023571202,24107.1562288974
"BWT","first_difference",333,0.999993538298405,25060.1983852767
"BWT","first_difference",334,0.999974210748266,24135.2910660765
"BWT","first_difference",335,1.00005992546683,24119.2238843943
"BWT","first_difference",336,1.00007905996604,24536.7386382584
"BWT","first_difference",337,0.999992964716194,24000
"BWT","first_difference",338,1.00014742338808,24530.7457134561
"BWT","first_difference",339,1.00017550878386,24331.035908074
"BWT","first_difference",340,1.00016027091269,24299.3486895284
"BWT","first_difference",341,1.00010186926611,23636.4339743883
"BWT","first_difference",342,0.99994446309916,23546.3376924051
"BWT","first_difference",343,1.00007664328472,24158.5347493079
"BWT","first_difference",344,0.999944805303808,24000
"BWT","first_difference",345,1.00001418301414,23778.7248227859
"BWT","first_difference",346,1.00006467947633,24381.6813490069
"BWT","first_difference",347,1.00022611457811,24000
"BWT","first_difference",348,1.0000240256388,24939.5276582528
"BWT","first_difference",349,0.999983168733728,24226.0517751247
"BWT","first_difference",350,1.00008314748876,23774.8943254242
"BWT","first_difference",351,1.00015657322649,24822.7971722784
"BWT","first_difference",352,1.0000429019083,23225.563360733
"BWT","first_difference",353,0.999979806324916,23920.002487162
"BWT","first_difference",354,1.00016387646069,24462.4881735287
"BWT","first_difference",355,1.00001942104253,23997.8480834581
"BWT","first_difference",356,0.999947779155305,23715.2105365488
"BWT","first_difference",357,1.00012578082116,24542.7851987921
"BWT","first_difference",358,0.999987382724363,24349.4868833061
"BWT","first_difference",359,0.999992724616355,24113.4515633952
"BWT","first_difference",360,0.99998452208112,23767.9236326028
"BWT","first_difference",361,1.00027014862252,23702.889017118
"BWT","first_difference",362,1.00000643590597,23340.7928027619
"BWT","first_difference",363,1.00015568386305,23732.5920787766
"BWT","first_difference",364,1.00019728432777,24000
"BWT","first_difference",365,1.00024822296975,24000
"BWT","first_difference",366,1.00012558697437,23877.4291832396
"BWT","first_difference",367,1.00011062662641,23767.4067794105
"BWT","first_difference",368,0.999944127853353,23392.6764507848
"BWT","first_difference",369,1.00016115318259,24258.6678287163
"BWT","first_difference",370,0.999966636159691,23826.8128588213
"BWT","first_difference",371,1.00000124019294,23634.8268949935
"BWT","first_difference",372,1.00004317926583,24477.9091035686
"BWT","first_difference",373,0.999946642487225,24270.6458116252
"BWT","first_difference",374,1.00026329651107,24000
"BWT","first_difference",375,1.00000774521165,24132.7003290181
"BWT","first_difference",376,0.999881540158992,25028.5677850922
"BWT","first_difference",377,1.00015817831149,23748.8533775934
"BWT","first_difference",378,1.00004006967116,24679.3647684998
"BWT","first_difference",379,0.99999090164037,24050.27646933
"BWT","first_difference",380,1.00007949701296,23821.0645742714
"BWT","first_difference",381,1.0000560945145,24605.2696437899
"BWT","first_difference",382,1.00007574102713,24000
"BWT","first_difference",383,1.00003115267943,23862.1217415611
"BWT","first_difference",384,1.00001652747699,24000
"BWT","first_difference",385,0.9999858098839,23576.5453849384
"BWT","first_difference",386,1.00006808879495,24000
"BWT","first_difference",387,1.00002115662735,24000
"BWT","first_difference",388,1.00011438561278,24088.3825691364
"BWT","first_difference",389,1.00024229377074,24000
"BWT","first_difference",390,1.00003355006031,24000
"BWT","first_difference",391,1.00000875355828,24000
"BWT","first_difference",392,1.00006511613621,24124.3843478509
"BWT","first_difference",393,1.00004023058553,23640.5198939478
"BWT","first_difference",394,1.00002734238284,24738.4837454191
"BWT","first_difference",395,0.999958086306361,23349.4696560076
"BWT","first_difference",396,1.00008124532594,23377.4178109542
"BWT","first_difference",397,1.00004635318125,24037.149028586
"BWT","first_difference",398,0.999942835515586,24870.5914003024
"BWT","first_difference",399,0.99994799068688,24684.203389889
"BWT","first_difference",400,0.999928760918211,23593.2345570029
"BWT","first_difference",401,1.00006821792387,23496.9308578521
"BWT","first_difference",402,1.00001052526672,22993.8216066657
"BWT","first_difference",403,1.00002399204258,24000
"BWT","first_difference",404,1.00003515396553,23793.8154763616
"BWT","first_difference",405,0.999977699556379,23772.5106012586
"BWT","first_difference",406,1.00010684358128,24000
"BWT","first_difference",407,0.999959184585225,24000
"BWT","first_difference",408,1.00004972283302,24134.521557562
"BWT","first_difference",409,1.00004366575372,24771.0795067321
"BWT","first_difference",410,0.999981717054889,24390.4805497985
"BWT","first_difference",411,1.00005670210398,23402.2989463567
"BWT","first_difference",412,0.999907116057073,23183.0165156073
"BWT","first_difference",413,0.999906260368935,24709.4249092718
"BWT","first_difference",414,1.00004066706491,24000
"BWT","first_difference",415,0.999936388319728,24000
"BWT","first_difference",416,1.00006618469679,24040.7809211341
"BWT","first_difference",417,1.00002859585837,24000
"BWT","first_difference",418,1.00012661159807,24257.8516762558
"BWT","first_difference",419,0.999895292577734,24090.2226750143
"BWT","first_difference",420,0.999985440069194,24324.5203884754
"BWT","first_difference",421,1.00001788750487,23657.355454737
"BWT","first_difference",422,0.999994530629903,25097.061502655
"BWT","first_difference",423,1.0000139593539,24506.8686348459
"BWT","first_difference",424,1.00002441354241,23900.1388452186
"BWT","first_difference",425,0.999901160081028,24000
"BWT","first_difference",426,0.999949065994574,24075.0037880545
"BWT","first_difference",427,1.00007476223389,24091.6033997909
"BWT","first_difference",428,1.00011554007226,23897.5401043173
"BWT","first_difference",429,1.00012142345325,24330.5674784775
"BWT","first_difference",430,0.999992095054896,23739.2019599619
"BWT","first_difference",431,1.00000988701981,24000
"BWT","first_difference",432,1.00000855088339,24224.50980933
"BWT","first_difference",433,1.00007642898612,23729.0394647744
"BWT","first_difference",434,1.00004774586722,24000
"BWT","first_difference",435,0.999991522063174,22895.0386474888
"BWT","first_difference",436,1.00002636199791,24000
"BWT","first_difference",437,0.999962246195491,24259.8235737274
"BWT","first_difference",438,1.00009642986321,24181.6469621842
"BWT","first_difference",439,1.00000929911736,24423.2834963838
"BWT","first_difference",440,0.999904606102131,24000
"BWT","first_difference",441,0.999987432088799,24388.8218179849
"BWT","first_difference",442,1.00006460638942,23740.9383711496
"BWT","first_difference",443,1.00000526011146,24299.0859920291
"BWT","first_difference",444,1.00010823171077,23551.1010474641
"BWT","first_difference",445,1.000128501051,24578.4674842608
"BWT","first_difference",446,0.99995548248057,24000
"BWT","first_difference",447,0.999978894058217,24253.3465114239
"BWT","first_difference",448,1.00007163731828,24038.0242753117
"BWT","first_difference",449,1.00006601388631,23712.2823263133
"BWT","first_difference",450,1.00021465472336,24000.0000000001
"BWT","first_difference",451,0.999959175207262,23315.0467685726
"BWT","first_difference",452,1.00003146858287,25265.3850527488
"BWT","first_difference",453,1.00009097690443,23673.4034782925
"BWT","first_difference",454,0.99995737233869,24000
"BWT","first_difference",455,1.00003318552627,24379.3755314345
"BWT","first_difference",456,0.999910805805576,24149.9494703881
"BWT","first_difference",457,1.00008391379905,24051.1034307863
"BWT","first_difference",458,0.999968514889722,23075.5359354988
"BWT","first_difference",459,1.00003825112851,24397.8478678448
"BWT","first_difference",460,1.00008990710771,24000
"BWT","first_difference",461,0.999976748076377,23551.871240155
"BWT","first_difference",462,0.999961328922983,23641.5625356366
"BWT","first_difference",463,1.00001727197429,23462.4409945202
"BWT","first_difference",464,1.00020212743753,23546.3787340617
"BWT","first_difference",465,0.999990832551156,24000
"BWT","first_difference",466,1.00034740576501,24000
"BWT","first_difference",467,1.00024840794325,23962.3459183282
"BWT","first_difference",468,1.0001225056767,23738.718487991
"BWT","first_difference",469,1.00010628881206,23075.1019792286
"BWT","first_difference",470,0.999966790048246,23094.9028336287
"BWT","first_difference",471,1.00012193411614,20221.3815368801
"BWT","first_difference",472,1.00001093320415,21456.9403326241
"BWT","first_difference",473,1.00016414851267,22597.2691188429
"BWT","first_difference",474,0.999973029030192,21591.9108617149
"BWT","first_difference",475,0.999993435238132,21846.8560523723
"BWT","first_difference",476,1.0000356756668,20670.8896459371
"BWT","first_difference",477,1.00013621925276,20929.2141054134
"BWT","first_difference",478,1.00002084994262,21492.517191467
"BWT","first_difference",479,0.999908446186471,23501.6073813491
"BWT","first_difference",480,1.00011293101104,21720.8082585909
"BWT","first_difference",481,1.0001457959213,20732.3330926281
"BWT","first_difference",482,0.999966776776645,21388.158985435
"BWT","first_difference",483,1.00006621948828,19079.5059054227
"BWT","first_difference",484,0.999918374467898,19769.6953157323
"BWT","first_difference",485,1.0001403127248,19406.3646792661
"BWT","first_difference",486,1.00046387247833,20197.3471867771
"BWT","first_difference",487,1.00013398577087,21001.7255108378
"BWT","first_difference",488,0.999927883297729,21532.9624472877
"BWT","first_difference",489,1.00010326117004,20823.727254822
"BWT","first_difference",490,1.00020382903734,21648.9811446519
"BWT","first_difference",491,0.999942643532331,22108.4672165978
"BWT","first_difference",492,1.00007162610474,23241.9397527279
"BWT","first_difference",493,0.999978214267433,21943.1036755043
"BWT","first_difference",494,1.00018315131661,23144.879439486
"BWT","first_difference",495,1.00003922899695,23525.197523688
"BWT","first_difference",496,1.00018125378672,22853.2682821881
"BWT","first_difference",497,1.00011043649106,22703.1383938423
"BWT","first_difference",498,0.999969340715221,23095.8802163936
"BWT","first_difference",499,0.999996187805909,24314.4918294228
"BWT","first_difference",500,0.999999462300161,24451.7226975925
"BWT","first_difference",501,1.00005733030507,24243.6522064469
"BWT","first_difference",502,1.00002643109462,22624.7254233495
"BWT","first_difference",503,1.00004295710812,23118.7204785948
"BWT","first_difference",504,1.0002452068096,23304.9869655162
"BWT","first_difference",505,1.00012078221456,20505.2085456948
"BWT","first_difference",506,1.00017819201435,19201.393900643
"BWT","first_difference",507,1.00007635911446,22330.2713536103
"BWT","first_difference",508,0.999985405682533,21343.7284075079
"BWT","first_difference",509,1.00002963024126,21095.8789352521
"BWT","first_difference",510,1.00014111403548,20908.5974923057
"BWT","first_difference",511,1.0001653201183,20103.1826337941
"BWT","first_difference",512,1.00005996262001,21069.6990501619
"BWT","first_difference",513,1.00006167554455,22122.6460624081
"BWT","first_difference",514,1.00007029127723,21502.1687371333
"BWT","first_difference",515,1.00001816726319,21291.9385562057
"BWT","first_difference",516,1.00000701318149,20854.2450042178
"BWT","first_difference",517,1.00032182760318,20089.4005586741
"BWT","first_difference",518,1.00000038528862,20933.7790154957
"BWT","first_difference",519,1.0001937275894,22488.984249771
"BWT","first_difference",520,0.999973721431024,21682.4006199191
"BWT","first_difference",521,1.00015572090379,21970.7462539011
"BWT","first_difference",522,1.00004391805689,21538.6487842681
"BWT","first_difference",523,1.00008136417062,21669.290910502
"BWT","first_difference",524,1.00013205648097,20577.7897478555
"BWT","first_difference",525,1.0000292152286,21317.3219139636
"BWT","first_difference",526,0.999965224931632,19715.088383053
"BWT","first_difference",527,1.00026554149588,18680.9505316311
"BWT","first_difference",528,1.00026264776937,18765.2503100838
"BWT","first_difference",529,1.00004918869271,18142.5269981267
"BWT","first_difference",530,1.00004782097019,18444.0439900044
"BWT","first_difference",531,1.00017398194898,17843.1998748981
"BWT","first_difference",532,1.00001934333439,16808.8113649105
"BWT","first_difference",533,1.00010607110215,15830.9962696131
"BWT","first_difference",534,1.00018599445067,14640.4993336546
"BWT","first_difference",535,1.00034369601402,14109.1356451176
"BWT","first_difference",536,1.00020671729982,14397.9177820735
"BWT","first_difference",537,1.00017953679728,12591.4066481491
"BWT","first_difference",538,1.00006494527653,12747.4925562168
"BWT","first_difference",539,0.999973965581636,15645.8227531423
