"parameter","form","time.index","Rhat","ESS"
"d13CO2","raw",1,1.16736591791495,2187.60020994544
"d13CO2","raw",2,1.12671103119211,2595.8566589422
"d13CO2","raw",3,1.09839703829668,2679.24667771165
"d13CO2","raw",4,1.07989473760839,3197.32264259115
"d13CO2","raw",5,1.06668714237193,3603.62558864226
"d13CO2","raw",6,1.05599430993386,3374.67322767243
"d13CO2","raw",7,1.04799341651277,3330.77885932224
"d13CO2","raw",8,1.0408040928895,3323.09021829402
"d13CO2","raw",9,1.03585114899953,3199.62288684834
"d13CO2","raw",10,1.03127016702342,3188.89733208607
"d13CO2","raw",11,1.0273734427803,3135.07146247342
"d13CO2","raw",12,1.02393678704231,3245.72609926925
"d13CO2","raw",13,1.02167827917814,3110.08742567604
"d13CO2","raw",14,1.01879752767089,2950.54225345852
"d13CO2","raw",15,1.01604507623106,2742.94930028822
"d13CO2","raw",16,1.01415144969854,2621.03345166221
"d13CO2","raw",17,1.01290188115965,2747.78127702261
"d13CO2","raw",18,1.01156450901847,2754.53919177468
"d13CO2","raw",19,1.01012500416705,2729.20249727983
"d13CO2","raw",20,1.0088225827287,2895.98059062306
"d13CO2","raw",21,1.00778854585088,3160.87573064368
"d13CO2","raw",22,1.00703705335529,3471.74408231859
"d13CO2","raw",23,1.00650206745272,3496.73723233732
"d13CO2","raw",24,1.00589956858264,3776.08900713119
"d13CO2","raw",25,1.005334769189,3749.82239087785
"d13CO2","raw",26,1.00465488727303,4140.90713003226
"d13CO2","raw",27,1.00409996232848,4975.96157717626
"d13CO2","raw",28,1.00350599392639,5216.4270542988
"d13CO2","raw",29,1.00319045908535,5483.454477259
"d13CO2","raw",30,1.00274883447024,5609.03129148432
"d13CO2","raw",31,1.00248197643503,6239.4019210608
"d13CO2","raw",32,1.00224648174111,7112.27998622841
"d13CO2","raw",33,1.0020132615342,6905.72822600509
"d13CO2","raw",34,1.00188272328312,7485.09333987727
"d13CO2","raw",35,1.00162503779787,8225.17825705525
"d13CO2","raw",36,1.00147716651443,8629.59421067109
"d13CO2","raw",37,1.00134641534927,7776.3121273761
"d13CO2","raw",38,1.00115249699564,7998.38224556049
"d13CO2","raw",39,1.00099440042357,7936.435024631
"d13CO2","raw",40,1.00087150607127,8443.60499981267
"d13CO2","raw",41,1.00082895891263,8312.74071930102
"d13CO2","raw",42,1.00082422923162,8210.62506449665
"d13CO2","raw",43,1.00072375644609,8015.12975750726
"d13CO2","raw",44,1.00056694348206,7704.11137922247
"d13CO2","raw",45,1.00054080180439,7507.56927467861
"d13CO2","raw",46,1.00060653365039,7446.38784924316
"d13CO2","raw",47,1.00045497044758,7578.25408757055
"d13CO2","raw",48,1.00052143056391,7549.6054556546
"d13CO2","raw",49,1.00055733964131,7762.81208043537
"d13CO2","raw",50,1.00048687673936,7911.60730831238
"d13CO2","raw",51,1.00050603535888,8057.75183973552
"d13CO2","raw",52,1.00054760673511,8400.35710570547
"d13CO2","raw",53,1.00064183502219,8536.31991313375
"d13CO2","raw",54,1.00049883042025,8917.7409221826
"d13CO2","raw",55,1.00039393577006,9100.92080119232
"d13CO2","raw",56,1.00029546928989,9369.11439789833
"d13CO2","raw",57,1.00020720973767,9614.81290283308
"d13CO2","raw",58,1.00020642595819,9498.47419738551
"d13CO2","raw",59,1.00016893432543,9128.34650759827
"d13CO2","raw",60,1.00019647300262,10186.803398032
"d13CO2","raw",61,1.00016489533175,10293.8078863518
"d13CO2","raw",62,1.00011459048403,10525.6130250163
"d13CO2","raw",63,1.00012999259408,9814.3869479905
"d13CO2","raw",64,1.00023791412414,9821.50368186192
"d13CO2","raw",65,1.00019782951196,9947.95509876315
"d13CO2","raw",66,1.00019792081918,9954.47902150857
"d13CO2","raw",67,1.00009306796107,9396.59504837228
"d13CO2","raw",68,1.0001167892592,10085.7023074033
"d13CO2","raw",69,1.0002241639566,9855.78053156566
"d13CO2","raw",70,1.00018180510267,9809.95280042859
"d13CO2","raw",71,1.00021912958021,9322.72495183432
"d13CO2","raw",72,1.00036943866928,9522.2566866032
"d13CO2","raw",73,1.00020656659702,9683.65184920589
"d13CO2","raw",74,1.00024182873697,9776.24222007068
"d13CO2","raw",75,1.00023384458871,9865.66248629167
"d13CO2","raw",76,1.00027258776448,9967.42304066876
"d13CO2","raw",77,1.00022010657919,10367.4974920213
"d13CO2","raw",78,1.00030665919976,9912.54158698717
"d13CO2","raw",79,1.00025125889258,10193.2515354189
"d13CO2","raw",80,1.00032846747197,10978.5345867784
"d13CO2","raw",81,1.00039260320525,11060.9144276747
"d13CO2","raw",82,1.00027634120393,11033.8665849903
"d13CO2","raw",83,1.00037760492017,10379.4704094326
"d13CO2","raw",84,1.00049134901471,10338.038879548
"d13CO2","raw",85,1.00064593337488,9857.72325743653
"d13CO2","raw",86,1.00043172933288,9488.35914948887
"d13CO2","raw",87,1.00060059941024,9474.74472382392
"d13CO2","raw",88,1.00061797283391,9058.16435149404
"d13CO2","raw",89,1.00059958438655,8407.19474056442
"d13CO2","raw",90,1.00065961247671,8016.75087030767
"d13CO2","raw",91,1.0007651159735,7753.76255039521
"d13CO2","raw",92,1.00077392344917,8028.90030873513
"d13CO2","raw",93,1.00089011295175,7450.38235792296
"d13CO2","raw",94,1.0009997361375,6722.20099647957
"d13CO2","raw",95,1.00112095777242,5854.80069935649
"d13CO2","raw",96,1.00121274897281,5552.10842725502
"d13CO2","raw",97,1.0013196506681,5081.38348759535
"d13CO2","raw",98,1.00118211854337,4881.10900113324
"d13CO2","raw",99,1.00135629307085,4669.41756086935
"d13CO2","raw",100,1.00142446384832,4313.00657006276
"d13CO2","raw",101,1.00169587969799,4202.75493236228
"d13CO2","raw",102,1.00149474127462,4116.42321419164
"d13CO2","raw",103,1.00145846984997,3792.26842767835
"d13CO2","raw",104,1.00147970974745,3522.45864217605
"d13CO2","raw",105,1.00163517508793,3653.29918278344
"d13CO2","raw",106,1.00147860620509,3373.72083202963
"d13CO2","raw",107,1.00139265409474,3147.50438850582
"d13CO2","raw",108,1.00141513175114,3048.52470318466
"d13CO2","raw",109,1.00137121997364,3024.15389301911
"d13CO2","raw",110,1.00126914439131,3182.86757975751
"d13CO2","raw",111,1.00118657277822,3032.29736517432
"d13CO2","raw",112,1.00129037455193,3275.25947400278
"d13CO2","raw",113,1.00126261548438,3285.28174840632
"d13CO2","raw",114,1.00128794469863,3585.67277816944
"d13CO2","raw",115,1.00131439779859,3837.93095681656
"d13CO2","raw",116,1.00125787095259,3934.19106997664
"d13CO2","raw",117,1.00110136359869,4645.58002673387
"d13CO2","raw",118,1.00096929402069,4657.87689433319
"d13CO2","raw",119,1.00081792237663,5194.09806684507
"d13CO2","raw",120,1.00088102687866,5560.84147975096
"d13CO2","raw",121,1.00056687419177,6012.31255341456
"d13CO2","raw",122,1.00042497132558,7134.64712821572
"d13CO2","raw",123,1.00033780953461,7489.11983906978
"d13CO2","raw",124,1.00022732883579,8749.79514757645
"d13CO2","raw",125,1.00020777261114,9191.77072669741
"d13CO2","raw",126,1.00018703667383,9425.11842707375
"d13CO2","raw",127,1.00023436801104,11077.5665444273
"d13CO2","raw",128,1.0001148100369,12800.9621354536
"d13CO2","raw",129,1.00020410398318,14439.4599141406
"d13CO2","raw",130,1.00018336929197,14059.2536185589
"d13CO2","raw",131,1.00011545624977,15867.3155815723
"d13CO2","raw",132,1.00004370890955,16768.504905712
"d13CO2","raw",133,1.00001632968533,17790.3626487344
"d13CO2","raw",134,0.999990838319436,17575.2037772471
"d13CO2","raw",135,1.00004036478772,17634.5369008842
"d13CO2","raw",136,1.00003087154036,17582.6090232162
"d13CO2","raw",137,1.0000481775722,17550.8601077982
"d13CO2","raw",138,1.0000269016442,18360.7222110671
"d13CO2","raw",139,1.00003158562642,18025.0079674114
"d13CO2","raw",140,1.00000849829907,17796.448801455
"d13CO2","raw",141,0.999976943104704,17542.4952788452
"d13CO2","raw",142,1.00008932000891,16685.1359068119
"d13CO2","raw",143,1.00002265227243,16873.1132968267
"d13CO2","raw",144,1.00001848861565,15962.8630416912
"d13CO2","raw",145,1.00000434755487,17109.3081595235
"d13CO2","raw",146,1.00005933081351,17380.7113517996
"d13CO2","raw",147,1.00005734463608,17342.6011178253
"d13CO2","raw",148,1.0000454754464,17161.4991430158
"d13CO2","raw",149,1.00007878265645,16918.7416142321
"d13CO2","raw",150,1.00002126847073,16740.5506260426
"d13CO2","raw",151,1.00006981991468,15974.3216896156
"d13CO2","raw",152,1.00003519667572,15370.7462636861
"d13CO2","raw",153,1.00009099282681,14511.8801847367
"d13CO2","raw",154,1.00010878741331,13530.9530720607
"d13CO2","raw",155,1.00016209152336,13046.3926454041
"d13CO2","raw",156,1.00009979898965,12000.2113821318
"d13CO2","raw",157,1.00013424527534,11756.7392848983
"d13CO2","raw",158,1.00021990172981,11132.5742015814
"d13CO2","raw",159,1.00030543556589,10181.7865530976
"d13CO2","raw",160,1.00037910969186,10029.606507248
"d13CO2","raw",161,1.00028232916116,9649.26525508529
"d13CO2","raw",162,1.00038715201046,10143.8757524515
"d13CO2","raw",163,1.00039576253462,10123.2011978453
"d13CO2","raw",164,1.00035568760284,9944.19465434534
"d13CO2","raw",165,1.00031893475805,9891.57248622144
"d13CO2","raw",166,1.0003418976302,11029.5943679118
"d13CO2","raw",167,1.00024565588242,11397.36683091
"d13CO2","raw",168,1.00019161110322,11695.0521996073
"d13CO2","raw",169,1.00017632434834,12304.9578849946
"d13CO2","raw",170,1.000156792648,12043.6437383628
"d13CO2","raw",171,1.00007357957971,13383.7072733181
"d13CO2","raw",172,1.00010738794302,13976.8934047241
"d13CO2","raw",173,1.00002471375444,14590.1480989324
"d13CO2","raw",174,0.999996906845452,14566.3033105043
"d13CO2","raw",175,0.999997001075795,15247.6732643878
"d13CO2","raw",176,0.999998977741212,15772.9491926631
"d13CO2","raw",177,0.999958969565866,15931.3999702319
"d13CO2","raw",178,0.999933005971318,16075.3829713332
"d13CO2","raw",179,0.999944698343661,16121.2817773855
"d13CO2","raw",180,0.99994591720438,16388.9036873482
"d13CO2","raw",181,0.999883495540359,16333.7637914143
"d13CO2","raw",182,0.999945121368771,16720.9042024458
"d13CO2","raw",183,1.00001942970993,16047.7993517378
"d13CO2","raw",184,1.00002681438583,16214.5452722474
"d13CO2","raw",185,0.999910412881402,15862.2395980921
"d13CO2","raw",186,0.999978605719605,16099.8316380134
"d13CO2","raw",187,0.99995773587891,16743.6268786454
"d13CO2","raw",188,1.00002323778137,16686.7266190691
"d13CO2","raw",189,1.000055580301,16711.2950712498
"d13CO2","raw",190,1.00003740642483,17355.8202995752
"d13CO2","raw",191,1.00001033392021,17032.1381094282
"d13CO2","raw",192,1.00002444767263,17005.8768675794
"d13CO2","raw",193,1.00006332521479,17230.0521109132
"d13CO2","raw",194,0.999962231966746,17945.1244787614
"d13CO2","raw",195,0.999939467779874,16725.3512085191
"d13CO2","raw",196,1.00009537806411,16653.6047091008
"d13CO2","raw",197,1.00002900188001,16943.4751049929
"d13CO2","raw",198,1.00001650474743,16637.4633587156
"d13CO2","raw",199,1.00005476291521,16380.3779202014
"d13CO2","raw",200,1.0000589473678,16090.8746290282
"d13CO2","raw",201,1.00010766952859,14723.1491437256
"d13CO2","raw",202,1.00006316229217,14417.1639081971
"d13CO2","raw",203,1.00005520151268,13165.4569886763
"d13CO2","raw",204,1.00008477803513,12590.3707163201
"d13CO2","raw",205,1.0000737965092,12451.0799778711
"d13CO2","raw",206,1.00015261119267,11651.926964993
"d13CO2","raw",207,1.00019866335255,11170.9908690041
"d13CO2","raw",208,1.0002564151014,10353.412825258
"d13CO2","raw",209,1.00028116263719,10068.7713629589
"d13CO2","raw",210,1.00030727081502,10122.0276458919
"d13CO2","raw",211,1.00027928631583,10291.351071305
"d13CO2","raw",212,1.00041338435413,9856.69418510479
"d13CO2","raw",213,1.00038917883039,9226.67644643499
"d13CO2","raw",214,1.00025049229117,8816.89188239654
"d13CO2","raw",215,1.00019103747031,8636.15507681474
"d13CO2","raw",216,1.00012774531298,8338.31274000963
"d13CO2","raw",217,1.00018977480219,8784.26258007378
"d13CO2","raw",218,1.00013771162582,9329.21696954867
"d13CO2","raw",219,1.00009256917346,9557.82975592992
"d13CO2","raw",220,1.00005351166867,9611.29133817498
"d13CO2","raw",221,1.00003474204615,10615.3614778832
"d13CO2","raw",222,1.00013687723113,10067.1667737859
"d13CO2","raw",223,1.00010106115835,11241.8538590756
"d13CO2","raw",224,1.00014709162906,11716.3509689051
"d13CO2","raw",225,1.00012041410904,11691.7124830246
"d13CO2","raw",226,1.00007135654679,11809.2826608063
"d13CO2","raw",227,1.00005183064265,12046.2864052202
"d13CO2","raw",228,1.00003430174611,12000.6379396394
"d13CO2","raw",229,1.00005188588446,12058.7531684418
"d13CO2","raw",230,1.00010346496514,11667.7174821785
"d13CO2","raw",231,1.00014455129522,11552.5329004557
"d13CO2","raw",232,1.0001244792539,11215.1756376433
"d13CO2","raw",233,1.00011658665642,10538.5343424893
"d13CO2","raw",234,1.00013302238984,10075.8088695205
"d13CO2","raw",235,1.00012431288015,8921.38108387414
"d13CO2","raw",236,1.00026691489008,9348.42333392279
"d13CO2","raw",237,1.0000913784078,9924.41507430041
"d13CO2","raw",238,1.00012029543461,11041.2958040926
"d13CO2","raw",239,1.00013984527823,11602.3335626489
"d13CO2","raw",240,1.00013019614167,11831.1188089471
"d13CO2","raw",241,1.00007850223283,12163.6673793372
"d13CO2","raw",242,1.00006571061601,12594.8234057229
"d13CO2","raw",243,1.00007977081775,12818.6874614848
"d13CO2","raw",244,1.00018570087913,12217.8139048809
"d13CO2","raw",245,1.00023705629657,12257.7424534855
"d13CO2","raw",246,1.00022638663777,11645.7885403911
"d13CO2","raw",247,1.00027891758691,11738.2801778066
"d13CO2","raw",248,1.00025507928392,11860.3516946792
"d13CO2","raw",249,1.00036791964889,11594.3732211025
"d13CO2","raw",250,1.00041057753383,11770.465090243
"d13CO2","raw",251,1.00040212298238,11941.9515637366
"d13CO2","raw",252,1.00042435936185,11140.7364614569
"d13CO2","raw",253,1.00050471650638,11152.4365961935
"d13CO2","raw",254,1.00054184664108,11706.5721409133
"d13CO2","raw",255,1.00058798205684,11507.6383764247
"d13CO2","raw",256,1.00075782032968,10874.8701951924
"d13CO2","raw",257,1.00067981734299,11667.8450263736
"d13CO2","raw",258,1.00055167731131,10791.8690150693
"d13CO2","raw",259,1.00049945803191,11068.5191035264
"d13CO2","raw",260,1.00042907075293,11756.6585650139
"d13CO2","raw",261,1.00044969648488,11839.7361921068
"d13CO2","raw",262,1.00046407440127,11554.1902778241
"d13CO2","raw",263,1.00030748676008,11606.0532203472
"d13CO2","raw",264,1.00028869314297,11963.5843677018
"d13CO2","raw",265,1.00028725729447,12936.0991996966
"d13CO2","raw",266,1.00026812770841,12913.987581173
"d13CO2","raw",267,1.00024219484628,13257.5618751296
"d13CO2","raw",268,1.00028325689487,13644.9469564466
"d13CO2","raw",269,1.00022868246352,13907.9484494174
"d13CO2","raw",270,1.00014094033933,13815.6540777839
"d13CO2","raw",271,1.00006146056125,14578.2852661578
"d13CO2","raw",272,1.0001385661632,14484.8790759329
"d13CO2","raw",273,1.00014824464261,14870.4817215062
"d13CO2","raw",274,1.00008416094944,14998.4108204222
"d13CO2","raw",275,1.00008431362802,15009.785480217
"d13CO2","raw",276,1.00006693126069,15279.8694711855
"d13CO2","raw",277,1.00008263073148,15083.5640370838
"d13CO2","raw",278,1.00010404851786,14011.1090756677
"d13CO2","raw",279,1.00010968131784,14324.1751643653
"d13CO2","raw",280,1.00004515392679,14505.3368215763
"d13CO2","raw",281,1.00004907955342,12618.0600724425
"d13CO2","raw",282,1.00001831983034,12275.2786516728
"d13CO2","raw",283,1.00004222032382,10976.5421619038
"d13CO2","raw",284,1.00001171380274,10400.43640896
"d13CO2","raw",285,1.00006377184666,9386.28911012785
"d13CO2","raw",286,1.00016544851407,8313.35782308419
"d13CO2","raw",287,1.00013403751735,7192.84746524383
"d13CO2","raw",288,1.00016946072712,5745.05752351637
"d13CO2","raw",289,1.00024114348271,5156.19061615047
"d13CO2","raw",290,1.0002635507299,4710.33302506985
"d13CO2","raw",291,1.00026521126831,4963.12278975009
"d13CO2","raw",292,1.00028166741129,4989.63519875695
"d13CO2","raw",293,1.0002883560372,4919.43688814239
"d13CO2","raw",294,1.0001800969918,5142.59299793864
"d13CO2","raw",295,1.00015126773655,5144.2920180801
"d13CO2","raw",296,1.00018958818421,5521.41027219137
"d13CO2","raw",297,1.00022728047547,6319.22785114574
"d13CO2","raw",298,1.00012337596745,6483.55640570293
"d13CO2","raw",299,1.00011023034866,7136.24806272315
"d13CO2","raw",300,1.00007905259506,6906.9331127689
"d13CO2","raw",301,1.0000789706882,7263.23413658582
"d13CO2","raw",302,1.00005539617445,7876.77193522087
"d13CO2","raw",303,1.0000321966033,8505.40969292407
"d13CO2","raw",304,1.00004188630431,8760.94180257453
"d13CO2","raw",305,1.00000397592913,8939.03563348272
"d13CO2","raw",306,1.00001939365204,9179.26475574611
"d13CO2","raw",307,0.999998521208295,8919.05776432143
"d13CO2","raw",308,1.00005617365492,9920.50713203513
"d13CO2","raw",309,1.00000444010907,10332.4748560085
"d13CO2","raw",310,0.999972143172913,11252.2179679433
"d13CO2","raw",311,1.00001834271289,11464.5060236648
"d13CO2","raw",312,0.999958370833819,11335.3082939447
"d13CO2","raw",313,0.999995440948152,12634.8921025095
"d13CO2","raw",314,0.999967985840409,13953.2269709143
"d13CO2","raw",315,0.999984926550831,14608.7042971506
"d13CO2","raw",316,1.00000338312939,14943.1532039309
"d13CO2","raw",317,1.00013937162739,15250.3836892371
"d13CO2","raw",318,0.999969483209003,15141.819855069
"d13CO2","raw",319,1.00013593275892,15615.4688628971
"d13CO2","raw",320,1.00005630536136,15755.7028269247
"d13CO2","raw",321,1.00009642876515,15790.5246941755
"d13CO2","raw",322,0.999996451259771,17514.0454786951
"d13CO2","raw",323,1.00008776979789,17176.268383906
"d13CO2","raw",324,0.999984665014333,15818.9111891459
"d13CO2","raw",325,1.00001324908948,15750.6594647551
"d13CO2","raw",326,1.00000851506586,15087.6127724179
"d13CO2","raw",327,1.00020260103055,15399.7845832939
"d13CO2","raw",328,1.00006966346451,15481.6944972315
"d13CO2","raw",329,1.00005662515002,14448.2968174321
"d13CO2","raw",330,1.00001957746962,12970.5774468123
"d13CO2","raw",331,1.00006883555352,12510.2851864231
"d13CO2","raw",332,1.00008051500843,10834.6821927933
"d13CO2","raw",333,0.999997977442764,9474.12250156124
"d13CO2","raw",334,1.00001837056108,8673.74933917124
"d13CO2","raw",335,1.00006414291963,7154.82526882366
"d13CO2","raw",336,1.00010401761465,6282.9904680188
"d13CO2","raw",337,1.00018578395805,5322.14961116474
"d13CO2","raw",338,1.00028435540177,4203.94986694439
"d13CO2","raw",339,1.0002771963943,3801.12664935152
"d13CO2","raw",340,1.00015992661272,4325.87218129775
"d13CO2","raw",341,1.00011246769535,4865.88723200281
"d13CO2","raw",342,1.00015185961164,5608.82865515955
"d13CO2","raw",343,1.00004937407625,5611.01150512736
"d13CO2","raw",344,1.000082306161,5965.32429192934
"d13CO2","raw",345,1.00007727399711,6007.66663854214
"d13CO2","raw",346,1.00009916148412,5836.99346008373
"d13CO2","raw",347,1.00014283775326,5672.92767455549
"d13CO2","raw",348,1.00013877777977,5501.59608404934
"d13CO2","raw",349,1.00020886395672,5405.48763494352
"d13CO2","raw",350,1.00023972287352,5285.22930509469
"d13CO2","raw",351,1.00017733444677,5449.16622993985
"d13CO2","raw",352,1.00021835765216,5206.26564809032
"d13CO2","raw",353,1.00034227019121,5017.3660637991
"d13CO2","raw",354,1.00041077596747,5059.56442318423
"d13CO2","raw",355,1.00039443867166,4655.37458800502
"d13CO2","raw",356,1.00057118836027,4486.17325946901
"d13CO2","raw",357,1.00056401739069,4154.88659254257
"d13CO2","raw",358,1.00056746345573,4599.3289206973
"d13CO2","raw",359,1.00065692502001,4688.46906547697
"d13CO2","raw",360,1.00043404202394,5038.07012622011
"d13CO2","raw",361,1.00037586256864,5570.7328068681
"d13CO2","raw",362,1.00046918232038,5594.99793215782
"d13CO2","raw",363,1.00044860865167,5698.07611122875
"d13CO2","raw",364,1.00054672079607,5716.2335681374
"d13CO2","raw",365,1.00050913556667,5825.19263047452
"d13CO2","raw",366,1.00040619375477,6106.28368912111
"d13CO2","raw",367,1.00047593510861,5874.88468101566
"d13CO2","raw",368,1.00050746350895,5689.16029434923
"d13CO2","raw",369,1.00049739436076,5727.95445662939
"d13CO2","raw",370,1.00050404823828,5893.26859459535
"d13CO2","raw",371,1.00041698049626,5780.78709594212
"d13CO2","raw",372,1.00043002831094,6195.74770743204
"d13CO2","raw",373,1.0004710844892,6513.68302082757
"d13CO2","raw",374,1.00038015779278,6365.39133779013
"d13CO2","raw",375,1.00041694036634,6435.04795225382
"d13CO2","raw",376,1.00035802100467,6118.39798712963
"d13CO2","raw",377,1.00036649349941,5808.20945577094
"d13CO2","raw",378,1.00033085265336,5696.51430206224
"d13CO2","raw",379,1.00026830024905,5415.80555127661
"d13CO2","raw",380,1.00023619648654,5323.30275844814
"d13CO2","raw",381,1.00021204478947,4966.65692484327
"d13CO2","raw",382,1.00009504263267,4920.32855069788
"d13CO2","raw",383,1.00013626279614,5101.68308809746
"d13CO2","raw",384,1.00004724334135,5602.53835146956
"d13CO2","raw",385,1.00009667164736,5735.70002753344
"d13CO2","raw",386,1.00007434663039,6453.98015918632
"d13CO2","raw",387,0.999992147255771,6855.31153160503
"d13CO2","raw",388,1.00003728414781,6725.95302423305
"d13CO2","raw",389,1.00004565170629,7154.42920342585
"d13CO2","raw",390,1.00000550594622,8028.53147241482
"d13CO2","raw",391,1.00009178271831,8392.79208447977
"d13CO2","raw",392,1.00006496051332,8004.29373517365
"d13CO2","raw",393,1.00014041207924,7637.58193191852
"d13CO2","raw",394,1.00019534166668,7108.77253668411
"d13CO2","raw",395,1.00002745111698,6614.71022991264
"d13CO2","raw",396,1.00007742028604,7314.76485955675
"d13CO2","raw",397,1.00007794150496,6710.23489273482
"d13CO2","raw",398,1.00014773972665,6394.35692074959
"d13CO2","raw",399,1.00019576754354,6134.91159574571
"d13CO2","raw",400,1.00021467544713,5522.77705720263
"d13CO2","raw",401,1.00032369743895,5062.53416311628
"d13CO2","raw",402,1.0005095303956,4691.73294760273
"d13CO2","raw",403,1.0005019965471,4429.05600200371
"d13CO2","raw",404,1.00071259730928,3952.77471818045
"d13CO2","raw",405,1.00063736871271,3942.03954048062
"d13CO2","raw",406,1.00070622070071,3878.03208282691
"d13CO2","raw",407,1.00065881841546,3845.7441828633
"d13CO2","raw",408,1.00081183990658,3870.12129978477
"d13CO2","raw",409,1.00077819997496,3945.35715849388
"d13CO2","raw",410,1.00086970541317,4044.20076953606
"d13CO2","raw",411,1.0009548442509,4106.3758031336
"d13CO2","raw",412,1.00081096191654,4024.3295894169
"d13CO2","raw",413,1.00098239069685,3738.28948274634
"d13CO2","raw",414,1.00102729680412,3450.42440613145
"d13CO2","raw",415,1.00088199247479,3277.86758697214
"d13CO2","raw",416,1.00086107517586,3431.22796779766
"d13CO2","raw",417,1.00095987394349,3545.19171636768
"d13CO2","raw",418,1.00085318348335,3563.60747528498
"d13CO2","raw",419,1.00069816436763,3540.27362083828
"d13CO2","raw",420,1.00085218475976,3886.42237289015
"d13CO2","raw",421,1.00072826256911,3787.60373345628
"d13CO2","raw",422,1.00070324793651,4096.6497335375
"d13CO2","raw",423,1.00070710329929,4137.70469857312
"d13CO2","raw",424,1.00067987509799,4581.44993828688
"d13CO2","raw",425,1.00054972003912,4832.24202776702
"d13CO2","raw",426,1.00046570451759,4950.31376075699
"d13CO2","raw",427,1.00048492343609,5191.0582930477
"d13CO2","raw",428,1.00047239732462,5400.68370226968
"d13CO2","raw",429,1.00048691272452,5747.67679059349
"d13CO2","raw",430,1.00035719578748,6733.29991915802
"d13CO2","raw",431,1.00038225536023,7028.90425844628
"d13CO2","raw",432,1.00059641223582,7321.01650332037
"d13CO2","raw",433,1.00064363169507,6932.95678971372
"d13CO2","raw",434,1.00054534277111,6725.38473289184
"d13CO2","raw",435,1.00072904051586,6455.26058242863
"d13CO2","raw",436,1.00098565993751,5953.96967625426
"d13CO2","raw",437,1.00100010851195,5466.23995958641
"d13CO2","raw",438,1.00105232676125,4897.76925319504
"d13CO2","raw",439,1.00110110609454,4443.21798302307
"d13CO2","raw",440,1.00110597727539,4572.50020632
"d13CO2","raw",441,1.00124786732435,4680.2120049945
"d13CO2","raw",442,1.00121559434768,4518.97641762649
"d13CO2","raw",443,1.00126900197576,4404.0981000893
"d13CO2","raw",444,1.00129618501874,4033.71619079042
"d13CO2","raw",445,1.00127544981168,4244.79823158083
"d13CO2","raw",446,1.0011183666447,4208.34187188077
"d13CO2","raw",447,1.0011859207976,4254.59596546
"d13CO2","raw",448,1.00118165076041,4323.15972417754
"d13CO2","raw",449,1.00104659791459,4556.94732116027
"d13CO2","raw",450,1.00110191437265,4686.28057427609
"d13CO2","raw",451,1.00087642081568,4887.65391037214
"d13CO2","raw",452,1.00077115057387,5589.66260358695
"d13CO2","raw",453,1.00070950885054,5652.62690718038
"d13CO2","raw",454,1.00064256317636,5993.37661565551
"d13CO2","raw",455,1.00049698456457,6120.35933270215
"d13CO2","raw",456,1.00036555078204,6480.50861715046
"d13CO2","raw",457,1.00039233631635,7349.93611524822
"d13CO2","raw",458,1.00031060905023,7102.44077171428
"d13CO2","raw",459,1.00022041983539,7794.94469125907
"d13CO2","raw",460,1.00015872899804,8485.81049850412
"d13CO2","raw",461,1.00018867320881,9135.81111181501
"d13CO2","raw",462,1.0001294032459,8517.62456179506
"d13CO2","raw",463,1.00014923054008,7954.11140774104
"d13CO2","raw",464,1.00009706676009,8426.84506443072
"d13CO2","raw",465,1.00006668738503,7953.2261776551
"d13CO2","raw",466,1.00007184260787,7802.86002777723
"d13CO2","raw",467,1.00009950415926,8527.27277882221
"d13CO2","raw",468,1.00008299367637,8730.94001392414
"d13CO2","raw",469,1.00015705468773,9678.57272570182
"d13CO2","raw",470,1.00012232564621,9950.58233377615
"d13CO2","raw",471,1.00001161775998,10922.0716532969
"d13CO2","raw",472,1.00002044228905,12292.0504044103
"d13CO2","raw",473,1.00012870260471,13974.8465476546
"d13CO2","raw",474,1.00020340975182,14374.8691257079
"d13CO2","raw",475,1.0001526625665,14691.811184951
"d13CO2","raw",476,1.00013806540412,15297.9651817436
"d13CO2","raw",477,1.00017304743359,15862.2694462699
"d13CO2","raw",478,1.00024361036628,16149.1417277248
"d13CO2","raw",479,1.00028772899765,16145.5453131515
"d13CO2","raw",480,1.00020029437317,16602.17049399
"d13CO2","raw",481,1.00020756766276,16753.769602629
"d13CO2","raw",482,1.00019703346217,15310.3372350319
"d13CO2","raw",483,1.0003033087184,15902.0897797479
"d13CO2","raw",484,1.00044148307543,17063.0903224553
"d13CO2","raw",485,1.00043633106815,14859.8698165907
"d13CO2","raw",486,1.00045678883968,14606.5510775215
"d13CO2","raw",487,1.0005664673488,15077.1523457488
"d13CO2","raw",488,1.00067189402167,15056.9309873054
"d13CO2","raw",489,1.00059711510531,16329.4292341176
"d13CO2","raw",490,1.0005860057843,15210.9747463182
"d13CO2","raw",491,1.00050147224906,15660.5858241369
"d13CO2","raw",492,1.00038451215879,15134.7117280459
"d13CO2","raw",493,1.00038382613496,16239.3333244634
"d13CO2","raw",494,1.00035024544764,16061.2583832432
"d13CO2","raw",495,1.00031738670224,16163.3294118027
"d13CO2","raw",496,1.00025378118319,16661.0549274085
"d13CO2","raw",497,1.00019556588226,17140.6338452381
"d13CO2","raw",498,1.00026473201117,17111.1983937424
"d13CO2","raw",499,1.00023816632558,16647.5262728255
"d13CO2","raw",500,1.00030683706529,16730.01683804
"d13CO2","raw",501,1.00031766417498,17754.9495193498
"d13CO2","raw",502,1.00023406275543,16816.9352840882
"d13CO2","raw",503,1.00015006274904,17053.2111867187
"d13CO2","raw",504,1.00019918409056,19533.0687405589
"d13CO2","raw",505,1.00011817557939,17378.8482150968
"d13CO2","raw",506,1.00013484906416,17680.9920437387
"d13CO2","raw",507,1.00018506206617,17560.9745339449
"d13CO2","raw",508,1.0001112638395,18304.0901299254
"d13CO2","raw",509,1.0000629588425,18297.757648901
"d13CO2","raw",510,1.00013570218092,18514.3121274001
"d13CO2","raw",511,1.00020554258456,18667.3411798514
"d13CO2","raw",512,1.00012854356487,18654.5221393833
"d13CO2","raw",513,1.00013689401993,18418.6172658878
"d13CO2","raw",514,1.00015189053511,18240.731232406
"d13CO2","raw",515,1.0000747346648,17808.1529422207
"d13CO2","raw",516,1.00021030828753,16838.9297108666
"d13CO2","raw",517,1.00022916562273,16378.1215672591
"d13CO2","raw",518,1.00028261156893,16208.0997004533
"d13CO2","raw",519,1.00026086056461,16847.7283667315
"d13CO2","raw",520,1.00022400219639,16150.7979457342
"d13CO2","raw",521,1.00026292856459,16585.0401700214
"d13CO2","raw",522,1.00022789946006,16794.0739914759
"d13CO2","raw",523,1.00021322776081,16568.3508601648
"d13CO2","raw",524,1.0002120868301,16058.9078379958
"d13CO2","raw",525,1.00021363783387,15842.4815069228
"d13CO2","raw",526,1.00026803928532,14245.2083687251
"d13CO2","raw",527,1.00020530115901,15184.8287243532
"d13CO2","raw",528,1.00017819206393,15356.9219951195
"d13CO2","raw",529,1.000201605595,15371.2136819736
"d13CO2","raw",530,1.00024473499725,15266.8658452168
"d13CO2","raw",531,1.00020802718576,15660.455402247
"d13CO2","raw",532,1.00017327800462,15879.3115960333
"d13CO2","raw",533,1.00016234338336,14900.738161807
"d13CO2","raw",534,1.00022843962495,15332.0922944579
"d13CO2","raw",535,1.00030483443347,14718.388387558
"d13CO2","raw",536,1.00043670479789,14469.8752834224
"d13CO2","raw",537,1.00034192750422,13900.9335588598
"d13CO2","raw",538,1.00046253437435,13560.1227894369
"d13CO2","raw",539,1.00047482163908,13018.7418873896
"d13CO2","raw",540,1.00031112049912,11697.3004639316
"d13CO2","centered",1,1.35262494489107,1027.99306958174
"d13CO2","centered",2,1.29140695337137,1137.87160487574
"d13CO2","centered",3,1.23880006784047,1207.0699495588
"d13CO2","centered",4,1.19871897459504,1456.18971391733
"d13CO2","centered",5,1.16832696811208,1333.90038602179
"d13CO2","centered",6,1.14243530769008,1339.00183337089
"d13CO2","centered",7,1.12256069432172,1450.91835480076
"d13CO2","centered",8,1.10463492734075,1344.47369595676
"d13CO2","centered",9,1.09188665947026,1228.71285711504
"d13CO2","centered",10,1.08068455612387,1284.20297262285
"d13CO2","centered",11,1.07051240907844,1153.23629708684
"d13CO2","centered",12,1.06146257190686,1159.49380532624
"d13CO2","centered",13,1.05531484527012,1135.09854151518
"d13CO2","centered",14,1.04757846969235,1082.38544690063
"d13CO2","centered",15,1.04007656685811,1032.86890845942
"d13CO2","centered",16,1.03515972897435,988.14591910637
"d13CO2","centered",17,1.0318264784857,943.955799875051
"d13CO2","centered",18,1.02819657278193,979.321180435775
"d13CO2","centered",19,1.02436539154487,1015.86307966634
"d13CO2","centered",20,1.02078053714683,1073.99288360235
"d13CO2","centered",21,1.01807137499339,1122.3212710832
"d13CO2","centered",22,1.01617424913682,1252.84730997803
"d13CO2","centered",23,1.01471640586775,1197.00445319105
"d13CO2","centered",24,1.01324429893606,1428.60401202215
"d13CO2","centered",25,1.01186095322902,1396.72058740742
"d13CO2","centered",26,1.01036868071252,1475.22397944074
"d13CO2","centered",27,1.00879763894967,1641.42850997958
"d13CO2","centered",28,1.00723614083987,1951.57925174613
"d13CO2","centered",29,1.00651181259328,2146.42402888398
"d13CO2","centered",30,1.00543190436961,2216.70909251394
"d13CO2","centered",31,1.00481018897097,2375.50233736169
"d13CO2","centered",32,1.00409396347421,2720.64180851637
"d13CO2","centered",33,1.00358032272231,2987.25319284073
"d13CO2","centered",34,1.00336672959753,2780.25544078574
"d13CO2","centered",35,1.0028619700291,3004.3794212754
"d13CO2","centered",36,1.00257531970475,3182.42786157665
"d13CO2","centered",37,1.00221716129463,3301.98926158065
"d13CO2","centered",38,1.00176814813779,3327.40690307953
"d13CO2","centered",39,1.0014309260881,3456.55233082716
"d13CO2","centered",40,1.00119941408597,3492.55780517331
"d13CO2","centered",41,1.00111754977487,3304.29019448284
"d13CO2","centered",42,1.00106257768954,3390.7462025641
"d13CO2","centered",43,1.00095217732045,3425.88302633047
"d13CO2","centered",44,1.00076881267441,3293.54024711941
"d13CO2","centered",45,1.00066870908474,3118.71459930989
"d13CO2","centered",46,1.00077093612474,3088.81909687642
"d13CO2","centered",47,1.00047207969221,3202.41597922284
"d13CO2","centered",48,1.0007915067934,3303.70287244244
"d13CO2","centered",49,1.00066759533472,3320.90955505744
"d13CO2","centered",50,1.00057791833672,3510.88601444342
"d13CO2","centered",51,1.00067095124206,3481.15279160985
"d13CO2","centered",52,1.00077253034226,3776.45656585233
"d13CO2","centered",53,1.00104135592344,3708.78612217044
"d13CO2","centered",54,1.00066708553194,3985.37253592664
"d13CO2","centered",55,1.00055248336256,4113.04872652987
"d13CO2","centered",56,1.00027774059353,4353.12435675572
"d13CO2","centered",57,1.00021820655041,4465.21094958155
"d13CO2","centered",58,1.00014705858651,4678.46515598483
"d13CO2","centered",59,1.00021215041849,4598.34682663888
"d13CO2","centered",60,1.00007949035107,4788.06592539533
"d13CO2","centered",61,1.00016917594322,5039.8167541494
"d13CO2","centered",62,1.00016680229538,4970.96888182936
"d13CO2","centered",63,1.00015567992999,4950.70538630589
"d13CO2","centered",64,1.00014128131993,4929.19534655793
"d13CO2","centered",65,1.00030050284718,4941.67961331012
"d13CO2","centered",66,1.00020288062137,4843.85947943986
"d13CO2","centered",67,1.00028038245419,4733.42197028934
"d13CO2","centered",68,1.00034176419298,4521.70614441977
"d13CO2","centered",69,1.00055775783049,4334.49888797932
"d13CO2","centered",70,1.00065086999732,4313.74692636622
"d13CO2","centered",71,1.00093099934986,4142.26289449771
"d13CO2","centered",72,1.00090625233664,4354.26376447037
"d13CO2","centered",73,1.00107567828368,4497.45441500557
"d13CO2","centered",74,1.00108499649312,4403.69067750978
"d13CO2","centered",75,1.00112641252003,4312.78118030059
"d13CO2","centered",76,1.00138541184415,4473.64163928827
"d13CO2","centered",77,1.0011558844483,4778.65593294472
"d13CO2","centered",78,1.00135078666077,4533.31404795281
"d13CO2","centered",79,1.00139635961266,4904.60607787323
"d13CO2","centered",80,1.00151586744502,4852.3980022962
"d13CO2","centered",81,1.00161555517967,4794.47762512995
"d13CO2","centered",82,1.00129697850856,4750.71160790282
"d13CO2","centered",83,1.00172558843873,4322.46017166137
"d13CO2","centered",84,1.00191872786957,4245.45767277218
"d13CO2","centered",85,1.00240851799774,3833.68207816453
"d13CO2","centered",86,1.00181902147634,3613.21833635021
"d13CO2","centered",87,1.00241862725975,3453.53895214354
"d13CO2","centered",88,1.00233059912837,3370.27708048223
"d13CO2","centered",89,1.00215013419831,3567.76961354466
"d13CO2","centered",90,1.00243181409006,3114.37353480964
"d13CO2","centered",91,1.00245657904407,2906.72306723893
"d13CO2","centered",92,1.00283786465656,2981.00311878377
"d13CO2","centered",93,1.00316568394378,2570.11466677314
"d13CO2","centered",94,1.00351847028019,2351.64697798389
"d13CO2","centered",95,1.00400982143427,2409.02054814366
"d13CO2","centered",96,1.0043925541957,2083.18784811885
"d13CO2","centered",97,1.00451883164458,1975.59199388458
"d13CO2","centered",98,1.00393950803929,1972.05295185474
"d13CO2","centered",99,1.00439815047753,1841.68320523134
"d13CO2","centered",100,1.00454827319244,1727.59719975944
"d13CO2","centered",101,1.00509091218693,1555.67221557061
"d13CO2","centered",102,1.00481133987281,1465.54721867244
"d13CO2","centered",103,1.00504664060465,1338.9600318539
"d13CO2","centered",104,1.00527599979571,1155.58101723883
"d13CO2","centered",105,1.00584446209761,1160.8242526964
"d13CO2","centered",106,1.00527754420044,1084.77730966497
"d13CO2","centered",107,1.00523411503639,982.244204757996
"d13CO2","centered",108,1.00518944706559,841.634434404638
"d13CO2","centered",109,1.00510922412794,863.960418302637
"d13CO2","centered",110,1.00459348207326,960.303898073778
"d13CO2","centered",111,1.00443886899499,972.794399885165
"d13CO2","centered",112,1.00467564455388,982.755412354089
"d13CO2","centered",113,1.00450481129539,1068.51618937053
"d13CO2","centered",114,1.00483841094117,1125.52618143024
"d13CO2","centered",115,1.00465975543267,1171.81118355681
"d13CO2","centered",116,1.00473561717465,1111.7617017013
"d13CO2","centered",117,1.00432852129123,1564.95884724525
"d13CO2","centered",118,1.003834775065,1606.79691961911
"d13CO2","centered",119,1.00318955542984,2123.37970894078
"d13CO2","centered",120,1.00346624952839,2275.55455936282
"d13CO2","centered",121,1.00269279141625,2384.26517261674
"d13CO2","centered",122,1.00207595188605,2720.06328577502
"d13CO2","centered",123,1.00185602154456,3194.53221924592
"d13CO2","centered",124,1.001547448647,3796.29515772276
"d13CO2","centered",125,1.00137755252799,4335.59512449174
"d13CO2","centered",126,1.00083411687298,4726.04476102006
"d13CO2","centered",127,1.00078058325926,4592.93502267478
"d13CO2","centered",128,1.00096862993321,5678.05525892522
"d13CO2","centered",129,1.00101546144764,5406.13241085107
"d13CO2","centered",130,1.00099342470177,6402.05388374211
"d13CO2","centered",131,1.0004468515153,7253.98063838172
"d13CO2","centered",132,1.00036651720596,7660.46882277478
"d13CO2","centered",133,1.00039101657249,8303.32245368186
"d13CO2","centered",134,1.00028582244253,9074.83977647018
"d13CO2","centered",135,1.00021783370291,9262.94141401296
"d13CO2","centered",136,1.00035081628346,9888.83248043991
"d13CO2","centered",137,1.00064922559783,9394.52332987773
"d13CO2","centered",138,1.00064442683073,9813.79438172551
"d13CO2","centered",139,1.00083635323484,9079.89396719231
"d13CO2","centered",140,1.00073474135229,8678.46799321727
"d13CO2","centered",141,1.00076982941815,9121.92619768636
"d13CO2","centered",142,1.00112497933281,8599.61780928329
"d13CO2","centered",143,1.00061900987269,8372.65215552415
"d13CO2","centered",144,1.00063553665929,7605.11224382414
"d13CO2","centered",145,1.00045559003563,8422.95038409126
"d13CO2","centered",146,1.00082665890744,8391.93620027336
"d13CO2","centered",147,1.00089998625595,8703.74476054796
"d13CO2","centered",148,1.00085357593437,8796.08967166627
"d13CO2","centered",149,1.00064557109374,8327.97809849639
"d13CO2","centered",150,1.00079431969917,7905.2402631934
"d13CO2","centered",151,1.0011109082359,7335.89768203868
"d13CO2","centered",152,1.00098006342129,6664.47464875021
"d13CO2","centered",153,1.00109171895156,5850.43376802575
"d13CO2","centered",154,1.00113910906506,5502.76187667658
"d13CO2","centered",155,1.00139223575609,4904.27734518063
"d13CO2","centered",156,1.00169222684107,3997.66075797004
"d13CO2","centered",157,1.00191618733493,3930.59715590403
"d13CO2","centered",158,1.00195517014736,3841.38100218254
"d13CO2","centered",159,1.00215368129827,3517.26261213485
"d13CO2","centered",160,1.00228449145653,3232.68836526319
"d13CO2","centered",161,1.00201520429098,3171.05013879102
"d13CO2","centered",162,1.00226561059508,3178.1701656987
"d13CO2","centered",163,1.00196224684562,3254.32988708746
"d13CO2","centered",164,1.00182933133777,3480.49691252503
"d13CO2","centered",165,1.00164226329771,3710.81166873574
"d13CO2","centered",166,1.00197322753062,3758.80563992603
"d13CO2","centered",167,1.00172288489243,3752.25367099604
"d13CO2","centered",168,1.00148151980341,3852.97494140942
"d13CO2","centered",169,1.00145617559518,4156.01930780222
"d13CO2","centered",170,1.00161427247566,4715.97111103998
"d13CO2","centered",171,1.00129508827255,5446.93983796593
"d13CO2","centered",172,1.00100247799277,6086.65485670301
"d13CO2","centered",173,1.00063571552765,6121.96535427607
"d13CO2","centered",174,1.0007060525275,6991.19788451486
"d13CO2","centered",175,1.0009010984559,7467.9825031603
"d13CO2","centered",176,1.00060003753499,7946.10329205158
"d13CO2","centered",177,1.00085777748509,8172.69684745318
"d13CO2","centered",178,1.00071439617519,8230.38326696865
"d13CO2","centered",179,1.00076531657401,8216.53953333929
"d13CO2","centered",180,1.00085809227452,8223.94706412291
"d13CO2","centered",181,1.00094060115506,8042.08136011896
"d13CO2","centered",182,1.00069459069108,7387.74429768477
"d13CO2","centered",183,1.00063767693898,7700.17034829258
"d13CO2","centered",184,1.0004715573055,7376.58580452111
"d13CO2","centered",185,1.00045964223229,7892.45070450553
"d13CO2","centered",186,1.00079159417943,7700.43407874539
"d13CO2","centered",187,1.00051542455261,7254.91501014549
"d13CO2","centered",188,1.0006509971379,7594.88511935457
"d13CO2","centered",189,1.00098326883854,7765.65540212591
"d13CO2","centered",190,1.00106450963837,8563.06575857272
"d13CO2","centered",191,1.00117620020028,8970.27737169406
"d13CO2","centered",192,1.00095227464786,8553.14747888806
"d13CO2","centered",193,1.00077448436495,9115.57151865752
"d13CO2","centered",194,1.00055351524828,10083.1967802862
"d13CO2","centered",195,1.00073624850966,9269.13385354868
"d13CO2","centered",196,1.00086305897232,8896.44448572501
"d13CO2","centered",197,1.0008097131382,8496.01921803226
"d13CO2","centered",198,1.0010858061395,8398.31990636435
"d13CO2","centered",199,1.00123708178766,8032.71761888074
"d13CO2","centered",200,1.00107420046394,7251.63877093685
"d13CO2","centered",201,1.00088044549753,6066.91406878281
"d13CO2","centered",202,1.00102215800332,6357.39282063419
"d13CO2","centered",203,1.00116929796479,5943.36328232239
"d13CO2","centered",204,1.00093776285305,5147.63621522805
"d13CO2","centered",205,1.00083134497905,4698.67959541182
"d13CO2","centered",206,1.00126199234035,3789.1478692619
"d13CO2","centered",207,1.00119772506653,3566.64725122528
"d13CO2","centered",208,1.00124236363764,3406.57607926226
"d13CO2","centered",209,1.00177170123062,3185.8915255436
"d13CO2","centered",210,1.00157161135925,3197.0302638986
"d13CO2","centered",211,1.0015807937415,3120.08144727982
"d13CO2","centered",212,1.00216366866214,3027.23136074779
"d13CO2","centered",213,1.00220648166862,2986.6726964624
"d13CO2","centered",214,1.00159734672087,2966.5505762048
"d13CO2","centered",215,1.0016740685195,2705.97165748854
"d13CO2","centered",216,1.00150622112821,2578.82969388219
"d13CO2","centered",217,1.00171413242489,2561.98868109123
"d13CO2","centered",218,1.00177537645911,2788.64234290533
"d13CO2","centered",219,1.00169416824217,3127.18361515279
"d13CO2","centered",220,1.00122857641058,3407.91695521937
"d13CO2","centered",221,1.00101821917634,3604.9336596746
"d13CO2","centered",222,1.00105621992355,3562.71728656654
"d13CO2","centered",223,1.00095387121635,3619.8584568462
"d13CO2","centered",224,1.00098618470816,4104.00495908777
"d13CO2","centered",225,1.00098363301826,3971.39235729847
"d13CO2","centered",226,1.00104461670005,3986.52696787931
"d13CO2","centered",227,1.00069622427768,4033.10875528048
"d13CO2","centered",228,1.00086443140272,3949.05995616258
"d13CO2","centered",229,1.00104866844053,4116.19027151078
"d13CO2","centered",230,1.00100814986598,4015.31202446665
"d13CO2","centered",231,1.00100577736605,3989.68450265666
"d13CO2","centered",232,1.00087634954475,3599.65432311235
"d13CO2","centered",233,1.00076688032304,3095.77589143857
"d13CO2","centered",234,1.00062902953494,2768.17819568656
"d13CO2","centered",235,1.00065306462121,2694.66469365844
"d13CO2","centered",236,1.00087856732575,2598.21899819307
"d13CO2","centered",237,1.00083896535386,2759.24624722577
"d13CO2","centered",238,1.000701194441,3115.0684833981
"d13CO2","centered",239,1.00038846701488,3605.19595089252
"d13CO2","centered",240,1.00067172900443,3768.29375872116
"d13CO2","centered",241,1.00066487628445,4002.41340902912
"d13CO2","centered",242,1.00024005262328,4226.80387124209
"d13CO2","centered",243,1.00032368521338,4548.3560421483
"d13CO2","centered",244,1.00052587007994,4144.08961924413
"d13CO2","centered",245,1.00061697129362,4264.74361102507
"d13CO2","centered",246,1.00045680902425,4260.2347999243
"d13CO2","centered",247,1.00051838482615,4443.61614662556
"d13CO2","centered",248,1.00030631866537,4595.4618825943
"d13CO2","centered",249,1.00047860439121,3937.22199564006
"d13CO2","centered",250,1.00050246764461,4237.66818711244
"d13CO2","centered",251,1.00058062656354,4412.3649059733
"d13CO2","centered",252,1.00072715045146,4418.63064061663
"d13CO2","centered",253,1.00083460746062,4492.33596829193
"d13CO2","centered",254,1.00106825039209,4434.34712228058
"d13CO2","centered",255,1.00115689013872,4384.26688500427
"d13CO2","centered",256,1.00174002331982,4301.55380804043
"d13CO2","centered",257,1.00160508734579,4249.18094332675
"d13CO2","centered",258,1.00130377994698,3899.76068983085
"d13CO2","centered",259,1.00124602621955,3862.27877665979
"d13CO2","centered",260,1.00110248304505,3818.11326495728
"d13CO2","centered",261,1.00105546875621,4136.64402641394
"d13CO2","centered",262,1.00126830205493,3630.7078394171
"d13CO2","centered",263,1.00078842113377,3811.20543688306
"d13CO2","centered",264,1.0006823652953,4238.27807514804
"d13CO2","centered",265,1.00073117585513,4654.09047506164
"d13CO2","centered",266,1.00068254256412,4890.83691454794
"d13CO2","centered",267,1.00078742160473,4689.76702844104
"d13CO2","centered",268,1.00086268830492,4887.09158609406
"d13CO2","centered",269,1.00067774778929,5321.18321829565
"d13CO2","centered",270,1.00057514924561,5783.21386343603
"d13CO2","centered",271,1.00032479896702,6061.38851372072
"d13CO2","centered",272,1.00041606496156,5955.33197509511
"d13CO2","centered",273,1.00066834045962,5681.0494165913
"d13CO2","centered",274,1.00036666420803,6601.81648696961
"d13CO2","centered",275,1.00050551497263,6901.93881271883
"d13CO2","centered",276,1.0004145463198,6138.86715063575
"d13CO2","centered",277,1.0004255689768,6166.3898073282
"d13CO2","centered",278,1.00038234113508,5657.9351671186
"d13CO2","centered",279,1.00037282347928,5031.58766364022
"d13CO2","centered",280,1.00033543271327,4405.33255898838
"d13CO2","centered",281,1.00023606507813,4163.44667513328
"d13CO2","centered",282,1.00038097806513,4166.93426463661
"d13CO2","centered",283,1.00036977931,3751.54003328026
"d13CO2","centered",284,1.00051637420565,3229.89879114651
"d13CO2","centered",285,1.00050465503122,2873.30379652016
"d13CO2","centered",286,1.00054501458432,2627.48093996799
"d13CO2","centered",287,1.00102674918025,2085.78041550725
"d13CO2","centered",288,1.00095078853165,1540.95355780305
"d13CO2","centered",289,1.00115906689087,1466.35006457667
"d13CO2","centered",290,1.00117390428023,1431.57880886651
"d13CO2","centered",291,1.00104689176507,1351.59577512848
"d13CO2","centered",292,1.00102471487329,1365.96776681949
"d13CO2","centered",293,1.00136092891202,1451.29979029584
"d13CO2","centered",294,1.00097331965282,1609.47266000875
"d13CO2","centered",295,1.00082474505453,1662.7558863628
"d13CO2","centered",296,1.00083328567637,1902.5890503302
"d13CO2","centered",297,1.00065511887016,2118.58501089062
"d13CO2","centered",298,1.00082292305363,2247.51399638973
"d13CO2","centered",299,1.00063597867202,2508.23379344539
"d13CO2","centered",300,1.00077895907173,2738.45180969342
"d13CO2","centered",301,1.00082107285918,2831.0988052491
"d13CO2","centered",302,1.00045107372565,3071.91835262866
"d13CO2","centered",303,1.00069880534545,3130.55760013276
"d13CO2","centered",304,1.00068210389728,3341.6239966179
"d13CO2","centered",305,1.00055064141227,3713.54670742055
"d13CO2","centered",306,1.00046034783043,3871.62487933977
"d13CO2","centered",307,1.0004722022105,4043.08931055622
"d13CO2","centered",308,1.00056634344897,4474.22183435089
"d13CO2","centered",309,1.00064109866233,4757.24276944698
"d13CO2","centered",310,1.00060012552707,4876.02737943771
"d13CO2","centered",311,1.00052431516871,4911.59907305823
"d13CO2","centered",312,1.00041524003491,5172.4285769493
"d13CO2","centered",313,1.00035855378763,5848.32679231432
"d13CO2","centered",314,1.00048459005229,6382.10942844659
"d13CO2","centered",315,1.00036041572345,6864.36935861016
"d13CO2","centered",316,1.0003864234779,7096.63830410041
"d13CO2","centered",317,1.00057255465597,7315.5827860728
"d13CO2","centered",318,1.00047272020102,8005.46926523727
"d13CO2","centered",319,1.00066214493354,8473.53505937662
"d13CO2","centered",320,1.00051205835682,8801.80967680935
"d13CO2","centered",321,1.00042578765964,8859.83258857177
"d13CO2","centered",322,1.00063537084278,9023.27033577293
"d13CO2","centered",323,1.00057120422593,9006.87254246727
"d13CO2","centered",324,1.00093257784719,8929.68439332825
"d13CO2","centered",325,1.00131736907383,7319.53799451589
"d13CO2","centered",326,1.00103000859196,7930.13807592803
"d13CO2","centered",327,1.00117680480797,6535.51782403138
"d13CO2","centered",328,1.0013217947682,6008.70062690578
"d13CO2","centered",329,1.00131922125767,6115.23599437605
"d13CO2","centered",330,1.00139646339744,5391.78392742656
"d13CO2","centered",331,1.00168892344919,4126.64574071695
"d13CO2","centered",332,1.00187694178353,3897.47763523058
"d13CO2","centered",333,1.00174823945012,3072.76041862607
"d13CO2","centered",334,1.00210258215106,2505.98016826755
"d13CO2","centered",335,1.00222404047516,2102.14422291051
"d13CO2","centered",336,1.0024683691183,1589.74335803032
"d13CO2","centered",337,1.00316080510444,1313.24505383245
"d13CO2","centered",338,1.00365814006339,1037.67544546365
"d13CO2","centered",339,1.00415167996262,852.149769087473
"d13CO2","centered",340,1.00311020009418,1073.05564396387
"d13CO2","centered",341,1.00291859895105,1233.06151436126
"d13CO2","centered",342,1.00280216100067,1402.42223651266
"d13CO2","centered",343,1.00250708166945,1556.58831749355
"d13CO2","centered",344,1.0024325651957,1701.30635629635
"d13CO2","centered",345,1.00235284381736,1620.97644223456
"d13CO2","centered",346,1.00259771723507,1548.4842105575
"d13CO2","centered",347,1.00233588896336,1693.37384546631
"d13CO2","centered",348,1.00270622098813,1515.78390543222
"d13CO2","centered",349,1.0029521183698,1563.5001371945
"d13CO2","centered",350,1.00298756157242,1474.47840524672
"d13CO2","centered",351,1.00214020712138,1464.3173886446
"d13CO2","centered",352,1.0022072749542,1326.36438466858
"d13CO2","centered",353,1.00296728371026,1264.97900361458
"d13CO2","centered",354,1.00337347504722,1196.28500521172
"d13CO2","centered",355,1.00293868688374,1082.07707173279
"d13CO2","centered",356,1.00387232885745,961.691907873491
"d13CO2","centered",357,1.00411577050725,875.852773240779
"d13CO2","centered",358,1.00375569148836,937.842281278782
"d13CO2","centered",359,1.00390999339035,1076.12377110524
"d13CO2","centered",360,1.00257485902235,1277.21093232818
"d13CO2","centered",361,1.00219000335779,1496.26589393175
"d13CO2","centered",362,1.0024561043972,1489.7954883218
"d13CO2","centered",363,1.00205975434429,1584.06363887512
"d13CO2","centered",364,1.00217428496683,1612.35973022419
"d13CO2","centered",365,1.00186252270872,1590.17059426884
"d13CO2","centered",366,1.00118080977209,1756.23314799917
"d13CO2","centered",367,1.00125811686582,1901.07102415025
"d13CO2","centered",368,1.0014352048493,1824.55453500377
"d13CO2","centered",369,1.00156929561023,1796.64606262456
"d13CO2","centered",370,1.00161557352824,1840.91063676633
"d13CO2","centered",371,1.00123873748057,1749.02508600014
"d13CO2","centered",372,1.00163055889978,1737.07372336704
"d13CO2","centered",373,1.00162660337771,1925.03532095226
"d13CO2","centered",374,1.00146875761301,1890.52054027302
"d13CO2","centered",375,1.00153415423728,1869.28564058241
"d13CO2","centered",376,1.00130688426701,1809.41988516127
"d13CO2","centered",377,1.001336705032,1647.02003514395
"d13CO2","centered",378,1.00118122965444,1593.95604188278
"d13CO2","centered",379,1.00111772204873,1502.13444310563
"d13CO2","centered",380,1.00137635660936,1391.58833116901
"d13CO2","centered",381,1.00158412983114,1448.8490766451
"d13CO2","centered",382,1.00149397295274,1324.82478089256
"d13CO2","centered",383,1.00143454049147,1379.91921696612
"d13CO2","centered",384,1.00147764375665,1542.52639588196
"d13CO2","centered",385,1.000631329345,1584.8712209979
"d13CO2","centered",386,1.00074166888248,1813.6004413898
"d13CO2","centered",387,1.00067267956796,2005.2781801592
"d13CO2","centered",388,1.00031221010152,2191.07465195395
"d13CO2","centered",389,1.00039127016941,2479.30323961955
"d13CO2","centered",390,1.0005569056918,2575.43761910523
"d13CO2","centered",391,1.00046162597441,2354.46391957459
"d13CO2","centered",392,1.00044366786014,2524.20052796627
"d13CO2","centered",393,1.00073311105298,2574.64734613888
"d13CO2","centered",394,1.00074024777379,2412.52007554897
"d13CO2","centered",395,1.00081343970323,2319.39867498266
"d13CO2","centered",396,1.00103259492891,2230.91072779683
"d13CO2","centered",397,1.00121229418694,2149.26312861306
"d13CO2","centered",398,1.00129789851318,2140.87090810861
"d13CO2","centered",399,1.00159844938278,1921.30139578706
"d13CO2","centered",400,1.00151025776016,1752.33093411848
"d13CO2","centered",401,1.00205626636753,1608.80393562823
"d13CO2","centered",402,1.0028442679115,1465.45441031022
"d13CO2","centered",403,1.0027149327727,1412.32663031046
"d13CO2","centered",404,1.00342333450506,1341.92064703562
"d13CO2","centered",405,1.00294621511721,1267.25900588999
"d13CO2","centered",406,1.00317701608831,1216.26915452993
"d13CO2","centered",407,1.00288607326346,1205.67048362451
"d13CO2","centered",408,1.00361998066326,1191.08732572707
"d13CO2","centered",409,1.00351764202641,1196.38759992032
"d13CO2","centered",410,1.0038850526612,1220.42579041166
"d13CO2","centered",411,1.00416232996084,1191.51654197422
"d13CO2","centered",412,1.00359255170648,1174.0233077448
"d13CO2","centered",413,1.00406540030247,1139.53099964659
"d13CO2","centered",414,1.00423779066357,1151.09142580535
"d13CO2","centered",415,1.00376144139703,1161.54942442637
"d13CO2","centered",416,1.00341830986671,1151.76578686134
"d13CO2","centered",417,1.00340916589496,1096.99627091557
"d13CO2","centered",418,1.00296871889195,1155.20739354608
"d13CO2","centered",419,1.00261646941871,1114.87895392291
"d13CO2","centered",420,1.00290321693755,1216.31562112329
"d13CO2","centered",421,1.00239141681105,1268.927325212
"d13CO2","centered",422,1.00227170995685,1360.1549801766
"d13CO2","centered",423,1.00203651132811,1443.04389763511
"d13CO2","centered",424,1.0020627056502,1479.94505528639
"d13CO2","centered",425,1.00183134956964,1568.41549650249
"d13CO2","centered",426,1.00168874289965,1582.912831713
"d13CO2","centered",427,1.0015911220935,1579.66627343519
"d13CO2","centered",428,1.00160419163861,1745.9565494693
"d13CO2","centered",429,1.00166745666713,1795.76366813371
"d13CO2","centered",430,1.00155979274026,2179.14539348345
"d13CO2","centered",431,1.00157577116746,2145.36223522286
"d13CO2","centered",432,1.00244394432215,2263.54547567161
"d13CO2","centered",433,1.00273028331704,2018.49691428407
"d13CO2","centered",434,1.00221406033568,2044.32488624253
"d13CO2","centered",435,1.00294952185171,2098.76168376376
"d13CO2","centered",436,1.00376665304971,1974.59717753376
"d13CO2","centered",437,1.0039659175486,1758.32254419481
"d13CO2","centered",438,1.00439580692225,1604.7754709562
"d13CO2","centered",439,1.00453623268449,1391.71379525147
"d13CO2","centered",440,1.00484956243042,1330.93700457704
"d13CO2","centered",441,1.00516838242822,1331.44398721022
"d13CO2","centered",442,1.00485608167556,1318.61536687286
"d13CO2","centered",443,1.00519138529512,1201.67040475253
"d13CO2","centered",444,1.00549755848767,1104.11772176192
"d13CO2","centered",445,1.00524076017489,1173.01643133814
"d13CO2","centered",446,1.00454592899191,1217.55850180825
"d13CO2","centered",447,1.00472274527004,1327.99573962039
"d13CO2","centered",448,1.00471030841975,1403.2963191428
"d13CO2","centered",449,1.00427652364458,1290.5588464271
"d13CO2","centered",450,1.00455617488356,1381.48054212627
"d13CO2","centered",451,1.00384666344737,1510.81613579629
"d13CO2","centered",452,1.00351089425849,1623.00615808153
"d13CO2","centered",453,1.00348297765632,1716.0618297335
"d13CO2","centered",454,1.00314294597322,1725.88101446391
"d13CO2","centered",455,1.00258084347166,1839.6444654596
"d13CO2","centered",456,1.0023824632206,2022.68429464885
"d13CO2","centered",457,1.00237740977784,2139.80464836768
"d13CO2","centered",458,1.00220943959403,2309.11309124255
"d13CO2","centered",459,1.00197654541866,2429.09164144073
"d13CO2","centered",460,1.00160544112682,2631.31898366397
"d13CO2","centered",461,1.00195567711773,2454.36427096848
"d13CO2","centered",462,1.00197687414826,2471.28268776749
"d13CO2","centered",463,1.00212837531282,2211.85665595199
"d13CO2","centered",464,1.00251328722415,2103.10545474819
"d13CO2","centered",465,1.00271626248382,1848.75986567697
"d13CO2","centered",466,1.00323262779141,1696.02702824807
"d13CO2","centered",467,1.00412333131975,1717.34457057137
"d13CO2","centered",468,1.00385177881171,1820.87016793056
"d13CO2","centered",469,1.00496504636535,1896.88009388344
"d13CO2","centered",470,1.0053287403036,1885.74479795889
"d13CO2","centered",471,1.00398195975597,1940.41251983062
"d13CO2","centered",472,1.00490826241052,1981.44025711461
"d13CO2","centered",473,1.00681210900933,1831.94892237957
"d13CO2","centered",474,1.00744615864551,1784.53100830968
"d13CO2","centered",475,1.00649876226585,2189.57678511923
"d13CO2","centered",476,1.00685619451852,2437.7785843258
"d13CO2","centered",477,1.00691830193873,2342.24728322104
"d13CO2","centered",478,1.0083309155687,2165.1052634132
"d13CO2","centered",479,1.00928121531663,2144.57618592721
"d13CO2","centered",480,1.00873917783447,2057.90534056617
"d13CO2","centered",481,1.00860398317205,2104.55834560302
"d13CO2","centered",482,1.00886573840877,1832.83724313908
"d13CO2","centered",483,1.00954987054034,1987.07333557003
"d13CO2","centered",484,1.01167308531375,1625.77273179583
"d13CO2","centered",485,1.01158068393993,1610.5947709075
"d13CO2","centered",486,1.0121862748,1647.01014605424
"d13CO2","centered",487,1.01419561872552,1473.78551522331
"d13CO2","centered",488,1.01456707212538,1749.19641553413
"d13CO2","centered",489,1.01299211919182,1875.01969363945
"d13CO2","centered",490,1.0138875841469,1695.18555843633
"d13CO2","centered",491,1.01228699217641,1814.8505556044
"d13CO2","centered",492,1.01108424347374,1499.8144996154
"d13CO2","centered",493,1.01044045698076,1975.20889787171
"d13CO2","centered",494,1.00997620407686,1924.45388507817
"d13CO2","centered",495,1.01006809494215,1888.090061385
"d13CO2","centered",496,1.00935401557183,1848.32783253793
"d13CO2","centered",497,1.00870252141091,1802.91920926222
"d13CO2","centered",498,1.00933943793073,1926.38792919398
"d13CO2","centered",499,1.00968169012648,1883.30715934539
"d13CO2","centered",500,1.01048427898162,2057.6561324748
"d13CO2","centered",501,1.01093874903106,2002.27360141566
"d13CO2","centered",502,1.01012482396316,2013.02879982258
"d13CO2","centered",503,1.00941810939642,2097.56065294745
"d13CO2","centered",504,1.0100240775612,1878.01705413092
"d13CO2","centered",505,1.00984095034171,1920.68725419504
"d13CO2","centered",506,1.01045683511358,1842.76517348152
"d13CO2","centered",507,1.01089912647254,2195.47361510993
"d13CO2","centered",508,1.00867022384662,2359.14599566997
"d13CO2","centered",509,1.00757961855898,2428.66711251061
"d13CO2","centered",510,1.00899057961852,2510.4011416414
"d13CO2","centered",511,1.01169666307149,2010.15054849633
"d13CO2","centered",512,1.01044350999114,2194.00561357489
"d13CO2","centered",513,1.00930302745099,2198.39221931783
"d13CO2","centered",514,1.00982176731355,2117.51072760968
"d13CO2","centered",515,1.00862500879314,2319.97053294751
"d13CO2","centered",516,1.01105277513069,2240.00842201849
"d13CO2","centered",517,1.01069901176758,2261.18371318884
"d13CO2","centered",518,1.0105642008246,2301.75477575303
"d13CO2","centered",519,1.00997758285931,2235.98408237078
"d13CO2","centered",520,1.01013162855457,2317.08724179423
"d13CO2","centered",521,1.00988914418861,2391.5234116679
"d13CO2","centered",522,1.00932104118798,2522.49750802232
"d13CO2","centered",523,1.00932776691987,2420.49404127841
"d13CO2","centered",524,1.00969594215005,1979.30687281386
"d13CO2","centered",525,1.01009414179454,1884.8171654409
"d13CO2","centered",526,1.00980808008903,1813.56399575386
"d13CO2","centered",527,1.00965695101795,1738.29492604406
"d13CO2","centered",528,1.00999054536499,1623.45927367694
"d13CO2","centered",529,1.00964630851869,1818.25823754095
"d13CO2","centered",530,1.01110389804727,2021.22524725201
"d13CO2","centered",531,1.01035401166127,2043.60066345488
"d13CO2","centered",532,1.01074889849883,1887.3323384293
"d13CO2","centered",533,1.01008568465156,1817.59271246407
"d13CO2","centered",534,1.01195378042854,1453.48913725156
"d13CO2","centered",535,1.01414260972084,1194.54679428524
"d13CO2","centered",536,1.01600599180157,1312.96433054349
"d13CO2","centered",537,1.01288438551054,1247.41980542858
"d13CO2","centered",538,1.0145407414568,1299.65432642529
"d13CO2","centered",539,1.0132927307619,1284.8502776488
"d13CO2","centered",540,1.00890836140745,1600.84011808422
"d13CO2","first_difference",1,1.0557126503712,9650.77610115027
"d13CO2","first_difference",2,1.03116749496846,16383.9231945146
"d13CO2","first_difference",3,1.01565186974269,17897.6531881907
"d13CO2","first_difference",4,1.00932501453215,19183.6037805252
"d13CO2","first_difference",5,1.00745329297732,19680.3589520561
"d13CO2","first_difference",6,1.00464538279283,19403.95622812
"d13CO2","first_difference",7,1.00421944042772,19456.16955558
"d13CO2","first_difference",8,1.00258690060081,19295.409710861
"d13CO2","first_difference",9,1.0023123340616,20575.2893609951
"d13CO2","first_difference",10,1.00203094778582,18514.7484659394
"d13CO2","first_difference",11,1.0015856147533,19897.5060136915
"d13CO2","first_difference",12,1.00120970142294,18922.4282994521
"d13CO2","first_difference",13,1.00168600482732,17697.9047761585
"d13CO2","first_difference",14,1.00164071183512,14973.6291519555
"d13CO2","first_difference",15,1.00089875417726,16377.3135382834
"d13CO2","first_difference",16,1.00032754885774,14421.8808043277
"d13CO2","first_difference",17,1.00045043310514,16010.6171590213
"d13CO2","first_difference",18,1.00057304937881,16907.6257090247
"d13CO2","first_difference",19,1.00053287558334,18331.9227097814
"d13CO2","first_difference",20,1.00041159133879,20253.0155680202
"d13CO2","first_difference",21,1.00025218594337,20118.5055962781
"d13CO2","first_difference",22,1.00017701692383,21607.0362615372
"d13CO2","first_difference",23,1.00010698226534,21043.1686841654
"d13CO2","first_difference",24,1.00018171932607,21880.2378820899
"d13CO2","first_difference",25,1.00018903905217,20971.5181015325
"d13CO2","first_difference",26,1.0002290267299,23176.4123957304
"d13CO2","first_difference",27,1.00022034125996,23347.5450901238
"d13CO2","first_difference",28,1.0001840242276,22935.9746183397
"d13CO2","first_difference",29,1.0003351284681,23152.1556342006
"d13CO2","first_difference",30,1.00016810419064,22364.4212644466
"d13CO2","first_difference",31,1.00000660200857,22561.1322014549
"d13CO2","first_difference",32,1.00005199687937,23164.1033780019
"d13CO2","first_difference",33,1.00015930378197,22571.2232253297
"d13CO2","first_difference",34,1.00012578368169,24000
"d13CO2","first_difference",35,1.00000404738901,23990.7302763271
"d13CO2","first_difference",36,1.00041950226234,23055.9759295543
"d13CO2","first_difference",37,1.00006943800309,23154.3228645391
"d13CO2","first_difference",38,1.00004827142352,23301.3901229662
"d13CO2","first_difference",39,1.00008275307847,23392.8178630118
"d13CO2","first_difference",40,0.99995662535935,23762.1274922553
"d13CO2","first_difference",41,1.00004067827781,22858.0765564218
"d13CO2","first_difference",42,1.00010852873885,22892.520084309
"d13CO2","first_difference",43,1.00016395364394,22549.3847615081
"d13CO2","first_difference",44,0.999991168540283,22956.0663259561
"d13CO2","first_difference",45,1.0001253418823,22431.2106179763
"d13CO2","first_difference",46,1.00002974284975,23935.1496461412
"d13CO2","first_difference",47,1.00017349446619,22732.4232013075
"d13CO2","first_difference",48,1.00012996158236,22124.4280180504
"d13CO2","first_difference",49,0.999982403732372,23423.5722396435
"d13CO2","first_difference",50,0.999969263610137,23492.684563997
"d13CO2","first_difference",51,0.999950940161101,21742.2793728401
"d13CO2","first_difference",52,1.00001471480482,24195.5350429451
"d13CO2","first_difference",53,1.00008544718607,23220.2688389691
"d13CO2","first_difference",54,0.999998145947877,23379.2314496314
"d13CO2","first_difference",55,1.00014120654249,23565.1345114209
"d13CO2","first_difference",56,1.00009733812757,22816.1020379492
"d13CO2","first_difference",57,1.00016892361145,24365.30675423
"d13CO2","first_difference",58,1.00007277850208,23242.1510185914
"d13CO2","first_difference",59,0.999982416485688,23151.7769927145
"d13CO2","first_difference",60,1.00001032003015,23550.6120254855
"d13CO2","first_difference",61,1.00001876775347,23553.7380977991
"d13CO2","first_difference",62,1.00006293796648,22818.8601092605
"d13CO2","first_difference",63,0.999992398647302,23462.2056194237
"d13CO2","first_difference",64,1.00005644250262,24000
"d13CO2","first_difference",65,1.00006467946251,23708.4431591508
"d13CO2","first_difference",66,1.00005715032224,24078.0553231138
"d13CO2","first_difference",67,0.999969717454635,23769.3847228035
"d13CO2","first_difference",68,0.999981772085654,22605.7259167831
"d13CO2","first_difference",69,0.999947778052165,23015.6921283016
"d13CO2","first_difference",70,1.00002927478504,23147.0697960188
"d13CO2","first_difference",71,1.00002572738138,22612.7181973343
"d13CO2","first_difference",72,0.999955124599281,21378.3440322579
"d13CO2","first_difference",73,1.00008780002028,23549.6256307247
"d13CO2","first_difference",74,1.00015316335647,22300.7011986158
"d13CO2","first_difference",75,1.00009748811959,22101.4747483543
"d13CO2","first_difference",76,0.999942741308525,23520.2320001701
"d13CO2","first_difference",77,1.00000581878555,23746.827242063
"d13CO2","first_difference",78,1.00010301032535,24122.9909130285
"d13CO2","first_difference",79,0.999940923889378,23525.9853193721
"d13CO2","first_difference",80,1.00000069245096,23676.5349709041
"d13CO2","first_difference",81,1.00001701946892,23362.6892948197
"d13CO2","first_difference",82,1.00005959356414,22830.1069425994
"d13CO2","first_difference",83,1.00007409460928,21949.7476550894
"d13CO2","first_difference",84,1.00002259464547,22267.4131623281
"d13CO2","first_difference",85,1.00024569145034,23217.4264446826
"d13CO2","first_difference",86,1.00001843147085,23400.7005724091
"d13CO2","first_difference",87,1.00009610747274,21886.4384793694
"d13CO2","first_difference",88,1.000224512652,22617.0970721674
"d13CO2","first_difference",89,0.999940664444459,22978.0581815352
"d13CO2","first_difference",90,1.00003881867134,22857.1054976504
"d13CO2","first_difference",91,0.999991935041445,23031.2396128318
"d13CO2","first_difference",92,1.00002897210193,22584.4451403244
"d13CO2","first_difference",93,0.999999021679237,22350.2504145725
"d13CO2","first_difference",94,1.00015077191832,22429.0189277959
"d13CO2","first_difference",95,1.00002903224689,20962.7054802409
"d13CO2","first_difference",96,1.00012241504419,21158.8586397494
"d13CO2","first_difference",97,1.00026248703159,21469.2556545375
"d13CO2","first_difference",98,1.00001084695225,20309.4563378778
"d13CO2","first_difference",99,1.00011588491963,19217.7577137378
"d13CO2","first_difference",100,1.00027560866488,20524.0531875015
"d13CO2","first_difference",101,1.00021143723855,20722.4411882097
"d13CO2","first_difference",102,1.00003543650944,18672.2924427287
"d13CO2","first_difference",103,0.999909759954712,19567.3335281065
"d13CO2","first_difference",104,1.00005898603172,17871.0774747323
"d13CO2","first_difference",105,1.00006250035014,18531.7843459935
"d13CO2","first_difference",106,0.99999532948836,17209.8463679763
"d13CO2","first_difference",107,1.00022217412213,16482.6994692956
"d13CO2","first_difference",108,1.00021365732138,14491.4766766717
"d13CO2","first_difference",109,1.00016107103357,14760.5778732556
"d13CO2","first_difference",110,0.99999481238268,16930.9937466395
"d13CO2","first_difference",111,1.00018331893087,17528.8952503281
"d13CO2","first_difference",112,1.00000789361148,18947.734174271
"d13CO2","first_difference",113,0.999928520530957,18634.0005795853
"d13CO2","first_difference",114,1.00006743356395,18423.3151949846
"d13CO2","first_difference",115,1.00003991892033,20642.7150981228
"d13CO2","first_difference",116,0.999941041233051,19149.8218641328
"d13CO2","first_difference",117,1.0000883642174,19781.8906628441
"d13CO2","first_difference",118,1.00005491221546,22410.1078812891
"d13CO2","first_difference",119,0.999973642476929,21291.5749016226
"d13CO2","first_difference",120,1.00033324655738,21400.3292298611
"d13CO2","first_difference",121,1.00000980976006,23348.1374847402
"d13CO2","first_difference",122,1.00011826221696,22543.8446001067
"d13CO2","first_difference",123,0.999985589936162,23711.0001786583
"d13CO2","first_difference",124,0.999956579467386,22559.9057215442
"d13CO2","first_difference",125,1.00010920426831,24026.6066211165
"d13CO2","first_difference",126,1.00008205006959,23525.4584012903
"d13CO2","first_difference",127,0.999964629157339,23253.5447470403
"d13CO2","first_difference",128,1.00012505202943,23707.8193558475
"d13CO2","first_difference",129,1.00017715062074,24000
"d13CO2","first_difference",130,1.00013384256005,23745.3415896594
"d13CO2","first_difference",131,0.999968206424011,23468.2624420764
"d13CO2","first_difference",132,0.999943050221046,23528.2051471608
"d13CO2","first_difference",133,0.999996858965745,23751.367911414
"d13CO2","first_difference",134,1.00010999960967,23807.0836795298
"d13CO2","first_difference",135,0.999932768324538,23685.6246305352
"d13CO2","first_difference",136,1.00013047560848,23802.7939894888
"d13CO2","first_difference",137,1.00010248520165,23001.7872136524
"d13CO2","first_difference",138,0.999995651879394,24692.4705196059
"d13CO2","first_difference",139,1.00012186099374,23764.9267353252
"d13CO2","first_difference",140,1.00002328325047,24260.5372956002
"d13CO2","first_difference",141,1.00008187676178,24159.3777872641
"d13CO2","first_difference",142,1.0001906335856,23294.0600728116
"d13CO2","first_difference",143,1.0000632505199,22481.5746297529
"d13CO2","first_difference",144,1.00003295300136,24000
"d13CO2","first_difference",145,1.00011346141117,23689.0668159315
"d13CO2","first_difference",146,1.00001286400219,23773.1346905116
"d13CO2","first_difference",147,1.00009487729399,23489.2298654433
"d13CO2","first_difference",148,1.0000844500346,23770.9981629807
"d13CO2","first_difference",149,1.00000060427031,23191.6246720742
"d13CO2","first_difference",150,0.99996721687962,24000
"d13CO2","first_difference",151,1.00008669114249,24000
"d13CO2","first_difference",152,1.00000020794925,23023.4743972885
"d13CO2","first_difference",153,1.0000368767605,23072.694133065
"d13CO2","first_difference",154,1.00000847814938,24000
"d13CO2","first_difference",155,1.00024630219315,23216.0410946547
"d13CO2","first_difference",156,1.00019860652103,23060.4087525787
"d13CO2","first_difference",157,0.99999287212884,22944.9357531587
"d13CO2","first_difference",158,1.00004180158198,20939.1206870917
"d13CO2","first_difference",159,1.00027981929905,21575.4907149725
"d13CO2","first_difference",160,1.00007750815571,20949.3885543837
"d13CO2","first_difference",161,1.00005462812105,21897.903505036
"d13CO2","first_difference",162,1.00000302987438,18932.9307292546
"d13CO2","first_difference",163,1.00023559159785,20342.4205188551
"d13CO2","first_difference",164,1.00014098805314,21044.6382763161
"d13CO2","first_difference",165,0.999969523954327,20994.4439527916
"d13CO2","first_difference",166,1.00011615054352,21386.4707479848
"d13CO2","first_difference",167,1.00005360075878,21826.2391737587
"d13CO2","first_difference",168,1.0001398691793,22039.1894662486
"d13CO2","first_difference",169,1.0000444172046,21889.4311693495
"d13CO2","first_difference",170,1.0001833600566,23726.4140891883
"d13CO2","first_difference",171,1.0000358413087,23225.2242284212
"d13CO2","first_difference",172,1.00012462053014,22461.4639188706
"d13CO2","first_difference",173,1.00001048852794,22277.5383846627
"d13CO2","first_difference",174,1.00014889730862,23333.9363750349
"d13CO2","first_difference",175,1.00017118743131,23490.4714814601
"d13CO2","first_difference",176,1.00009725385292,22611.2201126701
"d13CO2","first_difference",177,0.999995926743528,23341.1639671358
"d13CO2","first_difference",178,0.999904035102732,23252.0326745632
"d13CO2","first_difference",179,0.999978529305683,22402.3531788183
"d13CO2","first_difference",180,1.00010249109847,23809.1922147161
"d13CO2","first_difference",181,0.999980141192893,24000
"d13CO2","first_difference",182,0.999998210548188,22881.6012935957
"d13CO2","first_difference",183,1.00003640958807,23297.5147686408
"d13CO2","first_difference",184,1.00001442544388,24745.7362055381
"d13CO2","first_difference",185,1.00012703035695,23465.9238240812
"d13CO2","first_difference",186,1.00012176529201,23245.9889729462
"d13CO2","first_difference",187,1.00011493448478,23542.1775723697
"d13CO2","first_difference",188,1.00007775615218,23545.1085592873
"d13CO2","first_difference",189,1.00008238459727,22837.3304639936
"d13CO2","first_difference",190,1.00008692151128,23682.7687149496
"d13CO2","first_difference",191,0.999982113853802,23415.8461223492
"d13CO2","first_difference",192,1.00006172167564,23881.6968681607
"d13CO2","first_difference",193,1.00019467434151,23767.380405072
"d13CO2","first_difference",194,1.00002705167631,24309.8243209529
"d13CO2","first_difference",195,1.00008352532068,24000
"d13CO2","first_difference",196,0.999980592357465,23245.3338462189
"d13CO2","first_difference",197,1.00004874699945,22791.3038234801
"d13CO2","first_difference",198,1.00002795976568,22382.2414714391
"d13CO2","first_difference",199,0.999984903830939,23394.3326558115
"d13CO2","first_difference",200,0.999995829024147,23611.4128358288
"d13CO2","first_difference",201,1.00016014119395,23589.7545549
"d13CO2","first_difference",202,0.999949477024551,24000
"d13CO2","first_difference",203,1.00009966794857,23983.7293299631
"d13CO2","first_difference",204,1.00012250409187,23557.2303281233
"d13CO2","first_difference",205,1.00007638237997,23231.8360934775
"d13CO2","first_difference",206,1.00011340612026,23435.1665774274
"d13CO2","first_difference",207,1.00003703294074,23508.859720162
"d13CO2","first_difference",208,1.00027783868503,23129.860905855
"d13CO2","first_difference",209,1.00005056776601,23473.8059609988
"d13CO2","first_difference",210,0.99999457054138,22564.1021608183
"d13CO2","first_difference",211,1.00006807451773,21766.5167831761
"d13CO2","first_difference",212,0.999904402186508,22655.7385883738
"d13CO2","first_difference",213,1.00006646211229,22713.127623399
"d13CO2","first_difference",214,1.0000181464037,23706.2444978416
"d13CO2","first_difference",215,1.0001141138463,22321.4797033333
"d13CO2","first_difference",216,1.00015518123568,22157.809285068
"d13CO2","first_difference",217,1.00014966978343,22218.6912482173
"d13CO2","first_difference",218,1.00015593279665,21653.7138860146
"d13CO2","first_difference",219,1.00019581432829,22575.4311626246
"d13CO2","first_difference",220,0.999948145926771,22788.2294477792
"d13CO2","first_difference",221,0.999954815385475,21873.4322417944
"d13CO2","first_difference",222,1.00012991279665,23392.3343651731
"d13CO2","first_difference",223,1.00016875283516,22024.9810245375
"d13CO2","first_difference",224,1.0000531499873,22604.9924222912
"d13CO2","first_difference",225,1.00012160317519,22208.135329242
"d13CO2","first_difference",226,1.00002532367568,22986.1338262568
"d13CO2","first_difference",227,1.00007985623324,22523.5286945352
"d13CO2","first_difference",228,1.00009055196081,22187.1172965909
"d13CO2","first_difference",229,1.00000123136295,21909.095517616
"d13CO2","first_difference",230,0.999916627120608,22686.3118137296
"d13CO2","first_difference",231,1.00015605397018,22985.6997292729
"d13CO2","first_difference",232,0.999920889685987,20695.2687907971
"d13CO2","first_difference",233,1.00012835537024,22176.02852967
"d13CO2","first_difference",234,1.00006610976833,19910.3587123643
"d13CO2","first_difference",235,1.00007597487979,21809.4557395858
"d13CO2","first_difference",236,1.00002512088798,20693.1522196146
"d13CO2","first_difference",237,0.999975705011944,21632.3184333487
"d13CO2","first_difference",238,1.00004526465128,23845.8615313366
"d13CO2","first_difference",239,0.999986889851276,23407.8940368971
"d13CO2","first_difference",240,1.00006078035879,23729.572868997
"d13CO2","first_difference",241,1.00015236556293,22531.0363211639
"d13CO2","first_difference",242,1.00005046165003,23582.7376232893
"d13CO2","first_difference",243,1.00006172371084,24000
"d13CO2","first_difference",244,0.999998666961913,23249.7587286965
"d13CO2","first_difference",245,0.999963266403324,23980.4471152913
"d13CO2","first_difference",246,0.999979494484608,22186.1467300534
"d13CO2","first_difference",247,1.00011797988399,23437.6380971272
"d13CO2","first_difference",248,1.00010310317024,24456.326492439
"d13CO2","first_difference",249,0.999970412470914,23119.965363301
"d13CO2","first_difference",250,0.999987104211334,23781.4753284172
"d13CO2","first_difference",251,0.999953787266886,23222.9121420427
"d13CO2","first_difference",252,1.00006842802817,23149.7748915135
"d13CO2","first_difference",253,1.00000153718158,22943.0402253558
"d13CO2","first_difference",254,0.999957897030739,21493.9059566879
"d13CO2","first_difference",255,1.0001212614708,22469.2925766865
"d13CO2","first_difference",256,1.00003774646643,23490.6936187077
"d13CO2","first_difference",257,1.00003972077429,22279.5727837855
"d13CO2","first_difference",258,1.00012657502416,22704.0293292949
"d13CO2","first_difference",259,0.9999849594977,22431.1039223204
"d13CO2","first_difference",260,1.00003500313482,22729.3574115619
"d13CO2","first_difference",261,0.999987944612672,23810.3444425647
"d13CO2","first_difference",262,1.00026568832346,23630.8423349201
"d13CO2","first_difference",263,0.999871874355179,23563.5093573681
"d13CO2","first_difference",264,0.999924031872896,21979.661014731
"d13CO2","first_difference",265,1.0000191291089,23033.5847098747
"d13CO2","first_difference",266,1.00011044481833,22602.4013043244
"d13CO2","first_difference",267,0.999978733707232,23380.1240579601
"d13CO2","first_difference",268,0.999956489015298,22782.5344067728
"d13CO2","first_difference",269,1.0000807628185,24000
"d13CO2","first_difference",270,1.00001929609454,23961.1467769513
"d13CO2","first_difference",271,1.00003637171432,23365.9452717335
"d13CO2","first_difference",272,0.999928017827532,23331.1724942382
"d13CO2","first_difference",273,1.00001786640023,23558.496051041
"d13CO2","first_difference",274,0.99996935255941,23244.3445548809
"d13CO2","first_difference",275,0.999952572219625,23347.5331863045
"d13CO2","first_difference",276,0.999959141573442,23732.0825270719
"d13CO2","first_difference",277,1.00027282882423,23858.2345809684
"d13CO2","first_difference",278,1.00021411832816,23323.3500280554
"d13CO2","first_difference",279,1.00002271642077,23437.0194965682
"d13CO2","first_difference",280,0.999949295396847,24000
"d13CO2","first_difference",281,1.00014060050954,22620.8642392135
"d13CO2","first_difference",282,1.00005155558409,22701.5397352575
"d13CO2","first_difference",283,1.0001003667106,22151.7834173471
"d13CO2","first_difference",284,0.999977391195583,20682.9750393238
"d13CO2","first_difference",285,1.00006007128384,20168.6017307467
"d13CO2","first_difference",286,1.00013823921706,21173.8409967688
"d13CO2","first_difference",287,0.999977579417081,17568.4959265748
"d13CO2","first_difference",288,1.0000877892737,17390.022060826
"d13CO2","first_difference",289,1.0000277023067,15946.9133679365
"d13CO2","first_difference",290,1.00004237865403,16365.8623378001
"d13CO2","first_difference",291,0.999962601857111,18285.4540653191
"d13CO2","first_difference",292,1.00007281090987,20691.4185228342
"d13CO2","first_difference",293,1.00001022710915,21628.3755081044
"d13CO2","first_difference",294,1.00004851189819,22835.11785844
"d13CO2","first_difference",295,0.99995876132777,22388.7404375589
"d13CO2","first_difference",296,1.00007469174599,21933.8446824801
"d13CO2","first_difference",297,1.00000808135871,22727.9675178456
"d13CO2","first_difference",298,0.999998006644246,24000
"d13CO2","first_difference",299,0.999976183056936,22700.8895329616
"d13CO2","first_difference",300,1.00000057022234,23576.3872322381
"d13CO2","first_difference",301,1.00022029275792,23592.8208848156
"d13CO2","first_difference",302,1.00001813092494,23761.556274568
"d13CO2","first_difference",303,0.99998751877364,23560.4349499434
"d13CO2","first_difference",304,1.00013858290439,23178.7622222744
"d13CO2","first_difference",305,1.00007351864658,23502.8660986487
"d13CO2","first_difference",306,1.00014132643913,23692.0543898143
"d13CO2","first_difference",307,1.0000158680101,24293.023557516
"d13CO2","first_difference",308,0.999918124586939,23550.4286624308
"d13CO2","first_difference",309,0.99995351114085,23179.93305728
"d13CO2","first_difference",310,1.00023299863085,22740.5502186027
"d13CO2","first_difference",311,0.999981823634772,24592.9172856349
"d13CO2","first_difference",312,1.00005873634631,23778.5677697317
"d13CO2","first_difference",313,1.00004414869371,23733.4652631848
"d13CO2","first_difference",314,0.999938531564828,23379.7862657636
"d13CO2","first_difference",315,1.00000320692204,22574.2470407378
"d13CO2","first_difference",316,1.00020831304913,23516.3705578142
"d13CO2","first_difference",317,1.00029712417414,24000
"d13CO2","first_difference",318,1.00003374283056,25298.8650517005
"d13CO2","first_difference",319,0.999999573417847,24724.5740452062
"d13CO2","first_difference",320,1.00003104753426,24000
"d13CO2","first_difference",321,1.00005407182962,22839.7327276365
"d13CO2","first_difference",322,1.00009676030855,24000
"d13CO2","first_difference",323,0.99997663204046,24000
"d13CO2","first_difference",324,1.00023331955022,23406.256167554
"d13CO2","first_difference",325,0.999955686841504,23707.385498222
"d13CO2","first_difference",326,0.999990126173086,24000
"d13CO2","first_difference",327,1.0000780843555,22307.5898610009
"d13CO2","first_difference",328,1.00005817481083,23764.8082103559
"d13CO2","first_difference",329,0.999997575773351,23765.1322707878
"d13CO2","first_difference",330,0.999998323788963,23183.7095839468
"d13CO2","first_difference",331,1.00006642672717,23139.6060817347
"d13CO2","first_difference",332,0.999972975611051,22630.4736216863
"d13CO2","first_difference",333,1.00004820320265,23358.2270266755
"d13CO2","first_difference",334,0.999947464411415,21911.471014287
"d13CO2","first_difference",335,1.00029653976433,22003.7415087456
"d13CO2","first_difference",336,1.00011481726093,20575.3724468071
"d13CO2","first_difference",337,1.00004643144768,15479.4533056189
"d13CO2","first_difference",338,1.00023681573566,11084.295489239
"d13CO2","first_difference",339,0.999977320299759,12575.9595475656
"d13CO2","first_difference",340,1.00025478166695,16836.8962967508
"d13CO2","first_difference",341,1.00005333716558,19464.6418286798
"d13CO2","first_difference",342,1.00001525562586,18935.3694706346
"d13CO2","first_difference",343,0.999985080339005,19498.580768166
"d13CO2","first_difference",344,0.999968953998105,21095.7448156105
"d13CO2","first_difference",345,1.00035880080951,21869.0217320581
"d13CO2","first_difference",346,1.00017710059485,17042.8458746216
"d13CO2","first_difference",347,1.00006064493957,21675.491886862
"d13CO2","first_difference",348,1.00017152841597,20321.2308869107
"d13CO2","first_difference",349,1.00005061550085,19243.7482000491
"d13CO2","first_difference",350,1.00021655802131,17199.5026774515
"d13CO2","first_difference",351,0.999977388442629,19293.2838420427
"d13CO2","first_difference",352,1.0001347468327,19304.3076487678
"d13CO2","first_difference",353,1.00006361027607,19706.0492877473
"d13CO2","first_difference",354,1.00031289225993,17331.5101274582
"d13CO2","first_difference",355,1.00023466224463,16867.4869821774
"d13CO2","first_difference",356,0.999956569916282,13157.6385051432
"d13CO2","first_difference",357,1.00004603301461,12982.3940219241
"d13CO2","first_difference",358,1.00012397290497,13284.0492032205
"d13CO2","first_difference",359,1.00014514624403,17283.8999961832
"d13CO2","first_difference",360,0.99994896969653,19591.9106104144
"d13CO2","first_difference",361,0.99995097698131,20809.9948177394
"d13CO2","first_difference",362,1.00014515497017,20912.5400771727
"d13CO2","first_difference",363,1.00023124012489,22677.1557639614
"d13CO2","first_difference",364,1.0002862372266,21185.0509570451
"d13CO2","first_difference",365,1.00004277144083,21891.8467449337
"d13CO2","first_difference",366,1.00030115141179,21137.0399370335
"d13CO2","first_difference",367,1.0000252111907,21767.7005415902
"d13CO2","first_difference",368,0.999968873921711,20624.2445439209
"d13CO2","first_difference",369,0.999910190042058,20799.1659747248
"d13CO2","first_difference",370,1.00006131841749,20122.6853994645
"d13CO2","first_difference",371,1.0000964524609,21010.6836029871
"d13CO2","first_difference",372,1.0001917328929,20565.9971413935
"d13CO2","first_difference",373,0.999953375014136,21186.5633250984
"d13CO2","first_difference",374,1.00007422620701,19819.1870358743
"d13CO2","first_difference",375,1.0001036730492,19162.0263963702
"d13CO2","first_difference",376,1.00010656120572,19937.8891796893
"d13CO2","first_difference",377,1.00003608019726,20731.6055822327
"d13CO2","first_difference",378,1.00009939225455,19821.2080769279
"d13CO2","first_difference",379,1.00011205506593,17989.5161262664
"d13CO2","first_difference",380,1.00024144288187,18574.6024271927
"d13CO2","first_difference",381,1.00046000625556,18768.7007797608
"d13CO2","first_difference",382,0.999960032794529,17138.810606439
"d13CO2","first_difference",383,1.00009645636841,20146.038172641
"d13CO2","first_difference",384,1.00005180845626,19861.8890677158
"d13CO2","first_difference",385,1.00026194114955,19025.5838965659
"d13CO2","first_difference",386,1.00023108675196,19683.2753065097
"d13CO2","first_difference",387,1.00029066132947,21802.5257715098
"d13CO2","first_difference",388,0.99996311112477,22373.7337856259
"d13CO2","first_difference",389,1.00011313359912,22516.6211450392
"d13CO2","first_difference",390,1.00004086570448,21144.7479438568
"d13CO2","first_difference",391,1.00013913865533,21872.4633784801
"d13CO2","first_difference",392,1.00018885631654,22055.1026228756
"d13CO2","first_difference",393,1.00033591339586,22262.9552390152
"d13CO2","first_difference",394,0.999966464297156,21911.8204472775
"d13CO2","first_difference",395,1.00001415262755,22102.9734122744
"d13CO2","first_difference",396,1.00006047311588,22872.8210192882
"d13CO2","first_difference",397,1.00004694514027,20777.706938056
"d13CO2","first_difference",398,1.00014399543275,21222.0451691695
"d13CO2","first_difference",399,1.00018487757908,21428.1142586354
"d13CO2","first_difference",400,1.00010522759023,20806.2737806956
"d13CO2","first_difference",401,1.00042350211097,20778.4129064094
"d13CO2","first_difference",402,1.0001592929865,21353.3435633399
"d13CO2","first_difference",403,1.00026190953155,20375.057303398
"d13CO2","first_difference",404,1.00008478616121,20922.6106583285
"d13CO2","first_difference",405,0.999929270301917,19774.3441561076
"d13CO2","first_difference",406,1.00003485460692,18630.5895984203
"d13CO2","first_difference",407,1.00016664532344,19832.968145739
"d13CO2","first_difference",408,1.00009122261872,19335.8360156446
"d13CO2","first_difference",409,1.00004944819069,19185.1702024958
"d13CO2","first_difference",410,1.00009122842245,20661.9342961302
"d13CO2","first_difference",411,1.00009256940248,19587.9509734943
"d13CO2","first_difference",412,1.00004731965509,19974.1561698008
"d13CO2","first_difference",413,1.00027488929436,17484.2364222379
"d13CO2","first_difference",414,1.00001799259573,19488.1012232327
"d13CO2","first_difference",415,1.00010880687422,19218.3721622194
"d13CO2","first_difference",416,1.00033555573589,18111.9714698563
"d13CO2","first_difference",417,1.00001201439325,18848.8386902757
"d13CO2","first_difference",418,1.00019994206667,19602.0772460679
"d13CO2","first_difference",419,1.00027996398409,19652.4063111298
"d13CO2","first_difference",420,1.00015241470212,18629.5503972354
"d13CO2","first_difference",421,1.00018427857461,16940.6997805905
"d13CO2","first_difference",422,1.00015019669735,19342.9365567908
"d13CO2","first_difference",423,0.999925028480047,18409.5777104849
"d13CO2","first_difference",424,1.00011252499384,19497.1378115836
"d13CO2","first_difference",425,1.00014384634838,18946.9419591173
"d13CO2","first_difference",426,1.00002819619084,20589.4115270348
"d13CO2","first_difference",427,1.00003822394066,21557.2338749902
"d13CO2","first_difference",428,1.00000048101023,20878.6779776414
"d13CO2","first_difference",429,1.00026257040972,21017.7068720979
"d13CO2","first_difference",430,0.99998324539414,23033.6971182243
"d13CO2","first_difference",431,1.00015433928159,21118.6151103016
"d13CO2","first_difference",432,0.999984890522812,22668.847040372
"d13CO2","first_difference",433,1.00005047679534,22136.5279607343
"d13CO2","first_difference",434,1.00016593920643,20815.9114933157
"d13CO2","first_difference",435,1.00010084875411,21592.6020301707
"d13CO2","first_difference",436,1.00002437624351,19166.8422167167
"d13CO2","first_difference",437,1.00003750689722,19234.7819593721
"d13CO2","first_difference",438,0.999949504262436,19431.0124555325
"d13CO2","first_difference",439,1.00013517393313,17224.6007726872
"d13CO2","first_difference",440,1.00001019215281,19006.4140801143
"d13CO2","first_difference",441,1.00004447764171,18996.9185515613
"d13CO2","first_difference",442,1.00023754852482,20467.3127747519
"d13CO2","first_difference",443,1.00008755062724,20180.3689152569
"d13CO2","first_difference",444,0.999962853272871,19286.2515468882
"d13CO2","first_difference",445,1.00025001180379,18915.5305733658
"d13CO2","first_difference",446,1.00017500612444,18683.7569500443
"d13CO2","first_difference",447,0.999989264199536,18992.6434812606
"d13CO2","first_difference",448,1.00009229382078,19072.3235331134
"d13CO2","first_difference",449,0.999975796205172,19920.4666849583
"d13CO2","first_difference",450,1.00026978340752,19597.6888549926
"d13CO2","first_difference",451,1.00006903984981,20238.6416642911
"d13CO2","first_difference",452,1.00000994444269,21681.4922701616
"d13CO2","first_difference",453,1.00004020503396,19983.4905049657
"d13CO2","first_difference",454,1.0001260019912,20391.0273014128
"d13CO2","first_difference",455,1.00008864032411,21903.8732986963
"d13CO2","first_difference",456,1.00019356985397,21284.3108299053
"d13CO2","first_difference",457,1.0000502663559,21738.3558222777
"d13CO2","first_difference",458,1.00008108860227,21568.0535526412
"d13CO2","first_difference",459,1.00000661103096,21771.3238435491
"d13CO2","first_difference",460,0.999996852060198,20368.510894869
"d13CO2","first_difference",461,0.999924627509537,21346.7215529238
"d13CO2","first_difference",462,0.99993751905237,22558.8478638622
"d13CO2","first_difference",463,1.00046711000679,18315.7935797395
"d13CO2","first_difference",464,1.00009182297568,19129.7631558955
"d13CO2","first_difference",465,1.00039186300575,16968.9833138857
"d13CO2","first_difference",466,1.00025863350921,16491.4353798838
"d13CO2","first_difference",467,0.999970163143187,14726.6230913114
"d13CO2","first_difference",468,1.00015564453315,16565.7002704189
"d13CO2","first_difference",469,1.0001583294718,15721.842386662
"d13CO2","first_difference",470,1.00048884684977,15031.030210622
"d13CO2","first_difference",471,1.00015267145178,14394.5714615035
"d13CO2","first_difference",472,1.00029950440437,11809.5404312366
"d13CO2","first_difference",473,0.999949900917262,14764.2693307746
"d13CO2","first_difference",474,0.999981508022429,16022.526747063
"d13CO2","first_difference",475,1.00013338656741,20380.1015884832
"d13CO2","first_difference",476,0.999941223322902,21826.4516024133
"d13CO2","first_difference",477,1.00002641689399,21603.0710947254
"d13CO2","first_difference",478,0.999977786153007,21470.499171764
"d13CO2","first_difference",479,1.00013222546617,20822.0671311649
"d13CO2","first_difference",480,1.00011125332354,19209.5146969655
"d13CO2","first_difference",481,1.00039921954824,21159.207769998
"d13CO2","first_difference",482,1.00027300313511,20725.579452677
"d13CO2","first_difference",483,1.00028518264978,19998.5856342951
"d13CO2","first_difference",484,1.00000325844677,19117.2530825201
"d13CO2","first_difference",485,0.999989099667499,16932.1681477589
"d13CO2","first_difference",486,1.00026273221393,14607.6079185695
"d13CO2","first_difference",487,0.99997979859,18188.0613875682
"d13CO2","first_difference",488,1.00007740947089,21129.0055387169
"d13CO2","first_difference",489,0.999931737026593,21266.1126350887
"d13CO2","first_difference",490,1.00008222103909,22104.3675639211
"d13CO2","first_difference",491,1.00012429635236,22162.7895708081
"d13CO2","first_difference",492,1.00008642673275,23254.8714640587
"d13CO2","first_difference",493,1.00007236545247,23702.8910259642
"d13CO2","first_difference",494,1.00011976841025,23659.222765143
"d13CO2","first_difference",495,1.00006320414447,23298.857759218
"d13CO2","first_difference",496,1.00007666582312,24005.3116333098
"d13CO2","first_difference",497,1.00003976604809,23217.8346377344
"d13CO2","first_difference",498,1.00011132855775,23629.5463961185
"d13CO2","first_difference",499,1.00001588455588,23195.8503090881
"d13CO2","first_difference",500,1.00017928206948,22087.5342293026
"d13CO2","first_difference",501,1.0000894516479,22419.5150927187
"d13CO2","first_difference",502,1.0000380792146,22392.0744655
"d13CO2","first_difference",503,1.00014759872492,23222.7229497953
"d13CO2","first_difference",504,1.00001456837881,22343.4947768509
"d13CO2","first_difference",505,1.00015952377015,22660.1009208864
"d13CO2","first_difference",506,1.00009626996617,17448.5675130931
"d13CO2","first_difference",507,1.00005327583395,17690.3381260443
"d13CO2","first_difference",508,1.00007972354264,18856.5742875747
"d13CO2","first_difference",509,0.999973681054918,19016.0707020934
"d13CO2","first_difference",510,1.00002224369426,19141.7796881785
"d13CO2","first_difference",511,1.00013917239589,19943.1338583192
"d13CO2","first_difference",512,1.00000589026171,20499.7204741654
"d13CO2","first_difference",513,1.00000837378451,20506.0007756781
"d13CO2","first_difference",514,1.00008736556951,20561.2743911127
"d13CO2","first_difference",515,1.00038910173566,20029.1217311981
"d13CO2","first_difference",516,1.00000569801855,18704.6277217476
"d13CO2","first_difference",517,1.00026857945359,18454.0587541071
"d13CO2","first_difference",518,0.999973387036424,19778.4378852376
"d13CO2","first_difference",519,1.00017553232655,19146.2985809361
"d13CO2","first_difference",520,1.00005605274055,21671.2198849493
"d13CO2","first_difference",521,0.999978101308562,20982.7181339713
"d13CO2","first_difference",522,1.00006280857144,22674.3748719088
"d13CO2","first_difference",523,1.00003170013698,21727.2218112987
"d13CO2","first_difference",524,0.99999791856035,19813.5443388849
"d13CO2","first_difference",525,1.00034268577853,16636.8750910934
"d13CO2","first_difference",526,1.00047793135887,15677.2980720326
"d13CO2","first_difference",527,1.00008780062384,17290.2297339764
"d13CO2","first_difference",528,0.999962392633556,17301.9473850614
"d13CO2","first_difference",529,1.00017891950206,16531.5697305041
"d13CO2","first_difference",530,1.00012658398178,16133.443805171
"d13CO2","first_difference",531,1.00017049686913,15291.4782936911
"d13CO2","first_difference",532,1.00013538599708,13549.5840434246
"d13CO2","first_difference",533,1.00029318913359,12773.0892947872
"d13CO2","first_difference",534,1.00017246225739,11146.2202737411
"d13CO2","first_difference",535,1.00024258011919,8658.29042072146
"d13CO2","first_difference",536,1.00069308744297,7537.93611797494
"d13CO2","first_difference",537,1.00173259680868,7264.35596410966
"d13CO2","first_difference",538,1.00010601674943,7280.34054030668
"d13CO2","first_difference",539,1.00047928271156,7394.66054759967
"GMST","raw",1,1.12797037337333,1712.14811789215
"GMST","raw",2,1.14505409644135,1350.25298150265
"GMST","raw",3,1.14919429040224,1198.99141500986
"GMST","raw",4,1.1465006190446,1125.50593927742
"GMST","raw",5,1.13896657111256,1167.12322225435
"GMST","raw",6,1.12678108395244,1222.98242324269
"GMST","raw",7,1.11685875858164,1145.66369074079
"GMST","raw",8,1.10651137314462,1116.69393678477
"GMST","raw",9,1.09666287722117,1076.42019134616
"GMST","raw",10,1.08778747980316,1004.0923951457
"GMST","raw",11,1.07865342669233,976.352019495819
"GMST","raw",12,1.07152111159251,949.816237174744
"GMST","raw",13,1.06277195484614,896.649076192021
"GMST","raw",14,1.05670308741148,918.581920236792
"GMST","raw",15,1.04940585297153,827.487249517764
"GMST","raw",16,1.04307704997132,839.215231477887
"GMST","raw",17,1.03940360960906,856.213106073436
"GMST","raw",18,1.03566848641119,820.965218212455
"GMST","raw",19,1.03143736241986,908.564511699187
"GMST","raw",20,1.02764573117878,992.589708793525
"GMST","raw",21,1.02534004044999,1024.02515158956
"GMST","raw",22,1.02205506466301,1034.2344006163
"GMST","raw",23,1.02063534986572,1073.07295461398
"GMST","raw",24,1.01768384826895,1163.76692896399
"GMST","raw",25,1.01594064769,1200.23957222923
"GMST","raw",26,1.01357423284727,1340.59995608093
"GMST","raw",27,1.01198143274713,1313.89287510854
"GMST","raw",28,1.01073890651234,1358.96358604625
"GMST","raw",29,1.00965918618851,1530.65611615896
"GMST","raw",30,1.00922073102591,1615.29382892544
"GMST","raw",31,1.00883697197153,1734.55951298598
"GMST","raw",32,1.00765593120647,1952.56043055688
"GMST","raw",33,1.00658489663216,2060.29174111042
"GMST","raw",34,1.00600113304149,2053.42747690761
"GMST","raw",35,1.00518540499341,2227.20812605427
"GMST","raw",36,1.00464738710403,2307.31241572449
"GMST","raw",37,1.00435263552168,2618.36358260914
"GMST","raw",38,1.00384614199721,2637.75436190781
"GMST","raw",39,1.00351506717633,2780.9966474819
"GMST","raw",40,1.00287333605992,2759.70345476432
"GMST","raw",41,1.00262015724149,2798.52750549568
"GMST","raw",42,1.00237361472677,2792.42451031553
"GMST","raw",43,1.00204087381059,2731.23067518109
"GMST","raw",44,1.00162385444658,2748.26872894705
"GMST","raw",45,1.00145767043016,2627.38269141897
"GMST","raw",46,1.00142875139354,2740.8304097662
"GMST","raw",47,1.00126875475104,2713.49859410742
"GMST","raw",48,1.00101412310925,2787.69519206649
"GMST","raw",49,1.00106653621174,2769.26843145733
"GMST","raw",50,1.00116856572093,2954.78726599717
"GMST","raw",51,1.0012463586651,2942.94806231027
"GMST","raw",52,1.00136420922416,2987.11935125363
"GMST","raw",53,1.00156224841159,3048.36133360114
"GMST","raw",54,1.00144008638378,3246.93110705625
"GMST","raw",55,1.00108538556159,3415.96636102923
"GMST","raw",56,1.00096483212249,3466.54376004102
"GMST","raw",57,1.00063683622093,3617.62392985872
"GMST","raw",58,1.00051962781205,3695.06516716624
"GMST","raw",59,1.00041142309683,3798.91876879848
"GMST","raw",60,1.0003238385204,3892.85444313788
"GMST","raw",61,1.00025357754421,3943.51497487838
"GMST","raw",62,1.00018816480841,3956.86384823504
"GMST","raw",63,1.00014315433933,3935.47776855126
"GMST","raw",64,1.00019571432381,3828.70497565025
"GMST","raw",65,1.00021054408247,3942.71794114781
"GMST","raw",66,1.00024875317169,3746.05061309492
"GMST","raw",67,1.00038762369725,3884.95483521601
"GMST","raw",68,1.00057278298851,3886.97825768332
"GMST","raw",69,1.00050211440576,3820.44375514392
"GMST","raw",70,1.00045188953799,3756.71697059699
"GMST","raw",71,1.00046015000968,3536.49623599464
"GMST","raw",72,1.00043382753906,3791.9872549892
"GMST","raw",73,1.00047116947916,3559.38118987318
"GMST","raw",74,1.00057528689472,3638.40694262096
"GMST","raw",75,1.00054289485063,3852.75612004072
"GMST","raw",76,1.0004736983216,3801.75470414884
"GMST","raw",77,1.00075895320169,3953.11679680023
"GMST","raw",78,1.00094758534254,3944.23466573549
"GMST","raw",79,1.00093339680289,3973.89847786231
"GMST","raw",80,1.00099803400685,4014.76774171344
"GMST","raw",81,1.00127986095792,3929.17519895799
"GMST","raw",82,1.00144131497254,3825.46127515451
"GMST","raw",83,1.00161415211017,3745.7137799695
"GMST","raw",84,1.00168307799639,3514.32157545218
"GMST","raw",85,1.00177661847169,3458.81261143908
"GMST","raw",86,1.0017040553754,3361.67920610673
"GMST","raw",87,1.00196578210078,3028.73492962317
"GMST","raw",88,1.00174399732497,3131.53654975141
"GMST","raw",89,1.00198318032655,3031.57743684984
"GMST","raw",90,1.00219338114308,2613.10689298773
"GMST","raw",91,1.00248792534354,2656.66704940777
"GMST","raw",92,1.00278797049092,2771.42199391114
"GMST","raw",93,1.00287596587345,2377.90217504161
"GMST","raw",94,1.00304765332816,2242.23513086847
"GMST","raw",95,1.00289369583361,2233.44377653895
"GMST","raw",96,1.00320002896268,1961.8002777751
"GMST","raw",97,1.00305100738047,1835.19216309465
"GMST","raw",98,1.00330946036613,1696.04055543057
"GMST","raw",99,1.00368602415215,1545.99312600894
"GMST","raw",100,1.00417550710471,1407.52884264948
"GMST","raw",101,1.00479630157652,1379.41423875187
"GMST","raw",102,1.00463954982933,1142.07955857756
"GMST","raw",103,1.00510549693358,1153.27316226164
"GMST","raw",104,1.00570654797394,1069.61844058371
"GMST","raw",105,1.00496146963938,947.347103529574
"GMST","raw",106,1.00542499212223,918.753588955444
"GMST","raw",107,1.00491579163093,871.576110443551
"GMST","raw",108,1.00535620331404,834.216870338747
"GMST","raw",109,1.00519247528,767.61688654479
"GMST","raw",110,1.00445116540426,836.233745463316
"GMST","raw",111,1.00476211576061,839.65198923872
"GMST","raw",112,1.00473928804016,851.437239523392
"GMST","raw",113,1.0044233316983,961.760061326738
"GMST","raw",114,1.004685507388,977.981341493157
"GMST","raw",115,1.00433737523957,1086.31109265513
"GMST","raw",116,1.00430091679756,1101.37637761041
"GMST","raw",117,1.00427679675366,1219.33762288709
"GMST","raw",118,1.00340134476242,1523.64757973415
"GMST","raw",119,1.00285402774054,1817.78209478993
"GMST","raw",120,1.00301877416547,2035.9473535608
"GMST","raw",121,1.00231426534182,2113.67338458433
"GMST","raw",122,1.00187842159072,2574.70069756142
"GMST","raw",123,1.00127107580703,2810.52145460234
"GMST","raw",124,1.0011362255262,3287.72459374219
"GMST","raw",125,1.00086167159748,3770.71912892837
"GMST","raw",126,1.00080482514233,4117.12045968793
"GMST","raw",127,1.00057475987911,4792.833122258
"GMST","raw",128,1.0003730565897,5248.39872288574
"GMST","raw",129,1.00057696698769,5298.318992294
"GMST","raw",130,1.00037825486234,6072.72941109046
"GMST","raw",131,1.00008654672519,6870.2253184882
"GMST","raw",132,1.00007728820606,7289.58666001841
"GMST","raw",133,1.00011861512966,7825.93632446256
"GMST","raw",134,1.00024781640173,8795.85950600464
"GMST","raw",135,1.00031801302228,9057.41864262937
"GMST","raw",136,1.00041861276827,9359.68515596058
"GMST","raw",137,1.000287623401,9337.00678540636
"GMST","raw",138,1.00035663718197,9571.48880228182
"GMST","raw",139,1.00017396475942,9635.41391849892
"GMST","raw",140,1.00018652314254,8982.93734240785
"GMST","raw",141,1.00016513208909,8862.05926902009
"GMST","raw",142,1.00004190111506,8526.01247815408
"GMST","raw",143,1.00018561919693,8892.40356661361
"GMST","raw",144,1.0002243951856,8440.49778695775
"GMST","raw",145,1.0002559937872,8721.46110790509
"GMST","raw",146,1.00018585185847,8428.55560846276
"GMST","raw",147,1.00048982936841,8331.01641494726
"GMST","raw",148,1.00038716925132,8218.91444026463
"GMST","raw",149,1.00049388696406,8033.84493133289
"GMST","raw",150,1.0004742496236,7419.55680957929
"GMST","raw",151,1.00068126943033,7024.09573015072
"GMST","raw",152,1.00077192402131,6457.77911644083
"GMST","raw",153,1.00064029091002,5554.41555200045
"GMST","raw",154,1.00084362742151,5232.26455106762
"GMST","raw",155,1.00089610606956,4645.71403633728
"GMST","raw",156,1.0012936983233,4141.15959674154
"GMST","raw",157,1.00145559503322,3822.35262059305
"GMST","raw",158,1.00140832314598,3763.39999785916
"GMST","raw",159,1.00154547565053,3463.10719339677
"GMST","raw",160,1.00187218322657,3216.1136199656
"GMST","raw",161,1.00179565893218,3061.28595195756
"GMST","raw",162,1.00182022391607,3043.95598459035
"GMST","raw",163,1.00203086576565,3072.64255948516
"GMST","raw",164,1.00187460127628,3159.17578809083
"GMST","raw",165,1.00160300313068,3302.85713616091
"GMST","raw",166,1.00148172665208,3499.40094743391
"GMST","raw",167,1.00172398489259,3475.64375146924
"GMST","raw",168,1.00144111411621,3709.93936363116
"GMST","raw",169,1.00081115260515,4005.395921891
"GMST","raw",170,1.00073611312019,4670.35053189308
"GMST","raw",171,1.00056917149748,4928.86158072849
"GMST","raw",172,1.00040798572481,5445.82235135811
"GMST","raw",173,1.00022541595269,5844.55750745832
"GMST","raw",174,1.00038953191184,6795.94127488343
"GMST","raw",175,1.00029432461832,7262.4987649854
"GMST","raw",176,1.00036056537705,7810.77289999014
"GMST","raw",177,1.00019678480927,8650.30012355134
"GMST","raw",178,1.00023306286076,9041.47564644461
"GMST","raw",179,1.0001651393811,8996.52778437604
"GMST","raw",180,1.00023206289619,8717.91184992814
"GMST","raw",181,1.00012662842306,8452.93542895279
"GMST","raw",182,1.00018789153191,8020.79047408993
"GMST","raw",183,1.00014161467611,8244.16900970197
"GMST","raw",184,1.00019415354598,8085.02525009085
"GMST","raw",185,1.00014267286447,8460.81735722112
"GMST","raw",186,1.00011015659183,8342.35490910092
"GMST","raw",187,1.00009814616551,7773.78931462396
"GMST","raw",188,1.00010972620018,7807.153290837
"GMST","raw",189,1.00012029184956,7875.13795627505
"GMST","raw",190,1.00024360917978,8266.3770698926
"GMST","raw",191,1.00026289399016,8381.99704719114
"GMST","raw",192,1.00024562229688,9085.78718590022
"GMST","raw",193,1.00036654378702,9408.98295845616
"GMST","raw",194,1.00033063517408,9183.49354736254
"GMST","raw",195,1.00032260116825,9308.86096336367
"GMST","raw",196,1.00040133112543,8968.99458773297
"GMST","raw",197,1.00051923263895,8227.76620211694
"GMST","raw",198,1.00052433817152,7858.69781038588
"GMST","raw",199,1.000596171938,7109.95136770891
"GMST","raw",200,1.00039312413268,6692.00030177321
"GMST","raw",201,1.00036833808173,6235.07699673735
"GMST","raw",202,1.00055261508503,5706.72815967957
"GMST","raw",203,1.00052997200194,5102.13224571206
"GMST","raw",204,1.00082851941545,4631.64288058873
"GMST","raw",205,1.00091187661037,3979.15724716843
"GMST","raw",206,1.00160347229488,3751.03349670236
"GMST","raw",207,1.00184341600985,3382.19001364151
"GMST","raw",208,1.00188081465511,3140.7074986078
"GMST","raw",209,1.00188038949043,2937.77267395895
"GMST","raw",210,1.00199994436829,2891.57451591909
"GMST","raw",211,1.00185301872541,2804.67325905017
"GMST","raw",212,1.00205080326492,2690.46488474485
"GMST","raw",213,1.00188481664378,2717.17485788113
"GMST","raw",214,1.00174667770952,2620.02143203778
"GMST","raw",215,1.00173685679099,2454.52329121908
"GMST","raw",216,1.00160948204463,2381.98916220618
"GMST","raw",217,1.00144294202364,2377.19759013669
"GMST","raw",218,1.00124148191603,2535.04392726925
"GMST","raw",219,1.0009295144379,2796.38484257487
"GMST","raw",220,1.00103592178309,2963.7180909029
"GMST","raw",221,1.00104774787992,3179.7522968238
"GMST","raw",222,1.00072491846192,3324.92514559208
"GMST","raw",223,1.00081952980926,3428.79936784418
"GMST","raw",224,1.00076532627322,3604.20628270427
"GMST","raw",225,1.00069182779839,3589.92136516518
"GMST","raw",226,1.00103980012489,3485.86581163745
"GMST","raw",227,1.0006179790952,3411.12442140916
"GMST","raw",228,1.00056338258047,3538.74648589927
"GMST","raw",229,1.00079343761463,3580.68674935345
"GMST","raw",230,1.00092451421805,3598.00750816162
"GMST","raw",231,1.00103206207891,3482.43784809436
"GMST","raw",232,1.00095022409105,3116.032191693
"GMST","raw",233,1.00104758785606,2879.00989788069
"GMST","raw",234,1.00104949471686,2768.41368002281
"GMST","raw",235,1.00107494783905,2601.35092711141
"GMST","raw",236,1.00083671758232,2498.82872131153
"GMST","raw",237,1.00108509829179,2591.96226355586
"GMST","raw",238,1.00084568966441,2864.81344154204
"GMST","raw",239,1.00085336097289,3210.03336945471
"GMST","raw",240,1.00081877252809,3352.48533665785
"GMST","raw",241,1.00086791661449,3577.62753859355
"GMST","raw",242,1.00055219376416,3896.5723608228
"GMST","raw",243,1.00072058175045,3991.52715951058
"GMST","raw",244,1.00093116554228,4011.44235972719
"GMST","raw",245,1.00112579289819,3943.46103783014
"GMST","raw",246,1.00135214563178,4021.15802207838
"GMST","raw",247,1.00173314105741,4046.12915606796
"GMST","raw",248,1.001534030812,4157.46349682135
"GMST","raw",249,1.00147118671794,3884.15070285892
"GMST","raw",250,1.00198481001186,3916.94742805359
"GMST","raw",251,1.00210054169143,4116.69103387734
"GMST","raw",252,1.00208510998436,3915.22740663296
"GMST","raw",253,1.00227914197037,3995.69472911196
"GMST","raw",254,1.00231268927687,4078.97887794946
"GMST","raw",255,1.00261967690317,4163.11181803623
"GMST","raw",256,1.00298325674518,4029.17101588403
"GMST","raw",257,1.00289209485903,3793.43347763434
"GMST","raw",258,1.00273054273777,3885.11856137598
"GMST","raw",259,1.00307404375722,3648.86923374003
"GMST","raw",260,1.00307521155014,3569.57387119612
"GMST","raw",261,1.00286730450332,3591.52410906518
"GMST","raw",262,1.00262577402642,3344.0106848354
"GMST","raw",263,1.00239718777264,3392.9901676348
"GMST","raw",264,1.00205106700149,3698.44989040414
"GMST","raw",265,1.00183503261315,3991.81066916503
"GMST","raw",266,1.00147424282857,4203.01784313259
"GMST","raw",267,1.00123035057635,4545.23433087446
"GMST","raw",268,1.00138389807609,4781.89194468452
"GMST","raw",269,1.00141487403825,4910.02484612285
"GMST","raw",270,1.00131564012131,5198.2641890953
"GMST","raw",271,1.00110440152676,5483.94859543744
"GMST","raw",272,1.00110139102964,5953.52905328349
"GMST","raw",273,1.00121741474058,5589.32083923949
"GMST","raw",274,1.00101492382679,5770.12567486235
"GMST","raw",275,1.00096937729198,5953.42100369427
"GMST","raw",276,1.00104036472068,5547.27393463864
"GMST","raw",277,1.00074999831089,5334.45809297322
"GMST","raw",278,1.00081720722644,5406.1803352491
"GMST","raw",279,1.00067404219051,4988.45092642316
"GMST","raw",280,1.00059698641687,4594.98574037307
"GMST","raw",281,1.00061042009548,3913.05260171574
"GMST","raw",282,1.0004049663116,3574.32849136236
"GMST","raw",283,1.00050945307763,3215.93369802145
"GMST","raw",284,1.00072651115105,2738.43126311604
"GMST","raw",285,1.00081529152597,2398.41910357205
"GMST","raw",286,1.00090841425081,2135.34085554603
"GMST","raw",287,1.00107530743645,1750.99409399806
"GMST","raw",288,1.00127169299954,1415.49533392712
"GMST","raw",289,1.00124025108844,1331.80292600544
"GMST","raw",290,1.00138860419768,1264.97770307502
"GMST","raw",291,1.00142920576472,1283.95997558608
"GMST","raw",292,1.0013495700473,1294.28247508549
"GMST","raw",293,1.00152825868962,1367.87252666959
"GMST","raw",294,1.00136886018545,1445.97973583637
"GMST","raw",295,1.00132012555561,1600.69198532507
"GMST","raw",296,1.00121014901515,1682.50845487463
"GMST","raw",297,1.00100341977337,1926.39890767768
"GMST","raw",298,1.00097922614628,2160.63088445603
"GMST","raw",299,1.00101390074023,2190.13399540275
"GMST","raw",300,1.00079670418322,2448.38655373709
"GMST","raw",301,1.00059224393966,2459.08896011816
"GMST","raw",302,1.00051221627034,2748.68681770083
"GMST","raw",303,1.00083246288978,3078.3424234015
"GMST","raw",304,1.00066014032773,3220.52705195323
"GMST","raw",305,1.00057710476026,3431.29727243651
"GMST","raw",306,1.00074115509815,3450.17912394633
"GMST","raw",307,1.00075150874959,3450.44475147553
"GMST","raw",308,1.00080422593717,3458.66690726478
"GMST","raw",309,1.00076215349949,3865.22835401062
"GMST","raw",310,1.00086861366176,4324.81373455544
"GMST","raw",311,1.00069827606913,4537.68122038764
"GMST","raw",312,1.00063825196252,4637.60688213051
"GMST","raw",313,1.00060833846621,5084.5615063359
"GMST","raw",314,1.00083777737012,5796.6032309182
"GMST","raw",315,1.00068566634222,5864.41404521459
"GMST","raw",316,1.00063518986127,6984.82389754744
"GMST","raw",317,1.00056916120994,7187.37908736721
"GMST","raw",318,1.00037354109466,7904.55601251842
"GMST","raw",319,1.00036406458024,8248.89952035157
"GMST","raw",320,1.00032065143792,7733.86333395028
"GMST","raw",321,1.00033280869603,7927.42924218065
"GMST","raw",322,1.00050200818458,8154.02350020372
"GMST","raw",323,1.00050666188781,8162.98614393901
"GMST","raw",324,1.00054978068544,7963.25237345495
"GMST","raw",325,1.00057525407352,7549.13386416588
"GMST","raw",326,1.0005429231425,6266.97622633635
"GMST","raw",327,1.00037063794268,6912.82376029165
"GMST","raw",328,1.00035070300969,5977.33841926886
"GMST","raw",329,1.00046703601662,5361.2857878856
"GMST","raw",330,1.00060006018831,4033.15768600053
"GMST","raw",331,1.00092470913959,3495.60676114583
"GMST","raw",332,1.00099291092358,3037.37345969165
"GMST","raw",333,1.00115705173107,2550.10037172988
"GMST","raw",334,1.00130878644698,2030.70084154874
"GMST","raw",335,1.00128002512984,1754.25293637487
"GMST","raw",336,1.00126372255676,1345.46057711702
"GMST","raw",337,1.00167719590028,1171.06740465892
"GMST","raw",338,1.00216743616549,946.484493481545
"GMST","raw",339,1.00284277094308,818.307020821694
"GMST","raw",340,1.00215379344626,905.44487815299
"GMST","raw",341,1.00212131642443,1087.5013379206
"GMST","raw",342,1.00222498783317,1230.78884520582
"GMST","raw",343,1.00171567387152,1245.93453545366
"GMST","raw",344,1.00155173939123,1387.84303506517
"GMST","raw",345,1.00193936003095,1440.8322383851
"GMST","raw",346,1.00205663513761,1358.29488929963
"GMST","raw",347,1.00179774570646,1331.09161903583
"GMST","raw",348,1.00157614655223,1320.92584389523
"GMST","raw",349,1.00153406867334,1362.20171778742
"GMST","raw",350,1.00196938520606,1272.3073182962
"GMST","raw",351,1.00163852302885,1200.91751709494
"GMST","raw",352,1.00181880303117,1169.07148112666
"GMST","raw",353,1.00212868789517,1072.9364992535
"GMST","raw",354,1.00225174643255,1024.18879689794
"GMST","raw",355,1.00251888701845,946.801265250796
"GMST","raw",356,1.00280405623355,865.622708573755
"GMST","raw",357,1.00293125644339,832.128241497654
"GMST","raw",358,1.00317143265189,827.426301431386
"GMST","raw",359,1.00299848326027,954.159291964793
"GMST","raw",360,1.00257413056305,1081.38973321725
"GMST","raw",361,1.00227837561148,1206.12310146251
"GMST","raw",362,1.00228163116384,1277.33725308764
"GMST","raw",363,1.00229898846199,1358.29987995641
"GMST","raw",364,1.00229447489949,1439.11170503198
"GMST","raw",365,1.00256271218399,1469.55222125205
"GMST","raw",366,1.00177030804609,1474.42474770458
"GMST","raw",367,1.00162613290323,1504.81309533248
"GMST","raw",368,1.00184611918095,1589.05519996592
"GMST","raw",369,1.00166752036281,1682.01476222676
"GMST","raw",370,1.00189760495785,1548.26154933176
"GMST","raw",371,1.00209519979696,1667.49854545403
"GMST","raw",372,1.00176024454511,1550.40945246675
"GMST","raw",373,1.00186286426939,1770.03734620722
"GMST","raw",374,1.00180995436705,1649.13619297517
"GMST","raw",375,1.00190986951551,1624.03642615921
"GMST","raw",376,1.00160181969658,1558.64533897236
"GMST","raw",377,1.00200428060991,1457.81208310746
"GMST","raw",378,1.00167025379626,1319.217513186
"GMST","raw",379,1.00146476167735,1355.02432710566
"GMST","raw",380,1.00142265466827,1283.93546821374
"GMST","raw",381,1.00132966421434,1256.781107485
"GMST","raw",382,1.00131635736074,1186.74972122984
"GMST","raw",383,1.00148663332626,1297.14787650843
"GMST","raw",384,1.00121939638145,1407.42007824092
"GMST","raw",385,1.00064075235451,1482.43541048905
"GMST","raw",386,1.00047546715687,1694.88332675786
"GMST","raw",387,1.00029279611261,1719.88516635557
"GMST","raw",388,1.0003127878594,1942.60749773166
"GMST","raw",389,1.00045857530158,2114.17795493193
"GMST","raw",390,1.00048860104781,2216.02601714804
"GMST","raw",391,1.0002835198861,2384.76609874891
"GMST","raw",392,1.00045826535123,2333.34867185229
"GMST","raw",393,1.00060299366484,2190.7223462415
"GMST","raw",394,1.00069339503006,1901.77784941782
"GMST","raw",395,1.00080702382494,2092.12366536218
"GMST","raw",396,1.00079298933763,1856.85350745937
"GMST","raw",397,1.00104785536072,1769.74862501485
"GMST","raw",398,1.00111974886336,1646.96304168377
"GMST","raw",399,1.00145895434933,1623.38949526465
"GMST","raw",400,1.00194735949764,1449.7571251559
"GMST","raw",401,1.00234656579373,1438.02841305919
"GMST","raw",402,1.00307692747945,1332.13692479177
"GMST","raw",403,1.00312713054998,1269.7239431677
"GMST","raw",404,1.0031108293109,1285.38753818971
"GMST","raw",405,1.00338652592544,1130.85722542543
"GMST","raw",406,1.00326922008536,1100.15087899116
"GMST","raw",407,1.00363204043314,1091.71996062822
"GMST","raw",408,1.00378955636909,1060.07966237053
"GMST","raw",409,1.00366590459652,1113.02452627426
"GMST","raw",410,1.00398060525836,1078.687168375
"GMST","raw",411,1.00394759058554,1032.67585806762
"GMST","raw",412,1.00413094383069,1003.13897639626
"GMST","raw",413,1.00424226088858,1020.81730785639
"GMST","raw",414,1.00453895386843,1017.30658198821
"GMST","raw",415,1.00497121708675,941.604578829633
"GMST","raw",416,1.0047214433776,991.084660099
"GMST","raw",417,1.00442463066042,974.29680728246
"GMST","raw",418,1.00413121314132,1031.21184734635
"GMST","raw",419,1.00333306371687,1008.30493223213
"GMST","raw",420,1.00331584539166,1048.52959258137
"GMST","raw",421,1.00353535467936,1041.80075069
"GMST","raw",422,1.00289726061854,1092.46307874195
"GMST","raw",423,1.00276603727169,1121.99751172055
"GMST","raw",424,1.00296267466657,1158.90382563643
"GMST","raw",425,1.00302962000663,1223.49030649838
"GMST","raw",426,1.00343690508014,1263.52891349142
"GMST","raw",427,1.00347099073848,1285.56475550332
"GMST","raw",428,1.0037925362344,1449.78649602998
"GMST","raw",429,1.00350464129155,1545.94074414168
"GMST","raw",430,1.00344941469683,1641.17912713352
"GMST","raw",431,1.00371655144402,1635.98019440577
"GMST","raw",432,1.00369079573343,1590.74451331366
"GMST","raw",433,1.00402332786064,1550.69452542269
"GMST","raw",434,1.00378485632084,1613.49435442125
"GMST","raw",435,1.00436675926082,1589.11584259003
"GMST","raw",436,1.004441040513,1492.25721909241
"GMST","raw",437,1.00508226396688,1422.62014052669
"GMST","raw",438,1.00535949742279,1256.59472527665
"GMST","raw",439,1.00581076400748,1154.0750890945
"GMST","raw",440,1.00576060306608,1190.58184528292
"GMST","raw",441,1.00538935112685,1089.37302230898
"GMST","raw",442,1.00540942201285,1130.80325703219
"GMST","raw",443,1.00572280369888,1061.33856045426
"GMST","raw",444,1.00536174747514,1058.90267674513
"GMST","raw",445,1.00531590258829,1033.03675560442
"GMST","raw",446,1.00492270141884,1079.12713755909
"GMST","raw",447,1.00505292403665,1084.18528978597
"GMST","raw",448,1.00480906702755,1153.18310196875
"GMST","raw",449,1.00462992506702,1096.74830828774
"GMST","raw",450,1.00450850310113,1093.26794479668
"GMST","raw",451,1.00377312825506,1173.44111482261
"GMST","raw",452,1.00366723768922,1300.05702275049
"GMST","raw",453,1.0031099890523,1334.87139149547
"GMST","raw",454,1.00247358289904,1595.04452649765
"GMST","raw",455,1.00196454562072,1530.20503008612
"GMST","raw",456,1.00176579042971,1611.95744231383
"GMST","raw",457,1.0017271676832,1713.56694557145
"GMST","raw",458,1.00134229497496,1885.11305983159
"GMST","raw",459,1.00107250801046,2023.99971137194
"GMST","raw",460,1.00088826239486,2017.10180010612
"GMST","raw",461,1.00069589401178,2044.30807051943
"GMST","raw",462,1.00092321693082,2001.63154215457
"GMST","raw",463,1.00095948179992,1878.00216338792
"GMST","raw",464,1.00091422840745,1815.97312596528
"GMST","raw",465,1.00069928941158,1697.70186873639
"GMST","raw",466,1.00110110601601,1610.35483597405
"GMST","raw",467,1.00113767331222,1679.91325308303
"GMST","raw",468,1.00133809260667,1734.79065743314
"GMST","raw",469,1.00122799931729,1759.21859425844
"GMST","raw",470,1.00132459815447,1800.09888396027
"GMST","raw",471,1.00186147419528,1914.46244169407
"GMST","raw",472,1.00181352254241,2144.46051052814
"GMST","raw",473,1.0017167159659,2582.12667455024
"GMST","raw",474,1.0018782942094,3001.74217256576
"GMST","raw",475,1.00152493722505,3706.21347846074
"GMST","raw",476,1.0015445525502,4346.59925703241
"GMST","raw",477,1.0015058172184,4754.65593015831
"GMST","raw",478,1.00148607537706,5124.74288053548
"GMST","raw",479,1.00158434773126,5372.57104118682
"GMST","raw",480,1.00155224133063,4923.26310943686
"GMST","raw",481,1.00165764515594,4560.98223172071
"GMST","raw",482,1.00169521217137,5376.41181438219
"GMST","raw",483,1.00226308389702,4928.79515118871
"GMST","raw",484,1.00221870985241,4814.43548195975
"GMST","raw",485,1.0023952327314,4400.04979762054
"GMST","raw",486,1.00269279880974,4719.58507992388
"GMST","raw",487,1.00298265515602,4627.59321601534
"GMST","raw",488,1.00286054729307,4948.99657103891
"GMST","raw",489,1.00243328545811,5195.80183436648
"GMST","raw",490,1.00298508849017,5125.80372785532
"GMST","raw",491,1.002907121771,5017.84066011681
"GMST","raw",492,1.00206480982211,5528.35844558851
"GMST","raw",493,1.0020136935962,6046.95672023956
"GMST","raw",494,1.00180181912224,5328.18625405769
"GMST","raw",495,1.00157935184962,5259.91694763249
"GMST","raw",496,1.00149414400606,4820.84732660447
"GMST","raw",497,1.00136169788735,5863.6800489565
"GMST","raw",498,1.00104030843339,6660.84583970661
"GMST","raw",499,1.00115016800364,6446.86241422491
"GMST","raw",500,1.00111262829134,8253.97184000567
"GMST","raw",501,1.00099849580197,7641.98246707661
"GMST","raw",502,1.0008570467168,8202.07955217603
"GMST","raw",503,1.00065429710589,8123.95217017778
"GMST","raw",504,1.00057177864725,7800.77565072578
"GMST","raw",505,1.00097873828234,6990.63929905353
"GMST","raw",506,1.00109641837612,7131.97142373135
"GMST","raw",507,1.00112038017565,7135.6260649272
"GMST","raw",508,1.00112785470846,7119.42740935776
"GMST","raw",509,1.00110490274652,7879.72258918279
"GMST","raw",510,1.00074895820451,7741.82094706272
"GMST","raw",511,1.00088488154545,7543.71079011378
"GMST","raw",512,1.00078070431066,7381.2567329441
"GMST","raw",513,1.00067136753531,7692.40942831514
"GMST","raw",514,1.00090744158225,6367.63108998689
"GMST","raw",515,1.00098245767425,5518.25150286868
"GMST","raw",516,1.0013221393441,5566.22782947965
"GMST","raw",517,1.00178370858298,5372.87108542264
"GMST","raw",518,1.00159056942859,5345.13566496774
"GMST","raw",519,1.00154660029663,6517.59776904109
"GMST","raw",520,1.00130122859754,6063.8920270491
"GMST","raw",521,1.00146821141862,6442.12879339904
"GMST","raw",522,1.00138206628039,6995.25190917436
"GMST","raw",523,1.00111737633005,6433.04226732586
"GMST","raw",524,1.00152545912912,5804.91760353283
"GMST","raw",525,1.00171317906115,5586.83571459197
"GMST","raw",526,1.00174873982158,6203.131172985
"GMST","raw",527,1.00193172012444,6229.96105248634
"GMST","raw",528,1.00214349176596,5148.95104483997
"GMST","raw",529,1.00181045307704,5077.49030938288
"GMST","raw",530,1.00183331869243,5386.4467061263
"GMST","raw",531,1.00144279491658,5984.26949968024
"GMST","raw",532,1.00107235188664,5970.65618209993
"GMST","raw",533,1.00125967058362,5794.95769320528
"GMST","raw",534,1.00126205921029,4186.6294590359
"GMST","raw",535,1.0021835037087,3170.1079254138
"GMST","raw",536,1.00271374603335,2633.33821870898
"GMST","raw",537,1.00290292116346,2523.4347775027
"GMST","raw",538,1.00198762585202,2336.72604673706
"GMST","raw",539,1.00153956115749,2769.8964148737
"GMST","raw",540,1.00117750871961,3959.40724968674
"GMST","centered",1,1.12238876067465,1939.22214101225
"GMST","centered",2,1.13979868704965,1490.67784994639
"GMST","centered",3,1.14416027647462,1316.65487705382
"GMST","centered",4,1.14177614797114,1266.04775208702
"GMST","centered",5,1.13451533425658,1358.04408823809
"GMST","centered",6,1.1224892465419,1316.79751455238
"GMST","centered",7,1.11267378368528,1241.7601256822
"GMST","centered",8,1.10231893721072,1211.45810757489
"GMST","centered",9,1.09245469803693,1195.79122011089
"GMST","centered",10,1.08359667467718,1079.69609145086
"GMST","centered",11,1.07449734970661,1067.45948794921
"GMST","centered",12,1.06738909272454,1045.585197528
"GMST","centered",13,1.05866140916204,1010.15086717646
"GMST","centered",14,1.05249534359667,1018.23275845629
"GMST","centered",15,1.04530383007134,907.976343796208
"GMST","centered",16,1.03905442692532,920.699672390376
"GMST","centered",17,1.0354501015122,933.316602862426
"GMST","centered",18,1.03171710600196,928.528659273075
"GMST","centered",19,1.02755622426372,990.14182854039
"GMST","centered",20,1.02387572348027,1013.62576385823
"GMST","centered",21,1.021633481167,1137.63784091007
"GMST","centered",22,1.01845143170875,1127.11850294546
"GMST","centered",23,1.01704354462301,1204.58101699467
"GMST","centered",24,1.01428780082131,1272.96950684891
"GMST","centered",25,1.01267818561713,1320.50874422031
"GMST","centered",26,1.01049265311104,1381.14402168403
"GMST","centered",27,1.00914071408421,1426.1791294271
"GMST","centered",28,1.00801400406155,1469.27777404074
"GMST","centered",29,1.00707206718604,1730.9252637086
"GMST","centered",30,1.00674636019626,1788.6322135778
"GMST","centered",31,1.00638612580479,1923.20947510944
"GMST","centered",32,1.00537296751447,2153.32012949374
"GMST","centered",33,1.00450080139721,2300.94637736298
"GMST","centered",34,1.00400950855088,2298.83801284389
"GMST","centered",35,1.00335065683591,2454.33412857936
"GMST","centered",36,1.00287722830866,2761.37479638645
"GMST","centered",37,1.00267872320444,3051.85281462793
"GMST","centered",38,1.00226890281016,3038.49972231871
"GMST","centered",39,1.00198891245921,3074.87718621696
"GMST","centered",40,1.0015635994396,3034.00829803365
"GMST","centered",41,1.00138324152764,3067.08068257656
"GMST","centered",42,1.00124647029693,3026.48086908116
"GMST","centered",43,1.00093568080198,2933.32576858302
"GMST","centered",44,1.00066377105566,2903.63330715631
"GMST","centered",45,1.00055105234356,2753.40059791137
"GMST","centered",46,1.00053883263161,2938.51973183606
"GMST","centered",47,1.00044344459793,2915.0452371221
"GMST","centered",48,1.00036396473097,2921.59375239634
"GMST","centered",49,1.00037337103606,3002.98575545251
"GMST","centered",50,1.00044254579586,3158.00461226526
"GMST","centered",51,1.00050415812382,3135.84479460037
"GMST","centered",52,1.00065692979047,3276.82541673947
"GMST","centered",53,1.00081291146082,3291.22640809705
"GMST","centered",54,1.00070660076125,3504.92019212744
"GMST","centered",55,1.00052351447797,3737.34124284806
"GMST","centered",56,1.00053305685413,3755.59637807303
"GMST","centered",57,1.00019898673087,3903.74036811349
"GMST","centered",58,1.00017540232428,4024.72044882136
"GMST","centered",59,1.00008609471674,4143.67078063986
"GMST","centered",60,1.00009578774899,4216.56085980631
"GMST","centered",61,1.00017242872005,4327.38919537635
"GMST","centered",62,1.00014192995783,4325.43497125014
"GMST","centered",63,1.0001579099851,4292.99422205654
"GMST","centered",64,1.00011826417625,4171.8428306398
"GMST","centered",65,1.00018143200616,4295.01947944034
"GMST","centered",66,1.00022983396897,4059.35735595723
"GMST","centered",67,1.0003413307867,4150.90918063608
"GMST","centered",68,1.00043941745872,4196.95073792783
"GMST","centered",69,1.00056411732067,4104.61344434775
"GMST","centered",70,1.00045008292458,4009.50234748167
"GMST","centered",71,1.00041272712752,3895.4281484264
"GMST","centered",72,1.00051495495997,3978.86552938487
"GMST","centered",73,1.00063242101501,3819.52347332219
"GMST","centered",74,1.0008075446398,3916.09355073733
"GMST","centered",75,1.00079452304804,4159.7622912489
"GMST","centered",76,1.00091111744615,4084.97576755319
"GMST","centered",77,1.00117744920719,4274.32264812022
"GMST","centered",78,1.00135499130948,4210.35593953284
"GMST","centered",79,1.00145651078681,4281.10844563888
"GMST","centered",80,1.00146635749593,4297.22465917687
"GMST","centered",81,1.00185888907806,4227.59861810467
"GMST","centered",82,1.00205018190109,4095.7938323066
"GMST","centered",83,1.00221541826765,4000.67801888334
"GMST","centered",84,1.0021641905519,3797.89103805073
"GMST","centered",85,1.00229803893968,3628.57475675167
"GMST","centered",86,1.00212268131974,3480.96945699701
"GMST","centered",87,1.00234543335753,3182.85837918658
"GMST","centered",88,1.00218370090574,3246.7927881576
"GMST","centered",89,1.00229959441766,3149.82738301743
"GMST","centered",90,1.00243862594845,2772.08497817402
"GMST","centered",91,1.00277105852838,2779.78431904448
"GMST","centered",92,1.00314477603898,2903.49099049829
"GMST","centered",93,1.00320256302789,2533.33507940432
"GMST","centered",94,1.00335323911707,2324.18189738426
"GMST","centered",95,1.0031520387254,2247.62746497297
"GMST","centered",96,1.00353447714032,2065.62899637436
"GMST","centered",97,1.00337230959647,1913.84591041171
"GMST","centered",98,1.00368411270519,1780.87494355824
"GMST","centered",99,1.00412565435248,1641.58287923266
"GMST","centered",100,1.00467974357463,1475.73637398474
"GMST","centered",101,1.00533323401785,1386.88052622454
"GMST","centered",102,1.00527144100826,1250.4042222081
"GMST","centered",103,1.00584821707729,1169.0787477883
"GMST","centered",104,1.00657101439481,1103.32404049637
"GMST","centered",105,1.0057379021778,987.033881931966
"GMST","centered",106,1.0062823255022,992.109122018046
"GMST","centered",107,1.00586061251492,919.736363963164
"GMST","centered",108,1.00631257232656,833.216973858766
"GMST","centered",109,1.00601865145508,776.126098888994
"GMST","centered",110,1.00510207802469,841.173563554567
"GMST","centered",111,1.00555075698328,837.336623625342
"GMST","centered",112,1.00558813884267,887.038561117422
"GMST","centered",113,1.00526318521572,978.072788199406
"GMST","centered",114,1.00556693062979,1017.0778648827
"GMST","centered",115,1.0051393983883,1132.84691157138
"GMST","centered",116,1.00519650756742,1135.30081234873
"GMST","centered",117,1.0052929019656,1258.74445258154
"GMST","centered",118,1.00421650850137,1440.94550553199
"GMST","centered",119,1.00368143941791,1884.11365332716
"GMST","centered",120,1.0038881952736,2055.62048370417
"GMST","centered",121,1.00309102233594,2187.27376969733
"GMST","centered",122,1.00267826219974,2664.03330216159
"GMST","centered",123,1.00209962315703,3030.49336011711
"GMST","centered",124,1.00194381559731,3357.374516255
"GMST","centered",125,1.00159523849578,3839.37934661621
"GMST","centered",126,1.00158293693177,4158.46335974207
"GMST","centered",127,1.00125426783633,4929.25249948792
"GMST","centered",128,1.00080631919595,5075.6998130706
"GMST","centered",129,1.0009850576713,5418.83822285854
"GMST","centered",130,1.00101652924696,6068.56416984991
"GMST","centered",131,1.00087273719185,6654.87580458991
"GMST","centered",132,1.00058813986891,6892.54522974643
"GMST","centered",133,1.00073798392326,7540.63031883343
"GMST","centered",134,1.00098070820326,8103.73884010181
"GMST","centered",135,1.00105947914909,8690.25662201231
"GMST","centered",136,1.00101620488187,8465.15769256295
"GMST","centered",137,1.00096006622459,8694.74833869436
"GMST","centered",138,1.0011465697656,8338.31972005344
"GMST","centered",139,1.00106723075132,8461.00120643032
"GMST","centered",140,1.00116744401622,8214.61186577739
"GMST","centered",141,1.00088727963399,8369.92742658322
"GMST","centered",142,1.00062506320569,7983.79170184019
"GMST","centered",143,1.00088107166617,8056.18015450047
"GMST","centered",144,1.00082535497882,7013.93521075316
"GMST","centered",145,1.00094433187879,7542.798851663
"GMST","centered",146,1.00096289223502,7599.37813015056
"GMST","centered",147,1.00112530364151,7840.29845780819
"GMST","centered",148,1.00108801961652,7963.12006906918
"GMST","centered",149,1.00106241599457,7367.48062286453
"GMST","centered",150,1.00117321088467,7020.54408668317
"GMST","centered",151,1.00144473333244,6630.88696238381
"GMST","centered",152,1.00127912266497,6083.85069505354
"GMST","centered",153,1.001296056324,5312.80836365534
"GMST","centered",154,1.00170735312908,5018.79443298978
"GMST","centered",155,1.00196998594805,4424.58084917306
"GMST","centered",156,1.00247561645286,4006.17981364476
"GMST","centered",157,1.00259954056557,3719.44954401264
"GMST","centered",158,1.00242690865366,3648.19771385142
"GMST","centered",159,1.00256962677205,3465.78712226263
"GMST","centered",160,1.00281988148004,3118.24532112018
"GMST","centered",161,1.0026824784005,2935.67876460993
"GMST","centered",162,1.00245011701641,2945.08248620537
"GMST","centered",163,1.0027566663624,3070.30715182543
"GMST","centered",164,1.00233451951382,3156.75601478861
"GMST","centered",165,1.0021658830118,3238.02487146681
"GMST","centered",166,1.00231187109335,3364.72078834515
"GMST","centered",167,1.00259169289833,3434.61764607033
"GMST","centered",168,1.00257030648903,3581.50770465949
"GMST","centered",169,1.00169665980875,3932.91477105213
"GMST","centered",170,1.00170226468891,4510.6844996309
"GMST","centered",171,1.00161964665697,4739.67265359145
"GMST","centered",172,1.00138871704557,5163.32342118894
"GMST","centered",173,1.00108030387707,5535.18408713881
"GMST","centered",174,1.0014067458913,6028.72676473679
"GMST","centered",175,1.00126291930411,6620.55543736292
"GMST","centered",176,1.0014141799718,6864.73782089007
"GMST","centered",177,1.00137178297359,7440.08789738287
"GMST","centered",178,1.0014040095715,7660.84625121219
"GMST","centered",179,1.00117033468042,8089.4212586119
"GMST","centered",180,1.00127219391139,7829.63220039385
"GMST","centered",181,1.00094801414297,7447.29873396542
"GMST","centered",182,1.0011731721948,7087.14674433134
"GMST","centered",183,1.00122068080394,6864.0786171351
"GMST","centered",184,1.00120954637751,7323.84537508067
"GMST","centered",185,1.00137440951629,7779.180228039
"GMST","centered",186,1.00129689240183,7405.37962654613
"GMST","centered",187,1.00120329640399,7384.07613903433
"GMST","centered",188,1.00107098379996,7171.92375904234
"GMST","centered",189,1.00091445405433,6916.79445597877
"GMST","centered",190,1.00110634964638,7348.37985302545
"GMST","centered",191,1.0014871036856,7825.8922044922
"GMST","centered",192,1.00137160149728,7727.54617502857
"GMST","centered",193,1.0014158710112,8073.88646646641
"GMST","centered",194,1.00138853930361,8374.85792726161
"GMST","centered",195,1.00119329149949,8215.90052342922
"GMST","centered",196,1.00126559137297,7945.14294876616
"GMST","centered",197,1.00135147247353,7411.82473544464
"GMST","centered",198,1.00139496900446,7518.21976885335
"GMST","centered",199,1.00142487918131,6848.8080340235
"GMST","centered",200,1.00085718962686,6502.79484345641
"GMST","centered",201,1.00062633546758,5553.64828854267
"GMST","centered",202,1.00094368295675,5557.50950048281
"GMST","centered",203,1.0008063956514,5018.79618296903
"GMST","centered",204,1.00106067046252,4572.2441453954
"GMST","centered",205,1.00123392304239,3924.00009009483
"GMST","centered",206,1.00168576797514,3576.38910948995
"GMST","centered",207,1.00190399717667,3411.78885367063
"GMST","centered",208,1.00190619340363,3127.72840569276
"GMST","centered",209,1.00174294015021,2894.70531622247
"GMST","centered",210,1.00174613497884,2900.64394866639
"GMST","centered",211,1.00194037118275,2850.9534790657
"GMST","centered",212,1.00232907739961,2716.93389904161
"GMST","centered",213,1.00237287250715,2748.62594807248
"GMST","centered",214,1.00227827266832,2645.28905316957
"GMST","centered",215,1.00231510520658,2494.12022800386
"GMST","centered",216,1.00223872362923,2423.54753210724
"GMST","centered",217,1.00206993479714,2424.04362982478
"GMST","centered",218,1.00178499217741,2551.21168999342
"GMST","centered",219,1.00154966292632,2814.96271199874
"GMST","centered",220,1.00156247693559,2984.45308563328
"GMST","centered",221,1.00158076054532,3231.40931483519
"GMST","centered",222,1.00129343690106,3424.45430466268
"GMST","centered",223,1.00133261730999,3439.27953715519
"GMST","centered",224,1.00117179124734,3672.8014005643
"GMST","centered",225,1.00106526272407,3617.52131913759
"GMST","centered",226,1.00108947699622,3556.47218653612
"GMST","centered",227,1.00095944061262,3477.11225460263
"GMST","centered",228,1.00105598878394,3601.29358259539
"GMST","centered",229,1.00109124764364,3654.92124469177
"GMST","centered",230,1.00120127258847,3618.41004820849
"GMST","centered",231,1.00110441248959,3522.8857851538
"GMST","centered",232,1.00091928266484,3228.70167606404
"GMST","centered",233,1.00088930307471,2897.54329210614
"GMST","centered",234,1.00095548770425,2765.85162550575
"GMST","centered",235,1.00082920067461,2576.69279877986
"GMST","centered",236,1.00097084293698,2550.18905181522
"GMST","centered",237,1.00119456756581,2699.03015766709
"GMST","centered",238,1.00075138021535,2943.43001733005
"GMST","centered",239,1.00063269083554,3207.56668928815
"GMST","centered",240,1.00081020839009,3407.38368626394
"GMST","centered",241,1.00077031756228,3437.31605432697
"GMST","centered",242,1.00046559127897,3795.0207056188
"GMST","centered",243,1.00030968162158,3881.28750355269
"GMST","centered",244,1.00048598667461,4052.22875439407
"GMST","centered",245,1.00061093277669,3982.90526551809
"GMST","centered",246,1.00058181564051,4097.57250927547
"GMST","centered",247,1.00077986708459,3909.43601245159
"GMST","centered",248,1.0004513272189,3919.47353259105
"GMST","centered",249,1.00038840388149,3868.24527308505
"GMST","centered",250,1.00063585104869,3913.05873430215
"GMST","centered",251,1.0007223985933,4079.15276844417
"GMST","centered",252,1.00075499968593,3968.7502804954
"GMST","centered",253,1.00091806000336,4086.69699983195
"GMST","centered",254,1.00088197290347,4089.59109382504
"GMST","centered",255,1.00110130130048,4195.79796555677
"GMST","centered",256,1.00139422717304,4148.41708396905
"GMST","centered",257,1.00138357175291,3885.11633043108
"GMST","centered",258,1.00127508899677,3918.74168003385
"GMST","centered",259,1.00154928258886,3641.51586013944
"GMST","centered",260,1.00163307276736,3660.13717448586
"GMST","centered",261,1.00149898861695,3636.08910101625
"GMST","centered",262,1.00128422870518,3513.59313882436
"GMST","centered",263,1.00109673922132,3387.5198853507
"GMST","centered",264,1.00087961224439,3740.87078656133
"GMST","centered",265,1.00072192533055,3971.39680047888
"GMST","centered",266,1.00047454738845,4266.40936700767
"GMST","centered",267,1.0004968043264,4589.97417627793
"GMST","centered",268,1.0007108377027,4696.73596244681
"GMST","centered",269,1.00070952553278,4818.26635908166
"GMST","centered",270,1.00048700654429,5232.61388454995
"GMST","centered",271,1.0004549467662,5313.71424655418
"GMST","centered",272,1.00050683530426,5778.21578260377
"GMST","centered",273,1.00063050754801,5510.93153554617
"GMST","centered",274,1.00051885067394,5768.9494730648
"GMST","centered",275,1.00052753472388,5949.41950923503
"GMST","centered",276,1.00066268067515,5686.6991869951
"GMST","centered",277,1.00056825224889,5355.36291194261
"GMST","centered",278,1.0004790141539,5102.17597063379
"GMST","centered",279,1.0005127638704,4815.36077771199
"GMST","centered",280,1.00050750112341,4296.65656178392
"GMST","centered",281,1.0004353132288,3966.27853568199
"GMST","centered",282,1.00044483189472,3590.57472102137
"GMST","centered",283,1.00046951833298,3120.48055886781
"GMST","centered",284,1.00044757293177,2900.68544727564
"GMST","centered",285,1.00063420653695,2452.75303655358
"GMST","centered",286,1.00069628710523,2176.49660331283
"GMST","centered",287,1.00090665165797,1840.96715015068
"GMST","centered",288,1.00102713384677,1454.29963542416
"GMST","centered",289,1.00104140029879,1401.07006089421
"GMST","centered",290,1.00112513349961,1343.38385023494
"GMST","centered",291,1.00115188761556,1288.22339088548
"GMST","centered",292,1.00109676821711,1282.46233535584
"GMST","centered",293,1.00117883742797,1484.74696885773
"GMST","centered",294,1.00106327293741,1514.21543521788
"GMST","centered",295,1.00112606589737,1641.42515111714
"GMST","centered",296,1.00100638637079,1731.26285362354
"GMST","centered",297,1.00079715271191,1969.44146765832
"GMST","centered",298,1.00082063810522,2149.20005508689
"GMST","centered",299,1.00071671118244,2333.06171863676
"GMST","centered",300,1.00061504218675,2405.37906855641
"GMST","centered",301,1.00050486832207,2552.07401377481
"GMST","centered",302,1.00048551946296,2848.94621889747
"GMST","centered",303,1.00062494328943,3180.94357039071
"GMST","centered",304,1.00063624382792,3352.24632678683
"GMST","centered",305,1.00063050437181,3451.84231465283
"GMST","centered",306,1.00069198104557,3593.14176454798
"GMST","centered",307,1.00064443220849,3530.57565279808
"GMST","centered",308,1.00060122299238,3798.87738864909
"GMST","centered",309,1.0005199239354,4077.8243757046
"GMST","centered",310,1.00055794164738,4304.7630964217
"GMST","centered",311,1.00050815909521,4465.16105049214
"GMST","centered",312,1.00060374198059,4784.33998854416
"GMST","centered",313,1.00062569633022,5057.70896656758
"GMST","centered",314,1.00076445666954,5772.99340004684
"GMST","centered",315,1.00059575318707,5857.72711235723
"GMST","centered",316,1.00070255159224,6303.0190847607
"GMST","centered",317,1.0007615939756,7180.43150095013
"GMST","centered",318,1.00069352819003,7822.87487072887
"GMST","centered",319,1.00067437959881,8007.45476516092
"GMST","centered",320,1.00082060139582,7584.22839336413
"GMST","centered",321,1.00081433582964,7643.47328730277
"GMST","centered",322,1.00120591444403,7524.26009515211
"GMST","centered",323,1.001383716671,7937.06233498106
"GMST","centered",324,1.00131332216698,7678.6785109404
"GMST","centered",325,1.00139827318779,7275.30146556591
"GMST","centered",326,1.00128631542675,5975.44885281144
"GMST","centered",327,1.00122792402704,6660.75298083822
"GMST","centered",328,1.00105586992579,6047.92267796392
"GMST","centered",329,1.00108258725543,5453.13491404723
"GMST","centered",330,1.00142904347792,4280.40481589493
"GMST","centered",331,1.00186737964087,3614.06705464265
"GMST","centered",332,1.00206828586045,3240.22219879959
"GMST","centered",333,1.00234902305011,2663.95295531661
"GMST","centered",334,1.00231342623266,2172.72884960214
"GMST","centered",335,1.00235713920268,1823.81413458967
"GMST","centered",336,1.00228493671828,1410.06744448857
"GMST","centered",337,1.00277566780963,1173.34107975782
"GMST","centered",338,1.00361243789698,966.942588544177
"GMST","centered",339,1.00439109622382,857.191354146257
"GMST","centered",340,1.00355369369244,943.693644266879
"GMST","centered",341,1.00343163871475,1159.79411719199
"GMST","centered",342,1.00350850101684,1243.03972241435
"GMST","centered",343,1.00267689792688,1310.32083595283
"GMST","centered",344,1.00276474119517,1469.02733819011
"GMST","centered",345,1.00321820750416,1497.6789855969
"GMST","centered",346,1.00308800057618,1457.70452913716
"GMST","centered",347,1.00284436262436,1378.19045206122
"GMST","centered",348,1.00254891198747,1386.52369271713
"GMST","centered",349,1.00241326511013,1464.26890681399
"GMST","centered",350,1.00292968947227,1393.92867556394
"GMST","centered",351,1.00236932441558,1273.91803703493
"GMST","centered",352,1.00239775751055,1243.52545901791
"GMST","centered",353,1.00277823039025,1141.07313711947
"GMST","centered",354,1.00299346912976,1087.81666297623
"GMST","centered",355,1.00306528317923,987.286363267746
"GMST","centered",356,1.00350476049579,898.667422793797
"GMST","centered",357,1.00403795399066,837.766916363249
"GMST","centered",358,1.00438701470052,905.836926153963
"GMST","centered",359,1.00382126663692,1018.27182146839
"GMST","centered",360,1.00306711582639,1155.15546389273
"GMST","centered",361,1.00261987939181,1318.80574529919
"GMST","centered",362,1.00255514182692,1347.53749640243
"GMST","centered",363,1.0023950463102,1441.28742443812
"GMST","centered",364,1.00236311910205,1500.26521293495
"GMST","centered",365,1.00245619378396,1557.30386448134
"GMST","centered",366,1.00171398668391,1611.98774299787
"GMST","centered",367,1.00137983003614,1579.07603534149
"GMST","centered",368,1.00139567790556,1740.58376609085
"GMST","centered",369,1.00126448854661,1762.77959134184
"GMST","centered",370,1.00132697467266,1682.73705231821
"GMST","centered",371,1.00167556372984,1788.86406397795
"GMST","centered",372,1.00150831514598,1747.3121004875
"GMST","centered",373,1.00150530582805,1772.23982899674
"GMST","centered",374,1.00152753038996,1772.4752865025
"GMST","centered",375,1.001716877156,1727.4393584516
"GMST","centered",376,1.00142003921148,1710.83475004858
"GMST","centered",377,1.00171339299286,1572.05379751831
"GMST","centered",378,1.00125224037578,1449.74979580003
"GMST","centered",379,1.00133003328188,1472.55780291167
"GMST","centered",380,1.00125024740067,1385.91788257012
"GMST","centered",381,1.00125883263848,1364.93725241733
"GMST","centered",382,1.00143193680444,1277.38853325967
"GMST","centered",383,1.00124774528727,1358.28340297998
"GMST","centered",384,1.00099989952852,1533.43135648058
"GMST","centered",385,1.00073794590201,1627.98018620872
"GMST","centered",386,1.00073048778772,1742.60980460958
"GMST","centered",387,1.00061857326193,1840.5009180565
"GMST","centered",388,1.00043244463859,2073.59368879159
"GMST","centered",389,1.00038900302665,2282.44483877327
"GMST","centered",390,1.00043002144327,2360.92215891049
"GMST","centered",391,1.00043999916854,2533.80791380598
"GMST","centered",392,1.00046646718265,2487.47799379022
"GMST","centered",393,1.00067917221536,2442.01932855357
"GMST","centered",394,1.00070834561235,2234.08212805544
"GMST","centered",395,1.00095281065832,2184.85375860821
"GMST","centered",396,1.00096542853438,1922.0397002518
"GMST","centered",397,1.00119228922936,1951.77489099078
"GMST","centered",398,1.00119749962899,1748.98987527
"GMST","centered",399,1.0015649530578,1728.54402131422
"GMST","centered",400,1.00204099706534,1525.61036172462
"GMST","centered",401,1.00229888923831,1528.06365280194
"GMST","centered",402,1.00305633732701,1398.27131646546
"GMST","centered",403,1.00304923556913,1338.42934084856
"GMST","centered",404,1.00298677572364,1318.24084739181
"GMST","centered",405,1.0032919850009,1183.96292460317
"GMST","centered",406,1.00309645725584,1176.01463070559
"GMST","centered",407,1.00356375949486,1147.88903611916
"GMST","centered",408,1.00355076905575,1146.02502876589
"GMST","centered",409,1.00344781874296,1201.47311346779
"GMST","centered",410,1.00373367279794,1108.85551375337
"GMST","centered",411,1.00363018040701,1097.78989011055
"GMST","centered",412,1.0037812363725,1064.50482009168
"GMST","centered",413,1.00382914460493,1085.45627656378
"GMST","centered",414,1.00405963724761,1032.9892013668
"GMST","centered",415,1.00423593095376,1003.46636195535
"GMST","centered",416,1.00399145200705,1032.36143472234
"GMST","centered",417,1.00352086129773,1050.54170149528
"GMST","centered",418,1.00325147189395,1101.86307701094
"GMST","centered",419,1.00254388275434,1069.27486445305
"GMST","centered",420,1.00241986759864,1124.46770574366
"GMST","centered",421,1.00250250711691,1155.82893756801
"GMST","centered",422,1.00194571004349,1188.21373595573
"GMST","centered",423,1.00184386961297,1214.79433451602
"GMST","centered",424,1.00193601111313,1271.13947916775
"GMST","centered",425,1.00191632540592,1313.26926569228
"GMST","centered",426,1.00221492940942,1399.93032102067
"GMST","centered",427,1.00235333006053,1481.48890112137
"GMST","centered",428,1.00264599469525,1617.26452446498
"GMST","centered",429,1.00247056482649,1668.41725935893
"GMST","centered",430,1.00251740239891,1886.25699908878
"GMST","centered",431,1.00289984839726,1887.61803114637
"GMST","centered",432,1.00291916282062,1868.59643509686
"GMST","centered",433,1.0033298369373,1780.22174733214
"GMST","centered",434,1.00296758542895,1829.17666710416
"GMST","centered",435,1.00356391273812,1762.4835987714
"GMST","centered",436,1.00378556091363,1701.16038518891
"GMST","centered",437,1.00445547584115,1562.23704296324
"GMST","centered",438,1.00484806667623,1387.12478589417
"GMST","centered",439,1.00527258642815,1284.56665262909
"GMST","centered",440,1.00533867266704,1300.0591756221
"GMST","centered",441,1.00499274133583,1237.05077138079
"GMST","centered",442,1.00515257391155,1241.60949874656
"GMST","centered",443,1.0054163259745,1204.00216111538
"GMST","centered",444,1.00511301518682,1164.99333042151
"GMST","centered",445,1.00508079106248,1121.66071737608
"GMST","centered",446,1.00462762104253,1173.75167121221
"GMST","centered",447,1.00473012863329,1115.30880640138
"GMST","centered",448,1.00472709405281,1216.4199346836
"GMST","centered",449,1.00463834453537,1185.20460928586
"GMST","centered",450,1.00466671584142,1183.06625740907
"GMST","centered",451,1.00392521183304,1293.46701308789
"GMST","centered",452,1.00394374148297,1403.06988226444
"GMST","centered",453,1.00349729399402,1480.40844368328
"GMST","centered",454,1.00307154024865,1696.50428995239
"GMST","centered",455,1.00262022485346,1754.83721334781
"GMST","centered",456,1.0026465861202,1784.44668296861
"GMST","centered",457,1.00262021845859,1988.04540135068
"GMST","centered",458,1.00219184823505,2110.8536799246
"GMST","centered",459,1.00177174708839,2373.43113066822
"GMST","centered",460,1.0016983178557,2398.44778588925
"GMST","centered",461,1.00151266550873,2334.65206464389
"GMST","centered",462,1.0017175605999,2194.37251971496
"GMST","centered",463,1.0016683202081,2039.65392723704
"GMST","centered",464,1.00173374437807,1951.10266683413
"GMST","centered",465,1.00176412712813,1811.64825966491
"GMST","centered",466,1.00255591944651,1703.72760681844
"GMST","centered",467,1.00241582532856,1827.81064887484
"GMST","centered",468,1.00283524853908,1835.07240377985
"GMST","centered",469,1.00254063735977,1850.80715425118
"GMST","centered",470,1.00298930715811,1892.13429434371
"GMST","centered",471,1.00318545629437,1937.04502961535
"GMST","centered",472,1.00300576689462,2136.10169996517
"GMST","centered",473,1.00333179219438,2502.36972082468
"GMST","centered",474,1.00375811812122,2846.8302042206
"GMST","centered",475,1.0034420896751,3366.70828445004
"GMST","centered",476,1.00330282288052,3781.42656973001
"GMST","centered",477,1.0031543686831,4036.27534888761
"GMST","centered",478,1.00316770058176,4115.18648956421
"GMST","centered",479,1.00346885565587,3913.09660796001
"GMST","centered",480,1.00386242857637,3771.07892591284
"GMST","centered",481,1.00456969777859,3467.83682950679
"GMST","centered",482,1.00468869898372,3926.0533176986
"GMST","centered",483,1.0049080443712,3424.49343027743
"GMST","centered",484,1.00485676855015,3573.96888695699
"GMST","centered",485,1.00529381253017,3185.15144700938
"GMST","centered",486,1.00550028996617,3183.73136119205
"GMST","centered",487,1.00627839861236,3809.33917291782
"GMST","centered",488,1.00626826360313,3611.82037578415
"GMST","centered",489,1.00561920759729,3756.88805687338
"GMST","centered",490,1.00636816934794,3497.57372237382
"GMST","centered",491,1.00612109331385,3693.91378514194
"GMST","centered",492,1.00480320326792,3836.72390628092
"GMST","centered",493,1.00502679941275,4015.28534616086
"GMST","centered",494,1.00463800073383,3548.88149829703
"GMST","centered",495,1.00460038012904,3711.71789181799
"GMST","centered",496,1.00455479673552,3481.6656847984
"GMST","centered",497,1.00460242509569,3959.52566794195
"GMST","centered",498,1.00399554283755,4370.8703659069
"GMST","centered",499,1.00435526680789,3992.85722155004
"GMST","centered",500,1.00421594798583,4291.92253188349
"GMST","centered",501,1.00435381485782,4180.87433635954
"GMST","centered",502,1.00411462082891,4542.86027315935
"GMST","centered",503,1.00365486908829,4454.97310415395
"GMST","centered",504,1.00342911056009,4053.99995561024
"GMST","centered",505,1.00432904720005,4251.38778461508
"GMST","centered",506,1.00484677049052,4089.4911877332
"GMST","centered",507,1.00506112754135,4541.07696850718
"GMST","centered",508,1.00487340910155,4689.68687229134
"GMST","centered",509,1.00425411772075,4985.7446067674
"GMST","centered",510,1.00383988095691,4780.4853162178
"GMST","centered",511,1.00383041723854,4515.92479055139
"GMST","centered",512,1.00373552220872,4716.28525656397
"GMST","centered",513,1.00357106917482,4491.2555672991
"GMST","centered",514,1.00379487085812,3678.1123771438
"GMST","centered",515,1.0045340443868,3815.71631171268
"GMST","centered",516,1.0050719877401,3858.65413430011
"GMST","centered",517,1.00593487131027,3855.11104205543
"GMST","centered",518,1.00536366071244,3538.39252116686
"GMST","centered",519,1.00505839123349,4141.37866464998
"GMST","centered",520,1.00457175967087,3697.11101388254
"GMST","centered",521,1.00482956725477,4129.07385750754
"GMST","centered",522,1.00464909320177,4138.77705356849
"GMST","centered",523,1.00432481580036,3885.02165676955
"GMST","centered",524,1.00507656419131,3659.5201397376
"GMST","centered",525,1.00527624742172,3535.21076314711
"GMST","centered",526,1.00512368877762,4168.78844203886
"GMST","centered",527,1.00545006070417,3735.22923137728
"GMST","centered",528,1.00602675200004,3492.57088056291
"GMST","centered",529,1.00530793193606,3523.96615207583
"GMST","centered",530,1.00562503921057,3483.29192770101
"GMST","centered",531,1.00523474182175,3748.23905127491
"GMST","centered",532,1.00474279141245,3787.92872660375
"GMST","centered",533,1.00500984640818,3558.92269622634
"GMST","centered",534,1.00525606956411,2987.02421890243
"GMST","centered",535,1.00689849759197,2404.43223697643
"GMST","centered",536,1.00791802834489,2084.03703964453
"GMST","centered",537,1.00801819989942,1994.42277529312
"GMST","centered",538,1.00643666011736,1901.93658175519
"GMST","centered",539,1.00544280164807,2312.26026602308
"GMST","centered",540,1.00426824105092,3085.13233486139
"GMST","first_difference",1,1.00234903862967,23046.8899007978
"GMST","first_difference",2,1.00003836575514,22663.8665522188
"GMST","first_difference",3,1.00037696478437,22395.1881992434
"GMST","first_difference",4,1.00101317581715,22958.7779971961
"GMST","first_difference",5,1.00293736644837,21460.3243569863
"GMST","first_difference",6,1.00200059974718,21275.0202024837
"GMST","first_difference",7,1.00281176523165,17703.4147122527
"GMST","first_difference",8,1.00220815011273,19709.6587099944
"GMST","first_difference",9,1.00220174368833,19171.1254446963
"GMST","first_difference",10,1.00265938870872,18874.6241111226
"GMST","first_difference",11,1.00154339044791,17223.3567323095
"GMST","first_difference",12,1.00250455722725,17924.7307476636
"GMST","first_difference",13,1.00143958867534,17521.031208373
"GMST","first_difference",14,1.00201704516418,16709.397651314
"GMST","first_difference",15,1.00178684750888,17380.1319013684
"GMST","first_difference",16,1.00062573103244,16537.0880140122
"GMST","first_difference",17,1.00082242004087,17071.0008025298
"GMST","first_difference",18,1.00107445896374,19517.1814503335
"GMST","first_difference",19,1.00102417456481,17524.6142501468
"GMST","first_difference",20,1.0003253323848,18414.4500371662
"GMST","first_difference",21,1.00102435980933,18497.3052231416
"GMST","first_difference",22,1.00007043538642,20116.1787940105
"GMST","first_difference",23,1.0007660925629,20950.3851042424
"GMST","first_difference",24,1.00028558968253,20400.7743657681
"GMST","first_difference",25,1.00065537863764,20417.8374025268
"GMST","first_difference",26,1.00035941532199,21274.5867976844
"GMST","first_difference",27,1.00010343805065,22391.6763483629
"GMST","first_difference",28,1.00016273657113,22685.1547514177
"GMST","first_difference",29,1.00009673786019,23067.1275174803
"GMST","first_difference",30,1.00004421311379,23754.5218015094
"GMST","first_difference",31,1.0002355306357,21730.189574079
"GMST","first_difference",32,1.00026860121564,22950.1942997121
"GMST","first_difference",33,1.00002742204043,23207.8715310649
"GMST","first_difference",34,1.00017138417628,23098.6833139548
"GMST","first_difference",35,1.00001651772976,23048.167711048
"GMST","first_difference",36,1.00035048109377,23456.4368237701
"GMST","first_difference",37,0.999997525282803,21531.0554023457
"GMST","first_difference",38,1.00004352284606,21869.5934107558
"GMST","first_difference",39,1.00051123755433,22786.1326518931
"GMST","first_difference",40,0.999995841121671,22247.0830064441
"GMST","first_difference",41,1.00001696974935,23554.3415537655
"GMST","first_difference",42,1.00017435630118,23420.6198118636
"GMST","first_difference",43,1.00023118106889,24000
"GMST","first_difference",44,1.00004296754716,23215.7542139519
"GMST","first_difference",45,0.999886334769712,22950.6890621985
"GMST","first_difference",46,0.999980058950919,22367.9729462642
"GMST","first_difference",47,1.00007746377183,22597.7812951219
"GMST","first_difference",48,1.00001513045935,21085.6596393889
"GMST","first_difference",49,1.00006528561474,21840.1443898742
"GMST","first_difference",50,1.00002649021453,22223.121081957
"GMST","first_difference",51,1.00016783459061,23319.0845467952
"GMST","first_difference",52,1.00013570856366,22385.7835299886
"GMST","first_difference",53,0.999920440206608,23240.3618568877
"GMST","first_difference",54,1.0001098724351,22997.7697066736
"GMST","first_difference",55,0.999983464937815,23289.1210306525
"GMST","first_difference",56,1.00032124147356,22515.810953214
"GMST","first_difference",57,0.999953360556533,23414.2465090491
"GMST","first_difference",58,0.999954524675456,22997.0504355345
"GMST","first_difference",59,0.999976623310023,22770.0985607753
"GMST","first_difference",60,1.00009852124932,22763.937960015
"GMST","first_difference",61,1.00004928431829,22115.5936531795
"GMST","first_difference",62,1.00008148837926,23541.8466363618
"GMST","first_difference",63,1.00035702188655,23652.0711077106
"GMST","first_difference",64,1.00001189316073,23426.5463582881
"GMST","first_difference",65,1.00022845133095,23419.0894919574
"GMST","first_difference",66,0.999945119360636,23462.4529603994
"GMST","first_difference",67,0.999974553253893,23584.0520020324
"GMST","first_difference",68,1.00012912019572,23432.4754554799
"GMST","first_difference",69,0.999998302894539,23441.7605951687
"GMST","first_difference",70,0.999974751920598,23125.483837696
"GMST","first_difference",71,1.00001401168199,23336.0321355482
"GMST","first_difference",72,0.999969358842411,22639.5843667886
"GMST","first_difference",73,1.00005501973889,23497.3601246183
"GMST","first_difference",74,1.00003932822025,22940.6598033721
"GMST","first_difference",75,1.00003104893586,21833.1222136412
"GMST","first_difference",76,0.999991962675394,22774.6301086846
"GMST","first_difference",77,0.999988262034932,21968.5570553903
"GMST","first_difference",78,0.999949950568578,23152.9973325708
"GMST","first_difference",79,1.00005496543212,22666.9859743871
"GMST","first_difference",80,0.999975318882933,22508.5785940752
"GMST","first_difference",81,1.00008481143762,20907.6527213491
"GMST","first_difference",82,1.00000397534919,24000
"GMST","first_difference",83,0.999930584577572,23340.714476418
"GMST","first_difference",84,1.0000591499612,24027.9741264111
"GMST","first_difference",85,0.999997006892085,22799.2899573375
"GMST","first_difference",86,1.00001465242587,23460.0903405078
"GMST","first_difference",87,0.99998197477139,22131.4198809589
"GMST","first_difference",88,1.00017057796388,22650.7564889626
"GMST","first_difference",89,1.00018491519101,22056.7092008057
"GMST","first_difference",90,1.00012547257846,23585.6841271133
"GMST","first_difference",91,0.999998598663836,22210.3809425491
"GMST","first_difference",92,1.00003643570804,22678.3882413162
"GMST","first_difference",93,1.0000323826289,21537.242777056
"GMST","first_difference",94,1.00013950282725,20867.3115722724
"GMST","first_difference",95,1.00005516614941,20603.4766630039
"GMST","first_difference",96,0.99998575809438,22456.3362167758
"GMST","first_difference",97,1.00000770333123,18854.3960179427
"GMST","first_difference",98,0.999987502446495,22291.9514802004
"GMST","first_difference",99,1.0002549771373,21560.5896260321
"GMST","first_difference",100,1.0002042663476,21344.9997262096
"GMST","first_difference",101,1.00000966666168,20431.6021827232
"GMST","first_difference",102,1.00010192784933,20299.0865965265
"GMST","first_difference",103,1.00002192958574,19538.735514061
"GMST","first_difference",104,1.00022140966754,17542.9554953149
"GMST","first_difference",105,1.00007893042222,16523.5911520797
"GMST","first_difference",106,1.00001770375113,17783.7835418278
"GMST","first_difference",107,1.00012714968095,18341.01774029
"GMST","first_difference",108,1.00002528613124,17084.1084459099
"GMST","first_difference",109,1.00009691831665,16358.3479363699
"GMST","first_difference",110,1.00059606800887,15937.7207084688
"GMST","first_difference",111,0.999910607336996,16108.1059362429
"GMST","first_difference",112,1.00004147246119,16554.8786473229
"GMST","first_difference",113,1.00014522165106,16675.9669931777
"GMST","first_difference",114,1.00003567213618,18277.7392483061
"GMST","first_difference",115,0.999934718279818,20353.9660034374
"GMST","first_difference",116,0.999987498689173,20509.5422193644
"GMST","first_difference",117,1.00040902846685,20199.915311266
"GMST","first_difference",118,1.00001874296248,20753.61677245
"GMST","first_difference",119,1.00011513281342,21561.4800732972
"GMST","first_difference",120,1.00024555119626,22419.0164019739
"GMST","first_difference",121,1.00000416961421,22086.7780512484
"GMST","first_difference",122,1.00027376795115,21150.9697699841
"GMST","first_difference",123,1.00000602088256,21225.1552638532
"GMST","first_difference",124,0.999996563637848,22281.8127793426
"GMST","first_difference",125,1.00002106333611,23602.0571044115
"GMST","first_difference",126,1.0000657699056,23674.2737138643
"GMST","first_difference",127,1.00024072547669,23533.4596610228
"GMST","first_difference",128,0.999939477721554,24000
"GMST","first_difference",129,0.999903652001707,23208.8398849054
"GMST","first_difference",130,1.00010387811475,23983.9043967026
"GMST","first_difference",131,1.00002164540147,23926.0192706731
"GMST","first_difference",132,1.0001323897185,24000
"GMST","first_difference",133,1.00018013209567,23697.1023167689
"GMST","first_difference",134,1.00022432328778,24000
"GMST","first_difference",135,1.00007780519619,23734.2070244633
"GMST","first_difference",136,1.0000257157577,23705.2313826247
"GMST","first_difference",137,1.00002522498727,22274.6080387791
"GMST","first_difference",138,1.00000594884012,23657.2393565728
"GMST","first_difference",139,0.999984809229281,23734.4173614746
"GMST","first_difference",140,1.00009571284451,23523.9795199342
"GMST","first_difference",141,1.00008565533324,22531.0166911868
"GMST","first_difference",142,1.00012576585036,23052.2875524282
"GMST","first_difference",143,0.999980247187998,24000
"GMST","first_difference",144,0.999942618161809,23673.5762462736
"GMST","first_difference",145,1.00009857985895,24000
"GMST","first_difference",146,1.0001330881853,24000
"GMST","first_difference",147,1.00008810142521,24000
"GMST","first_difference",148,0.999985800791507,23405.135135143
"GMST","first_difference",149,1.0002102337151,23456.2439764299
"GMST","first_difference",150,1.00005376899799,24000
"GMST","first_difference",151,1.00006918357923,23660.7814989722
"GMST","first_difference",152,1.00001677792406,23511.154959321
"GMST","first_difference",153,1.00023058800049,23105.9201547849
"GMST","first_difference",154,0.999998555654094,22289.3983606966
"GMST","first_difference",155,1.00014170545001,23933.9441216553
"GMST","first_difference",156,1.00000325483326,22774.3016645505
"GMST","first_difference",157,0.999961323145114,22939.4457402317
"GMST","first_difference",158,1.00002562969066,21898.8326216605
"GMST","first_difference",159,1.0001712336193,20540.1537945158
"GMST","first_difference",160,0.999957066827847,20815.7575721912
"GMST","first_difference",161,0.99997952808609,21579.8086858505
"GMST","first_difference",162,1.00002197236943,21558.5974845764
"GMST","first_difference",163,1.00032963432359,21332.9331133236
"GMST","first_difference",164,1.00012237721952,20291.5581764626
"GMST","first_difference",165,1.00002295824581,20439.5182183284
"GMST","first_difference",166,1.00006195123292,22261.8949512484
"GMST","first_difference",167,1.00010482877034,23346.6210404498
"GMST","first_difference",168,1.00021267628311,22555.4484106219
"GMST","first_difference",169,0.999904820976786,23690.7887168057
"GMST","first_difference",170,1.00014333188595,23164.0461725492
"GMST","first_difference",171,1.00014618883566,22266.5375283989
"GMST","first_difference",172,1.00015277561713,24036.7728142929
"GMST","first_difference",173,1.00002538057285,22118.1918236923
"GMST","first_difference",174,0.999934162307373,22537.1236767519
"GMST","first_difference",175,1.00003135441971,23389.8888166008
"GMST","first_difference",176,1.00008560217438,22513.3591369868
"GMST","first_difference",177,0.999940710828934,22693.8052866648
"GMST","first_difference",178,0.999972237872739,22436.1580011612
"GMST","first_difference",179,0.999948535023733,24000
"GMST","first_difference",180,0.999982676502633,23386.0311542301
"GMST","first_difference",181,1.00004984797533,24000
"GMST","first_difference",182,1.00012934543058,24122.3241223686
"GMST","first_difference",183,0.999978582039334,23471.0342658072
"GMST","first_difference",184,1.00000356983914,23366.4836076497
"GMST","first_difference",185,1.00001373119799,22581.8135473457
"GMST","first_difference",186,1.00020736725318,22932.2060108467
"GMST","first_difference",187,1.00007755203012,23767.4990412737
"GMST","first_difference",188,0.99997345868883,23716.0497317712
"GMST","first_difference",189,1.00014565558587,23391.1655152439
"GMST","first_difference",190,1.00010803327011,23751.2188486723
"GMST","first_difference",191,0.999985422930565,23071.3266032307
"GMST","first_difference",192,1.00005096392864,24000
"GMST","first_difference",193,1.00007407758437,23337.0290317204
"GMST","first_difference",194,1.00000552763057,24000
"GMST","first_difference",195,1.00013785476859,23814.031546154
"GMST","first_difference",196,1.000059138455,23956.6540729882
"GMST","first_difference",197,0.999883738370872,22303.0613600189
"GMST","first_difference",198,1.00002515225585,24000
"GMST","first_difference",199,1.0001618591161,24000
"GMST","first_difference",200,1.00004115766023,23160.0258407112
"GMST","first_difference",201,1.00008277948546,23073.2480522257
"GMST","first_difference",202,0.999933829140996,22741.8249906443
"GMST","first_difference",203,1.00002738483146,23580.3404744815
"GMST","first_difference",204,0.999916758814365,22595.3014427087
"GMST","first_difference",205,1.00021571705211,22220.4100128901
"GMST","first_difference",206,0.999920448668567,22099.1237320364
"GMST","first_difference",207,0.999959521927771,22638.7602004755
"GMST","first_difference",208,0.99999967799298,21783.8762847787
"GMST","first_difference",209,1.00006231860779,21201.4290378061
"GMST","first_difference",210,1.00015223679074,21699.6241768316
"GMST","first_difference",211,1.00008208106886,20692.1242289386
"GMST","first_difference",212,1.00026940305767,21032.8889515159
"GMST","first_difference",213,0.99995060917145,20988.8111035173
"GMST","first_difference",214,0.999996835360224,21651.7206657459
"GMST","first_difference",215,1.00015873681711,22570.4066697525
"GMST","first_difference",216,0.99996423786335,20982.3011844728
"GMST","first_difference",217,1.00009715515724,20944.3294129491
"GMST","first_difference",218,1.00001451948859,19023.4352572258
"GMST","first_difference",219,0.999962928437819,21686.0653041832
"GMST","first_difference",220,1.00004005734652,20761.6952174378
"GMST","first_difference",221,1.00012005523021,21466.5301825952
"GMST","first_difference",222,1.00017374034037,20697.5378348336
"GMST","first_difference",223,1.00010025246675,22001.5786133333
"GMST","first_difference",224,1.00014914710147,19780.6199111112
"GMST","first_difference",225,1.00013215038357,22200.5615409713
"GMST","first_difference",226,1.00014049864507,22480.6041837346
"GMST","first_difference",227,0.999985281270687,22846.5625801407
"GMST","first_difference",228,1.00007871205536,21401.0128542582
"GMST","first_difference",229,1.00001160370465,21107.6370728951
"GMST","first_difference",230,1.00019370277386,21853.0249405596
"GMST","first_difference",231,0.999992605485759,22174.0608019782
"GMST","first_difference",232,0.999980929224804,19360.2467580452
"GMST","first_difference",233,1.00009197926651,21334.3343498665
"GMST","first_difference",234,0.999996887765355,20494.8769671782
"GMST","first_difference",235,1.0000441042006,21500.8489761977
"GMST","first_difference",236,1.00008291118521,20197.6131996503
"GMST","first_difference",237,0.999935874001475,21068.0814795867
"GMST","first_difference",238,1.00014562907616,21406.1505741337
"GMST","first_difference",239,0.999956266906816,22875.7992263413
"GMST","first_difference",240,0.999954425196745,21801.8282064016
"GMST","first_difference",241,1.00002473743035,22602.6525568795
"GMST","first_difference",242,1.00013983748621,21570.5676492784
"GMST","first_difference",243,0.99996375662479,23262.5021185335
"GMST","first_difference",244,0.999953481879352,23017.8757438238
"GMST","first_difference",245,1.00002172311472,22404.2853555418
"GMST","first_difference",246,1.00011100777573,22722.1385671082
"GMST","first_difference",247,1.00026100559713,22371.392663367
"GMST","first_difference",248,0.999985724819509,23051.9361628277
"GMST","first_difference",249,1.00005571959405,23585.3961123461
"GMST","first_difference",250,0.999971115163537,23028.6816667726
"GMST","first_difference",251,1.000098204699,21861.1873057925
"GMST","first_difference",252,1.00000923948761,23355.841005164
"GMST","first_difference",253,1.0000938622596,22843.7645460508
"GMST","first_difference",254,1.0000360311094,22276.2532087249
"GMST","first_difference",255,1.000103240335,23111.3835916365
"GMST","first_difference",256,1.0001021231486,24007.8170938874
"GMST","first_difference",257,0.999908833126599,22572.3434296815
"GMST","first_difference",258,1.0000220870587,22485.6916016071
"GMST","first_difference",259,1.00000265533672,21569.7850686659
"GMST","first_difference",260,1.00002658532802,22887.114099918
"GMST","first_difference",261,1.00004398986241,23910.0412465688
"GMST","first_difference",262,1.00027267271267,22949.5125163064
"GMST","first_difference",263,0.999980410592391,22404.7888759986
"GMST","first_difference",264,0.999917966827602,22903.6230493722
"GMST","first_difference",265,1.00012375609249,21797.1173887007
"GMST","first_difference",266,1.00013608078476,23164.2931884119
"GMST","first_difference",267,0.999970107884215,23760.5361212045
"GMST","first_difference",268,0.999968507309607,23157.8351269443
"GMST","first_difference",269,1.0000324931428,23324.4734414096
"GMST","first_difference",270,0.999982503076697,22916.4739756236
"GMST","first_difference",271,1.00012328906043,22726.9993261439
"GMST","first_difference",272,0.999995961809048,22741.6977963609
"GMST","first_difference",273,1.0000806683118,23112.6450480803
"GMST","first_difference",274,0.999976702969377,22397.0074787686
"GMST","first_difference",275,1.00011001633203,22350.5229275881
"GMST","first_difference",276,1.00000799712567,23644.7056513962
"GMST","first_difference",277,0.999940615908778,23049.4449312171
"GMST","first_difference",278,1.00006214124658,23534.2342404363
"GMST","first_difference",279,0.999985492751855,22846.4248861916
"GMST","first_difference",280,1.00002627718376,21743.76524718
"GMST","first_difference",281,1.00019301061891,19708.5572701074
"GMST","first_difference",282,1.00003829525273,22588.559580055
"GMST","first_difference",283,1.00026886099945,21004.0000757725
"GMST","first_difference",284,0.999919683407253,19545.0360057926
"GMST","first_difference",285,0.999967738771468,19837.0468340761
"GMST","first_difference",286,0.999986131077134,17335.985465108
"GMST","first_difference",287,1.00011863333467,15324.7312516042
"GMST","first_difference",288,1.00017773372389,17617.7957624645
"GMST","first_difference",289,1.00027616653224,19077.9887340944
"GMST","first_difference",290,0.999939082465861,17170.2366642213
"GMST","first_difference",291,1.00006549156893,18676.3990811696
"GMST","first_difference",292,1.00022558339576,20761.0892329969
"GMST","first_difference",293,1.00005283668381,21681.6801482167
"GMST","first_difference",294,0.999989629621052,21206.8112774429
"GMST","first_difference",295,0.999968584606105,20541.4101732849
"GMST","first_difference",296,1.00008968244283,22118.6307991212
"GMST","first_difference",297,1.00003024674591,21848.6897801979
"GMST","first_difference",298,1.00009760563413,22594.3409010748
"GMST","first_difference",299,0.99999020986967,21848.2554769439
"GMST","first_difference",300,1.00007136850168,22753.7901004581
"GMST","first_difference",301,1.00007962426367,22561.671634269
"GMST","first_difference",302,1.0001225320232,22811.9113831653
"GMST","first_difference",303,0.99995903940511,22962.5376256302
"GMST","first_difference",304,1.00006725369804,24000
"GMST","first_difference",305,1.00006751133312,22288.72867932
"GMST","first_difference",306,1.00014016857982,23410.3144051021
"GMST","first_difference",307,0.999924296654673,23671.78611402
"GMST","first_difference",308,1.00005840671136,23296.6399879509
"GMST","first_difference",309,1.00009229879507,22991.0396996116
"GMST","first_difference",310,1.00020586066204,23354.6422408587
"GMST","first_difference",311,1.00011369804725,23278.4507779606
"GMST","first_difference",312,1.00002463171164,23555.7139372592
"GMST","first_difference",313,0.999958512372047,22722.6748043966
"GMST","first_difference",314,1.00002296062016,23366.1022677698
"GMST","first_difference",315,0.99997793236134,22714.5918345157
"GMST","first_difference",316,1.00006265726826,23528.7033882146
"GMST","first_difference",317,1.00018449453561,22903.7438175382
"GMST","first_difference",318,0.999920797797815,23041.3897244559
"GMST","first_difference",319,0.99999021759482,23129.0185473969
"GMST","first_difference",320,1.00010431839147,23679.6255592792
"GMST","first_difference",321,1.0000604308281,23776.4047763838
"GMST","first_difference",322,1.00007077803655,23629.5271970935
"GMST","first_difference",323,0.999989921752646,23570.3457377789
"GMST","first_difference",324,1.00000157935944,23081.9360195147
"GMST","first_difference",325,0.999997161512046,23570.4063513646
"GMST","first_difference",326,1.00003853417996,24673.2402513602
"GMST","first_difference",327,0.999983432225607,23236.2766176999
"GMST","first_difference",328,0.999943829623086,24000
"GMST","first_difference",329,1.00000855117532,23534.0559121675
"GMST","first_difference",330,1.0000094484521,22962.4150266053
"GMST","first_difference",331,0.999974326928509,21864.1682006008
"GMST","first_difference",332,1.00000758855501,22120.3375968479
"GMST","first_difference",333,1.00012402604518,22684.4065533871
"GMST","first_difference",334,0.999891622629325,23029.8179960754
"GMST","first_difference",335,1.00001496545896,17074.4254103084
"GMST","first_difference",336,1.00000851640903,17464.9618392433
"GMST","first_difference",337,1.0002811656685,15764.048965745
"GMST","first_difference",338,1.00021752637097,16502.4101999608
"GMST","first_difference",339,1.00001842268931,13505.3687946023
"GMST","first_difference",340,0.999946209244375,17400.5534809006
"GMST","first_difference",341,0.999941826542791,16309.9988697382
"GMST","first_difference",342,1.00021967759683,15948.0869415769
"GMST","first_difference",343,1.0002318802631,19065.2754734076
"GMST","first_difference",344,0.999966098665169,17890.0412893866
"GMST","first_difference",345,1.00014583876444,18066.6890248546
"GMST","first_difference",346,1.00026731183909,15999.5725249752
"GMST","first_difference",347,1.00022806900615,18071.8024188676
"GMST","first_difference",348,1.00007755364224,19558.2417191365
"GMST","first_difference",349,1.00021248458964,17662.2450590775
"GMST","first_difference",350,1.00020436479048,16813.1252542618
"GMST","first_difference",351,1.00017709065593,17411.9898699924
"GMST","first_difference",352,1.00012435779405,17992.1252206354
"GMST","first_difference",353,1.00012627920167,15764.4536102334
"GMST","first_difference",354,1.00021215736483,15161.6136840626
"GMST","first_difference",355,1.00004678863501,13974.0410176866
"GMST","first_difference",356,1.00026919647535,14229.9611193368
"GMST","first_difference",357,1.00020589798911,13909.486782653
"GMST","first_difference",358,1.00021370439094,14556.3317188932
"GMST","first_difference",359,1.00018119072904,15570.4144198509
"GMST","first_difference",360,0.999965420071426,15637.2710151356
"GMST","first_difference",361,0.999977681546223,17348.3413765359
"GMST","first_difference",362,1.00000628391369,18317.2948556535
"GMST","first_difference",363,1.00006252089885,19085.5112006669
"GMST","first_difference",364,0.99994918619985,19745.7812310077
"GMST","first_difference",365,1.00033732085595,21171.3964446478
"GMST","first_difference",366,1.00017056286686,19275.2647125831
"GMST","first_difference",367,1.00009245227559,21145.2422736677
"GMST","first_difference",368,1.00014689305041,18640.5141626003
"GMST","first_difference",369,1.00010634593408,21750.941814738
"GMST","first_difference",370,0.999978090797109,19844.2722403548
"GMST","first_difference",371,1.00037634601513,19207.5477792887
"GMST","first_difference",372,1.0000962641237,17519.4516202364
"GMST","first_difference",373,1.00035193949508,17445.8960079644
"GMST","first_difference",374,1.00023577831817,18005.4305120745
"GMST","first_difference",375,1.00001465631354,18749.1230031727
"GMST","first_difference",376,1.0001431430188,18346.1125117668
"GMST","first_difference",377,1.00010328626833,17045.921928093
"GMST","first_difference",378,0.999924358032915,16767.8455460297
"GMST","first_difference",379,0.999905187077669,17932.6831464182
"GMST","first_difference",380,1.00032175512773,18634.3260675174
"GMST","first_difference",381,1.00010669694824,18116.8800676488
"GMST","first_difference",382,1.0002532705965,17677.2528894699
"GMST","first_difference",383,1.00014728035472,17857.3431630241
"GMST","first_difference",384,1.00018168636978,18191.7710183466
"GMST","first_difference",385,1.00017586909003,16949.3456671467
"GMST","first_difference",386,1.00016724593066,18631.8619885269
"GMST","first_difference",387,1.000198793102,15765.927877911
"GMST","first_difference",388,0.999956565804242,20046.300449055
"GMST","first_difference",389,1.00000675130541,19374.5187640675
"GMST","first_difference",390,1.00000263618723,21473.2555207079
"GMST","first_difference",391,1.00004995937582,20649.7106503635
"GMST","first_difference",392,1.00016510346838,20090.3786944246
"GMST","first_difference",393,0.999993279952514,20739.6642289509
"GMST","first_difference",394,0.999995790268062,22207.5461380993
"GMST","first_difference",395,0.999999884287427,20073.4465301452
"GMST","first_difference",396,1.00003225894774,21089.8852598827
"GMST","first_difference",397,1.00002037332322,18209.2911755384
"GMST","first_difference",398,1.00021989592407,19759.4896674552
"GMST","first_difference",399,1.00026076307934,18000.4006824821
"GMST","first_difference",400,1.00004984922111,17192.6742535869
"GMST","first_difference",401,1.00016766310642,16715.2710422226
"GMST","first_difference",402,0.999998009591713,17833.9904603034
"GMST","first_difference",403,1.00005347025045,19161.4043013619
"GMST","first_difference",404,1.00019815195938,18550.763566986
"GMST","first_difference",405,0.999982266922795,18964.5029061525
"GMST","first_difference",406,1.00023902482864,18502.5527314009
"GMST","first_difference",407,1.00001787414712,18860.6503920316
"GMST","first_difference",408,1.0000455796109,18756.5805146785
"GMST","first_difference",409,0.999979539659171,17280.6578777938
"GMST","first_difference",410,1.00010964678191,17336.601574478
"GMST","first_difference",411,1.00013221326893,17373.8332396161
"GMST","first_difference",412,1.00023318240057,17084.3975694565
"GMST","first_difference",413,0.999978788767902,18755.2043614725
"GMST","first_difference",414,1.00044783048902,17714.9021651296
"GMST","first_difference",415,1.0004314390806,19132.8514139366
"GMST","first_difference",416,1.00050214341259,16453.840550933
"GMST","first_difference",417,1.00004177907583,17643.7870813918
"GMST","first_difference",418,1.00033072339277,18854.2604480032
"GMST","first_difference",419,1.00016409372616,19018.7087483854
"GMST","first_difference",420,1.00025403767273,18917.8455325774
"GMST","first_difference",421,1.00015839492151,17677.1109686624
"GMST","first_difference",422,1.00008218892871,18741.3040809856
"GMST","first_difference",423,1.00013067758546,18733.4943784609
"GMST","first_difference",424,1.00004073114827,18158.7218216877
"GMST","first_difference",425,1.00019751905196,19196.5367275589
"GMST","first_difference",426,1.00015302945126,21469.5548793484
"GMST","first_difference",427,1.00015384161505,18999.4547350799
"GMST","first_difference",428,1.00008814324045,18342.8395730011
"GMST","first_difference",429,1.00016789857067,19014.6898076667
"GMST","first_difference",430,1.00016273805039,20516.5589275341
"GMST","first_difference",431,1.00005748545942,19850.7598129037
"GMST","first_difference",432,1.0001921995657,19721.9077038218
"GMST","first_difference",433,1.00002730451558,20221.8760514783
"GMST","first_difference",434,1.00029761510067,19847.7935441404
"GMST","first_difference",435,1.0000121666656,17987.2637458944
"GMST","first_difference",436,1.00014506029607,20957.9731396208
"GMST","first_difference",437,1.0002449097524,16409.6736386316
"GMST","first_difference",438,1.00003968560989,20370.9042631413
"GMST","first_difference",439,0.999969441268584,18659.5820059979
"GMST","first_difference",440,1.00011253686326,18007.8552120076
"GMST","first_difference",441,0.999971821476985,17291.3883980846
"GMST","first_difference",442,1.00010041736153,17120.6393115088
"GMST","first_difference",443,0.999982275902036,18628.9692156321
"GMST","first_difference",444,0.999979730867565,18405.2361096121
"GMST","first_difference",445,1.00000274985608,15826.9056769623
"GMST","first_difference",446,1.00004898972602,17760.456776305
"GMST","first_difference",447,1.00028944736811,19046.3643639325
"GMST","first_difference",448,0.999920165906686,19939.9417900317
"GMST","first_difference",449,1.00002843735382,19250.1158636282
"GMST","first_difference",450,1.00051970239979,19381.3652021499
"GMST","first_difference",451,0.999993957863882,19279.0891049268
"GMST","first_difference",452,1.00003194836189,19328.7050126461
"GMST","first_difference",453,1.00020137801061,20208.7539158233
"GMST","first_difference",454,1.00009257331627,18922.5605402293
"GMST","first_difference",455,1.00020826950427,21992.3856885338
"GMST","first_difference",456,0.999949098603246,19569.7255691601
"GMST","first_difference",457,1.00026511126958,19968.3043686935
"GMST","first_difference",458,1.00023549179528,19985.1487253658
"GMST","first_difference",459,1.00007151084739,18200.2304241264
"GMST","first_difference",460,1.00009162038379,20291.3525834281
"GMST","first_difference",461,1.00001735281611,19206.3655298865
"GMST","first_difference",462,0.999974828643821,19534.8248261165
"GMST","first_difference",463,1.00049389700778,18962.7148637249
"GMST","first_difference",464,1.00014055510328,19001.4705369776
"GMST","first_difference",465,1.00028275346398,17539.6834021839
"GMST","first_difference",466,1.00020975950146,17415.2256467067
"GMST","first_difference",467,1.0000627130291,17805.4886935305
"GMST","first_difference",468,1.00031921861973,15034.1834202333
"GMST","first_difference",469,1.00005822092865,15377.0377052155
"GMST","first_difference",470,1.0002195553285,15536.8992117482
"GMST","first_difference",471,1.00004255865941,15921.4096055773
"GMST","first_difference",472,1.00001776611506,17062.5863985353
"GMST","first_difference",473,1.00016025091287,19286.017332885
"GMST","first_difference",474,1.00022570723322,20814.7281273225
"GMST","first_difference",475,1.00013053519352,22336.6844501388
"GMST","first_difference",476,0.999904957281614,22504.5754271983
"GMST","first_difference",477,1.00007599801589,23381.1410661874
"GMST","first_difference",478,1.00014417104377,23040.9248854641
"GMST","first_difference",479,0.999995495530641,23294.3784512902
"GMST","first_difference",480,1.00018054492985,23295.8965225958
"GMST","first_difference",481,1.0000742881048,23783.6116548942
"GMST","first_difference",482,1.00023083676233,22357.2514896835
"GMST","first_difference",483,1.00004676334823,22997.8816248318
"GMST","first_difference",484,0.999985048223906,22756.1671728934
"GMST","first_difference",485,0.999957699931993,23408.2561425973
"GMST","first_difference",486,1.00015780511468,23357.7188476091
"GMST","first_difference",487,1.00001209932708,23760.3354482103
"GMST","first_difference",488,0.999971487222082,23564.9830982062
"GMST","first_difference",489,1.00009721950397,22638.0270301407
"GMST","first_difference",490,1.00004172869402,23319.697229313
"GMST","first_difference",491,1.00002837187356,22884.2930264018
"GMST","first_difference",492,1.00003039229094,23921.7495292184
"GMST","first_difference",493,0.999943451667549,23130.8916969552
"GMST","first_difference",494,1.00009496152046,24000
"GMST","first_difference",495,1.00001361796402,23514.408744422
"GMST","first_difference",496,0.999973728744759,23457.181704003
"GMST","first_difference",497,1.00002212304781,24211.8041096593
"GMST","first_difference",498,0.999924744745651,22596.7377051446
"GMST","first_difference",499,1.00001008802379,24000
"GMST","first_difference",500,1.00002401806338,23510.790754707
"GMST","first_difference",501,1.00005505191308,23780.4319673593
"GMST","first_difference",502,1.0000373194929,23134.2782085876
"GMST","first_difference",503,1.00010200846826,24789.4911191116
"GMST","first_difference",504,1.00010335826536,23662.2712848541
"GMST","first_difference",505,1.00012867832376,23200.551995529
"GMST","first_difference",506,1.00006337215729,22880.6626661453
"GMST","first_difference",507,0.999968507579332,23347.9658842976
"GMST","first_difference",508,1.00025300996505,23652.1753168297
"GMST","first_difference",509,1.0000974836591,23459.479051137
"GMST","first_difference",510,0.999941654675306,23664.1192709594
"GMST","first_difference",511,1.00013026927204,23712.8816968394
"GMST","first_difference",512,1.00008679605326,22536.8752920977
"GMST","first_difference",513,1.00001545702469,22282.301194659
"GMST","first_difference",514,1.00010584736315,21936.2691290708
"GMST","first_difference",515,1.00017402592248,22094.3885990756
"GMST","first_difference",516,0.999976584573308,22909.6569473575
"GMST","first_difference",517,0.999973906765239,23856.3746022053
"GMST","first_difference",518,1.00013613172883,22008.8933392596
"GMST","first_difference",519,0.999979591503293,23737.629881135
"GMST","first_difference",520,1.00007142584601,23627.4415276228
"GMST","first_difference",521,0.999969650454197,23583.74647637
"GMST","first_difference",522,0.999924962488601,23504.3421022089
"GMST","first_difference",523,1.00001296888333,23377.4929788324
"GMST","first_difference",524,1.00014598363243,23455.8779899303
"GMST","first_difference",525,0.999983110085591,23362.7247312936
"GMST","first_difference",526,0.999969225930586,22320.2202508928
"GMST","first_difference",527,1.00005374857027,22154.1040934164
"GMST","first_difference",528,1.00006458349606,21501.9601130812
"GMST","first_difference",529,1.00033535824911,22392.7759156003
"GMST","first_difference",530,1.00010051305908,22752.3935056393
"GMST","first_difference",531,0.999953956684187,22970.1253950241
"GMST","first_difference",532,1.00003040626288,21877.743501015
"GMST","first_difference",533,1.00003037352176,22186.9428649716
"GMST","first_difference",534,1.00012272641343,16006.8853158238
"GMST","first_difference",535,1.000189569052,16508.0967267703
"GMST","first_difference",536,1.00005319557275,15443.8601040819
"GMST","first_difference",537,1.00021638487317,14912.5753565411
"GMST","first_difference",538,1.00005947708056,17616.5376241329
"GMST","first_difference",539,1.00007339201742,21365.1289744337
"BWT","raw",1,0.999987084694711,23569.3940484697
"BWT","raw",2,0.999923713715179,23471.6422250749
"BWT","raw",3,0.999958985582195,24222.3920723939
"BWT","raw",4,0.999969958238077,23671.7767978625
"BWT","raw",5,1.00003597496642,23709.2107817768
"BWT","raw",6,1.00009069458982,24000
"BWT","raw",7,1.0001090243679,24515.8670922658
"BWT","raw",8,1.00001661454627,24271.6020623647
"BWT","raw",9,1.00013537540928,24722.5537751301
"BWT","raw",10,0.999950599742077,24904.6147092563
"BWT","raw",11,0.999927667702224,23838.2127100512
"BWT","raw",12,0.999996872695891,24144.9451102359
"BWT","raw",13,0.999974870303711,24235.2331984602
"BWT","raw",14,1.00003421030819,24549.6124938896
"BWT","raw",15,0.99999857794963,23966.1411699559
"BWT","raw",16,0.999995572163733,24206.4513495862
"BWT","raw",17,1.00017477695802,24351.9296168025
"BWT","raw",18,1.00005334034133,25287.1891864691
"BWT","raw",19,0.999938907247841,24408.8926694602
"BWT","raw",20,1.00023244729288,24430.0684719673
"BWT","raw",21,1.00014217015859,25541.4070522643
"BWT","raw",22,1.00013634806606,23709.3503351542
"BWT","raw",23,1.00009270317211,24000
"BWT","raw",24,1.00010041670176,23998.905185827
"BWT","raw",25,1.00004695777376,24227.7749738818
"BWT","raw",26,1.00002775925323,24000
"BWT","raw",27,1.00016165476643,24117.2087924286
"BWT","raw",28,1.00030155151123,23640.1481624148
"BWT","raw",29,1.00026140106702,23455.6995632736
"BWT","raw",30,1.00013863323793,24000
"BWT","raw",31,1.00007108288374,23775.0585065226
"BWT","raw",32,1.0000857656295,23691.6163987072
"BWT","raw",33,1.00008246123948,23701.4688179442
"BWT","raw",34,1.00007181138472,23748.276615725
"BWT","raw",35,0.999971152927404,23747.0612288401
"BWT","raw",36,1.00001766811308,23970.9514052019
"BWT","raw",37,0.99997048154638,24000
"BWT","raw",38,0.999913996020059,24452.2782488119
"BWT","raw",39,0.999953166452987,23770.6797402378
"BWT","raw",40,0.999918989857067,24313.0885535278
"BWT","raw",41,1.00009641161401,23753.5529775209
"BWT","raw",42,1.00002578003143,24000
"BWT","raw",43,0.999995150491965,25361.2507040205
"BWT","raw",44,1.00002669196429,24000
"BWT","raw",45,1.00001553385467,24000
"BWT","raw",46,1.00001827005719,24000
"BWT","raw",47,1.00000047944539,23005.768671009
"BWT","raw",48,0.999996763572678,23563.0767434195
"BWT","raw",49,0.999990240843554,24000
"BWT","raw",50,1.00005950119934,24000
"BWT","raw",51,1.00000751977329,23747.5798403738
"BWT","raw",52,0.999900679258637,24000
"BWT","raw",53,0.999993603611826,23877.8142960968
"BWT","raw",54,1.00010940875562,24233.884368209
"BWT","raw",55,1.00019397208686,24000
"BWT","raw",56,1.00006548697241,24000
"BWT","raw",57,1.00003004579564,24000
"BWT","raw",58,0.999966361711862,24000
"BWT","raw",59,0.999981565425701,23833.3526827971
"BWT","raw",60,0.999980334941606,23970.82114323
"BWT","raw",61,0.999942473696672,24000
"BWT","raw",62,0.999904670140105,24315.7848347698
"BWT","raw",63,0.99994531519395,24000
"BWT","raw",64,0.99995426582059,24247.6236355491
"BWT","raw",65,0.999942377439026,24505.1641442805
"BWT","raw",66,0.999993440797029,24651.9735770318
"BWT","raw",67,1.00009776764675,24507.6036801729
"BWT","raw",68,1.00000242075385,24159.9534339957
"BWT","raw",69,1.00000813307486,22862.5835920089
"BWT","raw",70,0.999977663457303,22951.6178953184
"BWT","raw",71,0.999937196270035,24284.8461161962
"BWT","raw",72,0.99994824703854,24000
"BWT","raw",73,0.999904820161622,24271.349129032
"BWT","raw",74,0.999949731146194,24235.1324278008
"BWT","raw",75,0.999981406216472,23447.5231320464
"BWT","raw",76,1.00000909603008,23456.0360559862
"BWT","raw",77,1.00000718088676,23716.2702051382
"BWT","raw",78,1.0000728519721,23723.9857491366
"BWT","raw",79,1.00010036411717,23915.4153555966
"BWT","raw",80,1.00011313056922,24000
"BWT","raw",81,1.00009416958399,24229.4553192459
"BWT","raw",82,1.00009690114881,24490.7138959217
"BWT","raw",83,1.00004189010296,24104.5990261524
"BWT","raw",84,1.00003116348049,24016.0705385287
"BWT","raw",85,1.00000174818254,23700.6663759427
"BWT","raw",86,0.999951060426861,24532.1971983239
"BWT","raw",87,0.999944721663847,24000
"BWT","raw",88,0.99990499469188,24000
"BWT","raw",89,1.00001865097534,23431.3193920963
"BWT","raw",90,1.00014180119301,23223.206438437
"BWT","raw",91,1.00013610302542,23675.1740820583
"BWT","raw",92,1.00005817513386,23362.6565935323
"BWT","raw",93,1.00001316977223,24000
"BWT","raw",94,1.0000971284679,24238.9553178635
"BWT","raw",95,1.00006572951541,23753.6606803707
"BWT","raw",96,1.00001018970078,23347.7522620851
"BWT","raw",97,0.999992383399137,25318.2753069885
"BWT","raw",98,1.00011729767423,26060.7895801007
"BWT","raw",99,0.999951073679333,23574.7698746948
"BWT","raw",100,1.00001137062001,23572.3376029687
"BWT","raw",101,1.00003550630473,23856.9714272143
"BWT","raw",102,1.00000556731447,24419.9692335058
"BWT","raw",103,1.00004120246091,24509.7581772094
"BWT","raw",104,1.00014036156445,24000
"BWT","raw",105,0.999955109629439,23714.2313315248
"BWT","raw",106,1.000015849463,24160.793451615
"BWT","raw",107,0.999950256250969,23629.7724389291
"BWT","raw",108,0.999990370313522,23301.2771162545
"BWT","raw",109,1.00011714367308,23520.2438555534
"BWT","raw",110,1.00004658861682,25400.2688110661
"BWT","raw",111,1.00004749507839,23606.7246825333
"BWT","raw",112,0.999960128670918,23052.6108260705
"BWT","raw",113,0.999986961543593,23304.4798101711
"BWT","raw",114,1.00017454662076,23881.8476652676
"BWT","raw",115,1.00005745145293,24000
"BWT","raw",116,0.999958376273222,24000.0000000001
"BWT","raw",117,1.00012678369512,24281.0253296955
"BWT","raw",118,1.00004038461781,24140.1672346054
"BWT","raw",119,1.00014364773564,23992.3851139131
"BWT","raw",120,1.00004941363494,22917.8299894611
"BWT","raw",121,0.999951330227321,23483.1792952643
"BWT","raw",122,0.999970945259515,22544.3699944652
"BWT","raw",123,1.0000602835328,24000
"BWT","raw",124,1.0000965991366,24000.0000000001
"BWT","raw",125,1.0000718192738,23904.3003107103
"BWT","raw",126,1.00006679306335,24333.9873555285
"BWT","raw",127,1.00002682639561,24052.1784483563
"BWT","raw",128,1.00007148240923,23434.4892715743
"BWT","raw",129,1.00012766444176,23880.6411682257
"BWT","raw",130,1.0001448523216,24000
"BWT","raw",131,1.00018165522228,24000
"BWT","raw",132,1.00016151928193,22766.9390313259
"BWT","raw",133,1.00019947090473,24431.616084464
"BWT","raw",134,1.00018866255004,24227.839623625
"BWT","raw",135,1.00012166688203,24351.058116058
"BWT","raw",136,1.00014001143533,23793.108752264
"BWT","raw",137,1.00009651434963,24103.0173314616
"BWT","raw",138,1.0000473622564,23915.8973684457
"BWT","raw",139,0.99999644357926,23684.3151416258
"BWT","raw",140,0.9999949411705,23775.2847186289
"BWT","raw",141,1.00011841621174,24000
"BWT","raw",142,0.999979879151278,24000
"BWT","raw",143,1.00010576233846,24183.7506033388
"BWT","raw",144,0.999970463904441,23679.9629352043
"BWT","raw",145,1.00007493756222,22921.8328235347
"BWT","raw",146,1.00011428675622,22859.3209767287
"BWT","raw",147,1.00011936384558,23257.4556620463
"BWT","raw",148,1.00009403690176,23534.2572064755
"BWT","raw",149,0.999934259338445,24233.7836672456
"BWT","raw",150,0.999947225642207,24000
"BWT","raw",151,1.00003208021064,24588.0553724871
"BWT","raw",152,1.00006759265622,24618.087640755
"BWT","raw",153,1.00008907995064,24128.8316441195
"BWT","raw",154,1.0001085014957,24000
"BWT","raw",155,1.00010122458575,24269.4331833897
"BWT","raw",156,1.0000701972496,23655.9656787779
"BWT","raw",157,1.00003617343388,23898.0349721243
"BWT","raw",158,0.999909116482078,24033.706525402
"BWT","raw",159,0.999958057702958,23388.6009706692
"BWT","raw",160,1.00002199344366,23304.9264178784
"BWT","raw",161,0.999966894479099,23451.0220435619
"BWT","raw",162,0.999965303232298,23419.3292963437
"BWT","raw",163,1.00012350076211,22933.1018638718
"BWT","raw",164,1.00020595093859,23578.3305608721
"BWT","raw",165,0.999947348080661,23668.662670728
"BWT","raw",166,0.999954628685705,24056.8456165059
"BWT","raw",167,0.999934338244554,23584.1094521914
"BWT","raw",168,1.00023303660942,23990.1843074143
"BWT","raw",169,0.999920715504414,22660.9267834745
"BWT","raw",170,0.99994713828554,24195.6451490869
"BWT","raw",171,0.999991840838191,23258.9143138935
"BWT","raw",172,1.00001363387439,23971.4297644415
"BWT","raw",173,0.999940708921466,23256.1714729057
"BWT","raw",174,1.00029460836389,24300.5127868835
"BWT","raw",175,1.00023935395989,24000
"BWT","raw",176,1.0001536071792,24000
"BWT","raw",177,1.00014244928379,24000.0000000001
"BWT","raw",178,1.00013005952185,24268.8284788955
"BWT","raw",179,1.0001198692129,24480.6107076281
"BWT","raw",180,1.00000423049165,24000
"BWT","raw",181,0.99994873120446,24000
"BWT","raw",182,0.999931350090135,24000
"BWT","raw",183,1.00000613558355,23902.9679621841
"BWT","raw",184,0.999948433126874,24314.646217399
"BWT","raw",185,1.00020294800521,23456.4940454771
"BWT","raw",186,1.00007184821752,24117.3580982444
"BWT","raw",187,1.00006335103129,24061.0739192358
"BWT","raw",188,0.99999536704748,24088.9531737426
"BWT","raw",189,0.999999509649756,24441.9880481516
"BWT","raw",190,1.00007147067925,23539.5427458425
"BWT","raw",191,1.00003494788058,23307.0692091448
"BWT","raw",192,0.999947030050444,23760.5791905724
"BWT","raw",193,1.00011708181655,23334.5433140375
"BWT","raw",194,1.00007459951209,24349.112177685
"BWT","raw",195,1.00004802877982,23984.8585867744
"BWT","raw",196,1.0000862245194,24219.8273724884
"BWT","raw",197,1.00000864639619,23975.3559217201
"BWT","raw",198,1.00010684144763,23738.6936440449
"BWT","raw",199,0.999998898997323,24000
"BWT","raw",200,1.000006018896,23693.4386630349
"BWT","raw",201,1.00000831779197,23448.4385963677
"BWT","raw",202,0.999986219936141,24000
"BWT","raw",203,1.0000487074199,24341.3869788587
"BWT","raw",204,1.00007206808395,23656.1517281262
"BWT","raw",205,1.00003922339562,23986.3937039002
"BWT","raw",206,1.00003540145613,24321.1243845328
"BWT","raw",207,0.999936772703564,24365.7398811564
"BWT","raw",208,1.0001220358404,24626.5814643675
"BWT","raw",209,1.00017967229726,24266.4807388546
"BWT","raw",210,0.999956517400728,24997.6564471493
"BWT","raw",211,0.999982468189906,24581.6531982348
"BWT","raw",212,1.00009707787547,24000
"BWT","raw",213,1.00010269386481,23745.5126897583
"BWT","raw",214,0.999973303551644,23081.774782422
"BWT","raw",215,1.00003902114906,24000
"BWT","raw",216,1.00004592607108,23755.2978029068
"BWT","raw",217,1.00001889869798,23767.7485692483
"BWT","raw",218,1.00014834071358,23909.7891233064
"BWT","raw",219,1.00023460966033,24222.0250793955
"BWT","raw",220,1.00012818716174,24000
"BWT","raw",221,1.00036192428017,23658.7305350687
"BWT","raw",222,1.00021461986365,22307.303674877
"BWT","raw",223,1.00006379719237,22109.2473378778
"BWT","raw",224,1.00006101752084,24248.0457027334
"BWT","raw",225,1.00007914175146,24000
"BWT","raw",226,1.00006498156427,22703.4357664968
"BWT","raw",227,1.00008965165856,23778.2959458614
"BWT","raw",228,1.00007967589849,23779.0085707864
"BWT","raw",229,1.00002675764724,24699.9671566657
"BWT","raw",230,1.00006161272695,24346.8940237515
"BWT","raw",231,0.999999507941336,24050.8357408007
"BWT","raw",232,1.00004371451639,24341.8051158147
"BWT","raw",233,0.999997347528662,23734.3415954284
"BWT","raw",234,1.00003322057953,24772.4902542062
"BWT","raw",235,1.00020046332581,24297.7877550449
"BWT","raw",236,1.00013235636191,23782.4746907097
"BWT","raw",237,1.00003409084259,24000
"BWT","raw",238,1.00009620541254,23780.1100055637
"BWT","raw",239,1.00004680404453,23776.6004904593
"BWT","raw",240,1.00008388659416,24168.9411949199
"BWT","raw",241,1.00003948018393,24634.2644939254
"BWT","raw",242,1.000134764758,24641.3260050644
"BWT","raw",243,1.00009630782771,24000
"BWT","raw",244,0.999981373443247,24541.3078247097
"BWT","raw",245,1.0000651901095,24447.6783270469
"BWT","raw",246,1.00023864763893,24392.8639075605
"BWT","raw",247,0.999961791767817,24000
"BWT","raw",248,0.999919349107064,23812.3490753686
"BWT","raw",249,0.999926258981875,22946.2760705065
"BWT","raw",250,0.99993634547931,24201.6261584957
"BWT","raw",251,1.0000420301836,24392.870453838
"BWT","raw",252,0.999983972599335,23448.4060755695
"BWT","raw",253,0.9999661961336,24000
"BWT","raw",254,0.999995878472194,23624.1059180443
"BWT","raw",255,1.00018876791502,23651.5412179381
"BWT","raw",256,1.00005255142362,24079.9237683813
"BWT","raw",257,1.00009390636904,24563.8291558261
"BWT","raw",258,1.00013009399487,24455.0466104622
"BWT","raw",259,1.00013164624179,24930.1429171403
"BWT","raw",260,1.0000420152181,24000
"BWT","raw",261,1.00003725573279,24303.9361245
"BWT","raw",262,0.999991526973024,24318.5483633977
"BWT","raw",263,1.00004769117328,24000
"BWT","raw",264,0.999984577017565,24000
"BWT","raw",265,1.00006611872973,24000
"BWT","raw",266,1.00008894813752,24000
"BWT","raw",267,1.0000587456714,24337.8541452761
"BWT","raw",268,1.00010282684207,23778.6004930835
"BWT","raw",269,1.00007479595793,24000
"BWT","raw",270,1.0000342398795,24000
"BWT","raw",271,0.999888068490203,23668.4256008463
"BWT","raw",272,0.999917944005627,24273.6134295798
"BWT","raw",273,1.00003567032768,24285.7094605774
"BWT","raw",274,1.0000531406956,24000
"BWT","raw",275,1.00005512848528,23788.3311330047
"BWT","raw",276,1.00015762051448,23269.9895138454
"BWT","raw",277,1.00031421888624,22539.1470366062
"BWT","raw",278,1.00033517128201,24000
"BWT","raw",279,1.0002810379071,23646.9885937931
"BWT","raw",280,1.00005596143041,24000
"BWT","raw",281,1.00000092831754,24000
"BWT","raw",282,0.999991167086163,24000
"BWT","raw",283,1.00002830034307,24000
"BWT","raw",284,0.999970793380898,23737.2392029666
"BWT","raw",285,1.00011841425297,24000
"BWT","raw",286,0.999979266049263,24141.2274688909
"BWT","raw",287,1.00001558116174,24000
"BWT","raw",288,0.999947819183788,24000
"BWT","raw",289,0.999993453456445,24000
"BWT","raw",290,1.00002479507248,23521.0444680849
"BWT","raw",291,0.999994621187161,23550.5568742056
"BWT","raw",292,0.999957184820672,23588.4468375264
"BWT","raw",293,0.999992395569792,24000
"BWT","raw",294,1.00001495173849,24000.0000000001
"BWT","raw",295,1.00003104037556,24000
"BWT","raw",296,1.00006902326116,24336.7851781718
"BWT","raw",297,1.00001247622371,24344.6048701962
"BWT","raw",298,0.999952613160991,23366.4336652776
"BWT","raw",299,1.00000497778935,23393.5711358037
"BWT","raw",300,1.00009137142796,24000
"BWT","raw",301,0.999958864322837,24156.4844942956
"BWT","raw",302,0.999975538039183,24000
"BWT","raw",303,1.00015058179815,24747.8428830835
"BWT","raw",304,1.00000497912573,24741.1283300542
"BWT","raw",305,0.999955098530401,24000
"BWT","raw",306,1.00001705430472,24000
"BWT","raw",307,1.00001953956156,24000
"BWT","raw",308,0.999998836910029,24000
"BWT","raw",309,1.00000634454915,24989.7806692814
"BWT","raw",310,1.00008730924117,24000
"BWT","raw",311,1.0000208747594,23259.0878572003
"BWT","raw",312,1.00008058959373,23781.8179226398
"BWT","raw",313,0.999971628887271,26605.6722341523
"BWT","raw",314,0.999915197259495,24659.0272862621
"BWT","raw",315,0.999953955814773,25209.3283889329
"BWT","raw",316,0.999940918030504,24874.1611847831
"BWT","raw",317,0.999977323889462,23763.8474524411
"BWT","raw",318,1.00004968821043,24286.9559625912
"BWT","raw",319,1.00007340921454,23558.1041566873
"BWT","raw",320,1.00003528135242,23620.6315839847
"BWT","raw",321,1.00013471984209,23681.2066885219
"BWT","raw",322,1.00012042464631,23754.2480071816
"BWT","raw",323,0.999918928350416,23648.3190102313
"BWT","raw",324,0.999968568149099,23510.6472629781
"BWT","raw",325,0.999981240655651,24331.5580378049
"BWT","raw",326,1.00013986220407,23759.9704646793
"BWT","raw",327,1.00001870410881,24000
"BWT","raw",328,1.00000283452222,24473.4064127848
"BWT","raw",329,1.00004565581039,24000
"BWT","raw",330,0.999998948124705,24242.8602611957
"BWT","raw",331,0.999974232683914,24000
"BWT","raw",332,0.999995491023878,24234.8449537084
"BWT","raw",333,0.999941089146539,23757.5586530371
"BWT","raw",334,0.999913025478072,24298.0198648339
"BWT","raw",335,1.00005855358867,23750.414893721
"BWT","raw",336,0.999965510067945,22744.3093869908
"BWT","raw",337,0.999969160410365,24327.8742347387
"BWT","raw",338,0.999932676501571,24000
"BWT","raw",339,0.999912254694545,24287.2030019674
"BWT","raw",340,1.00012416357914,24223.8055693026
"BWT","raw",341,1.00007919432418,24558.6800890425
"BWT","raw",342,1.00001884449088,24296.1787524054
"BWT","raw",343,1.00013669503419,24251.5053599668
"BWT","raw",344,1.00011950442049,24000
"BWT","raw",345,1.00001412665536,24000
"BWT","raw",346,0.999923204074562,24000
"BWT","raw",347,1.00002603682585,23999.9999999999
"BWT","raw",348,1.00003048520313,24000
"BWT","raw",349,1.00001891560602,24000
"BWT","raw",350,1.00008106414287,24735.309142914
"BWT","raw",351,1.00000329073143,24307.1092367479
"BWT","raw",352,0.999989861672956,24000
"BWT","raw",353,0.999990505926425,24000
"BWT","raw",354,1.00001745359962,24684.2055441438
"BWT","raw",355,1.00003814632199,24000
"BWT","raw",356,1.00002796299998,24285.5682772351
"BWT","raw",357,1.00000123058571,24727.0898342291
"BWT","raw",358,1.00002070359399,24423.3845236052
"BWT","raw",359,0.999999535060488,24620.8302244179
"BWT","raw",360,0.999944774092953,24517.0719651313
"BWT","raw",361,1.00000789769166,24000
"BWT","raw",362,1.0000607754804,24000
"BWT","raw",363,0.999994070531398,23706.9958064588
"BWT","raw",364,1.00003276646504,24256.7421951743
"BWT","raw",365,1.0000760344408,24000
"BWT","raw",366,1.00001311470607,24000
"BWT","raw",367,1.0000606209701,24219.4558670599
"BWT","raw",368,0.999971751266433,24359.6357367727
"BWT","raw",369,0.999936770974702,24331.641572164
"BWT","raw",370,1.00016742484857,24000
"BWT","raw",371,1.00011383589545,25943.5910979664
"BWT","raw",372,1.00001374837146,24607.8402144754
"BWT","raw",373,0.999910026055604,24553.3081001376
"BWT","raw",374,0.999949920416445,24561.0633480215
"BWT","raw",375,1.00009233779898,24427.5854134653
"BWT","raw",376,0.99999428682067,24234.9862598431
"BWT","raw",377,1.00003335666727,24345.1819125852
"BWT","raw",378,1.00003658179333,24110.1457529469
"BWT","raw",379,1.00021609756123,24285.40161016
"BWT","raw",380,1.00002036516284,24000
"BWT","raw",381,0.999947904854667,24000
"BWT","raw",382,1.0000357829574,24249.7334887996
"BWT","raw",383,1.00014841568086,24489.5763532362
"BWT","raw",384,0.999922656876616,24950.4367111093
"BWT","raw",385,0.999978626069038,23754.9529351059
"BWT","raw",386,1.00008534401203,24000
"BWT","raw",387,1.00008533759661,23999.9999999999
"BWT","raw",388,1.0000999943746,24000
"BWT","raw",389,0.999895531872235,24000
"BWT","raw",390,0.999903509206994,23779.9007286672
"BWT","raw",391,0.999911046347099,24000
"BWT","raw",392,0.999939783576241,24000
"BWT","raw",393,0.99996831968527,24705.3439817954
"BWT","raw",394,0.999949967196102,24000
"BWT","raw",395,1.00001883575977,24000
"BWT","raw",396,1.00011428263899,24000
"BWT","raw",397,1.00023498734594,25596.9904423691
"BWT","raw",398,1.00013633076612,26086.7202506708
"BWT","raw",399,1.00018936894919,25445.950672281
"BWT","raw",400,1.00005428093047,24813.0005169277
"BWT","raw",401,1.00013275724087,24546.6973004718
"BWT","raw",402,1.00008199922545,23776.1124461933
"BWT","raw",403,1.00000048592339,23556.1309387696
"BWT","raw",404,1.00001178004229,23361.8516773145
"BWT","raw",405,1.00030889881615,23247.4441647672
"BWT","raw",406,0.999991562308857,23214.3030711947
"BWT","raw",407,0.999984326386634,23501.1834117257
"BWT","raw",408,1.00000211444984,23704.1882146223
"BWT","raw",409,0.999990572748899,24198.5179467293
"BWT","raw",410,0.999962348941135,24000
"BWT","raw",411,1.00017968812651,24135.4112520913
"BWT","raw",412,1.00010754858902,23732.3683244644
"BWT","raw",413,1.00006903667257,23558.4051776078
"BWT","raw",414,1.00014319831228,24000
"BWT","raw",415,1.00010476406016,23768.5059067827
"BWT","raw",416,1.00002762945256,24000
"BWT","raw",417,0.999980318290703,23657.7846930073
"BWT","raw",418,1.00000567846815,23307.8183981996
"BWT","raw",419,0.999948909685046,24286.7921956365
"BWT","raw",420,1.00007792853933,24178.4821824548
"BWT","raw",421,1.00008644154275,24389.019078838
"BWT","raw",422,0.999909289150056,24386.7681462979
"BWT","raw",423,1.0000397743845,24519.3772985486
"BWT","raw",424,0.999991984984844,24311.6259472652
"BWT","raw",425,1.00007014366389,24260.1796889828
"BWT","raw",426,0.999904348698501,23505.5850368176
"BWT","raw",427,1.00006590157408,23885.6313064503
"BWT","raw",428,0.999991122077426,24302.8673244093
"BWT","raw",429,1.00023214949284,24000
"BWT","raw",430,1.00008103226041,24274.6813590234
"BWT","raw",431,1.00005867036783,24000
"BWT","raw",432,0.999914098243457,24000
"BWT","raw",433,0.999938503013286,24000.0000000001
"BWT","raw",434,0.999935458866696,23753.8247274348
"BWT","raw",435,0.999960733632902,24342.1036443943
"BWT","raw",436,0.999966008804024,24189.8080969983
"BWT","raw",437,0.999980877771275,24489.7583729836
"BWT","raw",438,0.999973841134319,24800.9784802384
"BWT","raw",439,0.999908928504447,23356.7761552089
"BWT","raw",440,1.00005184633368,24000
"BWT","raw",441,1.0001271605364,23651.0976100484
"BWT","raw",442,1.00028038091284,24246.0203773951
"BWT","raw",443,1.00018167669602,23889.2482394375
"BWT","raw",444,1.00013589554086,23963.6450135412
"BWT","raw",445,1.00004399233047,22875.7583511282
"BWT","raw",446,1.0000120009759,22698.9649322648
"BWT","raw",447,1.00008562547946,23950.5933410554
"BWT","raw",448,1.00001655460449,24609.1252457669
"BWT","raw",449,1.00002665958037,24271.3221483486
"BWT","raw",450,1.00003527532493,24111.3776121991
"BWT","raw",451,0.999973105314426,24000
"BWT","raw",452,1.00005682133731,24109.7760494463
"BWT","raw",453,1.00002054784395,23958.3795222698
"BWT","raw",454,0.999968650443039,24472.5043440126
"BWT","raw",455,0.999992055856199,24000
"BWT","raw",456,0.999977947738905,24000
"BWT","raw",457,0.999928019903599,24465.6188455937
"BWT","raw",458,1.00008302649824,23113.2112679059
"BWT","raw",459,1.00017046128655,24571.1212517632
"BWT","raw",460,1.00027279941143,24000
"BWT","raw",461,1.0000837400969,23765.5727382215
"BWT","raw",462,1.00009108556495,23725.0533218725
"BWT","raw",463,1.00015275592486,23314.821155082
"BWT","raw",464,0.99998587523481,22646.6577920354
"BWT","raw",465,1.00001054495771,21298.0954707264
"BWT","raw",466,1.00003104737935,20423.8840346967
"BWT","raw",467,1.00016529091707,19129.2679862261
"BWT","raw",468,1.00024563923298,15601.8692205491
"BWT","raw",469,1.00034606401609,13902.2881596012
"BWT","raw",470,1.00053200881757,11756.7140735525
"BWT","raw",471,1.00122825436451,8920.1245814804
"BWT","raw",472,1.00158947197736,6582.29471142042
"BWT","raw",473,1.0020871464219,4796.30377899424
"BWT","raw",474,1.00186113155829,4164.70567181076
"BWT","raw",475,1.00134439704779,4079.26838070364
"BWT","raw",476,1.00113950438578,4064.33638885619
"BWT","raw",477,1.00097868779133,4063.93311638217
"BWT","raw",478,1.00117330688801,4340.43501724627
"BWT","raw",479,1.00095457882506,4417.38245266337
"BWT","raw",480,1.0008791404484,4433.63462653335
"BWT","raw",481,1.00037699093045,4675.35129293047
"BWT","raw",482,1.00018594936696,4350.24534901468
"BWT","raw",483,1.00054579835692,4470.0893495892
"BWT","raw",484,1.00048630024229,4058.90175780003
"BWT","raw",485,1.00054651052167,4106.96465789567
"BWT","raw",486,1.00047591825077,3937.99176792953
"BWT","raw",487,1.00051428737018,4083.78259101163
"BWT","raw",488,1.00050039911988,4553.29765002185
"BWT","raw",489,1.00057120925396,5312.04493206909
"BWT","raw",490,1.0006375086217,6200.20290157495
"BWT","raw",491,1.00049114123919,6932.47273028626
"BWT","raw",492,1.00023013888319,7708.39639278033
"BWT","raw",493,1.00010582894868,8855.87509350964
"BWT","raw",494,1.00001668124714,9669.73088288824
"BWT","raw",495,0.999967536024009,10032.0537690244
"BWT","raw",496,0.999958959163362,10581.1881780673
"BWT","raw",497,1.00016927915375,10709.9653819039
"BWT","raw",498,1.00024437388535,10272.0052012299
"BWT","raw",499,1.00016531792086,9695.43544714085
"BWT","raw",500,1.00035640161279,9853.1858082675
"BWT","raw",501,1.00021992518673,9599.64397880662
"BWT","raw",502,1.00032887382094,9974.04069249881
"BWT","raw",503,1.00006869394788,9830.28131456357
"BWT","raw",504,1.00041867908814,9701.01183357453
"BWT","raw",505,1.00042466463942,8670.867646197
"BWT","raw",506,1.00050394956849,7532.75883307128
"BWT","raw",507,1.00047723017147,6897.65566239105
"BWT","raw",508,1.00064952148339,6465.57282491758
"BWT","raw",509,1.00047849987273,6404.05242433067
"BWT","raw",510,1.00072179955718,6380.52006381662
"BWT","raw",511,1.00080103051258,6064.61667309457
"BWT","raw",512,1.00078747212131,5752.00788655049
"BWT","raw",513,1.00086998700877,5829.72940272467
"BWT","raw",514,1.0011947418391,5571.8807488249
"BWT","raw",515,1.00124939824232,5310.13846058815
"BWT","raw",516,1.0011306471992,5101.82935117799
"BWT","raw",517,1.00097383032743,5037.24245950141
"BWT","raw",518,1.00076499262909,4939.25525785901
"BWT","raw",519,1.00086108094235,5255.60069939476
"BWT","raw",520,1.00081616472286,5075.34531747321
"BWT","raw",521,1.00088772569515,4951.44066187219
"BWT","raw",522,1.00086453601655,4831.92265795095
"BWT","raw",523,1.00086968818871,4727.54178489312
"BWT","raw",524,1.00069308960763,4262.12230993731
"BWT","raw",525,1.00062013483948,3626.49149907478
"BWT","raw",526,1.00040022021166,3269.22611926047
"BWT","raw",527,1.00086442649774,2941.81210631677
"BWT","raw",528,1.00110465667504,2707.67749120553
"BWT","raw",529,1.00101914257204,2903.05382119825
"BWT","raw",530,1.00142500154932,2822.59714294823
"BWT","raw",531,1.00167301464732,2625.96316010277
"BWT","raw",532,1.00228860276082,2480.9677473791
"BWT","raw",533,1.00222974911057,2329.68532709166
"BWT","raw",534,1.00200510277541,2102.75771449221
"BWT","raw",535,1.00184168998674,1940.13986817047
"BWT","raw",536,1.00175246502218,1931.20359360118
"BWT","raw",537,1.00163645436912,1836.30302277424
"BWT","raw",538,1.00139255632544,1732.52048249184
"BWT","raw",539,1.00122708101543,1716.14786120712
"BWT","raw",540,1.0010823562411,1942.63587028657
"BWT","centered",1,0.999987731006528,23002.9519167364
"BWT","centered",2,0.999928180037303,23234.6215121835
"BWT","centered",3,0.999964487982454,24000
"BWT","centered",4,0.999960291147504,23704.5624299781
"BWT","centered",5,1.00005362859428,23763.7322059945
"BWT","centered",6,1.00012362803996,24000
"BWT","centered",7,1.00011196638702,24420.825474197
"BWT","centered",8,1.00004800459128,24202.8241180826
"BWT","centered",9,1.00015111875901,24701.8372786325
"BWT","centered",10,0.999971763793731,24935.4447117069
"BWT","centered",11,0.999953572233573,23856.7168713444
"BWT","centered",12,1.00003522484616,23946.3890371655
"BWT","centered",13,1.00001198494519,23996.8208113812
"BWT","centered",14,1.00006528229533,24507.1304952993
"BWT","centered",15,0.999961983137339,23768.4243241843
"BWT","centered",16,1.00000689123435,23828.3275980467
"BWT","centered",17,1.00012187328493,24176.8325779214
"BWT","centered",18,1.00012434244939,25174.8406034148
"BWT","centered",19,0.99991341058655,24150.3906004973
"BWT","centered",20,1.00012444917895,24364.5627374629
"BWT","centered",21,1.00009541415016,25158.5439591739
"BWT","centered",22,1.00007494072419,23650.0798444169
"BWT","centered",23,1.00011609812714,24000
"BWT","centered",24,1.00011070594948,23779.503701483
"BWT","centered",25,1.00004995787197,24000
"BWT","centered",26,1.00003285427633,24000
"BWT","centered",27,1.00016279803417,24057.6401177499
"BWT","centered",28,1.00031673065765,23551.6832982585
"BWT","centered",29,1.00025923229548,23357.0200583381
"BWT","centered",30,1.00014774567228,24000
"BWT","centered",31,1.00008892783181,22795.476428269
"BWT","centered",32,1.00010380963268,23168.3045278519
"BWT","centered",33,1.00008544670548,23658.928496314
"BWT","centered",34,1.00014171098745,23677.5896194911
"BWT","centered",35,0.999980541150497,23450.6871650885
"BWT","centered",36,1.00006720802261,23871.9614589461
"BWT","centered",37,1.00002410544298,24000
"BWT","centered",38,0.999937989468107,23748.818264362
"BWT","centered",39,0.999962631873168,23725.7319770352
"BWT","centered",40,0.999930919250504,24000
"BWT","centered",41,1.00010599246052,23689.6662665974
"BWT","centered",42,1.00004298774332,24000
"BWT","centered",43,1.0000102760866,25098.8291483537
"BWT","centered",44,1.00000235036552,23241.823579243
"BWT","centered",45,0.999985260894426,24000
"BWT","centered",46,0.999990674407587,24000
"BWT","centered",47,0.999962656154633,23026.9240302123
"BWT","centered",48,0.99999243461546,23624.4713234737
"BWT","centered",49,1.00004804680172,24000
"BWT","centered",50,1.00011847328904,24000
"BWT","centered",51,0.999992223177853,23767.1870165617
"BWT","centered",52,0.999906478173824,24000.0000000001
"BWT","centered",53,0.999996189537627,23861.4501018176
"BWT","centered",54,1.00011628436805,24000
"BWT","centered",55,1.00020132189817,24000
"BWT","centered",56,1.00007440122779,24000.0000000001
"BWT","centered",57,1.00004246202484,24000
"BWT","centered",58,0.9999742513213,24000
"BWT","centered",59,0.99998593577152,23604.4611547402
"BWT","centered",60,1.00000159410685,23705.1519828289
"BWT","centered",61,0.99996155589992,23781.8862408252
"BWT","centered",62,0.999919779409584,24253.6812837417
"BWT","centered",63,0.999954480053493,24000
"BWT","centered",64,1.0000230007251,23776.8764415051
"BWT","centered",65,0.999945515372266,23303.8447328744
"BWT","centered",66,0.999961345034033,24656.8730507441
"BWT","centered",67,1.00004575050305,23102.9538756741
"BWT","centered",68,1.00009079002627,24000
"BWT","centered",69,1.00009875531291,23564.2129931765
"BWT","centered",70,0.999960893457488,22946.5569691297
"BWT","centered",71,0.99998379632646,24253.6701332752
"BWT","centered",72,0.999918317069118,24000
"BWT","centered",73,0.999906761239755,24234.5515707777
"BWT","centered",74,0.999912624863903,23589.3900509118
"BWT","centered",75,0.999979899147993,23433.590851862
"BWT","centered",76,0.999998874409477,23375.0916420884
"BWT","centered",77,0.999984924949053,23642.6702504981
"BWT","centered",78,1.00004788638663,22920.3338922252
"BWT","centered",79,1.00008714494539,23893.8054574506
"BWT","centered",80,1.00012851834199,24008.9547537245
"BWT","centered",81,1.00010461709824,24085.4529686124
"BWT","centered",82,1.00009889704337,24400.5978920456
"BWT","centered",83,1.00003499655903,23991.793588223
"BWT","centered",84,1.00002468705601,23960.4238730232
"BWT","centered",85,1.00001576658832,23691.5147487647
"BWT","centered",86,0.999965057461583,23828.9185389351
"BWT","centered",87,0.999951753185003,24740.9523742125
"BWT","centered",88,0.999922524379437,23106.4727735974
"BWT","centered",89,1.00002906592108,23463.8435637641
"BWT","centered",90,1.00009738157616,22715.0452098431
"BWT","centered",91,1.00011596312336,23909.4934056082
"BWT","centered",92,1.00001921733073,23330.9392269635
"BWT","centered",93,1.00001043792538,24000
"BWT","centered",94,1.0001053261549,23429.550610946
"BWT","centered",95,1.00008451754201,23757.1195421551
"BWT","centered",96,1.00002715718599,23303.5327080183
"BWT","centered",97,1.00001017868428,25268.0111863043
"BWT","centered",98,0.999997119089309,25994.5745546977
"BWT","centered",99,0.999945947068658,23512.7135251495
"BWT","centered",100,1.00003121645411,23162.9296461284
"BWT","centered",101,1.00001898301435,23843.3310984898
"BWT","centered",102,1.00000495395121,24401.6849017426
"BWT","centered",103,1.00004536167978,24458.2531231142
"BWT","centered",104,1.00005180401258,24000
"BWT","centered",105,0.999951508267638,24000
"BWT","centered",106,1.00000311426026,24641.108256925
"BWT","centered",107,0.999962818755725,23539.6065830678
"BWT","centered",108,0.999983299631306,23472.1912271857
"BWT","centered",109,1.000122684075,23152.808906094
"BWT","centered",110,1.00006027562835,24924.638605097
"BWT","centered",111,1.00003676960708,23638.6847985138
"BWT","centered",112,0.999973142596592,23076.7649011952
"BWT","centered",113,0.999971885817202,23247.5315427012
"BWT","centered",114,1.00020714680046,23487.4677022663
"BWT","centered",115,1.00009964387268,24000
"BWT","centered",116,0.999961329085764,24000
"BWT","centered",117,1.00014585671397,24248.0132592467
"BWT","centered",118,1.00002163176658,23296.8442195806
"BWT","centered",119,1.00015973436987,23761.680269387
"BWT","centered",120,1.00005627107147,22847.147426153
"BWT","centered",121,0.999971442507826,23113.3577408062
"BWT","centered",122,0.999951165896474,22339.1085947344
"BWT","centered",123,0.99999454305118,24000
"BWT","centered",124,1.00011522962839,23323.4396939569
"BWT","centered",125,1.00009847054045,23870.3577009817
"BWT","centered",126,1.0000659924914,24297.1810912601
"BWT","centered",127,1.00008048747332,23986.2039811544
"BWT","centered",128,1.00008897855775,23123.1325536073
"BWT","centered",129,1.00014926098978,23788.8031173811
"BWT","centered",130,1.00015432994772,24000
"BWT","centered",131,1.00023367692092,23999.9999999999
"BWT","centered",132,1.00017596108613,22597.3251132018
"BWT","centered",133,1.00021255145073,24085.5829812758
"BWT","centered",134,1.00019877145208,24473.36726374
"BWT","centered",135,1.00013020082687,24326.3636398913
"BWT","centered",136,1.00015402086567,23824.2300627559
"BWT","centered",137,1.00007867138594,24103.4851018843
"BWT","centered",138,1.00002282053968,23933.4256419705
"BWT","centered",139,0.999973562320334,23677.677358031
"BWT","centered",140,1.00000617012938,23503.8015092538
"BWT","centered",141,0.999999848838041,24000
"BWT","centered",142,1.00000129625638,24000
"BWT","centered",143,1.00012663448785,24000
"BWT","centered",144,0.999978566568716,23672.7850375017
"BWT","centered",145,1.00002248724263,22950.0468050299
"BWT","centered",146,1.00003526129071,22651.5281937454
"BWT","centered",147,1.00011180714566,23437.1869839321
"BWT","centered",148,1.00007985499009,23606.3421015233
"BWT","centered",149,0.999938703188916,24000
"BWT","centered",150,0.99993892586826,24000
"BWT","centered",151,0.999949650360202,24254.477260585
"BWT","centered",152,0.999994013222216,24573.8092831644
"BWT","centered",153,1.00008989441538,23942.1273324197
"BWT","centered",154,1.00010995352095,24000
"BWT","centered",155,1.00010877543594,24168.6318670887
"BWT","centered",156,1.00006249313226,23653.1955368946
"BWT","centered",157,1.00004472932519,25102.0681858886
"BWT","centered",158,0.999911603725227,23269.6534871464
"BWT","centered",159,0.999976080960045,24558.5347167235
"BWT","centered",160,1.00003531229769,23293.6244341146
"BWT","centered",161,0.999949540347615,23477.2384176145
"BWT","centered",162,0.999969049082789,23560.8030886204
"BWT","centered",163,1.00006508795456,22897.8864696016
"BWT","centered",164,1.00020593308415,23529.2119924503
"BWT","centered",165,0.999947384025951,23792.1657765645
"BWT","centered",166,0.999973353968448,23975.9207021856
"BWT","centered",167,0.999932560671696,23912.8242529727
"BWT","centered",168,1.00011021048291,23948.8509972643
"BWT","centered",169,0.9999324916999,22791.550036492
"BWT","centered",170,0.999970019094976,24077.8196381607
"BWT","centered",171,1.00000146288808,23198.1735704178
"BWT","centered",172,1.00001672042179,23847.739069129
"BWT","centered",173,0.999928631299047,23087.6129439096
"BWT","centered",174,1.00017316931483,24313.0976888505
"BWT","centered",175,1.00017634184422,24000
"BWT","centered",176,1.00014766691014,24000
"BWT","centered",177,1.00003380166655,23811.2184082795
"BWT","centered",178,1.00004510264983,24258.0368388317
"BWT","centered",179,1.00008972425546,24000
"BWT","centered",180,0.9999735672015,23771.4962435562
"BWT","centered",181,0.999951166134366,23011.7986373527
"BWT","centered",182,0.99996032191476,24000
"BWT","centered",183,1.00000978984211,23864.1483886579
"BWT","centered",184,0.999948644884926,24223.6606935509
"BWT","centered",185,1.00023316386738,23405.6252146033
"BWT","centered",186,1.00013317959708,23349.1614925258
"BWT","centered",187,1.00006282676348,23956.9214048163
"BWT","centered",188,0.999999795484205,24013.732310559
"BWT","centered",189,1.00000900635536,24183.6226705799
"BWT","centered",190,1.00008980400323,23332.8646216388
"BWT","centered",191,1.00004094558939,23238.3211204597
"BWT","centered",192,0.999937883817418,23464.2130449064
"BWT","centered",193,1.00010414300944,23315.487720817
"BWT","centered",194,1.000056887901,24249.8126873426
"BWT","centered",195,1.00008867131179,24000
"BWT","centered",196,1.00006719619387,25605.9056840059
"BWT","centered",197,1.00000038623948,23997.6764510605
"BWT","centered",198,1.00008935103075,23743.8040189414
"BWT","centered",199,0.999990843105422,24000
"BWT","centered",200,0.999899890006409,23694.3968330421
"BWT","centered",201,1.00002724998656,23688.9445078095
"BWT","centered",202,0.999998953709991,24000
"BWT","centered",203,1.00008077095389,24076.6525741203
"BWT","centered",204,1.00002756667951,23590.0602359049
"BWT","centered",205,0.999976100038994,23964.018931314
"BWT","centered",206,0.999984664887281,24127.7527961841
"BWT","centered",207,0.999934718327749,24329.44042857
"BWT","centered",208,1.00016600047776,24438.7796466621
"BWT","centered",209,1.00015482147968,24282.8034017541
"BWT","centered",210,0.999949762403736,24845.9817750388
"BWT","centered",211,0.999976046690166,24578.743817481
"BWT","centered",212,1.00001029169853,24260.2921708316
"BWT","centered",213,1.00008670981165,23997.8930917448
"BWT","centered",214,0.999969738071348,23359.7267219633
"BWT","centered",215,1.00006224083715,24000
"BWT","centered",216,1.00004948476407,23778.4274259638
"BWT","centered",217,1.00008071595458,24021.2416151072
"BWT","centered",218,1.0001841847874,24180.6764043555
"BWT","centered",219,1.00009648592132,23677.4929427817
"BWT","centered",220,1.00014665033325,24000
"BWT","centered",221,1.00039323199792,23367.2554155414
"BWT","centered",222,1.00023649445208,22236.296462562
"BWT","centered",223,1.00007612459741,22083.6815275136
"BWT","centered",224,1.00006702591123,23819.6241831619
"BWT","centered",225,1.00010234717906,24000
"BWT","centered",226,1.00009258553429,22481.8576734528
"BWT","centered",227,1.00011741883878,24000
"BWT","centered",228,1.0001218354673,23777.5947473901
"BWT","centered",229,1.0000636633156,24517.1519029885
"BWT","centered",230,1.00009754377145,24373.1109063309
"BWT","centered",231,1.00001422761319,23983.8373289545
"BWT","centered",232,1.00006806793565,24272.4783578223
"BWT","centered",233,1.00000298003759,23705.3083901199
"BWT","centered",234,1.00004367946474,24885.8233727606
"BWT","centered",235,1.00019174747315,24263.3239333087
"BWT","centered",236,1.00011513267865,24000
"BWT","centered",237,1.0000149697192,24000
"BWT","centered",238,1.00008407145747,23759.803028719
"BWT","centered",239,1.00003721920505,24000
"BWT","centered",240,1.00006558890687,24164.7179241608
"BWT","centered",241,1.00002150456361,24572.958589032
"BWT","centered",242,1.00012196202399,24364.8231371511
"BWT","centered",243,1.00008619194536,24000
"BWT","centered",244,0.999994176149331,24000
"BWT","centered",245,1.0001468716983,24510.8052147831
"BWT","centered",246,1.00023004564588,24010.6201622647
"BWT","centered",247,0.999942434231964,24000
"BWT","centered",248,0.99989993390498,23742.0358943969
"BWT","centered",249,0.999921730902868,23028.6666509566
"BWT","centered",250,0.999958291162143,23685.6139249772
"BWT","centered",251,0.999973182104121,24374.1727122968
"BWT","centered",252,0.999988744009597,23474.93980977
"BWT","centered",253,0.999960879926279,24000
"BWT","centered",254,1.00003420002503,23677.0864448015
"BWT","centered",255,1.0000657474541,23717.4988051186
"BWT","centered",256,1.00012061229116,24194.353263164
"BWT","centered",257,1.00003999227698,24549.5582590293
"BWT","centered",258,1.00008886230355,24708.7995221981
"BWT","centered",259,1.00013920581247,24920.8913589476
"BWT","centered",260,1.00004620941324,24478.8374489501
"BWT","centered",261,1.00004347161703,24262.4487115578
"BWT","centered",262,1.00001778132961,24283.9652289124
"BWT","centered",263,0.999992186465573,24000
"BWT","centered",264,0.999969750942739,24236.1583941117
"BWT","centered",265,1.00007396539033,24000
"BWT","centered",266,1.00010274793571,24000
"BWT","centered",267,1.00001346517832,24331.6289027604
"BWT","centered",268,1.00000257864112,23754.102296912
"BWT","centered",269,1.00001238637025,24000
"BWT","centered",270,0.999997311274916,23748.3660906172
"BWT","centered",271,0.999905038640137,23821.6550768102
"BWT","centered",272,0.999899327933724,23719.3653037651
"BWT","centered",273,1.00001170618679,23935.3310173967
"BWT","centered",274,1.00003423511638,23520.1733701154
"BWT","centered",275,1.00004152700264,23516.8941621127
"BWT","centered",276,1.00013938166249,22971.0808171663
"BWT","centered",277,1.00029463803567,23144.596451857
"BWT","centered",278,1.00030741145693,24000
"BWT","centered",279,1.0002538523563,23523.8372487583
"BWT","centered",280,1.00004508753289,24000
"BWT","centered",281,0.99999219839951,24000
"BWT","centered",282,0.999989216067056,24000
"BWT","centered",283,1.00001984144497,24000
"BWT","centered",284,0.999981281517354,23192.8574720334
"BWT","centered",285,1.00020508529335,23817.4652630197
"BWT","centered",286,0.999990941003555,23736.6227797522
"BWT","centered",287,1.00001908935167,24000
"BWT","centered",288,0.999956211271209,23739.8271688381
"BWT","centered",289,1.00002535652213,24000
"BWT","centered",290,1.00003645796554,23479.202780986
"BWT","centered",291,1.00001807230905,23478.6854272326
"BWT","centered",292,0.999981429913753,23743.7191256837
"BWT","centered",293,1.0000231934385,24000
"BWT","centered",294,0.999976941120089,24000
"BWT","centered",295,1.00004474919541,24000
"BWT","centered",296,1.0000857003088,24463.4652610972
"BWT","centered",297,1.00002701700334,24271.7216018727
"BWT","centered",298,0.999967532339446,23334.575001777
"BWT","centered",299,1.0000095294746,23359.3560104864
"BWT","centered",300,1.000080685365,24000
"BWT","centered",301,0.99996173486603,24134.1794249725
"BWT","centered",302,0.99996946373989,24000
"BWT","centered",303,1.00017443782008,24764.9085925444
"BWT","centered",304,0.999963871124754,24521.2098638065
"BWT","centered",305,0.99995352566744,24000
"BWT","centered",306,0.999985826724488,24000
"BWT","centered",307,1.00004269739991,23742.7397994168
"BWT","centered",308,0.999988239245593,24000
"BWT","centered",309,0.999973919860618,24000
"BWT","centered",310,1.00010054735204,24000
"BWT","centered",311,1.00004089073495,22982.8350102554
"BWT","centered",312,1.0000956800647,23777.2979580436
"BWT","centered",313,0.99998697932795,25603.6490351605
"BWT","centered",314,0.999920579259448,24571.4086331182
"BWT","centered",315,0.999939595087624,25123.5773228613
"BWT","centered",316,0.999953959803031,24760.2407920422
"BWT","centered",317,0.999975435774473,24477.3122537956
"BWT","centered",318,1.00002429260699,24099.0938294015
"BWT","centered",319,1.00002649088704,23578.6015134835
"BWT","centered",320,1.00006049250325,23618.1191422433
"BWT","centered",321,1.00004551007114,23372.7121858034
"BWT","centered",322,1.00002232774649,23741.6301828249
"BWT","centered",323,0.999896121336815,23416.715183353
"BWT","centered",324,0.999914840456957,23443.980908944
"BWT","centered",325,0.999963942519218,23672.8412753066
"BWT","centered",326,1.00014078181328,23718.9142232222
"BWT","centered",327,0.999998296274075,24000
"BWT","centered",328,1.00003408375485,24438.3219732086
"BWT","centered",329,1.00001991101594,24000
"BWT","centered",330,0.999977576261667,24000
"BWT","centered",331,0.999965080982232,24000
"BWT","centered",332,0.999969891036617,24240.343510478
"BWT","centered",333,0.999918216231118,23602.8103565795
"BWT","centered",334,0.999904305184263,24112.9489137099
"BWT","centered",335,1.00005375843343,23458.7981779319
"BWT","centered",336,0.99996311240497,23437.5620786045
"BWT","centered",337,0.99991251641628,24000
"BWT","centered",338,0.999922719534916,23581.1738273003
"BWT","centered",339,0.999929928028983,24279.042259222
"BWT","centered",340,1.00003081680612,24000
"BWT","centered",341,1.00011791015189,24486.9694516734
"BWT","centered",342,1.00002643854091,24270.709602192
"BWT","centered",343,1.00013199319411,24234.1322196539
"BWT","centered",344,1.00009852357997,24000
"BWT","centered",345,1.00003354845445,24000
"BWT","centered",346,0.99993723581331,24000
"BWT","centered",347,0.999957073309681,24000
"BWT","centered",348,1.00000467495272,23542.4006410527
"BWT","centered",349,1.00003821298494,24000
"BWT","centered",350,1.00006480704705,24440.1093255566
"BWT","centered",351,0.999975227350623,24238.7535819294
"BWT","centered",352,0.999999290010106,24000
"BWT","centered",353,1.00001385790811,24000
"BWT","centered",354,1.00004342231075,24263.2369226459
"BWT","centered",355,1.00006365039026,24000
"BWT","centered",356,0.999938077420416,24259.8370230482
"BWT","centered",357,1.00000763625395,24675.5691287215
"BWT","centered",358,1.00004333269435,24377.0981177146
"BWT","centered",359,1.0000036555181,24526.7865542743
"BWT","centered",360,0.999948069966542,24444.4222888815
"BWT","centered",361,1.0000113417478,24000
"BWT","centered",362,1.00008677502436,23779.5345755515
"BWT","centered",363,1.00002571331691,23721.3382509064
"BWT","centered",364,1.00006029972517,24233.9547505509
"BWT","centered",365,0.999989909208795,24000
"BWT","centered",366,1.00007986011819,24000
"BWT","centered",367,1.00000922960426,24182.8431669419
"BWT","centered",368,0.99994280543519,24081.0521518999
"BWT","centered",369,0.999961236913593,24027.1952679861
"BWT","centered",370,1.00014437073085,23964.8677166189
"BWT","centered",371,1.00009990998059,24429.2691809055
"BWT","centered",372,1.00002599267138,24571.7977388558
"BWT","centered",373,0.999922044982384,24539.7902491007
"BWT","centered",374,0.999929872290968,24532.759780422
"BWT","centered",375,1.00005442146715,23570.121794893
"BWT","centered",376,0.999955354002391,24200.4178632056
"BWT","centered",377,0.999981152322966,24066.5338062362
"BWT","centered",378,1.00009630780086,24287.3083802969
"BWT","centered",379,1.00016098117592,24331.6307752119
"BWT","centered",380,1.00001405783314,24000
"BWT","centered",381,1.00000673722124,24000
"BWT","centered",382,1.00004807603301,24260.69420746
"BWT","centered",383,1.00014235828869,24476.8802716831
"BWT","centered",384,0.999925726987989,24886.0864413611
"BWT","centered",385,1.00000437706784,23771.9012059362
"BWT","centered",386,1.00007859170501,24000
"BWT","centered",387,1.00001915768105,24000
"BWT","centered",388,1.00014861046903,24000
"BWT","centered",389,0.999922138093784,24000
"BWT","centered",390,0.999922229547875,23360.1053069356
"BWT","centered",391,0.999926275312828,24000
"BWT","centered",392,0.999950619011978,24000
"BWT","centered",393,0.999981783773195,24725.6631294059
"BWT","centered",394,0.999951491865414,23770.6125549318
"BWT","centered",395,1.00002206286107,23767.9026415909
"BWT","centered",396,1.00012206072354,23750.4720914743
"BWT","centered",397,1.00011561225815,25452.7420023472
"BWT","centered",398,1.00012584193538,25475.4524227036
"BWT","centered",399,1.00017217852833,25264.4276538581
"BWT","centered",400,1.00005805867255,24653.5028263699
"BWT","centered",401,1.00012890003502,24528.8291831386
"BWT","centered",402,1.00006295001734,24000
"BWT","centered",403,0.999993938032841,23553.4335798333
"BWT","centered",404,1.00002101228494,23380.8506864854
"BWT","centered",405,1.00035360833324,23011.7626042519
"BWT","centered",406,1.00003324818662,23241.7200558432
"BWT","centered",407,0.999947042311749,23193.0564682539
"BWT","centered",408,1.00008133088391,23642.2772387244
"BWT","centered",409,1.00000188444343,23479.261184547
"BWT","centered",410,0.999945831153049,24000
"BWT","centered",411,1.00021842125928,23738.9956889391
"BWT","centered",412,1.00021879250587,23700.7283710069
"BWT","centered",413,1.00007104582591,23599.2520829072
"BWT","centered",414,1.00013969125298,24000
"BWT","centered",415,1.00010790290808,22933.7530237935
"BWT","centered",416,0.999959287796503,23861.5657355429
"BWT","centered",417,0.999972735264567,22675.0698422682
"BWT","centered",418,0.999991428646185,23262.8194132958
"BWT","centered",419,1.00002907252485,24576.9574171762
"BWT","centered",420,1.00000529056045,23920.9489227444
"BWT","centered",421,1.00004461264677,24303.5076283997
"BWT","centered",422,0.999928139163113,24272.7673328709
"BWT","centered",423,0.999957975872339,23814.8078386192
"BWT","centered",424,1.00001660587839,24293.4148415581
"BWT","centered",425,1.00003789472129,24269.2096240314
"BWT","centered",426,0.999909061193313,23318.8658380571
"BWT","centered",427,1.00013979323778,23975.5679030643
"BWT","centered",428,1.00011286325054,24317.7629439309
"BWT","centered",429,1.00029878722212,24240.8799718796
"BWT","centered",430,1.00018932633536,24316.8925601651
"BWT","centered",431,1.00002407882168,24000
"BWT","centered",432,0.999937650238086,24000
"BWT","centered",433,0.999912651602981,24000
"BWT","centered",434,0.999949749451453,23709.588196216
"BWT","centered",435,0.999983494906019,24480.0951745219
"BWT","centered",436,0.999963957009579,24000
"BWT","centered",437,1.0000180490109,24547.7242151592
"BWT","centered",438,1.00007523964275,24897.0699910027
"BWT","centered",439,0.999926993053441,23308.2265830007
"BWT","centered",440,1.00009476347258,24000
"BWT","centered",441,1.0001287244016,23699.3216178648
"BWT","centered",442,1.00031843770733,24222.9501262419
"BWT","centered",443,1.00015957693999,23932.1360155645
"BWT","centered",444,1.00021304379062,22815.7626949412
"BWT","centered",445,1.00015368639517,22918.1425253629
"BWT","centered",446,1.0000230006039,22653.188076419
"BWT","centered",447,1.00005747844139,23895.3688488376
"BWT","centered",448,0.999965275700315,23804.4656066472
"BWT","centered",449,0.999991710351657,24186.8013244067
"BWT","centered",450,1.00003408425043,24033.474297823
"BWT","centered",451,1.00002232593657,24000
"BWT","centered",452,1.00009552274185,24093.6595612172
"BWT","centered",453,1.00006281294589,24237.7042078424
"BWT","centered",454,0.999968173911732,24000
"BWT","centered",455,1.00002385970241,24000
"BWT","centered",456,0.999969358547564,24000
"BWT","centered",457,0.99992643842263,24256.2034103664
"BWT","centered",458,1.00015766809001,23617.2400554342
"BWT","centered",459,1.00031869126334,24507.926837063
"BWT","centered",460,1.00024158711759,24000
"BWT","centered",461,1.00013499248334,23753.8293795618
"BWT","centered",462,1.0002735803586,23721.9432911066
"BWT","centered",463,1.00014012330401,23329.4218670591
"BWT","centered",464,0.999977422261795,22652.7303845041
"BWT","centered",465,1.00001084798863,22374.0010769928
"BWT","centered",466,1.00001870595296,21412.76224238
"BWT","centered",467,1.00015054037259,21214.6980093839
"BWT","centered",468,1.00024681740898,17362.5421470082
"BWT","centered",469,1.00037343842048,15450.78508106
"BWT","centered",470,1.00055397263251,12765.6534905185
"BWT","centered",471,1.00128265606009,9700.22741638423
"BWT","centered",472,1.00167859937014,7229.33840159597
"BWT","centered",473,1.00219270194491,5091.77959502519
"BWT","centered",474,1.00196027137053,4152.98646910201
"BWT","centered",475,1.00142048488085,4261.72445259946
"BWT","centered",476,1.00120467605691,4327.16033897527
"BWT","centered",477,1.0010362283941,4349.79779531619
"BWT","centered",478,1.00124804956952,4468.20267022739
"BWT","centered",479,1.00106341601912,4784.81443581525
"BWT","centered",480,1.00095641233858,4656.97203335263
"BWT","centered",481,1.00043211249328,4972.12375537231
"BWT","centered",482,1.00024205824484,5018.04664446275
"BWT","centered",483,1.00054509914577,4805.15844263282
"BWT","centered",484,1.00052339182921,4539.64605058307
"BWT","centered",485,1.00058042163262,4427.91023949479
"BWT","centered",486,1.00051441748723,4308.57211806044
"BWT","centered",487,1.00059102439647,4292.34473626208
"BWT","centered",488,1.00057759078353,4922.13448061494
"BWT","centered",489,1.00065089818162,5710.30636013828
"BWT","centered",490,1.00069113219122,6672.62860988912
"BWT","centered",491,1.00054015110881,7305.77579210794
"BWT","centered",492,1.00025638337387,8527.9425527754
"BWT","centered",493,1.00012781034104,9716.5653758222
"BWT","centered",494,1.00002489939589,10457.7374633268
"BWT","centered",495,0.999956526160798,10712.977401813
"BWT","centered",496,1.0000674914888,11625.109406961
"BWT","centered",497,1.0001840639665,11533.2474469365
"BWT","centered",498,1.00023565631013,11032.0570807234
"BWT","centered",499,1.00019958758006,10628.579992203
"BWT","centered",500,1.00034094636232,10462.6240835787
"BWT","centered",501,1.00019458487723,10582.8856051259
"BWT","centered",502,1.00029870712694,10781.353352293
"BWT","centered",503,1.00003651130252,11165.9080805258
"BWT","centered",504,1.00036656830499,10600.7869975203
"BWT","centered",505,1.00036723762188,9621.01342279376
"BWT","centered",506,1.00046825475097,8499.21568249351
"BWT","centered",507,1.00043336492205,7383.18443072283
"BWT","centered",508,1.00060692923699,6991.0213270513
"BWT","centered",509,1.00041718010903,6912.19815226357
"BWT","centered",510,1.00063538539698,7037.33305674776
"BWT","centered",511,1.00069779994487,6672.23121994281
"BWT","centered",512,1.00068801484712,6588.34398518239
"BWT","centered",513,1.00076634619186,6349.88636612707
"BWT","centered",514,1.00108359197349,6039.38692508449
"BWT","centered",515,1.00114358830125,5734.09401942752
"BWT","centered",516,1.00105601441127,5486.47821293727
"BWT","centered",517,1.00089883329589,5452.72469404546
"BWT","centered",518,1.00065870880151,5309.49702854842
"BWT","centered",519,1.00074417030662,5792.58377243801
"BWT","centered",520,1.00070171651373,5556.28452183418
"BWT","centered",521,1.00077420817091,5499.80617806328
"BWT","centered",522,1.00074763472053,5328.77384556681
"BWT","centered",523,1.00076571608003,5177.60547504986
"BWT","centered",524,1.00061500183859,4615.15465717162
"BWT","centered",525,1.00054985610945,4005.08736592494
"BWT","centered",526,1.00036352928355,3431.09281444102
"BWT","centered",527,1.00081614520632,3037.87795514416
"BWT","centered",528,1.00103737844075,2998.06774087489
"BWT","centered",529,1.00095336381842,3296.76710939048
"BWT","centered",530,1.00134324713176,3158.43818067586
"BWT","centered",531,1.00158625725063,2910.16425606357
"BWT","centered",532,1.00216914133705,2675.80445945906
"BWT","centered",533,1.00209389810088,2524.72353870193
"BWT","centered",534,1.00186412778973,2216.10696553146
"BWT","centered",535,1.00170117793628,2150.58657377378
"BWT","centered",536,1.00160120823177,2097.18673886
"BWT","centered",537,1.00148193504158,1963.50966208507
"BWT","centered",538,1.00126037165715,1863.20457951263
"BWT","centered",539,1.00112217621952,1816.54124489167
"BWT","centered",540,1.000993224048,1984.01967640504
"BWT","first_difference",1,1.00030129458254,23643.4147654927
"BWT","first_difference",2,1.00010621744863,24245.3597705324
"BWT","first_difference",3,1.0000033599403,23390.6779568738
"BWT","first_difference",4,1.00012174999847,24701.4707403536
"BWT","first_difference",5,1.00004266623168,24770.5918276936
"BWT","first_difference",6,1.00004365945773,24273.0377985926
"BWT","first_difference",7,0.999986308122589,24422.1772481185
"BWT","first_difference",8,1.00002577103575,23775.9890151734
"BWT","first_difference",9,0.999974783099139,23999.9999999999
"BWT","first_difference",10,1.00006969866717,23099.3302271848
"BWT","first_difference",11,1.00005658866015,23871.504771925
"BWT","first_difference",12,1.0000727536618,24000
"BWT","first_difference",13,1.00018944354055,24000.0000000001
"BWT","first_difference",14,1.00039243302608,24000
"BWT","first_difference",15,1.00016093425736,23229.8486548387
"BWT","first_difference",16,1.00005112475111,24203.7004984421
"BWT","first_difference",17,1.00002919869726,24000
"BWT","first_difference",18,1.00001742671782,24322.9104194605
"BWT","first_difference",19,1.00003616841936,24097.1783798968
"BWT","first_difference",20,0.999961558507308,24025.2082430874
"BWT","first_difference",21,1.00002679696705,23629.9869598792
"BWT","first_difference",22,1.00029925268427,24243.7368796125
"BWT","first_difference",23,1.00006677876396,24146.0424616543
"BWT","first_difference",24,1.00001242566071,24000
"BWT","first_difference",25,1.00016941466667,24518.2614515377
"BWT","first_difference",26,0.999954300919281,23681.344044007
"BWT","first_difference",27,0.999979398858805,23326.0919703144
"BWT","first_difference",28,1.00005809109634,24000.0000000001
"BWT","first_difference",29,1.00008481027047,24103.4692192856
"BWT","first_difference",30,1.00000800292567,23735.6643284466
"BWT","first_difference",31,1.00008385067099,23683.3932371114
"BWT","first_difference",32,1.00002568425798,23942.1009851307
"BWT","first_difference",33,0.999923411845655,24000.0000000001
"BWT","first_difference",34,1.00020025082167,23811.6277584025
"BWT","first_difference",35,0.999937448704484,24984.9123338501
"BWT","first_difference",36,1.00002663704927,23675.855981667
"BWT","first_difference",37,1.00006276915309,23731.8568286958
"BWT","first_difference",38,0.999936908995312,24000
"BWT","first_difference",39,1.00010247749807,23352.2041104951
"BWT","first_difference",40,0.999967551892338,24521.2088315701
"BWT","first_difference",41,1.0001357934043,24563.6811279776
"BWT","first_difference",42,0.999969772622302,23393.2754135963
"BWT","first_difference",43,1.00018203820445,24451.2880305314
"BWT","first_difference",44,1.00000144647812,23999.9999999999
"BWT","first_difference",45,1.00014694423098,24229.7690101512
"BWT","first_difference",46,0.999994497327363,24000
"BWT","first_difference",47,0.99995231687899,24000
"BWT","first_difference",48,0.99999987801188,23982.0858398522
"BWT","first_difference",49,1.00012244831202,24000
"BWT","first_difference",50,1.00005507652428,24480.6773344425
"BWT","first_difference",51,1.00013557182475,24000
"BWT","first_difference",52,1.00007701089721,24848.3793138662
"BWT","first_difference",53,0.999980919235816,24936.5287537213
"BWT","first_difference",54,0.999945581615535,24397.6746724475
"BWT","first_difference",55,1.00028668736941,24000
"BWT","first_difference",56,1.00013439672618,24000
"BWT","first_difference",57,1.00001463316445,24013.8314551805
"BWT","first_difference",58,1.00006915446528,24321.1351148421
"BWT","first_difference",59,1.00005036542143,24000
"BWT","first_difference",60,0.999939310028433,24000
"BWT","first_difference",61,0.999950336091696,24000
"BWT","first_difference",62,1.00016318872566,24000
"BWT","first_difference",63,0.999989687201042,24394.3115035876
"BWT","first_difference",64,1.00017306264073,23653.810311289
"BWT","first_difference",65,1.00010634942629,24000
"BWT","first_difference",66,0.999975250630432,24054.2993010029
"BWT","first_difference",67,0.999985980694863,24000
"BWT","first_difference",68,1.00003990416134,24000
"BWT","first_difference",69,1.00018095120872,24824.2109096546
"BWT","first_difference",70,0.999963791276548,24634.0450424846
"BWT","first_difference",71,1.00020180889348,24000
"BWT","first_difference",72,1.00004487681871,25120.8067035996
"BWT","first_difference",73,1.0000083752623,23714.2043831229
"BWT","first_difference",74,1.00004594275827,24000
"BWT","first_difference",75,1.00001895941818,24679.3865376626
"BWT","first_difference",76,1.00000687252439,23784.3052839595
"BWT","first_difference",77,1.00010063254606,24274.0588042952
"BWT","first_difference",78,0.999973723796532,24000
"BWT","first_difference",79,1.00005219517764,24270.7576159484
"BWT","first_difference",80,1.00000912342706,24067.4039682551
"BWT","first_difference",81,1.00003586757716,24000
"BWT","first_difference",82,1.00013549661465,24000
"BWT","first_difference",83,1.00014701674216,24000
"BWT","first_difference",84,1.00003993963718,23774.4821252803
"BWT","first_difference",85,1.00007479940768,24155.3260755545
"BWT","first_difference",86,1.00002672768535,24000
"BWT","first_difference",87,0.999997683500345,24497.1287126767
"BWT","first_difference",88,1.00001665482633,24356.8352048307
"BWT","first_difference",89,0.999984610755138,24390.3606632023
"BWT","first_difference",90,0.999968394135801,24222.3997054649
"BWT","first_difference",91,0.999922512354583,24008.5937146054
"BWT","first_difference",92,0.999941867468388,24000
"BWT","first_difference",93,0.999988080709189,23385.5266870821
"BWT","first_difference",94,0.999988653488212,24000
"BWT","first_difference",95,0.999973446002482,24000
"BWT","first_difference",96,1.00014367862456,23671.9801257605
"BWT","first_difference",97,1.00008701287773,23781.2769877616
"BWT","first_difference",98,0.999960276125698,24000
"BWT","first_difference",99,0.999985960503504,23593.1301106896
"BWT","first_difference",100,1.0004504185277,23877.0532615071
"BWT","first_difference",101,1.00026010178855,25235.8952501645
"BWT","first_difference",102,1.00020579928373,24000
"BWT","first_difference",103,0.999963754606039,23542.0827757649
"BWT","first_difference",104,1.00004252028658,24861.5442734243
"BWT","first_difference",105,0.999998052529143,24000
"BWT","first_difference",106,1.00010737810428,24000.0000000001
"BWT","first_difference",107,0.999925608243674,23542.065800464
"BWT","first_difference",108,1.0001039881503,23729.8165186821
"BWT","first_difference",109,0.999972983314494,24000
"BWT","first_difference",110,1.00011357937026,23943.7139402463
"BWT","first_difference",111,1.00012785501979,23297.5957061498
"BWT","first_difference",112,1.00015917565077,23384.808868725
"BWT","first_difference",113,1.0001613124849,24000
"BWT","first_difference",114,0.999988757817115,24206.7548887898
"BWT","first_difference",115,1.00004880706314,24137.2724756995
"BWT","first_difference",116,1.00002184362943,24000
"BWT","first_difference",117,0.999984785273277,23300.8318813039
"BWT","first_difference",118,1.00027345304127,24276.2267902296
"BWT","first_difference",119,1.00009193535899,24016.3274693964
"BWT","first_difference",120,0.999977767558683,23612.7125755222
"BWT","first_difference",121,1.00022904782687,24000
"BWT","first_difference",122,1.00000452901053,23694.9408156378
"BWT","first_difference",123,0.999961013217183,24000
"BWT","first_difference",124,1.00012748590356,24000
"BWT","first_difference",125,0.99995230832592,24000
"BWT","first_difference",126,0.99997685882598,24000
"BWT","first_difference",127,1.00017496768327,23783.3428064729
"BWT","first_difference",128,1.00007786608772,22760.727280383
"BWT","first_difference",129,0.999979235668628,24000
"BWT","first_difference",130,0.999988313009198,24257.0043697775
"BWT","first_difference",131,1.00007966347518,24000
"BWT","first_difference",132,0.999991346241684,24261.814075367
"BWT","first_difference",133,1.00017943733487,24580.3761412817
"BWT","first_difference",134,1.00013869851736,23893.3445083578
"BWT","first_difference",135,1.00026512814963,23313.1598079899
"BWT","first_difference",136,0.999975282033402,24502.4818653579
"BWT","first_difference",137,0.999984936783861,23745.6605823378
"BWT","first_difference",138,0.999991630342607,24815.3135173014
"BWT","first_difference",139,1.00006821733885,23747.0364656513
"BWT","first_difference",140,0.999967693893231,24000
"BWT","first_difference",141,0.999950137254419,24000
"BWT","first_difference",142,0.999998546250058,24000
"BWT","first_difference",143,0.999972620364694,23601.4848194745
"BWT","first_difference",144,0.999983233486242,24234.7451052784
"BWT","first_difference",145,1.00006715753456,23762.5057004083
"BWT","first_difference",146,1.00004673243766,24391.2049893508
"BWT","first_difference",147,1.0000384010682,23712.9396905649
"BWT","first_difference",148,0.999980909943006,24344.0086670868
"BWT","first_difference",149,0.999974472204765,24255.4703851801
"BWT","first_difference",150,0.999956499953534,24313.3442009313
"BWT","first_difference",151,1.00006884513102,22946.5703284592
"BWT","first_difference",152,0.999970682389661,24672.2208843995
"BWT","first_difference",153,1.00014737674557,23559.8205218301
"BWT","first_difference",154,1.00000143761875,24000
"BWT","first_difference",155,1.00031367899416,23423.8316289543
"BWT","first_difference",156,1.000073303468,23699.7926348493
"BWT","first_difference",157,1.00006101830076,24000
"BWT","first_difference",158,1.00007187412476,24208.3084264308
"BWT","first_difference",159,1.00000258456672,23964.8018147595
"BWT","first_difference",160,1.00002576023406,23609.3939220417
"BWT","first_difference",161,1.00014202719412,24258.8833943542
"BWT","first_difference",162,0.999989497660669,23634.8416602375
"BWT","first_difference",163,1.00004510398447,24000
"BWT","first_difference",164,1.00010171623587,24072.6450844009
"BWT","first_difference",165,0.999936732693603,23695.515065078
"BWT","first_difference",166,1.00014699792559,23952.917081661
"BWT","first_difference",167,0.999979866121881,24000
"BWT","first_difference",168,1.00004864148001,24070.2900641894
"BWT","first_difference",169,1.00007864564046,24338.483544632
"BWT","first_difference",170,0.99999367046835,24379.4305672465
"BWT","first_difference",171,0.999936497602823,24284.1538506263
"BWT","first_difference",172,0.999983756660639,24000
"BWT","first_difference",173,1.00010986152101,25579.5781712368
"BWT","first_difference",174,1.0000782044308,24360.6989595617
"BWT","first_difference",175,1.00000925219582,25008.0341197265
"BWT","first_difference",176,0.999939937015156,23850.6730547343
"BWT","first_difference",177,0.999921561746047,23999.9999999999
"BWT","first_difference",178,1.00003637291119,23963.3679104684
"BWT","first_difference",179,1.00007337939319,24282.2172028657
"BWT","first_difference",180,1.00020957582143,24000
"BWT","first_difference",181,0.999941136109801,23651.7179297713
"BWT","first_difference",182,1.00005414839486,23005.5141859476
"BWT","first_difference",183,0.999909831807194,24000
"BWT","first_difference",184,0.999978873257195,23747.963539657
"BWT","first_difference",185,0.999942197425554,24000
"BWT","first_difference",186,0.999992132617448,25344.2865452481
"BWT","first_difference",187,1.00014869600851,23513.5276115397
"BWT","first_difference",188,0.999983133566529,24000
"BWT","first_difference",189,0.999930035136358,24065.3313212927
"BWT","first_difference",190,1.00004409495028,24230.5103224961
"BWT","first_difference",191,1.00017103759306,24199.6009277447
"BWT","first_difference",192,1.00005625897843,23475.3022792537
"BWT","first_difference",193,0.999985021444525,24000
"BWT","first_difference",194,0.999957868643366,23617.811615918
"BWT","first_difference",195,0.999979408980503,23376.2633140884
"BWT","first_difference",196,1.00002384773805,23781.8633001724
"BWT","first_difference",197,1.00009011845533,23539.5804645386
"BWT","first_difference",198,1.00004004172902,24000
"BWT","first_difference",199,1.00007641855237,23778.4528988864
"BWT","first_difference",200,1.00003213373974,24175.8654825317
"BWT","first_difference",201,1.00004539062196,24012.3463167005
"BWT","first_difference",202,0.999946090729505,24000
"BWT","first_difference",203,0.999989442735832,24000
"BWT","first_difference",204,0.999890598822821,23998.5286621411
"BWT","first_difference",205,1.00016409110111,24000.0000000001
"BWT","first_difference",206,1.00005652475238,24000
"BWT","first_difference",207,0.999975075327705,23284.6367432377
"BWT","first_difference",208,0.999941522758876,24372.5862398569
"BWT","first_difference",209,1.00018974183058,24000
"BWT","first_difference",210,1.00001606859012,23333.4711350927
"BWT","first_difference",211,1.00001978995822,23334.5846519174
"BWT","first_difference",212,0.999989747826076,24317.0690576971
"BWT","first_difference",213,1.0002314220042,22956.1541097447
"BWT","first_difference",214,1.00007577004729,24191.0304228359
"BWT","first_difference",215,0.999961771857761,23825.2991301024
"BWT","first_difference",216,1.00003540135379,24569.921234645
"BWT","first_difference",217,0.999997713143774,25154.6585608509
"BWT","first_difference",218,1.0000090504816,24000
"BWT","first_difference",219,0.9999450300148,24000
"BWT","first_difference",220,1.00010459883952,24721.5564243625
"BWT","first_difference",221,0.99998139372335,24244.9104927863
"BWT","first_difference",222,1.00001187919616,24078.1897807238
"BWT","first_difference",223,1.00002481655748,23749.3286760563
"BWT","first_difference",224,1.00003068550449,24411.6594150393
"BWT","first_difference",225,1.00012118370538,24000
"BWT","first_difference",226,1.00011085853217,23529.5865756808
"BWT","first_difference",227,1.00001084092893,24740.6816552709
"BWT","first_difference",228,1.00002256547497,25315.0408706964
"BWT","first_difference",229,0.999920706739853,24000
"BWT","first_difference",230,1.00016782552164,23999.9999999999
"BWT","first_difference",231,0.999937917699363,25581.8149635782
"BWT","first_difference",232,1.00028034124984,23256.6544541498
"BWT","first_difference",233,1.00005824257596,23710.6384430222
"BWT","first_difference",234,1.00012345146928,24000
"BWT","first_difference",235,1.00012251590214,24000
"BWT","first_difference",236,1.00019263771139,24000
"BWT","first_difference",237,1.00003683034567,24000
"BWT","first_difference",238,0.999945924812182,24337.3232951361
"BWT","first_difference",239,0.999920727671198,24375.7411244968
"BWT","first_difference",240,0.99996087194162,23488.353608795
"BWT","first_difference",241,1.00004909944604,23509.8590866968
"BWT","first_difference",242,1.00005802868476,24076.1817485315
"BWT","first_difference",243,1.00008565584145,24000
"BWT","first_difference",244,1.00004162598775,24000
"BWT","first_difference",245,0.999973672000655,25253.9322452823
"BWT","first_difference",246,0.999995175072612,24224.1710941009
"BWT","first_difference",247,1.00015253224761,24265.6292862417
"BWT","first_difference",248,1.0000107826272,25668.7181649104
"BWT","first_difference",249,1.00009066593473,24381.1722637181
"BWT","first_difference",250,0.999937643982376,24500.6750697257
"BWT","first_difference",251,1.00000383142327,24000
"BWT","first_difference",252,1.00027749386448,23814.4235819595
"BWT","first_difference",253,0.999914225957127,25096.1930000952
"BWT","first_difference",254,1.00005614241175,24070.4258569868
"BWT","first_difference",255,1.00004918212254,24239.6116848259
"BWT","first_difference",256,0.999985944075201,24242.1896996399
"BWT","first_difference",257,0.999974820639913,23448.0326099148
"BWT","first_difference",258,1.0000517327346,24454.7342120198
"BWT","first_difference",259,0.999897107833083,24260.626158696
"BWT","first_difference",260,1.00003931415407,24579.1441385424
"BWT","first_difference",261,0.999990113752028,24000
"BWT","first_difference",262,0.999938683178554,24000.0000000001
"BWT","first_difference",263,0.999931903317444,25041.5238309124
"BWT","first_difference",264,1.00004271152914,23774.662955828
"BWT","first_difference",265,1.00007269869848,23877.2626468103
"BWT","first_difference",266,0.999964712163273,23736.6350292769
"BWT","first_difference",267,0.999950074299477,23600.1490121749
"BWT","first_difference",268,1.00022623529443,23712.6092299331
"BWT","first_difference",269,1.0000442947558,23239.1335058075
"BWT","first_difference",270,1.00009791822638,24000
"BWT","first_difference",271,0.999963529579753,24000
"BWT","first_difference",272,1.00022476263127,24000
"BWT","first_difference",273,0.999960677661773,23907.0928982444
"BWT","first_difference",274,1.00008862882193,24000
"BWT","first_difference",275,0.999936845326799,24000
"BWT","first_difference",276,1.00004139907169,22970.2747024374
"BWT","first_difference",277,1.00014174428169,23982.4615238001
"BWT","first_difference",278,1.00005960968923,24283.1037392961
"BWT","first_difference",279,1.00013542124457,23940.0231775346
"BWT","first_difference",280,0.99999422479583,24000
"BWT","first_difference",281,1.00008734173718,24009.1139366563
"BWT","first_difference",282,0.999995922362515,24311.1420302446
"BWT","first_difference",283,1.00002107946858,24061.5534701466
"BWT","first_difference",284,0.999954695564466,24000
"BWT","first_difference",285,0.999990618057549,24000
"BWT","first_difference",286,1.00000015958204,24225.0966614448
"BWT","first_difference",287,1.00000750050413,24915.1927128536
"BWT","first_difference",288,1.00002836206417,24000
"BWT","first_difference",289,0.999947088980817,23508.5424566436
"BWT","first_difference",290,1.00010057450146,23972.9311891899
"BWT","first_difference",291,0.999958863132728,24416.91505452
"BWT","first_difference",292,0.999998725174937,24257.0916602976
"BWT","first_difference",293,0.99993566464485,24682.2549406715
"BWT","first_difference",294,0.999960757683757,24000
"BWT","first_difference",295,0.999976818107953,24273.9422279685
"BWT","first_difference",296,1.00004523033074,24000
"BWT","first_difference",297,0.99988294906999,24800.0078547104
"BWT","first_difference",298,0.9999350982639,23715.9290419929
"BWT","first_difference",299,1.000082574985,24405.7534881617
"BWT","first_difference",300,0.999977725508146,24267.5568742806
"BWT","first_difference",301,1.00001105863108,24000
"BWT","first_difference",302,0.999885720514336,24385.5652950119
"BWT","first_difference",303,1.0000181505004,24000
"BWT","first_difference",304,1.00004043023187,23985.6700450726
"BWT","first_difference",305,1.00004443703158,24000
"BWT","first_difference",306,1.00025734110614,24000
"BWT","first_difference",307,0.999910213765748,23904.9726466689
"BWT","first_difference",308,1.00007818362785,23514.5001406296
"BWT","first_difference",309,0.999981947113705,23273.5790495622
"BWT","first_difference",310,1.00006287713109,24264.3564578544
"BWT","first_difference",311,1.00008628536131,24077.4241405073
"BWT","first_difference",312,0.999927068975184,24333.4087281925
"BWT","first_difference",313,1.00007931945901,24000.0000000001
"BWT","first_difference",314,1.00005801365129,24333.7245766771
"BWT","first_difference",315,1.00005047025155,22067.8226472381
"BWT","first_difference",316,0.99996491691902,23617.2295215885
"BWT","first_difference",317,1.00010055365157,22301.0220952955
"BWT","first_difference",318,1.00000429955984,23449.2814233782
"BWT","first_difference",319,0.999925907190306,24396.6712970034
"BWT","first_difference",320,0.999998767211286,23663.0283046654
"BWT","first_difference",321,1.0000135069315,24000
"BWT","first_difference",322,1.00013457723332,23877.1942014198
"BWT","first_difference",323,1.00004779829052,23775.4132340313
"BWT","first_difference",324,1.00003601913919,23693.5656941776
"BWT","first_difference",325,1.00005944415435,23568.4612891856
"BWT","first_difference",326,1.00020028446397,24285.8837894354
"BWT","first_difference",327,1.00001386866792,23999.9999999999
"BWT","first_difference",328,0.99999635002924,23576.1270906609
"BWT","first_difference",329,0.999950810643103,23750.7856634283
"BWT","first_difference",330,0.999930385175017,23460.7025663804
"BWT","first_difference",331,1.00000859904896,24302.245597152
"BWT","first_difference",332,1.00004871991569,24344.8409279754
"BWT","first_difference",333,1.00020143487337,24104.047328503
"BWT","first_difference",334,0.999946945995479,24241.0319915889
"BWT","first_difference",335,1.00006810898227,22683.5974970634
"BWT","first_difference",336,1.00003369705885,24348.9540306986
"BWT","first_difference",337,1.00008584572441,24308.2204834352
"BWT","first_difference",338,0.99997404424517,24000
"BWT","first_difference",339,1.00003232538084,24338.4002419508
"BWT","first_difference",340,1.00001492583139,24894.3158652262
"BWT","first_difference",341,1.00008791159719,24109.0529746641
"BWT","first_difference",342,1.00001654712254,23872.4362712672
"BWT","first_difference",343,1.00011286034532,23377.3188761704
"BWT","first_difference",344,0.999982365874385,24000
"BWT","first_difference",345,0.999982962491511,24000
"BWT","first_difference",346,1.00005220876747,23987.4350505296
"BWT","first_difference",347,1.00003232276731,23757.0042828424
"BWT","first_difference",348,0.999980049008273,24000
"BWT","first_difference",349,0.999893497588873,24032.5583685329
"BWT","first_difference",350,1.00006314859318,24000
"BWT","first_difference",351,1.00003787911564,24488.4421413243
"BWT","first_difference",352,1.00010484846509,24265.3787513984
"BWT","first_difference",353,1.00007945798845,24419.0728575884
"BWT","first_difference",354,1.00008935589638,24500.1097952
"BWT","first_difference",355,1.00005921012826,24010.5562568271
"BWT","first_difference",356,0.999984053031343,23245.4509421828
"BWT","first_difference",357,1.00003099315451,23293.1535415522
"BWT","first_difference",358,1.00005534853631,23565.1736198465
"BWT","first_difference",359,1.00009016442861,24407.0942535759
"BWT","first_difference",360,1.00002051971069,23724.7775169691
"BWT","first_difference",361,0.999938907832164,24773.7951082492
"BWT","first_difference",362,1.0001369000637,24000
"BWT","first_difference",363,1.00001101747308,24000
"BWT","first_difference",364,0.999990774420743,24770.5417074129
"BWT","first_difference",365,0.999974969517715,23771.4558641244
"BWT","first_difference",366,1.00002782342827,23692.30585977
"BWT","first_difference",367,1.00005438907758,23538.0839770744
"BWT","first_difference",368,0.999966319586753,24000
"BWT","first_difference",369,1.00011051647235,24921.2386453361
"BWT","first_difference",370,1.00006854530038,23778.7051470237
"BWT","first_difference",371,1.00003597665123,23926.5876330844
"BWT","first_difference",372,1.00009406823524,24000
"BWT","first_difference",373,0.999992537238903,24760.8396505524
"BWT","first_difference",374,1.00012363318812,24175.6230773462
"BWT","first_difference",375,0.999979605781051,23745.6983998815
"BWT","first_difference",376,1.00010859016124,23554.2923414675
"BWT","first_difference",377,1.00004388950029,23981.6915493189
"BWT","first_difference",378,1.00003937784722,24000
"BWT","first_difference",379,1.000127588261,24000
"BWT","first_difference",380,1.00003467559791,23653.6111060118
"BWT","first_difference",381,1.00006857495831,23740.648767936
"BWT","first_difference",382,0.999966839368367,24608.8459683156
"BWT","first_difference",383,1.00008478233043,22757.4215057998
"BWT","first_difference",384,0.999955613474666,24269.7632068244
"BWT","first_difference",385,1.00001967642261,23629.5190920341
"BWT","first_difference",386,1.00010155731912,24235.2828491982
"BWT","first_difference",387,1.00006487518294,24000
"BWT","first_difference",388,1.00004346015616,24000
"BWT","first_difference",389,1.00008873336833,23346.2520927498
"BWT","first_difference",390,0.999952238315076,24154.9655104399
"BWT","first_difference",391,0.999944633179293,24957.2608213458
"BWT","first_difference",392,0.999914080041,24000
"BWT","first_difference",393,1.00012823316206,23478.9272721845
"BWT","first_difference",394,1.00003430793938,24156.7516517122
"BWT","first_difference",395,0.999964309634704,23198.1662028293
"BWT","first_difference",396,1.00012034160584,23265.4485119611
"BWT","first_difference",397,0.999983156700935,24000
"BWT","first_difference",398,1.00001164933062,22794.1479647359
"BWT","first_difference",399,1.00010165086281,24242.6098235076
"BWT","first_difference",400,0.999959526902415,23519.0902496065
"BWT","first_difference",401,1.00015887021514,25096.5762816346
"BWT","first_difference",402,1.00019073633003,23832.4157321323
"BWT","first_difference",403,0.999979299284007,23741.6828334315
"BWT","first_difference",404,1.00007685161218,24327.3970408111
"BWT","first_difference",405,0.999991604043301,23672.6359344914
"BWT","first_difference",406,1.00011773278151,23414.715039823
"BWT","first_difference",407,0.99999366693257,23539.360186662
"BWT","first_difference",408,0.999931388202949,24000
"BWT","first_difference",409,0.99992692314853,24759.7198381226
"BWT","first_difference",410,1.0001115588999,23063.1474518689
"BWT","first_difference",411,0.999972517226783,23529.554982498
"BWT","first_difference",412,1.00009073916681,24000
"BWT","first_difference",413,0.999959598484231,23712.1575625866
"BWT","first_difference",414,0.999924160824968,24000
"BWT","first_difference",415,1.00004129507092,24526.7908703176
"BWT","first_difference",416,1.00008773144444,23626.0174377151
"BWT","first_difference",417,0.999965076353467,23741.8215737721
"BWT","first_difference",418,1.00002735494232,25190.2757930938
"BWT","first_difference",419,0.999992192077159,23837.0988101731
"BWT","first_difference",420,1.00002349967507,23302.88677495
"BWT","first_difference",421,0.999970911437393,24841.9987011342
"BWT","first_difference",422,1.00001771140934,24000
"BWT","first_difference",423,1.00013046923152,25285.3537203855
"BWT","first_difference",424,0.999956093089303,23503.8541343885
"BWT","first_difference",425,1.00038039097566,24121.1839916578
"BWT","first_difference",426,1.00010149951539,24865.8093379494
"BWT","first_difference",427,1.00004562820143,23977.7516589018
"BWT","first_difference",428,1.00015258993923,23545.4724173532
"BWT","first_difference",429,1.00003763583331,23690.3755854763
"BWT","first_difference",430,1.00006509685046,24000
"BWT","first_difference",431,1.00014444187296,23186.3372186751
"BWT","first_difference",432,1.00063194180945,24324.6580024044
"BWT","first_difference",433,1.00005791556654,23137.6191644061
"BWT","first_difference",434,1.00012033468217,24655.9589785117
"BWT","first_difference",435,0.999924103307053,24279.9152870222
"BWT","first_difference",436,1.00001598308949,25122.6993772196
"BWT","first_difference",437,0.999919655645813,24248.9522988209
"BWT","first_difference",438,1.00008207960292,24120.9218285399
"BWT","first_difference",439,1.00005339310651,23896.9922910074
"BWT","first_difference",440,0.999955478312319,23606.9659389261
"BWT","first_difference",441,1.0001024046494,24000
"BWT","first_difference",442,0.999948621297842,23329.3629026734
"BWT","first_difference",443,1.00000886336663,24933.5636871001
"BWT","first_difference",444,0.999997964390253,23888.2587068035
"BWT","first_difference",445,1.00012644182908,24000
"BWT","first_difference",446,1.00007546432589,23943.0461365604
"BWT","first_difference",447,0.999926444939291,24818.9988449655
"BWT","first_difference",448,1.000034723512,23801.152918902
"BWT","first_difference",449,1.00011971934545,24359.232331074
"BWT","first_difference",450,0.99992573284555,24319.2702059192
"BWT","first_difference",451,1.00014861689286,24000
"BWT","first_difference",452,1.00014429591858,24000
"BWT","first_difference",453,1.00021717330564,24000
"BWT","first_difference",454,1.00001543559224,24268.8045047561
"BWT","first_difference",455,1.00001618096235,24000
"BWT","first_difference",456,1.00003062454564,24000
"BWT","first_difference",457,1.00000157890822,23748.9135972284
"BWT","first_difference",458,1.00005702215716,24302.5547456837
"BWT","first_difference",459,1.00005853630046,23569.7704971656
"BWT","first_difference",460,0.999986549215616,24546.0505548971
"BWT","first_difference",461,1.00007799944731,24000
"BWT","first_difference",462,1.00001625381222,24000
"BWT","first_difference",463,1.0001046327133,23983.1652107927
"BWT","first_difference",464,1.00001786264102,23719.2033209311
"BWT","first_difference",465,0.999997783630065,24000
"BWT","first_difference",466,1.0002377261328,23461.0605176216
"BWT","first_difference",467,1.00007509116952,24000
"BWT","first_difference",468,1.00014615698788,22882.3335346744
"BWT","first_difference",469,1.00009882663823,24000
"BWT","first_difference",470,1.00028637780141,23114.7447288537
"BWT","first_difference",471,0.999977680422774,23732.7718883034
"BWT","first_difference",472,1.00005699699537,22222.8267093461
"BWT","first_difference",473,0.99990243032808,23049.1375010363
"BWT","first_difference",474,1.00028802935129,23399.3724820917
"BWT","first_difference",475,1.00004552523695,21813.2369421234
"BWT","first_difference",476,0.999947762341878,21922.2823664988
"BWT","first_difference",477,1.00000088981757,22214.6109032688
"BWT","first_difference",478,1.00014477165073,22416.8780176364
"BWT","first_difference",479,1.00012809102584,21722.0231246599
"BWT","first_difference",480,1.00006772664816,21198.2915893575
"BWT","first_difference",481,1.00000299160632,21896.6068784407
"BWT","first_difference",482,1.00007025698933,20930.7338008147
"BWT","first_difference",483,1.00028770156102,19140.6901827008
"BWT","first_difference",484,1.00007990480254,19695.3773216179
"BWT","first_difference",485,1.00014195986051,20019.4244919145
"BWT","first_difference",486,1.00012149024004,19954.3817094283
"BWT","first_difference",487,1.00002173356153,20226.6918711041
"BWT","first_difference",488,0.999960390440158,21085.8474322768
"BWT","first_difference",489,1.0000721817373,22252.5956139311
"BWT","first_difference",490,1.00005021410945,21916.2940390919
"BWT","first_difference",491,1.00002766803689,24129.7455824289
"BWT","first_difference",492,1.00008530321152,23278.5002597345
"BWT","first_difference",493,1.00010169634126,22066.3380779538
"BWT","first_difference",494,1.00009937076377,24000
"BWT","first_difference",495,0.999972326832414,22602.291769836
"BWT","first_difference",496,1.00026205874864,23781.752430974
"BWT","first_difference",497,1.00005932281738,23806.0413142926
"BWT","first_difference",498,0.999987648972661,22934.7346133499
"BWT","first_difference",499,0.999992123781984,22631.2084300318
"BWT","first_difference",500,1.00019975789055,22461.7359805188
"BWT","first_difference",501,0.999957081280114,23710.3614205417
"BWT","first_difference",502,1.00001336509302,23571.6537532526
"BWT","first_difference",503,1.00013625305187,20883.0418647814
"BWT","first_difference",504,1.00003331816134,22036.3785832487
"BWT","first_difference",505,1.0001119411536,20716.9391203539
"BWT","first_difference",506,0.999919602758854,21102.4221342293
"BWT","first_difference",507,0.999965609411964,22972.9507454993
"BWT","first_difference",508,1.00008001986814,21638.8185098994
"BWT","first_difference",509,0.999955255391071,22465.5051298295
"BWT","first_difference",510,0.9999943870104,21785.3164382747
"BWT","first_difference",511,1.0001025762768,20528.5383199995
"BWT","first_difference",512,0.999927116628862,21460.1891796215
"BWT","first_difference",513,1.00002988201062,21532.3483946423
"BWT","first_difference",514,1.00007195650033,21407.1571528878
"BWT","first_difference",515,1.00003784552444,21207.0058074172
"BWT","first_difference",516,1.0000233601817,21639.0474419068
"BWT","first_difference",517,1.00032898875127,21734.467663713
"BWT","first_difference",518,0.999918947850736,21036.9731427851
"BWT","first_difference",519,1.00000554844098,21564.8268544105
"BWT","first_difference",520,0.999951677244705,21054.8160517995
"BWT","first_difference",521,0.999867982033687,21215.2578522238
"BWT","first_difference",522,1.00000250904061,20923.3044278807
"BWT","first_difference",523,1.00012171372816,21170.8366572329
"BWT","first_difference",524,1.00014430711137,20689.909214897
"BWT","first_difference",525,1.00029191413506,20365.9765607213
"BWT","first_difference",526,1.00003593207258,20504.4539452175
"BWT","first_difference",527,0.999988582529462,19697.4883719741
"BWT","first_difference",528,1.00012027867181,19440.8530896388
"BWT","first_difference",529,1.0001114446264,19126.0746985238
"BWT","first_difference",530,1.00016167251839,16785.6420556785
"BWT","first_difference",531,1.0001830918763,18434.960143853
"BWT","first_difference",532,1.00005458131902,16208.8287507994
"BWT","first_difference",533,1.00023454748139,17833.6686783074
"BWT","first_difference",534,1.00006712305688,15715.3956113658
"BWT","first_difference",535,0.999978508478847,14598.8253204315
"BWT","first_difference",536,1.00020647663156,13938.7941679481
"BWT","first_difference",537,1.0000314357173,12198.1376533511
"BWT","first_difference",538,0.999947248929973,13035.8430529254
"BWT","first_difference",539,1.00012219547687,15955.140087683
