"parameter","form","time.index","Rhat","ESS"
"d13CO2","raw",1,1.08147502097686,4793.23992913389
"d13CO2","raw",2,1.05719969929923,5565.04953733087
"d13CO2","raw",3,1.04186766980149,6208.80059945472
"d13CO2","raw",4,1.03169361397414,6422.53049736136
"d13CO2","raw",5,1.02447468157194,5617.70787799811
"d13CO2","raw",6,1.01968135782955,6022.28579666049
"d13CO2","raw",7,1.01614208257222,5660.9988862527
"d13CO2","raw",8,1.01303444981715,5555.76182703578
"d13CO2","raw",9,1.01099083933695,5568.3854189231
"d13CO2","raw",10,1.00948469085118,5776.62682030044
"d13CO2","raw",11,1.00823628559287,5806.76415413242
"d13CO2","raw",12,1.00715481193537,5563.83189147342
"d13CO2","raw",13,1.00633438821152,5318.88612387256
"d13CO2","raw",14,1.00576915746444,4826.70753147002
"d13CO2","raw",15,1.00540802385886,4489.56465484024
"d13CO2","raw",16,1.00455669675553,4199.4322214057
"d13CO2","raw",17,1.00397298044139,4276.73912541927
"d13CO2","raw",18,1.0040116779011,4339.24731506162
"d13CO2","raw",19,1.00349496211504,4639.90378650662
"d13CO2","raw",20,1.00308718597799,4990.8391812917
"d13CO2","raw",21,1.00277637714379,5491.0320994762
"d13CO2","raw",22,1.00269516732735,5689.87214249007
"d13CO2","raw",23,1.00235875944774,6303.54625241778
"d13CO2","raw",24,1.00226394368773,6668.04494880606
"d13CO2","raw",25,1.00202706739338,7325.20958906376
"d13CO2","raw",26,1.00179376881332,7923.62274189964
"d13CO2","raw",27,1.00144229875267,8505.53721721623
"d13CO2","raw",28,1.0010282384065,9494.72256998023
"d13CO2","raw",29,1.00080847946434,9761.8181970196
"d13CO2","raw",30,1.0005533492025,11387.3682672063
"d13CO2","raw",31,1.00041186292301,11831.1603144965
"d13CO2","raw",32,1.00027735087415,11785.8793679955
"d13CO2","raw",33,1.00029486323383,13101.356103175
"d13CO2","raw",34,1.00018144541892,12722.7789647728
"d13CO2","raw",35,1.00014902044309,13351.6562761179
"d13CO2","raw",36,1.00007116271196,13647.3405279383
"d13CO2","raw",37,1.00005065446258,13328.1508873247
"d13CO2","raw",38,1.00011218155389,13333.6981973023
"d13CO2","raw",39,0.999968516898246,13460.8730198286
"d13CO2","raw",40,0.999978493813799,13166.8380902617
"d13CO2","raw",41,1.00005970971208,12292.2211110803
"d13CO2","raw",42,0.999950714195933,12524.5219524485
"d13CO2","raw",43,0.999988206303767,11858.618170497
"d13CO2","raw",44,0.999942641030407,11738.1517644015
"d13CO2","raw",45,1.00000315897309,11770.8263015583
"d13CO2","raw",46,0.999987097946583,11570.9690369063
"d13CO2","raw",47,1.00000703352119,11846.7839824118
"d13CO2","raw",48,1.00009222290978,11259.2311772549
"d13CO2","raw",49,1.00005010517245,11438.5349689295
"d13CO2","raw",50,1.00006823153079,11659.6122115853
"d13CO2","raw",51,1.00006220340105,11774.7857662541
"d13CO2","raw",52,1.0000243317974,12308.119654004
"d13CO2","raw",53,1.00000368572035,12628.6326636164
"d13CO2","raw",54,1.00003855662429,12911.5517593808
"d13CO2","raw",55,1.00004293369191,13695.849975173
"d13CO2","raw",56,1.00004091815528,14271.9812322942
"d13CO2","raw",57,1.00005547501022,14565.1633762982
"d13CO2","raw",58,1.00006921496105,14596.7477228671
"d13CO2","raw",59,1.00006094096364,14865.4212218722
"d13CO2","raw",60,1.00009803140469,14763.7507863799
"d13CO2","raw",61,1.00009781316056,14898.3767357009
"d13CO2","raw",62,1.00008615751984,15160.5137901502
"d13CO2","raw",63,1.00008666988072,15246.9422147851
"d13CO2","raw",64,1.00016632923759,14959.9537463486
"d13CO2","raw",65,1.00016244929953,14741.6034063616
"d13CO2","raw",66,1.00016838600915,14145.571138554
"d13CO2","raw",67,1.00019172287298,13713.7122221253
"d13CO2","raw",68,1.00022758661612,13524.6758131445
"d13CO2","raw",69,1.00025291084524,13070.4740946451
"d13CO2","raw",70,1.0001896661948,12685.8432951088
"d13CO2","raw",71,1.00018374272671,12359.5521015267
"d13CO2","raw",72,1.0001207471003,12763.6843076868
"d13CO2","raw",73,1.00009230236169,13316.860215866
"d13CO2","raw",74,1.0001574780257,13351.8928465319
"d13CO2","raw",75,1.00014424959829,13641.8593364727
"d13CO2","raw",76,1.0001468267579,14278.6667230491
"d13CO2","raw",77,1.00020394649045,14312.4319340454
"d13CO2","raw",78,1.00023558303152,13947.3012507037
"d13CO2","raw",79,1.00018005664668,14510.9848361964
"d13CO2","raw",80,1.00016106672708,14682.54390085
"d13CO2","raw",81,1.00024664190351,14013.7862688953
"d13CO2","raw",82,1.00027710235479,13694.9466806989
"d13CO2","raw",83,1.00033401474726,13164.7408381961
"d13CO2","raw",84,1.00030605233489,12081.6893864533
"d13CO2","raw",85,1.00029502872334,11813.3121698353
"d13CO2","raw",86,1.00027732631394,11197.9220649529
"d13CO2","raw",87,1.00026633979665,11151.5783886465
"d13CO2","raw",88,1.00023618532683,10775.9185496441
"d13CO2","raw",89,1.00027107205181,10445.0836122889
"d13CO2","raw",90,1.00025993917175,10400.0403135719
"d13CO2","raw",91,1.00031019188228,10364.3446842465
"d13CO2","raw",92,1.00042421518935,10191.3240562787
"d13CO2","raw",93,1.00044535390812,9125.59600438089
"d13CO2","raw",94,1.00046896448129,8648.07762950699
"d13CO2","raw",95,1.00055684911355,8092.27358124725
"d13CO2","raw",96,1.00063846253761,7461.10760187095
"d13CO2","raw",97,1.00073635531066,7298.99369886839
"d13CO2","raw",98,1.00091920144597,7113.53455112075
"d13CO2","raw",99,1.00100917051595,5646.04761092367
"d13CO2","raw",100,1.00104986831281,5563.24894439901
"d13CO2","raw",101,1.00119302738186,5011.7246953029
"d13CO2","raw",102,1.00122825579348,5162.60830357955
"d13CO2","raw",103,1.00129094332619,4440.85027916048
"d13CO2","raw",104,1.00130921955931,4244.80215461293
"d13CO2","raw",105,1.00130055205248,4143.58752605972
"d13CO2","raw",106,1.00127713510233,4061.01256131454
"d13CO2","raw",107,1.00103989920629,3911.74271476248
"d13CO2","raw",108,1.00112163420277,3685.64353197987
"d13CO2","raw",109,1.00124494991258,3592.76889342215
"d13CO2","raw",110,1.00121348131697,3744.17297589557
"d13CO2","raw",111,1.00136824541267,4144.11778309003
"d13CO2","raw",112,1.0013202170523,4198.9720199979
"d13CO2","raw",113,1.00141275511655,4484.86073134597
"d13CO2","raw",114,1.00119543911911,4203.33717271542
"d13CO2","raw",115,1.00109855855141,4589.61273004569
"d13CO2","raw",116,1.00109884150288,5645.85638494112
"d13CO2","raw",117,1.00082749244004,5737.44178035602
"d13CO2","raw",118,1.00071939125604,6705.53373466546
"d13CO2","raw",119,1.0006451638074,7151.57027922975
"d13CO2","raw",120,1.00065994321013,7478.76352902128
"d13CO2","raw",121,1.00054265588189,8150.24963808222
"d13CO2","raw",122,1.00054036626131,9869.31982416805
"d13CO2","raw",123,1.00055744229268,11016.1842859566
"d13CO2","raw",124,1.00055527625925,11271.327170234
"d13CO2","raw",125,1.00040744309837,12215.2699437865
"d13CO2","raw",126,1.00035740411332,12396.2724980193
"d13CO2","raw",127,1.00033693831305,13282.5470510687
"d13CO2","raw",128,1.00024654582571,13650.5889352984
"d13CO2","raw",129,1.00016437862858,14163.376076974
"d13CO2","raw",130,1.00026280383592,14462.8182051377
"d13CO2","raw",131,1.00028737816458,15416.0186668355
"d13CO2","raw",132,1.00027396393073,15219.5721406727
"d13CO2","raw",133,1.0002824227373,16029.1432961583
"d13CO2","raw",134,1.00029766182602,16115.9491494809
"d13CO2","raw",135,1.00016878443551,15264.2091615475
"d13CO2","raw",136,1.00015495744185,15490.2375589203
"d13CO2","raw",137,1.00018154408718,15499.1959182847
"d13CO2","raw",138,1.00016074521508,16121.2189413854
"d13CO2","raw",139,1.00012486622466,15311.5726365228
"d13CO2","raw",140,1.00014180296661,15678.5279664408
"d13CO2","raw",141,1.00010885541005,15040.3967677551
"d13CO2","raw",142,1.0001318349166,14672.7726219221
"d13CO2","raw",143,1.00010978466796,14546.0716252158
"d13CO2","raw",144,1.00011789116033,14771.5134896199
"d13CO2","raw",145,1.0001322484072,14608.522703215
"d13CO2","raw",146,1.0000643760516,14508.3931108744
"d13CO2","raw",147,1.00002106129986,13592.6894829444
"d13CO2","raw",148,1.00002280457978,14022.4054869807
"d13CO2","raw",149,1.00009265478401,13954.9392536228
"d13CO2","raw",150,1.00008091350785,12563.1336720802
"d13CO2","raw",151,1.00004332442178,11851.9841655851
"d13CO2","raw",152,1.00011400695964,11168.3884911431
"d13CO2","raw",153,1.00016133011159,10413.8337850091
"d13CO2","raw",154,1.00019490624212,9768.3329212448
"d13CO2","raw",155,1.00029777717399,9320.8235797884
"d13CO2","raw",156,1.00028975721522,8286.9597603631
"d13CO2","raw",157,1.00042329666312,7825.94951114774
"d13CO2","raw",158,1.00036422222659,7569.31506690782
"d13CO2","raw",159,1.00046623092466,7113.23111523449
"d13CO2","raw",160,1.00056815698963,6679.94992999847
"d13CO2","raw",161,1.000427318208,7043.7727848105
"d13CO2","raw",162,1.00043241545016,6002.70560917798
"d13CO2","raw",163,1.00044691033107,6405.79374565268
"d13CO2","raw",164,1.0005181155178,6554.34163671102
"d13CO2","raw",165,1.0003329448841,7160.75197989303
"d13CO2","raw",166,1.00029776472905,7276.34946620424
"d13CO2","raw",167,1.00031302159496,6986.76292454506
"d13CO2","raw",168,1.00027517888725,7111.25436091952
"d13CO2","raw",169,1.00020519230606,7777.10532791724
"d13CO2","raw",170,1.00022184782226,8459.61982606139
"d13CO2","raw",171,1.00017116723465,8715.61496729113
"d13CO2","raw",172,1.00011105126333,9736.93812695101
"d13CO2","raw",173,1.00007915319784,10266.1075218667
"d13CO2","raw",174,1.00006145793287,10844.3199803539
"d13CO2","raw",175,1.00016672335227,10945.3819998056
"d13CO2","raw",176,1.00021363935435,11135.7173796751
"d13CO2","raw",177,1.00014604040133,11428.9045352871
"d13CO2","raw",178,1.00008812747959,11924.6719428611
"d13CO2","raw",179,1.00014219115286,11947.5156606864
"d13CO2","raw",180,1.00022846988896,11978.3790315127
"d13CO2","raw",181,1.00026397031061,12099.7927416273
"d13CO2","raw",182,1.00017658723328,11575.3839018068
"d13CO2","raw",183,1.00012040444252,12122.4323550843
"d13CO2","raw",184,1.00006291913011,11936.1131503024
"d13CO2","raw",185,1.00006215380116,12169.7720350561
"d13CO2","raw",186,1.00005146597074,11854.2678748734
"d13CO2","raw",187,1.00011449758365,12315.5792643171
"d13CO2","raw",188,1.00013358052416,12112.9112293716
"d13CO2","raw",189,1.00010924772817,12895.8798061659
"d13CO2","raw",190,1.00007109748073,13035.0145568642
"d13CO2","raw",191,1.00010204948399,13393.608836362
"d13CO2","raw",192,1.00007467970102,13398.5869980813
"d13CO2","raw",193,1.00006545557977,13865.5918637773
"d13CO2","raw",194,1.00006380330683,14799.8132184738
"d13CO2","raw",195,1.00005698473247,15029.400617379
"d13CO2","raw",196,1.00005058034224,14310.6301341021
"d13CO2","raw",197,1.00006909887146,14665.2265015794
"d13CO2","raw",198,0.999971851013048,13673.0457238742
"d13CO2","raw",199,1.00002516615084,14469.5898611404
"d13CO2","raw",200,1.00003763026166,13548.5659336271
"d13CO2","raw",201,1.00004317031244,13392.9026944169
"d13CO2","raw",202,1.00006709226005,12706.0884009163
"d13CO2","raw",203,1.00005208908791,12027.5595898545
"d13CO2","raw",204,1.00010361900404,11069.6522879495
"d13CO2","raw",205,1.00004258112127,10536.244270151
"d13CO2","raw",206,1.00006564938582,9323.85685444738
"d13CO2","raw",207,1.00017358219203,8935.42076159334
"d13CO2","raw",208,1.00018106102077,8163.44253184767
"d13CO2","raw",209,1.0001477561848,7747.68093278104
"d13CO2","raw",210,1.0001716671277,7578.17741290186
"d13CO2","raw",211,1.00017056439674,7452.45631605237
"d13CO2","raw",212,1.00015045930449,7165.6061058594
"d13CO2","raw",213,1.00009277058503,6915.60800110443
"d13CO2","raw",214,0.999992818326621,6921.71638455491
"d13CO2","raw",215,0.999950662618513,6620.65461340257
"d13CO2","raw",216,0.999946787530118,6622.11621179485
"d13CO2","raw",217,0.999980172029756,6646.39625990444
"d13CO2","raw",218,0.999992954591843,6770.09096074751
"d13CO2","raw",219,0.999940681270598,7001.1557591445
"d13CO2","raw",220,0.999952230306001,7076.63058348377
"d13CO2","raw",221,0.999963768833635,7563.07435730105
"d13CO2","raw",222,0.999943271794991,7711.09300909875
"d13CO2","raw",223,0.999957292979915,7838.20989544981
"d13CO2","raw",224,1.00000600332977,7688.82305851997
"d13CO2","raw",225,0.999932008367624,7271.40182547256
"d13CO2","raw",226,0.999978538300769,7348.07284909957
"d13CO2","raw",227,0.999988222902133,7656.31833830585
"d13CO2","raw",228,0.999968843188829,7459.89028014625
"d13CO2","raw",229,0.99996340234999,7091.15385317677
"d13CO2","raw",230,1.00000705841664,6626.85359723171
"d13CO2","raw",231,0.999981631670657,6454.84617031275
"d13CO2","raw",232,0.999985500030848,6056.19447188888
"d13CO2","raw",233,0.999974893817253,6262.13624237182
"d13CO2","raw",234,0.999972088309403,5860.46243535521
"d13CO2","raw",235,1.00002030255058,5246.1500505702
"d13CO2","raw",236,1.0000197294867,5408.42567350363
"d13CO2","raw",237,0.999993139870504,5791.24479932707
"d13CO2","raw",238,1.00001528124324,6214.98299907011
"d13CO2","raw",239,0.999993249747699,6135.98465777429
"d13CO2","raw",240,1.00002188569462,7044.11752636052
"d13CO2","raw",241,0.999976974836846,7210.77501136924
"d13CO2","raw",242,1.0000047773082,8016.15408213322
"d13CO2","raw",243,0.99999155267639,8311.24725476275
"d13CO2","raw",244,1.00000443152793,8475.29312847813
"d13CO2","raw",245,0.99994641885071,9272.50877861019
"d13CO2","raw",246,0.999977601264244,8844.1986096739
"d13CO2","raw",247,0.99999598996374,9363.90528159084
"d13CO2","raw",248,1.00004971831529,9574.88861243983
"d13CO2","raw",249,1.00000950058275,9507.88718596657
"d13CO2","raw",250,1.0000580599915,9918.31177892703
"d13CO2","raw",251,0.999986650885651,10225.931062294
"d13CO2","raw",252,1.00001377556941,9660.91228768006
"d13CO2","raw",253,1.00014926056738,9776.59701591481
"d13CO2","raw",254,1.00005699922711,10173.442873221
"d13CO2","raw",255,1.0000273600642,10240.6013613977
"d13CO2","raw",256,1.00002730063956,9953.95584659223
"d13CO2","raw",257,1.00009702779325,9647.15870456581
"d13CO2","raw",258,1.00008287685673,9614.97398062738
"d13CO2","raw",259,1.00006786677922,10018.8926380328
"d13CO2","raw",260,1.00001372067951,9282.0203213822
"d13CO2","raw",261,1.00011225602705,9035.342666075
"d13CO2","raw",262,1.00011363256352,8858.63171707983
"d13CO2","raw",263,1.00019515093014,9208.14294947746
"d13CO2","raw",264,1.00012867506081,9613.08621476916
"d13CO2","raw",265,1.00011353122382,9770.50665243098
"d13CO2","raw",266,1.00013055338329,9445.90175135596
"d13CO2","raw",267,1.00014922352973,10151.3001233962
"d13CO2","raw",268,1.00013117520654,10255.4819946033
"d13CO2","raw",269,1.0002970056668,9891.51471207748
"d13CO2","raw",270,1.0003326322076,10612.7474648108
"d13CO2","raw",271,1.00030223701165,9978.22274277138
"d13CO2","raw",272,1.00029511303871,10190.8592571164
"d13CO2","raw",273,1.00032519765963,9880.46783591523
"d13CO2","raw",274,1.00030543826027,9397.81221933557
"d13CO2","raw",275,1.00035016632933,9086.73323010859
"d13CO2","raw",276,1.00045147704757,9002.82840076169
"d13CO2","raw",277,1.00058830951865,8325.99886145978
"d13CO2","raw",278,1.00059249273734,8051.58848807522
"d13CO2","raw",279,1.0006268971286,7935.89972120494
"d13CO2","raw",280,1.00065183120662,7577.32447222914
"d13CO2","raw",281,1.00070152766016,7310.12620379687
"d13CO2","raw",282,1.00068017995907,7396.60987544059
"d13CO2","raw",283,1.00067961122922,6501.81427883456
"d13CO2","raw",284,1.00079625916189,5955.35052648693
"d13CO2","raw",285,1.00085848923581,5480.96035598028
"d13CO2","raw",286,1.00093107657881,5450.1983480397
"d13CO2","raw",287,1.00105130546994,4999.26156068068
"d13CO2","raw",288,1.00113528078526,4557.61510451294
"d13CO2","raw",289,1.00112334438482,4361.80505179291
"d13CO2","raw",290,1.00098375473862,4460.84877267502
"d13CO2","raw",291,1.00085025192863,4490.99129160583
"d13CO2","raw",292,1.00088972680881,4726.60969485461
"d13CO2","raw",293,1.00068946698185,5015.83700230251
"d13CO2","raw",294,1.00057498697385,5431.46551414292
"d13CO2","raw",295,1.00048653379096,6239.48830719767
"d13CO2","raw",296,1.00040405399602,6766.68643573743
"d13CO2","raw",297,1.00038580156445,7496.21253953114
"d13CO2","raw",298,1.00037095953924,8690.81593991298
"d13CO2","raw",299,1.00038081835748,9122.36823232829
"d13CO2","raw",300,1.00031475217482,9556.05068773573
"d13CO2","raw",301,1.0003195517181,10066.3523808162
"d13CO2","raw",302,1.00029633045513,10306.9839328348
"d13CO2","raw",303,1.00027204571449,10307.6610963118
"d13CO2","raw",304,1.00020700778855,10635.457265346
"d13CO2","raw",305,1.00022905856048,10920.7951310983
"d13CO2","raw",306,1.00026516379499,12907.8674296531
"d13CO2","raw",307,1.00025299418648,13175.3665198923
"d13CO2","raw",308,1.00025595193482,12159.2440638804
"d13CO2","raw",309,1.00023402377242,13053.1318914449
"d13CO2","raw",310,1.00027385397198,12953.6296268224
"d13CO2","raw",311,1.00028665829825,13545.5160421001
"d13CO2","raw",312,1.00021178943169,12824.0993133496
"d13CO2","raw",313,1.00028388756006,13044.319349092
"d13CO2","raw",314,1.00023584366657,14307.4334647095
"d13CO2","raw",315,1.00017841765778,14441.616148263
"d13CO2","raw",316,1.00018090620615,14390.6969497355
"d13CO2","raw",317,1.00020157853492,14488.4570770612
"d13CO2","raw",318,1.00029530595719,15001.8344673541
"d13CO2","raw",319,1.00023640159287,15699.2600971107
"d13CO2","raw",320,1.00032985759093,15635.3657709039
"d13CO2","raw",321,1.00031529305401,14113.8631462775
"d13CO2","raw",322,1.00031567885677,13437.9638774459
"d13CO2","raw",323,1.00040505534155,13304.7095594361
"d13CO2","raw",324,1.00039275577251,13360.267619993
"d13CO2","raw",325,1.00029881943592,13012.1017357805
"d13CO2","raw",326,1.00044315511812,11309.382635239
"d13CO2","raw",327,1.00047093861998,10601.0174149652
"d13CO2","raw",328,1.00030356608353,9567.52631848648
"d13CO2","raw",329,1.00032409146455,8865.36776675091
"d13CO2","raw",330,1.00047795597101,8113.94960813145
"d13CO2","raw",331,1.00061240271727,7269.83049520645
"d13CO2","raw",332,1.00056903782048,6842.76228766126
"d13CO2","raw",333,1.00064798107927,6173.43424942987
"d13CO2","raw",334,1.00074688709913,5409.51400844089
"d13CO2","raw",335,1.00075530539412,4818.79622950882
"d13CO2","raw",336,1.00075283656904,4156.1603386473
"d13CO2","raw",337,1.00080176528042,3488.50286705842
"d13CO2","raw",338,1.00091085529569,3080.03176926305
"d13CO2","raw",339,1.00108708463764,2666.84098350244
"d13CO2","raw",340,1.00096800374529,3110.94334616136
"d13CO2","raw",341,1.00091710275855,3350.07959445111
"d13CO2","raw",342,1.00092239137697,3726.23581865758
"d13CO2","raw",343,1.00113309618941,3666.37562908306
"d13CO2","raw",344,1.00111347429752,3788.41190037391
"d13CO2","raw",345,1.00098341281035,4057.3248310984
"d13CO2","raw",346,1.00097929760604,3907.49259649263
"d13CO2","raw",347,1.00107998666829,3865.86643685941
"d13CO2","raw",348,1.00110290171125,4015.00658506673
"d13CO2","raw",349,1.00121283482716,3942.97540939257
"d13CO2","raw",350,1.00121370895342,3909.48140565288
"d13CO2","raw",351,1.00119278076221,3699.98934876238
"d13CO2","raw",352,1.00122382781811,3460.36656567194
"d13CO2","raw",353,1.00104801097211,3145.27762330889
"d13CO2","raw",354,1.00114976442365,3072.00779231955
"d13CO2","raw",355,1.00108757493159,2941.5425956375
"d13CO2","raw",356,1.00111622669558,2581.05498132995
"d13CO2","raw",357,1.00115917547026,2427.56626276463
"d13CO2","raw",358,1.00130460987721,2398.99569821359
"d13CO2","raw",359,1.00126593829963,2750.9538986501
"d13CO2","raw",360,1.00095264303637,3133.79001270257
"d13CO2","raw",361,1.00091352173419,3561.73480478618
"d13CO2","raw",362,1.00081343895997,3900.27098661408
"d13CO2","raw",363,1.00061407952422,4323.30243607517
"d13CO2","raw",364,1.00048158709558,4698.48320769466
"d13CO2","raw",365,1.00034395904949,4897.40394741616
"d13CO2","raw",366,1.00026201499882,5077.13928556254
"d13CO2","raw",367,1.00026212038056,5127.62071758938
"d13CO2","raw",368,1.00025844109112,5697.62052686246
"d13CO2","raw",369,1.00024210920815,5569.50678328901
"d13CO2","raw",370,1.00031861476171,5433.45068959775
"d13CO2","raw",371,1.00025290788946,5309.74547204924
"d13CO2","raw",372,1.00025900268961,5300.37798459068
"d13CO2","raw",373,1.00016063693656,5308.66364439971
"d13CO2","raw",374,1.00018667779366,5051.64885193423
"d13CO2","raw",375,1.00022897532019,4766.2109518514
"d13CO2","raw",376,1.00032291443548,4675.71075629255
"d13CO2","raw",377,1.00024835343255,4411.02702829232
"d13CO2","raw",378,1.00031110257762,4243.53501850792
"d13CO2","raw",379,1.00030556531451,4105.76383990557
"d13CO2","raw",380,1.00037291467828,4146.98917753608
"d13CO2","raw",381,1.0004355214996,3972.9303742754
"d13CO2","raw",382,1.00047221911314,3582.34650555931
"d13CO2","raw",383,1.00032161254739,3635.11783243941
"d13CO2","raw",384,1.0003186092905,4009.66147671263
"d13CO2","raw",385,1.00036811138059,4188.81610493285
"d13CO2","raw",386,1.00031106917891,4487.35691300149
"d13CO2","raw",387,1.00027281454761,4731.94788195306
"d13CO2","raw",388,1.00027838826468,4910.57771649206
"d13CO2","raw",389,1.00018895599909,5179.42837249123
"d13CO2","raw",390,1.00012289795021,5569.87952611238
"d13CO2","raw",391,1.00015932535422,5810.33110193552
"d13CO2","raw",392,1.00011427982051,5919.29300788809
"d13CO2","raw",393,1.0001076405636,5979.06259319791
"d13CO2","raw",394,1.00006332935689,6512.66552795193
"d13CO2","raw",395,1.00008348257662,6733.57005810847
"d13CO2","raw",396,1.00012057637604,6609.80847639817
"d13CO2","raw",397,1.00008882727274,6450.12006507496
"d13CO2","raw",398,1.00010185897117,6021.01047505234
"d13CO2","raw",399,1.00010263251648,6171.50922280838
"d13CO2","raw",400,1.00008044932557,5922.20039536676
"d13CO2","raw",401,1.00004569045835,5765.89620893775
"d13CO2","raw",402,1.00011786690128,5767.11555966311
"d13CO2","raw",403,1.00003945723669,5607.67076050151
"d13CO2","raw",404,1.00007400380759,5333.16484592344
"d13CO2","raw",405,1.00006272120766,4860.91943924721
"d13CO2","raw",406,1.00005981222721,4878.49952971112
"d13CO2","raw",407,1.00013601953055,4836.03281527267
"d13CO2","raw",408,1.00027108037304,5095.91515248549
"d13CO2","raw",409,1.00019351184513,4787.54595166414
"d13CO2","raw",410,1.000251050505,4752.03024222435
"d13CO2","raw",411,1.00026336931873,5043.36968954338
"d13CO2","raw",412,1.00030575930197,4873.14115908419
"d13CO2","raw",413,1.00030013579946,4792.00324407689
"d13CO2","raw",414,1.0004512753814,4502.70964620573
"d13CO2","raw",415,1.00043160285898,4438.93613523939
"d13CO2","raw",416,1.0005879142127,4442.20442321792
"d13CO2","raw",417,1.00064764496346,4639.98278901349
"d13CO2","raw",418,1.0006895557758,4730.56398380505
"d13CO2","raw",419,1.00072823792087,4724.99811782059
"d13CO2","raw",420,1.00076049912038,4982.67826908964
"d13CO2","raw",421,1.00080505021429,5013.476958181
"d13CO2","raw",422,1.00081109973177,5125.5997600406
"d13CO2","raw",423,1.00087874511939,5371.18241368113
"d13CO2","raw",424,1.00087777127597,5559.2687553432
"d13CO2","raw",425,1.0009783534364,5633.5967665551
"d13CO2","raw",426,1.00092568951453,5549.90395184305
"d13CO2","raw",427,1.00091045807483,5619.05526606865
"d13CO2","raw",428,1.00075775504598,5963.36256053731
"d13CO2","raw",429,1.00086955575057,6212.56290164898
"d13CO2","raw",430,1.00090260653679,6126.56207764126
"d13CO2","raw",431,1.00081507267415,6379.47592300086
"d13CO2","raw",432,1.00075208193854,6454.45067979784
"d13CO2","raw",433,1.00070139113018,6127.06135342389
"d13CO2","raw",434,1.00049328813926,6041.78495536146
"d13CO2","raw",435,1.0004228950937,5912.3376903734
"d13CO2","raw",436,1.00028962731253,5987.90647214388
"d13CO2","raw",437,1.00026187109368,5685.96065996021
"d13CO2","raw",438,1.00029756664794,5100.58983968196
"d13CO2","raw",439,1.00030620100405,4817.47451926722
"d13CO2","raw",440,1.0002353642776,4942.24869462618
"d13CO2","raw",441,1.00021914731564,4920.4382930124
"d13CO2","raw",442,1.00020126699723,5099.21255120062
"d13CO2","raw",443,1.0002614337775,5065.99846805602
"d13CO2","raw",444,1.0002947145313,4911.93897017887
"d13CO2","raw",445,1.00034039433853,5064.13904051483
"d13CO2","raw",446,1.00034302876219,5049.43045005843
"d13CO2","raw",447,1.00040654043295,5066.07573899124
"d13CO2","raw",448,1.00041881168218,5079.62738653176
"d13CO2","raw",449,1.00053804343482,5361.18306315269
"d13CO2","raw",450,1.00065348428039,5609.12470237079
"d13CO2","raw",451,1.00067288491059,5792.59931826526
"d13CO2","raw",452,1.00066510954674,5879.33519960824
"d13CO2","raw",453,1.00083369064425,6015.15005153883
"d13CO2","raw",454,1.00086565120778,6033.75749989708
"d13CO2","raw",455,1.00075070879361,6143.96023605005
"d13CO2","raw",456,1.000623006735,6528.32737929305
"d13CO2","raw",457,1.00066169489081,6624.98047173208
"d13CO2","raw",458,1.00055489949472,6674.66020853555
"d13CO2","raw",459,1.00058459239023,6656.91735593152
"d13CO2","raw",460,1.00043192053503,6606.69112024123
"d13CO2","raw",461,1.00040289699904,6040.0839046722
"d13CO2","raw",462,1.00043249492238,5975.04028988241
"d13CO2","raw",463,1.00047041341053,5427.90413739912
"d13CO2","raw",464,1.00050795685091,4850.91982441434
"d13CO2","raw",465,1.0006485917379,4625.87066227586
"d13CO2","raw",466,1.00094795415081,4591.02088891241
"d13CO2","raw",467,1.00104860775076,4491.64461710669
"d13CO2","raw",468,1.00102038319752,4372.1987314511
"d13CO2","raw",469,1.00103599496355,4670.21550959963
"d13CO2","raw",470,1.00112969299897,4702.61800708779
"d13CO2","raw",471,1.00125243739466,5190.4758984272
"d13CO2","raw",472,1.00133553949698,5398.05527990892
"d13CO2","raw",473,1.00166571982146,5402.61524810816
"d13CO2","raw",474,1.00213586521341,6059.41185825689
"d13CO2","raw",475,1.00207255747601,5931.13679566045
"d13CO2","raw",476,1.00217239770167,6657.47160809407
"d13CO2","raw",477,1.00207930320824,6094.76377205877
"d13CO2","raw",478,1.00222169201587,6597.48409296896
"d13CO2","raw",479,1.00234160232858,6675.99632061285
"d13CO2","raw",480,1.00231313881171,6189.4749110727
"d13CO2","raw",481,1.00228958444234,6019.36621466767
"d13CO2","raw",482,1.00234447006881,6298.47853094945
"d13CO2","raw",483,1.00220571689209,6343.25125131986
"d13CO2","raw",484,1.00215647422679,5815.88819758708
"d13CO2","raw",485,1.00232893542721,5804.59594784371
"d13CO2","raw",486,1.00217599824376,6020.27970129125
"d13CO2","raw",487,1.00190989736215,5843.63204864853
"d13CO2","raw",488,1.00212578316988,6356.14593810773
"d13CO2","raw",489,1.00207599840395,6156.27693650925
"d13CO2","raw",490,1.00193622611659,6406.19886062188
"d13CO2","raw",491,1.00200329764727,6045.82895370672
"d13CO2","raw",492,1.00212911165665,5708.26701377052
"d13CO2","raw",493,1.00187430580911,5819.58508878788
"d13CO2","raw",494,1.00200617068831,6469.28267148924
"d13CO2","raw",495,1.00208146917489,6661.63807664924
"d13CO2","raw",496,1.00201322962489,6477.41248474905
"d13CO2","raw",497,1.00211855874182,7102.00727423426
"d13CO2","raw",498,1.00200214978264,6910.34182262639
"d13CO2","raw",499,1.00202744767839,6784.8779996875
"d13CO2","raw",500,1.00238263561671,6498.99992437557
"d13CO2","raw",501,1.002640356637,6597.74663589055
"d13CO2","raw",502,1.00259516418649,6774.98625436371
"d13CO2","raw",503,1.00246352355059,6697.92966423282
"d13CO2","raw",504,1.00270095927813,6484.54634319138
"d13CO2","raw",505,1.00249729666829,6285.27342565029
"d13CO2","raw",506,1.00266819718982,6120.73159202033
"d13CO2","raw",507,1.00260092563452,5914.55158961043
"d13CO2","raw",508,1.00252639689262,5733.80833745462
"d13CO2","raw",509,1.00249987345476,5895.06245710783
"d13CO2","raw",510,1.00243491236579,5515.8677344644
"d13CO2","raw",511,1.00269986365853,6144.07436146932
"d13CO2","raw",512,1.00278246912168,5743.36262838485
"d13CO2","raw",513,1.002579802315,5829.32854348197
"d13CO2","raw",514,1.0025994486523,5831.77455639891
"d13CO2","raw",515,1.00269899693639,5760.21096315625
"d13CO2","raw",516,1.00294155680308,5644.70913008689
"d13CO2","raw",517,1.00294804011618,5628.19600140055
"d13CO2","raw",518,1.00300058052232,5595.75542397468
"d13CO2","raw",519,1.00308831510662,5756.37767671887
"d13CO2","raw",520,1.0030067538811,5510.25388861272
"d13CO2","raw",521,1.002974529764,5536.24453818349
"d13CO2","raw",522,1.00292666687483,5585.91112543506
"d13CO2","raw",523,1.0029611401943,5507.17664169515
"d13CO2","raw",524,1.00307089927181,5940.10524849264
"d13CO2","raw",525,1.00316819658605,5466.37939785898
"d13CO2","raw",526,1.00298953138209,5285.90744139649
"d13CO2","raw",527,1.00272330069646,5266.8098843438
"d13CO2","raw",528,1.00261033427779,5504.06021609142
"d13CO2","raw",529,1.00251797562638,5015.43835376087
"d13CO2","raw",530,1.00261892028841,5362.43437552961
"d13CO2","raw",531,1.00278225273354,4925.32055097609
"d13CO2","raw",532,1.0026529282323,4686.08486558521
"d13CO2","raw",533,1.00265586547197,4167.8491450271
"d13CO2","raw",534,1.00266862324637,4133.40177863566
"d13CO2","raw",535,1.00289559861632,4090.85842498508
"d13CO2","raw",536,1.00302705850782,4005.35471843172
"d13CO2","raw",537,1.00367705375114,3526.23863974195
"d13CO2","raw",538,1.00384285395071,3556.56908552514
"d13CO2","raw",539,1.00375136766713,3665.8403835321
"d13CO2","raw",540,1.00363185585787,3943.46417803191
"d13CO2","centered",1,1.22859880928571,1595.6739918342
"d13CO2","centered",2,1.175702272935,1892.1696578618
"d13CO2","centered",3,1.13520574348792,2289.9240235961
"d13CO2","centered",4,1.1047013467042,2299.15963695692
"d13CO2","centered",5,1.08208607226789,2373.08823046133
"d13CO2","centered",6,1.06703594804569,2096.66086070043
"d13CO2","centered",7,1.05518517833957,2031.80985114935
"d13CO2","centered",8,1.0446909700738,1966.26429505271
"d13CO2","centered",9,1.03759323133172,1994.12433365896
"d13CO2","centered",10,1.03237563345213,1976.62028486005
"d13CO2","centered",11,1.0278461283719,1826.82650327204
"d13CO2","centered",12,1.02413228590992,1788.88698197278
"d13CO2","centered",13,1.02110952411701,1773.16298042543
"d13CO2","centered",14,1.01931770622135,1568.30423116798
"d13CO2","centered",15,1.01826277682546,1416.42958702008
"d13CO2","centered",16,1.01527812278453,1384.10283774444
"d13CO2","centered",17,1.01331398819212,1360.78931949651
"d13CO2","centered",18,1.01371495162576,1410.46111940506
"d13CO2","centered",19,1.0121328697434,1539.41793063244
"d13CO2","centered",20,1.01085154491561,1645.92887048736
"d13CO2","centered",21,1.00965150977301,1747.22162107639
"d13CO2","centered",22,1.00945689608078,1832.7636278336
"d13CO2","centered",23,1.00834999032011,2087.5926042374
"d13CO2","centered",24,1.00791701903942,2332.84978093092
"d13CO2","centered",25,1.00713074165733,2648.94866694554
"d13CO2","centered",26,1.00640605124535,2879.67291393185
"d13CO2","centered",27,1.00514533891235,3443.16565522004
"d13CO2","centered",28,1.00368061358909,3844.32240302022
"d13CO2","centered",29,1.00287503120263,3876.39644772276
"d13CO2","centered",30,1.00195220799229,4293.90474443319
"d13CO2","centered",31,1.0015887771621,4439.96189429216
"d13CO2","centered",32,1.00107942290278,4854.2278888247
"d13CO2","centered",33,1.00103891017943,5169.62416306664
"d13CO2","centered",34,1.00068185261147,5120.59204238656
"d13CO2","centered",35,1.00062326031719,5748.87902271113
"d13CO2","centered",36,1.00040456525626,6076.88435040992
"d13CO2","centered",37,1.00045350340571,6695.96046207042
"d13CO2","centered",38,1.00028279043557,6534.51463937852
"d13CO2","centered",39,1.00024019839787,6205.45572531662
"d13CO2","centered",40,1.00034540755651,6441.29975988205
"d13CO2","centered",41,1.00039958919402,6034.49392671347
"d13CO2","centered",42,1.00030059485781,5447.71053375955
"d13CO2","centered",43,1.00044088645977,5199.31011747625
"d13CO2","centered",44,1.00046943277327,4881.93120325871
"d13CO2","centered",45,1.00043052323814,5128.14494361515
"d13CO2","centered",46,1.00046228903487,4978.84906840578
"d13CO2","centered",47,1.00055437350643,5231.80410089337
"d13CO2","centered",48,1.00049462218259,5131.448323846
"d13CO2","centered",49,1.00074610541877,5071.2507766033
"d13CO2","centered",50,1.0009350698407,5321.83590015919
"d13CO2","centered",51,1.00083998101999,5306.09849630199
"d13CO2","centered",52,1.0006031203325,5609.92350338314
"d13CO2","centered",53,1.00042491409623,5456.08121823073
"d13CO2","centered",54,1.00054752484601,5935.84308275666
"d13CO2","centered",55,1.00061670798654,6179.85898833478
"d13CO2","centered",56,1.00050854786476,6640.58250466583
"d13CO2","centered",57,1.00061623354753,6861.6475646422
"d13CO2","centered",58,1.00068716063562,6565.6930456767
"d13CO2","centered",59,1.00062446796484,6747.72307699074
"d13CO2","centered",60,1.00063134905003,6734.88475126037
"d13CO2","centered",61,1.00071785363292,7166.15954781402
"d13CO2","centered",62,1.0006362347933,7466.04020521887
"d13CO2","centered",63,1.00052998789159,7092.36171475703
"d13CO2","centered",64,1.00075585810074,7321.30204254305
"d13CO2","centered",65,1.00056956703317,7199.62237714964
"d13CO2","centered",66,1.00072196310638,6844.28105860087
"d13CO2","centered",67,1.00077928763233,6738.16090842628
"d13CO2","centered",68,1.0011093090249,6485.90388996409
"d13CO2","centered",69,1.00115082851273,5771.71577566005
"d13CO2","centered",70,1.00094616155647,5628.7001468981
"d13CO2","centered",71,1.0010310314872,5449.28707231482
"d13CO2","centered",72,1.00083043342268,5795.76718583066
"d13CO2","centered",73,1.00072241647494,5984.88039220617
"d13CO2","centered",74,1.00079378922369,6043.45094801397
"d13CO2","centered",75,1.00092385510924,6268.74882158124
"d13CO2","centered",76,1.00096505254189,6271.91714193765
"d13CO2","centered",77,1.00103897104458,6446.67285610486
"d13CO2","centered",78,1.00116891549461,6208.77900522645
"d13CO2","centered",79,1.00099903283249,6473.30585067426
"d13CO2","centered",80,1.00090755993825,6506.52046020878
"d13CO2","centered",81,1.00124770688161,6455.85816389015
"d13CO2","centered",82,1.00122549738764,6132.9379879509
"d13CO2","centered",83,1.0014122428414,5868.42542965374
"d13CO2","centered",84,1.0014335070179,5479.25634749102
"d13CO2","centered",85,1.00143968143211,5059.15328184627
"d13CO2","centered",86,1.00146312048652,4661.80711811866
"d13CO2","centered",87,1.00147402345019,4155.77137320848
"d13CO2","centered",88,1.00144733067853,4262.43927356558
"d13CO2","centered",89,1.00166125149145,4056.57548454891
"d13CO2","centered",90,1.00155544710799,3651.13932990545
"d13CO2","centered",91,1.00178335332685,3799.62928414885
"d13CO2","centered",92,1.00215569416985,3481.20423846346
"d13CO2","centered",93,1.00226003665548,3069.15917340459
"d13CO2","centered",94,1.00233695548178,3031.08846525112
"d13CO2","centered",95,1.00253803599835,2701.63092781332
"d13CO2","centered",96,1.00286889441025,2473.98477937535
"d13CO2","centered",97,1.00327030522596,2186.48232878775
"d13CO2","centered",98,1.0038553321616,2304.99120715752
"d13CO2","centered",99,1.00411478193356,2060.99267505833
"d13CO2","centered",100,1.00413666302469,1944.56602397714
"d13CO2","centered",101,1.00470351706184,1926.89408542314
"d13CO2","centered",102,1.00495590979203,1759.49943197478
"d13CO2","centered",103,1.00549849242443,1421.02213129521
"d13CO2","centered",104,1.00565805127411,1470.7559429504
"d13CO2","centered",105,1.00570693638307,1311.96688517053
"d13CO2","centered",106,1.00575118243352,1220.99204436229
"d13CO2","centered",107,1.00491758930745,1186.20091620032
"d13CO2","centered",108,1.00523330938943,1081.89150320955
"d13CO2","centered",109,1.00545109263912,1074.39921976201
"d13CO2","centered",110,1.00554679781056,1101.38559495194
"d13CO2","centered",111,1.00644511697933,1197.48561764049
"d13CO2","centered",112,1.00608699428317,1149.04860811796
"d13CO2","centered",113,1.0064443640536,1279.5284032375
"d13CO2","centered",114,1.00575753490601,1320.03469640133
"d13CO2","centered",115,1.00529739234322,1469.86548000256
"d13CO2","centered",116,1.00553948699277,1657.07445972767
"d13CO2","centered",117,1.00452628305263,1830.86191532948
"d13CO2","centered",118,1.0041898018617,2002.95416719315
"d13CO2","centered",119,1.00364267991298,2367.71746829151
"d13CO2","centered",120,1.00376361513031,2595.7006988342
"d13CO2","centered",121,1.00309226465323,3031.9898755363
"d13CO2","centered",122,1.00274656638844,3439.75209223994
"d13CO2","centered",123,1.00259318125115,4100.28909415069
"d13CO2","centered",124,1.00245565557346,4671.32404810807
"d13CO2","centered",125,1.00198703365113,4919.27369477285
"d13CO2","centered",126,1.00167221735329,5313.97457181529
"d13CO2","centered",127,1.00154464865899,6167.64727546803
"d13CO2","centered",128,1.00126460329686,6158.00575685528
"d13CO2","centered",129,1.0009656197406,7021.32153857654
"d13CO2","centered",130,1.00119561601172,6940.70462805177
"d13CO2","centered",131,1.00132625014805,7344.70386291743
"d13CO2","centered",132,1.00125253634759,7591.3633586923
"d13CO2","centered",133,1.00117224325008,7887.61520360487
"d13CO2","centered",134,1.0011446774355,7500.98675708559
"d13CO2","centered",135,1.00074834003451,7779.73447787578
"d13CO2","centered",136,1.00072980909696,7816.02825690745
"d13CO2","centered",137,1.00080299210383,7785.37914772997
"d13CO2","centered",138,1.00069916543633,7591.88051185732
"d13CO2","centered",139,1.00070847614959,7707.045928545
"d13CO2","centered",140,1.00065830392676,6955.04587861819
"d13CO2","centered",141,1.00051354912134,6724.35887211546
"d13CO2","centered",142,1.00059106575939,6826.18411175926
"d13CO2","centered",143,1.0005706403064,6609.00716009041
"d13CO2","centered",144,1.0005893444124,6386.60010616994
"d13CO2","centered",145,1.00076985779779,6413.21794708645
"d13CO2","centered",146,1.00053085742698,6427.38409767181
"d13CO2","centered",147,1.00031104378767,6174.76335826094
"d13CO2","centered",148,1.00027898141447,5756.54673824981
"d13CO2","centered",149,1.00068223950922,5721.10497445598
"d13CO2","centered",150,1.00057977340317,5213.49273855986
"d13CO2","centered",151,1.00051681793705,4962.53870115533
"d13CO2","centered",152,1.0006921480029,4295.35595044614
"d13CO2","centered",153,1.00084415552688,3722.86705929735
"d13CO2","centered",154,1.0010397391102,3639.25598636363
"d13CO2","centered",155,1.00143817891629,3298.41400178134
"d13CO2","centered",156,1.00154883656326,2868.38998237011
"d13CO2","centered",157,1.00207695437052,2486.11693339458
"d13CO2","centered",158,1.00182826289579,2603.3611182134
"d13CO2","centered",159,1.00250192165249,2308.94150671397
"d13CO2","centered",160,1.0030405544153,2169.57696213619
"d13CO2","centered",161,1.00234853922018,2213.08114315649
"d13CO2","centered",162,1.00235634739056,2172.22499007778
"d13CO2","centered",163,1.00229289195902,2269.36377646749
"d13CO2","centered",164,1.00244314484588,2235.57744946719
"d13CO2","centered",165,1.00182644751527,2391.17548875039
"d13CO2","centered",166,1.00177070295212,2349.16991623925
"d13CO2","centered",167,1.00197436155356,2242.33474737959
"d13CO2","centered",168,1.00162664160842,2419.28341519773
"d13CO2","centered",169,1.00145996252037,2523.3216573186
"d13CO2","centered",170,1.00156068773383,2870.52464640751
"d13CO2","centered",171,1.00134800014991,3208.74881895075
"d13CO2","centered",172,1.00108090290873,3681.87812267831
"d13CO2","centered",173,1.00108785851836,3687.3275010497
"d13CO2","centered",174,1.00092702559024,4259.04863387055
"d13CO2","centered",175,1.00135187868927,4412.30087750178
"d13CO2","centered",176,1.00162826960923,4560.58224496672
"d13CO2","centered",177,1.00141856105812,4760.96249045581
"d13CO2","centered",178,1.00119634450733,4979.60981920108
"d13CO2","centered",179,1.00148493704203,4885.35118063429
"d13CO2","centered",180,1.0018001004807,4796.90333074979
"d13CO2","centered",181,1.00215211760187,4525.49972774915
"d13CO2","centered",182,1.00186227979785,4402.27425590714
"d13CO2","centered",183,1.00143292979442,4870.90951438995
"d13CO2","centered",184,1.00112552008575,4345.9059402596
"d13CO2","centered",185,1.00108007535225,4632.49618824801
"d13CO2","centered",186,1.0011759794295,4529.33595325676
"d13CO2","centered",187,1.00118535120768,4338.10347202953
"d13CO2","centered",188,1.00170665455162,4227.35535694007
"d13CO2","centered",189,1.00155879748202,4327.91013831054
"d13CO2","centered",190,1.00127519278067,4702.54637371629
"d13CO2","centered",191,1.00127748531956,5150.99171903187
"d13CO2","centered",192,1.00125613733796,5392.88786758751
"d13CO2","centered",193,1.0012429035113,5748.75992842326
"d13CO2","centered",194,1.00114483683685,5936.2853679319
"d13CO2","centered",195,1.00099332991846,5634.00774459151
"d13CO2","centered",196,1.00071396068242,6122.72964381124
"d13CO2","centered",197,1.00058780330887,5419.42117126856
"d13CO2","centered",198,1.00049995552358,5674.98762513727
"d13CO2","centered",199,1.0006818889218,5373.51728498534
"d13CO2","centered",200,1.00077276466738,4826.23811989361
"d13CO2","centered",201,1.00079533507288,4087.33874441377
"d13CO2","centered",202,1.00078559091145,4397.48550436761
"d13CO2","centered",203,1.00081371736354,4179.68558643188
"d13CO2","centered",204,1.00096964324967,3971.34885685461
"d13CO2","centered",205,1.00089164047488,3416.84550213682
"d13CO2","centered",206,1.0010063092594,3138.9452721498
"d13CO2","centered",207,1.00139034289771,2842.06634506887
"d13CO2","centered",208,1.00155257060846,2578.93971206033
"d13CO2","centered",209,1.00163154238572,2454.35683131487
"d13CO2","centered",210,1.00161179825263,2359.86349247584
"d13CO2","centered",211,1.00149908225471,2426.08339841553
"d13CO2","centered",212,1.00155043908814,2206.17450312292
"d13CO2","centered",213,1.00126431444397,2263.58774699967
"d13CO2","centered",214,1.00081859468028,2337.78240980256
"d13CO2","centered",215,1.0007046737143,2106.62470949718
"d13CO2","centered",216,1.00083430886822,1991.24887250348
"d13CO2","centered",217,1.00070663849402,2161.72594219163
"d13CO2","centered",218,1.0006110052831,2213.11235380524
"d13CO2","centered",219,1.00073287460996,2258.73071361142
"d13CO2","centered",220,1.00063461634932,2315.33398510588
"d13CO2","centered",221,1.00050605835825,2540.13820914529
"d13CO2","centered",222,1.00043800306159,2570.21030494139
"d13CO2","centered",223,1.000445122547,2662.07056517044
"d13CO2","centered",224,1.0005382669562,2676.74101650075
"d13CO2","centered",225,1.00051173530212,2543.44610443412
"d13CO2","centered",226,1.00077013805574,2878.45159175628
"d13CO2","centered",227,1.00060757788991,2718.59005819266
"d13CO2","centered",228,1.00076447114983,2357.57118792195
"d13CO2","centered",229,1.00072104341794,2488.38852255121
"d13CO2","centered",230,1.00076401016606,2078.01849746463
"d13CO2","centered",231,1.00082155878497,1899.7711583704
"d13CO2","centered",232,1.00071688212942,1952.49845937688
"d13CO2","centered",233,1.00069771982328,1884.93766781705
"d13CO2","centered",234,1.00059363356049,1725.33247117022
"d13CO2","centered",235,1.0007996510111,1695.84258956164
"d13CO2","centered",236,1.00067379486372,1471.53670670231
"d13CO2","centered",237,1.00051160566818,1788.4021589234
"d13CO2","centered",238,1.00047433011632,1967.1861759717
"d13CO2","centered",239,1.00041365472168,2227.76457459355
"d13CO2","centered",240,1.00042871002609,2364.48865336391
"d13CO2","centered",241,1.00032628639528,2552.37317369007
"d13CO2","centered",242,1.00028010155614,2907.6003044968
"d13CO2","centered",243,1.00061035132176,2870.47779505781
"d13CO2","centered",244,1.00034151358554,2833.14415278836
"d13CO2","centered",245,1.00016323595922,3434.60800033709
"d13CO2","centered",246,1.00030302573172,3479.59773962798
"d13CO2","centered",247,1.00046795715647,3522.86671027399
"d13CO2","centered",248,1.00045474378585,3433.08294469873
"d13CO2","centered",249,1.00054818638847,3416.63561325406
"d13CO2","centered",250,1.00044802356405,3417.85604584777
"d13CO2","centered",251,1.00044074516787,3882.38359258015
"d13CO2","centered",252,1.00045195894448,3443.52595658111
"d13CO2","centered",253,1.00028534072564,3744.40819482754
"d13CO2","centered",254,1.00022556351627,3846.96427687586
"d13CO2","centered",255,1.00019395511789,3601.73634275099
"d13CO2","centered",256,1.0003355436804,3620.12269917962
"d13CO2","centered",257,1.00062430558904,3590.2647208817
"d13CO2","centered",258,1.00051918122376,3412.91390367665
"d13CO2","centered",259,1.00050003021552,3532.41525348949
"d13CO2","centered",260,1.00057547281793,3357.64756187837
"d13CO2","centered",261,1.00061719388724,3319.51887914758
"d13CO2","centered",262,1.00037740785339,3176.4463175565
"d13CO2","centered",263,1.00026058681881,3279.17710278694
"d13CO2","centered",264,1.0003741807535,3524.20844411942
"d13CO2","centered",265,1.00029096940342,3697.64250252594
"d13CO2","centered",266,1.00028579600609,3833.43171625063
"d13CO2","centered",267,1.00029573957748,3946.75965503996
"d13CO2","centered",268,1.00018985567321,3901.4257442561
"d13CO2","centered",269,1.00059078649172,3828.46526293535
"d13CO2","centered",270,1.00069796216699,4054.10038691411
"d13CO2","centered",271,1.00063621850782,3903.32515936863
"d13CO2","centered",272,1.00065758845635,4165.72643096682
"d13CO2","centered",273,1.00072816008336,3984.44564559504
"d13CO2","centered",274,1.00073650987224,3904.73515793445
"d13CO2","centered",275,1.00089924100596,3917.69918995758
"d13CO2","centered",276,1.00117341756743,3625.56107069988
"d13CO2","centered",277,1.00153246201094,3301.0621593508
"d13CO2","centered",278,1.00169253159511,3218.35401422201
"d13CO2","centered",279,1.00169715715979,2980.08967647895
"d13CO2","centered",280,1.00190089291998,2818.57340289167
"d13CO2","centered",281,1.00198544686246,2399.57709354278
"d13CO2","centered",282,1.0020749799734,2458.39787221399
"d13CO2","centered",283,1.00207079572102,2319.50679769501
"d13CO2","centered",284,1.00247671215503,2068.43116599947
"d13CO2","centered",285,1.00271235969752,2049.26408013986
"d13CO2","centered",286,1.00296491388325,1771.45168850776
"d13CO2","centered",287,1.00338994766974,1567.93588250199
"d13CO2","centered",288,1.00405648699255,1383.43074288796
"d13CO2","centered",289,1.00384883490506,1294.97740172607
"d13CO2","centered",290,1.00330584082094,1316.6281462844
"d13CO2","centered",291,1.00297029902712,1383.97135308517
"d13CO2","centered",292,1.0034885752361,1442.6733541912
"d13CO2","centered",293,1.00278401091262,1608.33884077039
"d13CO2","centered",294,1.00229071618049,1843.35475475777
"d13CO2","centered",295,1.00188671965274,2088.93594531378
"d13CO2","centered",296,1.00145119912092,2327.58957880651
"d13CO2","centered",297,1.00142575786259,2714.41111259221
"d13CO2","centered",298,1.00138038361748,2923.3832031283
"d13CO2","centered",299,1.00136505859628,3461.50342084113
"d13CO2","centered",300,1.00099624597741,3712.46606958025
"d13CO2","centered",301,1.00092556702442,3941.20852431629
"d13CO2","centered",302,1.00096887804995,4375.48527116005
"d13CO2","centered",303,1.00091333968526,4817.28524722582
"d13CO2","centered",304,1.00069951202126,5106.60731417427
"d13CO2","centered",305,1.00086824649593,5416.85193604212
"d13CO2","centered",306,1.00101060290614,5919.91589231686
"d13CO2","centered",307,1.00078980781725,5700.47791730911
"d13CO2","centered",308,1.00093572662781,5819.97220186724
"d13CO2","centered",309,1.00087930457205,5826.42198783373
"d13CO2","centered",310,1.00108541930093,6074.86236870636
"d13CO2","centered",311,1.00112991711607,6556.04369026076
"d13CO2","centered",312,1.00087237734567,6753.75291296762
"d13CO2","centered",313,1.00101928882156,6642.43861062226
"d13CO2","centered",314,1.00094003847869,7686.41877778918
"d13CO2","centered",315,1.00099563730493,7636.05933322722
"d13CO2","centered",316,1.00101072424417,7400.68678687014
"d13CO2","centered",317,1.00127744819997,7442.08252995372
"d13CO2","centered",318,1.00166548767053,7875.05734458791
"d13CO2","centered",319,1.00139217490842,7954.85847796502
"d13CO2","centered",320,1.00180862426445,7554.11532793313
"d13CO2","centered",321,1.00189781329503,7577.95463387226
"d13CO2","centered",322,1.0020487747409,6906.05347326681
"d13CO2","centered",323,1.0024796183429,5570.60789550242
"d13CO2","centered",324,1.00265499816196,4627.55785253252
"d13CO2","centered",325,1.00217104016996,4128.68708766334
"d13CO2","centered",326,1.00295921497583,3628.08315961673
"d13CO2","centered",327,1.00301845355286,3295.85788402852
"d13CO2","centered",328,1.00233653458689,3173.39388955875
"d13CO2","centered",329,1.00244145780648,2842.39740523746
"d13CO2","centered",330,1.00312747938388,2819.49214576211
"d13CO2","centered",331,1.00375086532482,2201.83456415862
"d13CO2","centered",332,1.00348105616377,2225.26092506409
"d13CO2","centered",333,1.00399232304166,1681.39699889046
"d13CO2","centered",334,1.00454012496496,1470.25035676143
"d13CO2","centered",335,1.00476836369129,1327.99002130278
"d13CO2","centered",336,1.0050562531221,1072.72460296781
"d13CO2","centered",337,1.00561358285177,844.938495064538
"d13CO2","centered",338,1.00616354223907,787.869439081835
"d13CO2","centered",339,1.00726740483058,665.906972072096
"d13CO2","centered",340,1.00647428447573,777.635127993829
"d13CO2","centered",341,1.00631870727061,862.393462013663
"d13CO2","centered",342,1.00632573687293,958.843671157586
"d13CO2","centered",343,1.00732967128707,1116.79749123819
"d13CO2","centered",344,1.00703885260213,1128.06451527786
"d13CO2","centered",345,1.00659371670972,1137.04078785314
"d13CO2","centered",346,1.00695526509987,1055.85903479069
"d13CO2","centered",347,1.00738639132856,1112.59669291309
"d13CO2","centered",348,1.00744109301529,1183.04178715995
"d13CO2","centered",349,1.00799781268528,1142.14177062622
"d13CO2","centered",350,1.008264143785,1031.73849234883
"d13CO2","centered",351,1.00804470066054,1007.09590919663
"d13CO2","centered",352,1.00816936222893,869.233805394767
"d13CO2","centered",353,1.00722555602013,770.125369700642
"d13CO2","centered",354,1.00769739034817,837.210213024784
"d13CO2","centered",355,1.00764136479016,705.201788591108
"d13CO2","centered",356,1.00776077662137,653.484242542415
"d13CO2","centered",357,1.00752914155646,591.396746882092
"d13CO2","centered",358,1.00810132036771,639.852494578801
"d13CO2","centered",359,1.0078317584828,676.715580239826
"d13CO2","centered",360,1.00622824785646,782.802869507611
"d13CO2","centered",361,1.00575869249289,905.860914586717
"d13CO2","centered",362,1.00536517069472,1023.82084159422
"d13CO2","centered",363,1.00422893122139,1088.16376832024
"d13CO2","centered",364,1.00347291661987,1308.96052666343
"d13CO2","centered",365,1.0030233223858,1212.34157292665
"d13CO2","centered",366,1.00237025151932,1356.18730896572
"d13CO2","centered",367,1.00216947348368,1683.33925340855
"d13CO2","centered",368,1.00217797410079,1505.71847511608
"d13CO2","centered",369,1.00220117672493,1571.94801944207
"d13CO2","centered",370,1.00258458603225,1580.01248106052
"d13CO2","centered",371,1.00231199283472,1632.17264533814
"d13CO2","centered",372,1.00240749191336,1549.44511892013
"d13CO2","centered",373,1.0018566176932,1603.27058785277
"d13CO2","centered",374,1.00192732913694,1514.20850065201
"d13CO2","centered",375,1.00226500922446,1426.04293701509
"d13CO2","centered",376,1.00253982039957,1370.1239987771
"d13CO2","centered",377,1.00235243410281,1328.28130293529
"d13CO2","centered",378,1.00258879727163,1295.55334293093
"d13CO2","centered",379,1.00262594083182,1091.59060362247
"d13CO2","centered",380,1.00270839529834,1265.21454832324
"d13CO2","centered",381,1.00297519671859,1202.52547508859
"d13CO2","centered",382,1.00320866571547,1092.97360275167
"d13CO2","centered",383,1.00268225571973,1150.92766934862
"d13CO2","centered",384,1.00245721888188,1280.87629812088
"d13CO2","centered",385,1.00265205911819,1228.54871684571
"d13CO2","centered",386,1.00226529240319,1431.48186138732
"d13CO2","centered",387,1.00207518972282,1496.88575823626
"d13CO2","centered",388,1.00194158924337,1643.83808824561
"d13CO2","centered",389,1.00158765559701,1879.44745037609
"d13CO2","centered",390,1.0011445300546,1920.09325028249
"d13CO2","centered",391,1.00113907268533,1951.08046489559
"d13CO2","centered",392,1.00093078386096,2139.30460088548
"d13CO2","centered",393,1.00093958432426,2168.82319211871
"d13CO2","centered",394,1.00076095066028,2094.56547280033
"d13CO2","centered",395,1.00068533102011,2102.38617540932
"d13CO2","centered",396,1.00069666147522,2225.70503250311
"d13CO2","centered",397,1.00064505336104,2282.84783275962
"d13CO2","centered",398,1.00060873588811,2364.82732317934
"d13CO2","centered",399,1.00051746539621,2106.24238057752
"d13CO2","centered",400,1.00052015529915,2108.11932849172
"d13CO2","centered",401,1.00049845877396,2131.26236768111
"d13CO2","centered",402,1.00068759353635,1969.96969525329
"d13CO2","centered",403,1.00069973313062,1879.9405600716
"d13CO2","centered",404,1.00121110991859,1712.92949498193
"d13CO2","centered",405,1.00103834798596,1758.10884904966
"d13CO2","centered",406,1.00112900653023,1704.33669593918
"d13CO2","centered",407,1.00197634708025,1672.40202582266
"d13CO2","centered",408,1.00201651313487,1751.65116795743
"d13CO2","centered",409,1.00132387896405,1701.55817334965
"d13CO2","centered",410,1.00141888724469,1693.72635178147
"d13CO2","centered",411,1.00148672745109,1707.91793029832
"d13CO2","centered",412,1.0012994102011,1624.64204608544
"d13CO2","centered",413,1.00142885598145,1511.4959717986
"d13CO2","centered",414,1.00178492581665,1587.16087850601
"d13CO2","centered",415,1.00170896531063,1417.81889249487
"d13CO2","centered",416,1.00219030237643,1577.36484471744
"d13CO2","centered",417,1.00219130279477,1531.65921444895
"d13CO2","centered",418,1.00215474835669,1545.58999325587
"d13CO2","centered",419,1.00225920583154,1568.27784455934
"d13CO2","centered",420,1.00231697057192,1728.91745888125
"d13CO2","centered",421,1.00240110156218,1819.2171428091
"d13CO2","centered",422,1.0022979794936,1834.53494908552
"d13CO2","centered",423,1.00244958614371,1932.83586827864
"d13CO2","centered",424,1.0025084596478,1938.83569098108
"d13CO2","centered",425,1.00294756870319,1928.95273075426
"d13CO2","centered",426,1.0027758508726,1906.00106721312
"d13CO2","centered",427,1.00281100052762,1885.66051569438
"d13CO2","centered",428,1.00220140790425,2150.44131764571
"d13CO2","centered",429,1.00273225373798,2106.64149500818
"d13CO2","centered",430,1.00273874721849,2306.63593314182
"d13CO2","centered",431,1.00265733631975,2083.17366022391
"d13CO2","centered",432,1.00254410358616,2142.83705600683
"d13CO2","centered",433,1.00232391613067,2092.55780708178
"d13CO2","centered",434,1.0016433359726,2204.58660529054
"d13CO2","centered",435,1.00151946396365,2092.26901368826
"d13CO2","centered",436,1.0012233779486,1898.27566704022
"d13CO2","centered",437,1.00135013024953,1864.13004381569
"d13CO2","centered",438,1.00165926560309,1614.79326925458
"d13CO2","centered",439,1.00173100085543,1454.51440726324
"d13CO2","centered",440,1.00143464650374,1483.17733308461
"d13CO2","centered",441,1.00133289403903,1484.73911826174
"d13CO2","centered",442,1.00125429203281,1450.31067442598
"d13CO2","centered",443,1.00163131921094,1435.00565933323
"d13CO2","centered",444,1.00198274899933,1432.72199147784
"d13CO2","centered",445,1.00222452308564,1477.52388946443
"d13CO2","centered",446,1.00213544990226,1529.82075202344
"d13CO2","centered",447,1.00239975668688,1611.72208287776
"d13CO2","centered",448,1.00231549033738,1653.36740430552
"d13CO2","centered",449,1.0029081979358,1737.48163417717
"d13CO2","centered",450,1.00359099107229,1590.38331655005
"d13CO2","centered",451,1.00358492717965,1711.73356610093
"d13CO2","centered",452,1.00357078829057,1735.97912767795
"d13CO2","centered",453,1.00405112853696,1919.47059611695
"d13CO2","centered",454,1.00386632436023,1952.80384573019
"d13CO2","centered",455,1.00360626336624,2088.99761584179
"d13CO2","centered",456,1.00300337511812,2249.72342316246
"d13CO2","centered",457,1.00311829131561,2148.5737959084
"d13CO2","centered",458,1.00286455288622,2126.85005166651
"d13CO2","centered",459,1.00317619320623,2072.32615781386
"d13CO2","centered",460,1.00239637295848,2052.06855927258
"d13CO2","centered",461,1.00238068673711,1769.24007054376
"d13CO2","centered",462,1.00254572034111,1552.09695006207
"d13CO2","centered",463,1.00288559864399,1377.53820704807
"d13CO2","centered",464,1.00335748490893,1157.17790210035
"d13CO2","centered",465,1.00386437892789,1114.85787947596
"d13CO2","centered",466,1.00532488519824,1109.5573739892
"d13CO2","centered",467,1.0058937712272,1069.94414209418
"d13CO2","centered",468,1.00583742227715,1037.47590926937
"d13CO2","centered",469,1.00582220585234,1052.60472875838
"d13CO2","centered",470,1.00626223034324,835.301685110299
"d13CO2","centered",471,1.00730644740914,766.070267538
"d13CO2","centered",472,1.00756704589858,804.466065654021
"d13CO2","centered",473,1.0099510253825,666.869446062447
"d13CO2","centered",474,1.01229313872529,717.883526002281
"d13CO2","centered",475,1.01170156258238,734.440197707148
"d13CO2","centered",476,1.01217309547332,689.189606228409
"d13CO2","centered",477,1.01157473615351,723.793858403138
"d13CO2","centered",478,1.01278070631966,699.112286117114
"d13CO2","centered",479,1.01391080160993,678.774725627499
"d13CO2","centered",480,1.01429611523169,677.15622426909
"d13CO2","centered",481,1.01427591789554,692.299230630989
"d13CO2","centered",482,1.01477002571167,582.40448596708
"d13CO2","centered",483,1.01364031505532,585.633763590228
"d13CO2","centered",484,1.01461349148282,509.460360861198
"d13CO2","centered",485,1.01583572224709,586.437306869271
"d13CO2","centered",486,1.01458872927498,569.033211202482
"d13CO2","centered",487,1.01293939936527,566.990617839095
"d13CO2","centered",488,1.01384093240394,609.229334373681
"d13CO2","centered",489,1.01279585738384,611.216553405016
"d13CO2","centered",490,1.01251947972855,586.933685787572
"d13CO2","centered",491,1.01239408288892,677.405211029437
"d13CO2","centered",492,1.01358944535984,638.071933899905
"d13CO2","centered",493,1.0115450828212,560.966602457039
"d13CO2","centered",494,1.01217875635304,648.797779547826
"d13CO2","centered",495,1.01244376034648,632.337398316057
"d13CO2","centered",496,1.01235554480895,557.20770476319
"d13CO2","centered",497,1.01286578238011,610.716825700715
"d13CO2","centered",498,1.01193561710459,652.724700598986
"d13CO2","centered",499,1.01221175401426,653.468877159597
"d13CO2","centered",500,1.01415766885358,581.050496069224
"d13CO2","centered",501,1.01589706642947,633.42286441645
"d13CO2","centered",502,1.01578277355886,693.628290622126
"d13CO2","centered",503,1.0148168647705,724.932237228025
"d13CO2","centered",504,1.01661955327367,659.176760376315
"d13CO2","centered",505,1.01625959069156,536.469636552271
"d13CO2","centered",506,1.01756423079565,580.612108216516
"d13CO2","centered",507,1.01598009547162,653.479524895454
"d13CO2","centered",508,1.01507519433318,669.394029635573
"d13CO2","centered",509,1.01468073813681,719.686553021848
"d13CO2","centered",510,1.01473412893773,625.620020494053
"d13CO2","centered",511,1.01786188706601,534.152613724221
"d13CO2","centered",512,1.01795326258185,594.943517763597
"d13CO2","centered",513,1.0157796532934,570.441378032034
"d13CO2","centered",514,1.01673361700696,505.560767401003
"d13CO2","centered",515,1.01690384417311,567.941703685178
"d13CO2","centered",516,1.01902267261102,570.294108925226
"d13CO2","centered",517,1.01820363164434,654.774878345925
"d13CO2","centered",518,1.01822937690276,590.130871420966
"d13CO2","centered",519,1.01836226166714,681.001139886649
"d13CO2","centered",520,1.01865709468346,575.389382800249
"d13CO2","centered",521,1.01774867046842,616.50300193077
"d13CO2","centered",522,1.01696905921843,665.30509375433
"d13CO2","centered",523,1.01739731906124,638.482683662049
"d13CO2","centered",524,1.01840400200592,637.102225310375
"d13CO2","centered",525,1.01958663825208,540.457732095303
"d13CO2","centered",526,1.01755060867144,569.23609824039
"d13CO2","centered",527,1.016375172098,529.894910571721
"d13CO2","centered",528,1.01586878184518,537.917576261279
"d13CO2","centered",529,1.0143770804894,570.102728401308
"d13CO2","centered",530,1.01509097538117,570.243739190235
"d13CO2","centered",531,1.01594737154534,521.132623636359
"d13CO2","centered",532,1.01585540614209,491.922532706218
"d13CO2","centered",533,1.01528729515584,493.137893279563
"d13CO2","centered",534,1.01639361638288,517.857428317446
"d13CO2","centered",535,1.01804932891614,445.001784634464
"d13CO2","centered",536,1.01801574830938,432.099595831024
"d13CO2","centered",537,1.02185311236049,467.777505183999
"d13CO2","centered",538,1.02267331692685,497.182122792235
"d13CO2","centered",539,1.0212508536264,625.818024794412
"d13CO2","centered",540,1.01837267479574,719.450477523876
"d13CO2","first_difference",1,1.03414295530134,12317.0664995754
"d13CO2","first_difference",2,1.01771934742622,18273.7985151301
"d13CO2","first_difference",3,1.0095767099548,19947.3317545251
"d13CO2","first_difference",4,1.00601932504488,21526.6337489781
"d13CO2","first_difference",5,1.00328807756472,20338.371685517
"d13CO2","first_difference",6,1.0021211723262,18647.5877975598
"d13CO2","first_difference",7,1.001998501612,19300.7999912807
"d13CO2","first_difference",8,1.00103020834253,20090.7548295096
"d13CO2","first_difference",9,1.00060442714805,20671.241584873
"d13CO2","first_difference",10,1.00071208118148,19955.5885318902
"d13CO2","first_difference",11,1.00038997131233,18210.7078258242
"d13CO2","first_difference",12,1.00033883426275,18648.4183490533
"d13CO2","first_difference",13,1.00009993882732,18971.2763427192
"d13CO2","first_difference",14,1.00018835565596,15987.5150187884
"d13CO2","first_difference",15,1.00053138761769,17483.8973411876
"d13CO2","first_difference",16,1.00024079518268,14826.6554596233
"d13CO2","first_difference",17,1.00023599915606,16326.9499872044
"d13CO2","first_difference",18,1.00009782527916,18094.7301776568
"d13CO2","first_difference",19,1.00011222034763,18566.244182971
"d13CO2","first_difference",20,1.00013651961182,19581.7048448494
"d13CO2","first_difference",21,1.00008216064738,19826.2402875095
"d13CO2","first_difference",22,1.00018035818522,21897.6080051251
"d13CO2","first_difference",23,1.00009563730266,22305.1949917936
"d13CO2","first_difference",24,1.0002898575425,20769.6940921112
"d13CO2","first_difference",25,1.00007117689333,22532.780140535
"d13CO2","first_difference",26,1.00020946061006,22556.3396444329
"d13CO2","first_difference",27,1.00033812482079,23197.4553476779
"d13CO2","first_difference",28,1.00014796476911,23772.1239254855
"d13CO2","first_difference",29,1.00016838400659,23233.2966376563
"d13CO2","first_difference",30,1.00008277593021,23174.6387419497
"d13CO2","first_difference",31,1.00009432313119,23782.5804195513
"d13CO2","first_difference",32,1.00008416930627,23651.9140866297
"d13CO2","first_difference",33,1.00010986841956,24282.3948444171
"d13CO2","first_difference",34,0.999991247208468,24556.1644707383
"d13CO2","first_difference",35,1.00000719096281,22633.8970137779
"d13CO2","first_difference",36,0.999931054334268,24165.3414244594
"d13CO2","first_difference",37,0.999952952874499,23992.4206724916
"d13CO2","first_difference",38,1.00009205741931,23145.0310935198
"d13CO2","first_difference",39,1.00012982334098,24000
"d13CO2","first_difference",40,0.999943468307693,23733.0994561248
"d13CO2","first_difference",41,1.00007790545687,23558.9864735276
"d13CO2","first_difference",42,1.00011087514227,23741.8785484329
"d13CO2","first_difference",43,0.999894502340253,22200.6092082146
"d13CO2","first_difference",44,1.00009833690341,23325.7385957728
"d13CO2","first_difference",45,1.0000381121062,23775.1296968173
"d13CO2","first_difference",46,1.00037015052908,22521.3859687901
"d13CO2","first_difference",47,1.00011143583357,22590.3316043803
"d13CO2","first_difference",48,0.999993386273401,22161.3423826085
"d13CO2","first_difference",49,1.00004859803288,22436.6010831204
"d13CO2","first_difference",50,0.999966819170051,23475.5898158739
"d13CO2","first_difference",51,0.999981799671358,22958.891839822
"d13CO2","first_difference",52,1.00006182601396,23454.3827498948
"d13CO2","first_difference",53,1.00003336667152,23632.9284947148
"d13CO2","first_difference",54,1.00009387513076,23488.7934994533
"d13CO2","first_difference",55,1.0000135559012,23352.5911793944
"d13CO2","first_difference",56,1.00012746993994,22631.2694254574
"d13CO2","first_difference",57,1.00001749916667,23446.4341742573
"d13CO2","first_difference",58,0.999950574078134,22482.9015402436
"d13CO2","first_difference",59,1.00013141129259,23366.6931947082
"d13CO2","first_difference",60,1.00002066279837,23548.8851459108
"d13CO2","first_difference",61,1.00009081828424,23704.900181146
"d13CO2","first_difference",62,0.999952926309622,23726.953801492
"d13CO2","first_difference",63,1.00005822934181,24000
"d13CO2","first_difference",64,1.0000629762226,24763.8408506823
"d13CO2","first_difference",65,0.999944127190961,24306.1165200605
"d13CO2","first_difference",66,0.999995050840261,23989.8093590133
"d13CO2","first_difference",67,1.0000229005045,22904.1815350384
"d13CO2","first_difference",68,1.00025300303517,23527.0275077813
"d13CO2","first_difference",69,1.00006948196394,23068.6147341516
"d13CO2","first_difference",70,0.999987443999269,23145.0468857239
"d13CO2","first_difference",71,1.00011891187567,24840.2130644965
"d13CO2","first_difference",72,1.00002225819496,24000
"d13CO2","first_difference",73,0.999972520815493,24121.7238180444
"d13CO2","first_difference",74,0.999958700457163,23736.5188443347
"d13CO2","first_difference",75,1.0000000845266,23503.2243634667
"d13CO2","first_difference",76,1.00016337848758,22766.6331180932
"d13CO2","first_difference",77,0.999998965555762,22867.1666896226
"d13CO2","first_difference",78,1.00017543278479,23464.6628640253
"d13CO2","first_difference",79,1.00010433204188,24000
"d13CO2","first_difference",80,1.00012439421769,24352.4224470653
"d13CO2","first_difference",81,1.00025376975854,23604.554901069
"d13CO2","first_difference",82,0.999945165704305,22569.3483943351
"d13CO2","first_difference",83,0.999937095845062,23227.1575283915
"d13CO2","first_difference",84,1.00000159692702,23983.838850365
"d13CO2","first_difference",85,1.0000704972829,22894.4998290827
"d13CO2","first_difference",86,1.00003326278044,23267.4997009276
"d13CO2","first_difference",87,1.00002268402122,22257.4906258547
"d13CO2","first_difference",88,1.00024333705406,23509.407894353
"d13CO2","first_difference",89,0.999973962888793,22334.7062809811
"d13CO2","first_difference",90,0.999930009664412,22175.6975365506
"d13CO2","first_difference",91,1.00015684266535,23259.9180511284
"d13CO2","first_difference",92,1.00023598677409,22429.5996472422
"d13CO2","first_difference",93,1.00001112771229,22169.9104763283
"d13CO2","first_difference",94,1.00011983833806,23770.225679547
"d13CO2","first_difference",95,1.00003112279847,22831.3493736161
"d13CO2","first_difference",96,0.999973005511667,21996.093075367
"d13CO2","first_difference",97,1.000151694815,21074.6790734113
"d13CO2","first_difference",98,1.00011811421794,20296.8886992759
"d13CO2","first_difference",99,1.00002540448447,19613.1722653341
"d13CO2","first_difference",100,1.00018354044725,21774.7794957582
"d13CO2","first_difference",101,1.00014395120369,19875.0363610526
"d13CO2","first_difference",102,1.00021585662047,18657.0984477949
"d13CO2","first_difference",103,1.00013018363318,20067.677881347
"d13CO2","first_difference",104,1.00003634554196,19148.2312804246
"d13CO2","first_difference",105,1.00000207398662,19924.7354471626
"d13CO2","first_difference",106,1.00026560639946,18044.0997260782
"d13CO2","first_difference",107,0.999997369541339,15861.3137214504
"d13CO2","first_difference",108,1.00008638847997,15445.8556143626
"d13CO2","first_difference",109,1.0000782918042,15959.4741025526
"d13CO2","first_difference",110,1.00006230978848,17084.9601004521
"d13CO2","first_difference",111,1.00002445899824,18385.5573735318
"d13CO2","first_difference",112,1.00017477043003,18927.1576279807
"d13CO2","first_difference",113,1.00017419882868,20227.1737489186
"d13CO2","first_difference",114,1.00010080597907,19028.2072811602
"d13CO2","first_difference",115,1.00016553964257,19165.0678117715
"d13CO2","first_difference",116,1.00033781093255,20901.9884802885
"d13CO2","first_difference",117,0.99999208705808,21554.1543893588
"d13CO2","first_difference",118,1.00036586817079,22284.5506588068
"d13CO2","first_difference",119,0.999974373610595,22737.711973776
"d13CO2","first_difference",120,1.00011821891874,23125.7304072347
"d13CO2","first_difference",121,1.00005523148215,22412.0784259902
"d13CO2","first_difference",122,0.999959338954022,24205.488398174
"d13CO2","first_difference",123,1.00002248869622,24000
"d13CO2","first_difference",124,1.00009542567356,24000
"d13CO2","first_difference",125,1.00006857069549,24000
"d13CO2","first_difference",126,1.0000922467965,23497.4359907719
"d13CO2","first_difference",127,1.00006499647369,23609.3142727682
"d13CO2","first_difference",128,1.00011986398753,24265.9033286374
"d13CO2","first_difference",129,1.00017615841308,23276.9554686568
"d13CO2","first_difference",130,1.0000421389076,23417.7203376634
"d13CO2","first_difference",131,0.999929465718609,24000
"d13CO2","first_difference",132,0.9999811183016,22262.2794983782
"d13CO2","first_difference",133,1.00007650573558,24115.1626732479
"d13CO2","first_difference",134,1.000016588064,22595.4383427202
"d13CO2","first_difference",135,0.999942722042283,23335.0199457449
"d13CO2","first_difference",136,1.0000242560851,23379.2780361815
"d13CO2","first_difference",137,0.999900746343606,24000
"d13CO2","first_difference",138,1.00005274980454,23684.7046600688
"d13CO2","first_difference",139,1.00016741668717,23426.998920661
"d13CO2","first_difference",140,0.999921293873455,23594.7694880162
"d13CO2","first_difference",141,0.999987776097037,23617.6708975244
"d13CO2","first_difference",142,0.999964021284721,23754.0885951434
"d13CO2","first_difference",143,1.00004614857977,23291.4141541553
"d13CO2","first_difference",144,1.00001693263151,24000
"d13CO2","first_difference",145,1.0000834532492,24000
"d13CO2","first_difference",146,1.00005081668219,24000
"d13CO2","first_difference",147,1.00015791236887,23465.4885542785
"d13CO2","first_difference",148,1.00038080748902,23398.193302264
"d13CO2","first_difference",149,0.999915564199391,22053.0203227958
"d13CO2","first_difference",150,1.00010062844066,23565.1125182672
"d13CO2","first_difference",151,1.00004991137525,23540.4614253727
"d13CO2","first_difference",152,1.00038033966398,21458.7088851345
"d13CO2","first_difference",153,1.00009679368935,23383.1267299025
"d13CO2","first_difference",154,1.00003074716218,21870.7867994793
"d13CO2","first_difference",155,1.00006716239765,23461.7577842711
"d13CO2","first_difference",156,1.000180902038,22615.8150709091
"d13CO2","first_difference",157,1.00024197923579,22917.7578774122
"d13CO2","first_difference",158,1.00014192489807,21605.3553584039
"d13CO2","first_difference",159,0.999994866187368,21303.8349870353
"d13CO2","first_difference",160,1.00004110133052,21836.1934218927
"d13CO2","first_difference",161,1.00008890785136,20483.2915436627
"d13CO2","first_difference",162,0.999991248741101,20490.0882392621
"d13CO2","first_difference",163,1.00011666500605,21010.0311966697
"d13CO2","first_difference",164,1.00012298127972,20259.6535721101
"d13CO2","first_difference",165,1.00004749867926,21783.4747717703
"d13CO2","first_difference",166,0.999950663850302,21039.1945096343
"d13CO2","first_difference",167,1.00016354246657,21746.0350666562
"d13CO2","first_difference",168,0.999934939426149,21667.9740667621
"d13CO2","first_difference",169,0.99992455112997,22587.3439005035
"d13CO2","first_difference",170,0.999958105033716,23228.8719001701
"d13CO2","first_difference",171,1.00010186674379,23533.4973031083
"d13CO2","first_difference",172,1.00016945829984,23418.43820695
"d13CO2","first_difference",173,0.999938819343625,22986.4960842616
"d13CO2","first_difference",174,1.00011497475238,22803.8189813918
"d13CO2","first_difference",175,1.00013498682926,24000
"d13CO2","first_difference",176,1.00009614152494,22936.7185933249
"d13CO2","first_difference",177,1.00016644262533,23141.2576109835
"d13CO2","first_difference",178,1.00012378089931,22060.5480057491
"d13CO2","first_difference",179,1.00013642508372,23371.43619348
"d13CO2","first_difference",180,1.00011006090901,22505.9833604196
"d13CO2","first_difference",181,1.00001067661767,23110.1902448947
"d13CO2","first_difference",182,1.00014714362081,22386.5145623485
"d13CO2","first_difference",183,0.999998815222649,22743.1943288171
"d13CO2","first_difference",184,0.99990917022005,23894.8708297585
"d13CO2","first_difference",185,0.999940420513693,23184.5854196572
"d13CO2","first_difference",186,1.00000541661577,22343.1517864817
"d13CO2","first_difference",187,1.00016695044058,23047.0168590578
"d13CO2","first_difference",188,1.00006807462812,23213.1854731751
"d13CO2","first_difference",189,1.00021117587449,24389.3402086625
"d13CO2","first_difference",190,0.999992032201819,22806.5364880793
"d13CO2","first_difference",191,1.0001414474241,23737.8208907864
"d13CO2","first_difference",192,0.999992458585368,23638.0676405966
"d13CO2","first_difference",193,1.0005835811358,23774.3508846656
"d13CO2","first_difference",194,1.00002254659126,23067.3335442148
"d13CO2","first_difference",195,1.00016719125522,24110.8930602553
"d13CO2","first_difference",196,0.999980025031114,23359.6233380139
"d13CO2","first_difference",197,0.999950913324735,24000
"d13CO2","first_difference",198,1.00002671994905,24000
"d13CO2","first_difference",199,0.999937932287206,23304.057683641
"d13CO2","first_difference",200,1.0001170125685,23635.046017496
"d13CO2","first_difference",201,0.999921392417129,23260.3358850964
"d13CO2","first_difference",202,1.00001888834606,23007.9531515403
"d13CO2","first_difference",203,0.999945363705809,23446.2185398333
"d13CO2","first_difference",204,1.00001734191472,23022.3569435572
"d13CO2","first_difference",205,0.999989237769313,23215.5988170094
"d13CO2","first_difference",206,1.00027821162754,22362.5641535169
"d13CO2","first_difference",207,1.00003975155434,22715.322204132
"d13CO2","first_difference",208,1.00005059315598,21763.3460500972
"d13CO2","first_difference",209,1.00001516172926,22819.6641905502
"d13CO2","first_difference",210,1.0003689392058,21532.9774112974
"d13CO2","first_difference",211,1.00004559363818,21115.0456914376
"d13CO2","first_difference",212,1.00025521167757,21561.5591725771
"d13CO2","first_difference",213,1.00000763968012,22523.9546760526
"d13CO2","first_difference",214,1.00013689807389,21055.1890491914
"d13CO2","first_difference",215,1.00006699494446,22401.7524764743
"d13CO2","first_difference",216,1.00001261350585,21294.9590408904
"d13CO2","first_difference",217,1.00002555635716,21229.400789553
"d13CO2","first_difference",218,1.00005232150844,22259.1242389635
"d13CO2","first_difference",219,1.00000525354242,22277.5894876795
"d13CO2","first_difference",220,1.00009174746839,22826.3647635927
"d13CO2","first_difference",221,1.00004281379816,21971.2091001072
"d13CO2","first_difference",222,1.00003642282222,21583.7530635233
"d13CO2","first_difference",223,1.0000678624076,21205.1425326486
"d13CO2","first_difference",224,1.00022297580173,20608.8255063716
"d13CO2","first_difference",225,1.00009067599981,21835.8044009878
"d13CO2","first_difference",226,1.00001543154022,21262.4958131862
"d13CO2","first_difference",227,0.999932893002295,22988.6535511963
"d13CO2","first_difference",228,0.999970927872355,23074.9370744325
"d13CO2","first_difference",229,1.00006486398784,23468.1237276828
"d13CO2","first_difference",230,1.00004037830181,21474.5738426575
"d13CO2","first_difference",231,0.99995550111518,20983.8203796384
"d13CO2","first_difference",232,0.999969628894384,20307.1731013404
"d13CO2","first_difference",233,0.999921767706723,20943.6081235915
"d13CO2","first_difference",234,1.00006821840882,19776.6144680299
"d13CO2","first_difference",235,1.00016701683028,21154.7608625798
"d13CO2","first_difference",236,1.00006606718832,19927.3422826148
"d13CO2","first_difference",237,0.999969072870715,21278.1640929908
"d13CO2","first_difference",238,0.999968501258574,21354.7146485417
"d13CO2","first_difference",239,1.00018964088759,22753.2143246807
"d13CO2","first_difference",240,1.00000451121498,22356.8347455429
"d13CO2","first_difference",241,1.00009362006391,23124.3322752349
"d13CO2","first_difference",242,1.00010562224012,22415.2423422081
"d13CO2","first_difference",243,1.00011630375778,22600.8731339313
"d13CO2","first_difference",244,1.00011531132399,22522.0814636988
"d13CO2","first_difference",245,0.999971377318351,20080.1330021223
"d13CO2","first_difference",246,1.00002727606307,21903.1064612055
"d13CO2","first_difference",247,1.00008591521445,22540.3483711737
"d13CO2","first_difference",248,1.00005109710926,23224.8737327926
"d13CO2","first_difference",249,1.00021240626475,23022.22774293
"d13CO2","first_difference",250,0.999963615986518,23782.6905340756
"d13CO2","first_difference",251,0.999979844741745,23684.2195580838
"d13CO2","first_difference",252,1.00019179524693,22414.2979369431
"d13CO2","first_difference",253,1.0000049136465,23120.2144857065
"d13CO2","first_difference",254,1.00007020774272,23471.3214153669
"d13CO2","first_difference",255,0.999941987003675,24000
"d13CO2","first_difference",256,1.00011871044983,22367.1091854458
"d13CO2","first_difference",257,1.00005315156641,22465.0664103684
"d13CO2","first_difference",258,1.00001354878345,23710.0371819443
"d13CO2","first_difference",259,1.00012370841799,23207.7802539505
"d13CO2","first_difference",260,1.00015912014673,21663.0790482026
"d13CO2","first_difference",261,0.999972822092375,22166.9864949601
"d13CO2","first_difference",262,1.00011467618787,23459.2948187736
"d13CO2","first_difference",263,0.999976834945149,23198.7369941794
"d13CO2","first_difference",264,1.00005435729931,22931.4382554147
"d13CO2","first_difference",265,1.00014392445392,23314.5299998009
"d13CO2","first_difference",266,1.00000856988251,23072.1564823138
"d13CO2","first_difference",267,1.00008616490023,23344.3666450533
"d13CO2","first_difference",268,1.00019139936217,23487.1819641701
"d13CO2","first_difference",269,1.00001414769181,23900.6517466811
"d13CO2","first_difference",270,0.999956936065898,23425.6438576934
"d13CO2","first_difference",271,1.00010639399942,22570.2062168066
"d13CO2","first_difference",272,1.00009306041989,22614.2520558861
"d13CO2","first_difference",273,0.999969323278732,21868.1185419689
"d13CO2","first_difference",274,1.00004072358169,23699.6619303436
"d13CO2","first_difference",275,1.00015729783395,24000
"d13CO2","first_difference",276,1.00021083628418,23491.9748158583
"d13CO2","first_difference",277,1.00012631063401,23503.1811400719
"d13CO2","first_difference",278,1.00001765859149,22456.651439629
"d13CO2","first_difference",279,1.00015148087099,23334.6818632972
"d13CO2","first_difference",280,1.00002149973274,23374.4519831953
"d13CO2","first_difference",281,1.00005431840166,22262.9943298683
"d13CO2","first_difference",282,0.999988409248936,23234.2813029314
"d13CO2","first_difference",283,1.00000511980084,22878.3597308917
"d13CO2","first_difference",284,1.00007515366181,21733.8047702838
"d13CO2","first_difference",285,0.999958379550701,21545.510868289
"d13CO2","first_difference",286,1.00004688668922,21067.4670858948
"d13CO2","first_difference",287,1.0001129469957,18471.4926988374
"d13CO2","first_difference",288,1.0001259954444,16850.8718044152
"d13CO2","first_difference",289,1.00003030185671,17070.002883829
"d13CO2","first_difference",290,1.00003861730557,14851.8977984401
"d13CO2","first_difference",291,1.00028864224526,18508.87152342
"d13CO2","first_difference",292,1.00009209949948,20790.2797012931
"d13CO2","first_difference",293,1.00007708838378,21080.9852473394
"d13CO2","first_difference",294,1.00018386436319,20700.105466412
"d13CO2","first_difference",295,1.00027111468227,22776.1233327269
"d13CO2","first_difference",296,1.00009277879821,22768.6971976762
"d13CO2","first_difference",297,1.00003180648536,22671.7397758529
"d13CO2","first_difference",298,0.999977583252234,22669.617843537
"d13CO2","first_difference",299,1.00005274079967,21519.227542249
"d13CO2","first_difference",300,1.00002233829782,23027.2719801149
"d13CO2","first_difference",301,1.0000872890885,23358.3163147367
"d13CO2","first_difference",302,1.00006986068545,23157.2214421239
"d13CO2","first_difference",303,0.999970632705338,22031.697119629
"d13CO2","first_difference",304,1.00005499007257,21656.4075313255
"d13CO2","first_difference",305,1.00005215161948,24000
"d13CO2","first_difference",306,1.00016809399645,22893.2570339145
"d13CO2","first_difference",307,1.00002723145539,23638.3802654875
"d13CO2","first_difference",308,1.00012254386798,23503.5675910165
"d13CO2","first_difference",309,0.999987837687576,23515.8661268347
"d13CO2","first_difference",310,1.00009654592239,23511.9454072575
"d13CO2","first_difference",311,1.00015464123927,22934.3418969647
"d13CO2","first_difference",312,1.00034980277754,24000
"d13CO2","first_difference",313,0.999978859070222,23764.6545345966
"d13CO2","first_difference",314,1.00036460558401,23785.1803916322
"d13CO2","first_difference",315,1.00006914717294,23403.9610908485
"d13CO2","first_difference",316,1.00007032988974,24000
"d13CO2","first_difference",317,1.00000773916277,23777.4299656719
"d13CO2","first_difference",318,1.00002581268014,23493.0675584275
"d13CO2","first_difference",319,1.00019040496333,24000
"d13CO2","first_difference",320,1.00021887429187,24000
"d13CO2","first_difference",321,1.00009081210815,23760.7871798681
"d13CO2","first_difference",322,1.00010250097307,24157.339617127
"d13CO2","first_difference",323,0.999955024292454,24000
"d13CO2","first_difference",324,1.00015430257658,23039.1425065817
"d13CO2","first_difference",325,1.00014847439131,23840.376294814
"d13CO2","first_difference",326,0.999983376472402,22652.5679482359
"d13CO2","first_difference",327,1.00006770849689,23749.0809472085
"d13CO2","first_difference",328,0.999984791649084,24000
"d13CO2","first_difference",329,1.00009672591372,23767.083972302
"d13CO2","first_difference",330,1.00002601936029,22870.4672126607
"d13CO2","first_difference",331,1.00013893284454,23583.4859467704
"d13CO2","first_difference",332,1.00005918041989,24000
"d13CO2","first_difference",333,0.999974587541092,23606.0922649088
"d13CO2","first_difference",334,0.999881638713244,21963.8745863885
"d13CO2","first_difference",335,0.999980687211587,22192.1114437172
"d13CO2","first_difference",336,1.00002930576375,17470.2660571633
"d13CO2","first_difference",337,1.00000082128448,14550.5502668568
"d13CO2","first_difference",338,1.00078477208649,11185.4569020479
"d13CO2","first_difference",339,1.00050505691959,10975.2695659838
"d13CO2","first_difference",340,1.00011743587679,14307.4440164761
"d13CO2","first_difference",341,1.00011112286655,17665.1667746736
"d13CO2","first_difference",342,1.00017822779135,19831.4707129054
"d13CO2","first_difference",343,1.00023682775478,19389.7291339027
"d13CO2","first_difference",344,1.00006417997698,17980.0082523243
"d13CO2","first_difference",345,0.999985452258222,19499.1191603987
"d13CO2","first_difference",346,0.999920206979281,20334.0041842504
"d13CO2","first_difference",347,1.00015455405276,17236.8082843979
"d13CO2","first_difference",348,1.00009235717485,19554.6325367616
"d13CO2","first_difference",349,1.00010473708662,17885.6032155047
"d13CO2","first_difference",350,0.999911665106346,18072.1702636382
"d13CO2","first_difference",351,1.00024680410326,18135.8118576449
"d13CO2","first_difference",352,1.0003100356656,18819.2673608248
"d13CO2","first_difference",353,1.0001591097429,17729.9660208419
"d13CO2","first_difference",354,1.00044656622836,15856.0227179693
"d13CO2","first_difference",355,1.00006350090506,15018.8835460126
"d13CO2","first_difference",356,1.00065827989769,12415.3939073637
"d13CO2","first_difference",357,1.00018807889196,11236.4855866887
"d13CO2","first_difference",358,1.00006290903955,15235.7634753651
"d13CO2","first_difference",359,1.00026860313998,17064.7930368303
"d13CO2","first_difference",360,0.999943004768065,18283.8241912015
"d13CO2","first_difference",361,1.00010827444,18019.1607131193
"d13CO2","first_difference",362,1.00036851861483,20481.0459166189
"d13CO2","first_difference",363,1.00020588560016,20022.7348528977
"d13CO2","first_difference",364,1.00015548161807,20593.0051637105
"d13CO2","first_difference",365,0.999985300735617,21947.4490135174
"d13CO2","first_difference",366,1.00002182613566,21432.894681166
"d13CO2","first_difference",367,1.00016295336574,21315.8201656009
"d13CO2","first_difference",368,0.99996897746573,21000.7124779464
"d13CO2","first_difference",369,0.99999097603296,21132.2881637524
"d13CO2","first_difference",370,1.0002354541274,21918.6980603808
"d13CO2","first_difference",371,0.99996487680114,21208.6373491766
"d13CO2","first_difference",372,1.00013822226808,19191.1521644204
"d13CO2","first_difference",373,1.0000623491647,19888.1436458579
"d13CO2","first_difference",374,1.00001034917906,19532.1966498746
"d13CO2","first_difference",375,1.00010334225084,20147.2283951911
"d13CO2","first_difference",376,0.999982397316692,21296.9959675818
"d13CO2","first_difference",377,0.999992588125607,19285.5350614345
"d13CO2","first_difference",378,0.999930801252642,20748.7612407569
"d13CO2","first_difference",379,1.00010445492832,19295.2330572199
"d13CO2","first_difference",380,1.00011859548879,17172.1925864514
"d13CO2","first_difference",381,1.00002984831087,17174.0356417654
"d13CO2","first_difference",382,1.00020575756568,17469.7200493824
"d13CO2","first_difference",383,1.00024360841484,18952.4327534975
"d13CO2","first_difference",384,0.99997310702682,20383.6324916592
"d13CO2","first_difference",385,1.00023962908163,21267.24595448
"d13CO2","first_difference",386,0.99998318508439,20937.0583626421
"d13CO2","first_difference",387,0.999973939536557,20139.0521506562
"d13CO2","first_difference",388,0.999999089172156,22647.3309768301
"d13CO2","first_difference",389,1.00008662693586,21594.2936272987
"d13CO2","first_difference",390,1.00008408746528,21945.0174452204
"d13CO2","first_difference",391,1.00010917489471,21342.6143273389
"d13CO2","first_difference",392,1.00001088831367,21564.3020098111
"d13CO2","first_difference",393,1.00015891047181,22020.2971493101
"d13CO2","first_difference",394,0.999945422149499,21785.7753576009
"d13CO2","first_difference",395,1.00010547451849,21251.2375822961
"d13CO2","first_difference",396,0.999958270672246,21683.9480894908
"d13CO2","first_difference",397,1.00009412605973,22770.3661041449
"d13CO2","first_difference",398,0.999950784138489,21930.174213695
"d13CO2","first_difference",399,0.999935311470007,21361.2601182401
"d13CO2","first_difference",400,1.00004369219343,21428.1358743713
"d13CO2","first_difference",401,1.00010497149744,21298.4727263567
"d13CO2","first_difference",402,1.00023798165531,21261.3239450596
"d13CO2","first_difference",403,1.00008424849362,20883.6956598463
"d13CO2","first_difference",404,1.00004356671191,20589.3850751392
"d13CO2","first_difference",405,1.00000369918658,21469.2385967367
"d13CO2","first_difference",406,1.00035898448195,19765.8703627596
"d13CO2","first_difference",407,1.00014822295243,19743.9954196915
"d13CO2","first_difference",408,0.999938855173519,21222.6269100421
"d13CO2","first_difference",409,1.00015961114401,20208.3572568296
"d13CO2","first_difference",410,0.999962855725588,20493.6952634501
"d13CO2","first_difference",411,1.00004377901598,20355.3303102381
"d13CO2","first_difference",412,1.0001296435882,20519.0382282938
"d13CO2","first_difference",413,1.0001805990812,20467.5654319436
"d13CO2","first_difference",414,0.999965305189139,19176.7228426362
"d13CO2","first_difference",415,1.00004635059901,19455.3972904682
"d13CO2","first_difference",416,1.00008763099261,20057.9273456884
"d13CO2","first_difference",417,1.00003411312054,18897.9398876907
"d13CO2","first_difference",418,1.00001833499271,19628.157115478
"d13CO2","first_difference",419,1.00010246637451,19185.3436702099
"d13CO2","first_difference",420,1.00004508070196,19905.2571931429
"d13CO2","first_difference",421,0.999996324631011,18502.5268468221
"d13CO2","first_difference",422,1.00002628836294,21061.7469137644
"d13CO2","first_difference",423,1.00011711515787,18637.3515790316
"d13CO2","first_difference",424,0.999988318475529,20336.9863061482
"d13CO2","first_difference",425,1.00001861103025,20028.8270118777
"d13CO2","first_difference",426,0.999951645052634,18948.0766626519
"d13CO2","first_difference",427,1.00004129892628,21299.473182956
"d13CO2","first_difference",428,1.00006896496105,19994.8771489874
"d13CO2","first_difference",429,1.00015502572321,21300.280611905
"d13CO2","first_difference",430,1.00003661334815,21594.9754294311
"d13CO2","first_difference",431,1.00007062401945,19880.9692030989
"d13CO2","first_difference",432,0.999996799731679,22999.8008891425
"d13CO2","first_difference",433,1.00006342279909,22632.2410194378
"d13CO2","first_difference",434,1.00035191812779,22018.8066387759
"d13CO2","first_difference",435,1.00008262472224,19419.6362248286
"d13CO2","first_difference",436,1.00019721031143,22127.17460093
"d13CO2","first_difference",437,1.00004288973507,21323.1340656924
"d13CO2","first_difference",438,1.00020119612416,19752.9659439038
"d13CO2","first_difference",439,1.00003033360321,17579.44708382
"d13CO2","first_difference",440,0.999922239130454,18355.2815505275
"d13CO2","first_difference",441,0.99999437128853,19025.2162827986
"d13CO2","first_difference",442,1.00001358740051,19364.8405867052
"d13CO2","first_difference",443,1.00001466581378,18815.6758709078
"d13CO2","first_difference",444,1.00014743056594,19472.6927254534
"d13CO2","first_difference",445,1.00004992691745,18988.3291540413
"d13CO2","first_difference",446,1.0001837189872,19476.379548673
"d13CO2","first_difference",447,1.00015459446166,18540.6883315154
"d13CO2","first_difference",448,0.999998133857133,19305.1888274972
"d13CO2","first_difference",449,1.00009370723371,20726.2801658788
"d13CO2","first_difference",450,1.00016769121105,20494.7080728961
"d13CO2","first_difference",451,1.00014691312736,19895.6191996784
"d13CO2","first_difference",452,1.00010409986867,20163.0089018083
"d13CO2","first_difference",453,1.00025559097909,19613.9000681487
"d13CO2","first_difference",454,1.00017626737771,20525.9791724357
"d13CO2","first_difference",455,1.00022172319766,19517.6328343183
"d13CO2","first_difference",456,1.00011425062831,20882.7399112026
"d13CO2","first_difference",457,1.0001387793382,20285.9205199553
"d13CO2","first_difference",458,1.00019427300314,19779.1750915168
"d13CO2","first_difference",459,1.00012103534226,20394.2875712782
"d13CO2","first_difference",460,1.00013953928269,21810.6254028779
"d13CO2","first_difference",461,1.00003078600397,21810.4139547503
"d13CO2","first_difference",462,1.0000800507555,20336.5018090771
"d13CO2","first_difference",463,1.0000967308817,20255.8418823055
"d13CO2","first_difference",464,1.0002463028465,18609.3345125519
"d13CO2","first_difference",465,1.00045793534902,16557.2377284499
"d13CO2","first_difference",466,1.00020475710998,14849.7839439525
"d13CO2","first_difference",467,1.00016038127895,15201.5621623173
"d13CO2","first_difference",468,0.999941227588553,14240.5144366505
"d13CO2","first_difference",469,1.00030855300225,13131.4670120727
"d13CO2","first_difference",470,1.00015008216384,13126.0020485001
"d13CO2","first_difference",471,1.0004780144576,10838.752048528
"d13CO2","first_difference",472,1.00092327191798,10478.1654012946
"d13CO2","first_difference",473,1.00058843554802,14108.7336804038
"d13CO2","first_difference",474,1.00004024079917,16958.3431404107
"d13CO2","first_difference",475,1.00002740306188,20364.4915212627
"d13CO2","first_difference",476,1.00010862348829,21221.8746008095
"d13CO2","first_difference",477,1.00011655177575,21597.9297286424
"d13CO2","first_difference",478,0.999989061345701,20738.8979403065
"d13CO2","first_difference",479,1.00008852941802,20742.8983716036
"d13CO2","first_difference",480,1.00022537571711,20502.4781525244
"d13CO2","first_difference",481,1.00029436648904,20829.6695824772
"d13CO2","first_difference",482,0.999988938753868,19669.2969170752
"d13CO2","first_difference",483,1.00004060847886,18056.2693190712
"d13CO2","first_difference",484,1.00008703640002,19387.1550567463
"d13CO2","first_difference",485,1.00024134570814,17100.7542484617
"d13CO2","first_difference",486,1.00035576489729,15253.613675538
"d13CO2","first_difference",487,1.00002621541483,17600.3711674866
"d13CO2","first_difference",488,1.0000052946954,19657.1220353827
"d13CO2","first_difference",489,1.00017663135253,22671.1103993455
"d13CO2","first_difference",490,1.00009121480805,22427.5778011056
"d13CO2","first_difference",491,1.00001844230774,22189.1738327153
"d13CO2","first_difference",492,1.00021861222117,22578.7922625907
"d13CO2","first_difference",493,1.00002308838991,23157.6967560096
"d13CO2","first_difference",494,1.00009986447676,24000
"d13CO2","first_difference",495,1.00013327365057,23525.5887223888
"d13CO2","first_difference",496,0.999970263155783,22584.4689890008
"d13CO2","first_difference",497,0.999914346361862,23766.8748187087
"d13CO2","first_difference",498,0.999949766585218,23431.8520015275
"d13CO2","first_difference",499,1.00008254702315,21592.2241262002
"d13CO2","first_difference",500,1.00016473229573,21938.3764720839
"d13CO2","first_difference",501,0.999952390181932,21879.2154810715
"d13CO2","first_difference",502,0.999938892243045,22144.7536426182
"d13CO2","first_difference",503,1.00008841783881,23256.7083242119
"d13CO2","first_difference",504,0.999993264181715,23338.7228810783
"d13CO2","first_difference",505,0.999930498260272,22826.8157334731
"d13CO2","first_difference",506,1.0001270597727,17911.1643337863
"d13CO2","first_difference",507,1.00005780014283,18371.4866867308
"d13CO2","first_difference",508,0.999956318720425,18450.0994192625
"d13CO2","first_difference",509,0.999939027831944,18861.9235713492
"d13CO2","first_difference",510,1.00016938294705,18754.7405749229
"d13CO2","first_difference",511,0.999945923012344,20024.4705991169
"d13CO2","first_difference",512,1.00009755599403,20403.5008624525
"d13CO2","first_difference",513,1.00007624780504,20350.0122143806
"d13CO2","first_difference",514,1.00000622315503,20526.9153999458
"d13CO2","first_difference",515,1.00012141505395,19199.4952793505
"d13CO2","first_difference",516,1.00013858417896,18871.532860154
"d13CO2","first_difference",517,0.999966342314664,18697.2208849438
"d13CO2","first_difference",518,1.00005258685051,18274.4091641235
"d13CO2","first_difference",519,0.99999865583575,19486.4414558717
"d13CO2","first_difference",520,0.999984112846632,20903.9504359258
"d13CO2","first_difference",521,0.999961569852687,21138.1048144344
"d13CO2","first_difference",522,0.999924058987903,21760.0833523899
"d13CO2","first_difference",523,0.999942265557584,21818.349972063
"d13CO2","first_difference",524,1.00032748831663,20424.1814770615
"d13CO2","first_difference",525,1.00014177670255,15776.0713711383
"d13CO2","first_difference",526,1.00042924812339,15988.6174449702
"d13CO2","first_difference",527,1.00018859139774,17703.0651873318
"d13CO2","first_difference",528,0.999961263675151,17336.1584718049
"d13CO2","first_difference",529,1.00015871560623,14871.0459816632
"d13CO2","first_difference",530,0.999982394268275,16026.2300595857
"d13CO2","first_difference",531,1.00009366498608,14805.3093571016
"d13CO2","first_difference",532,1.00007492538753,11923.0953177636
"d13CO2","first_difference",533,1.0004052824024,12113.4672188328
"d13CO2","first_difference",534,1.00020101365087,10751.8570277997
"d13CO2","first_difference",535,1.000095830713,7918.42159441856
"d13CO2","first_difference",536,1.00066292498217,7780.58255959088
"d13CO2","first_difference",537,1.00031702576932,7569.81388469434
"d13CO2","first_difference",538,1.00023555706896,7441.37082974158
"d13CO2","first_difference",539,1.00023979956391,7300.45820756156
"GMST","raw",1,1.0555660496033,3364.17064645075
"GMST","raw",2,1.06721641256917,2841.13125598768
"GMST","raw",3,1.07233381023292,2615.17131021851
"GMST","raw",4,1.07185582845898,2245.89323774143
"GMST","raw",5,1.06676823970609,2150.11181735416
"GMST","raw",6,1.06016991801214,2196.42694668171
"GMST","raw",7,1.05323449208412,2028.9326319629
"GMST","raw",8,1.04787046631503,1909.29537875828
"GMST","raw",9,1.04089611696685,1791.25821526605
"GMST","raw",10,1.03745443948076,1749.80271729051
"GMST","raw",11,1.03260665327066,1663.76016533554
"GMST","raw",12,1.02867117061281,1561.45872125378
"GMST","raw",13,1.02531396156638,1495.76283720506
"GMST","raw",14,1.02195289310471,1401.02683318781
"GMST","raw",15,1.01967749625123,1344.54893607134
"GMST","raw",16,1.01840073223168,1324.77862221803
"GMST","raw",17,1.01740317148183,1338.84628357327
"GMST","raw",18,1.01633096272089,1362.42859196836
"GMST","raw",19,1.01581150070355,1375.54245120476
"GMST","raw",20,1.01368034574761,1466.8505359393
"GMST","raw",21,1.01219826981812,1573.03769394721
"GMST","raw",22,1.01107146779288,1717.05251128706
"GMST","raw",23,1.00990253536357,1848.72617568289
"GMST","raw",24,1.00906765656373,2062.07831576646
"GMST","raw",25,1.00796654029623,2309.07235318841
"GMST","raw",26,1.0072766639047,2536.82034967895
"GMST","raw",27,1.00684172775079,2809.17183172732
"GMST","raw",28,1.00549685517619,3026.27189340271
"GMST","raw",29,1.00450044259514,3270.62836863883
"GMST","raw",30,1.00375867466085,3464.26003131324
"GMST","raw",31,1.00287417619281,3814.99629413839
"GMST","raw",32,1.00260616160323,3922.4802561898
"GMST","raw",33,1.00230274368501,4398.71356064376
"GMST","raw",34,1.00165740932848,4437.49541799913
"GMST","raw",35,1.00135358883691,5256.85814685816
"GMST","raw",36,1.0010246079901,5454.74609046766
"GMST","raw",37,1.00082303364669,5242.12323445165
"GMST","raw",38,1.0007113503521,5665.98605668749
"GMST","raw",39,1.00055245626719,5341.22020488238
"GMST","raw",40,1.00058007683041,5206.66841847509
"GMST","raw",41,1.00057611622586,5032.21603475497
"GMST","raw",42,1.0004958356729,5152.06656512805
"GMST","raw",43,1.00059605741455,4933.34142515535
"GMST","raw",44,1.00064397115065,4807.36818067318
"GMST","raw",45,1.00062402206513,4618.61734729106
"GMST","raw",46,1.00051729744044,4624.30317096551
"GMST","raw",47,1.00052919530639,4743.54455037588
"GMST","raw",48,1.00028774290479,4807.62389846202
"GMST","raw",49,1.0005985609349,4812.61234815867
"GMST","raw",50,1.00060797348139,4724.40818730405
"GMST","raw",51,1.00050492201714,4945.05359916636
"GMST","raw",52,1.00050136662525,5093.51475958213
"GMST","raw",53,1.00037325773982,5309.44401592163
"GMST","raw",54,1.00043143136184,5620.14499153199
"GMST","raw",55,1.000415088183,5933.92075250626
"GMST","raw",56,1.0004121252188,5853.11300089147
"GMST","raw",57,1.00056775941427,5920.63623979757
"GMST","raw",58,1.00051139345742,6113.07598424934
"GMST","raw",59,1.00046499505425,6387.06157185892
"GMST","raw",60,1.00037166202425,6325.89447582144
"GMST","raw",61,1.00028839795852,6531.346552018
"GMST","raw",62,1.0003253595154,6735.66165855699
"GMST","raw",63,1.00019528193725,6708.93313818288
"GMST","raw",64,1.00020452056219,6750.57058521646
"GMST","raw",65,1.00016278218792,6725.25429462003
"GMST","raw",66,1.00010808349779,6366.42256949282
"GMST","raw",67,1.00029974126285,6282.52390684773
"GMST","raw",68,1.00021489575156,5918.6360108354
"GMST","raw",69,1.00024699402408,5855.71355367446
"GMST","raw",70,1.00035420876155,5411.81139210057
"GMST","raw",71,1.00036312401005,5384.49383391897
"GMST","raw",72,1.00026019702351,5398.96998646495
"GMST","raw",73,1.00042621891885,5517.57738399408
"GMST","raw",74,1.00038838244081,5702.69273815386
"GMST","raw",75,1.00039322293416,5627.82139749856
"GMST","raw",76,1.00040275464361,5646.93518017446
"GMST","raw",77,1.0004092430585,5994.54477145411
"GMST","raw",78,1.00038309136661,6004.02781476102
"GMST","raw",79,1.00038590078636,6052.63593915699
"GMST","raw",80,1.00050142095378,5703.85264414765
"GMST","raw",81,1.0004439704718,5595.92335957337
"GMST","raw",82,1.0004579162297,5739.10590107627
"GMST","raw",83,1.00056140174803,5049.54510072177
"GMST","raw",84,1.00066879718432,4935.35987783884
"GMST","raw",85,1.00051446237349,4451.5546484233
"GMST","raw",86,1.00066686225384,4492.01096496929
"GMST","raw",87,1.00063533130558,4120.4998080838
"GMST","raw",88,1.00079511681687,3771.62526496735
"GMST","raw",89,1.0010767014231,3706.86661356812
"GMST","raw",90,1.00126228198806,3383.82371172428
"GMST","raw",91,1.00138706508892,3316.47317912713
"GMST","raw",92,1.00156992345158,3077.13420406326
"GMST","raw",93,1.00180676516515,2836.65836143383
"GMST","raw",94,1.00186280446299,2556.58857743632
"GMST","raw",95,1.00234678589893,2457.89433948653
"GMST","raw",96,1.002941857385,2227.70273563808
"GMST","raw",97,1.00309938057695,1994.16346299925
"GMST","raw",98,1.00337117672416,1865.98536410088
"GMST","raw",99,1.00340440680433,1798.84683436249
"GMST","raw",100,1.00411574984509,1677.11529485533
"GMST","raw",101,1.00417734564433,1548.83868903496
"GMST","raw",102,1.00452699920967,1444.26582640116
"GMST","raw",103,1.00539332090996,1324.10760693206
"GMST","raw",104,1.00527038567356,1259.62332883873
"GMST","raw",105,1.00558977852484,1196.30716839865
"GMST","raw",106,1.00533614809075,1095.0027123032
"GMST","raw",107,1.00594577879017,1001.84155820192
"GMST","raw",108,1.00619462979941,951.787116929319
"GMST","raw",109,1.00647676589699,1014.59342939805
"GMST","raw",110,1.00689620348513,1026.52394159341
"GMST","raw",111,1.00689908092551,1045.7617735648
"GMST","raw",112,1.00639457094601,1048.50077088969
"GMST","raw",113,1.00623615685581,1157.40258174294
"GMST","raw",114,1.00647548171447,1252.95282022689
"GMST","raw",115,1.00623621737426,1270.67759128653
"GMST","raw",116,1.00630295360776,1382.9217504407
"GMST","raw",117,1.00587316547627,1541.22879762766
"GMST","raw",118,1.0053181392322,1772.44102456345
"GMST","raw",119,1.00494726398664,1936.21145729692
"GMST","raw",120,1.00426140150008,2354.32039138694
"GMST","raw",121,1.0040946340628,2607.97989734974
"GMST","raw",122,1.00362276125808,2920.6804581985
"GMST","raw",123,1.00355781111981,3290.41922741083
"GMST","raw",124,1.00280066916655,3966.85251840177
"GMST","raw",125,1.00224153731709,4250.22516010622
"GMST","raw",126,1.00209917877968,4486.351705455
"GMST","raw",127,1.00199341323791,5454.7912672204
"GMST","raw",128,1.00171329288654,5253.23737296
"GMST","raw",129,1.0017850397543,5526.82163182221
"GMST","raw",130,1.00151863005732,6188.61680262424
"GMST","raw",131,1.00171016886648,6594.42740570559
"GMST","raw",132,1.00146777045799,6904.53323935019
"GMST","raw",133,1.00108359447901,7132.1752344735
"GMST","raw",134,1.00123937983271,7342.60965051085
"GMST","raw",135,1.00140198224422,7365.01489626237
"GMST","raw",136,1.00124526255437,7404.51078058026
"GMST","raw",137,1.00117949345223,7169.11084694228
"GMST","raw",138,1.00116343121797,6769.64785227487
"GMST","raw",139,1.00103064759593,7066.64461644484
"GMST","raw",140,1.00099222338983,6630.52264161365
"GMST","raw",141,1.00112111042169,6632.20417175881
"GMST","raw",142,1.00112340368886,6194.452986833
"GMST","raw",143,1.00099848662121,5809.95048193534
"GMST","raw",144,1.00084479969457,5818.95488392024
"GMST","raw",145,1.00097631012545,5656.36605549764
"GMST","raw",146,1.00087020897225,5634.82227071091
"GMST","raw",147,1.00058147174637,5480.69570508241
"GMST","raw",148,1.00062629555135,5288.6185027242
"GMST","raw",149,1.00047924755733,5202.43312744269
"GMST","raw",150,1.00041990571142,4589.53446403665
"GMST","raw",151,1.00041096924695,4295.94514267488
"GMST","raw",152,1.00061235295065,4026.09359864056
"GMST","raw",153,1.0006733662555,3642.09240462644
"GMST","raw",154,1.00100024317394,3299.92561181631
"GMST","raw",155,1.0010942022066,2843.03890383316
"GMST","raw",156,1.00128801858494,2693.75171600291
"GMST","raw",157,1.00148949217916,2436.05517881965
"GMST","raw",158,1.0016665395684,2239.29589784604
"GMST","raw",159,1.00203628555065,2088.42464567673
"GMST","raw",160,1.00229135964876,2075.85009387168
"GMST","raw",161,1.00220140752032,2009.88374146915
"GMST","raw",162,1.00202071519985,1886.63410740508
"GMST","raw",163,1.00199750834045,1849.37097772721
"GMST","raw",164,1.00181490050253,1955.89171500113
"GMST","raw",165,1.00142949303587,2072.21973213751
"GMST","raw",166,1.00143587660996,2042.18903314366
"GMST","raw",167,1.00135345516119,2121.02303952967
"GMST","raw",168,1.00118393629433,2188.77322406779
"GMST","raw",169,1.00096963107869,2363.75203725652
"GMST","raw",170,1.00078628006105,2521.19323886134
"GMST","raw",171,1.00064156459491,2814.79108500826
"GMST","raw",172,1.00037383593616,3041.23804435891
"GMST","raw",173,1.00042210293967,3379.32790581959
"GMST","raw",174,1.00052009779515,3617.53931194581
"GMST","raw",175,1.00058751657153,3899.74950641214
"GMST","raw",176,1.00047222370728,3980.33494758312
"GMST","raw",177,1.00052434571936,4211.84490933123
"GMST","raw",178,1.0006353127248,4320.46271905349
"GMST","raw",179,1.0005300494066,4433.96460276461
"GMST","raw",180,1.00078011386671,4195.91772462819
"GMST","raw",181,1.00087340892247,4232.08785080118
"GMST","raw",182,1.00076586344392,4222.44271157823
"GMST","raw",183,1.00064523817793,4146.6106908968
"GMST","raw",184,1.00067320925153,4072.22957694947
"GMST","raw",185,1.00060959263058,4440.90134126113
"GMST","raw",186,1.00076324996795,4350.54616268629
"GMST","raw",187,1.00081727084575,4030.15062645879
"GMST","raw",188,1.00072067664453,4178.62333240969
"GMST","raw",189,1.00090006935856,4254.05349033247
"GMST","raw",190,1.00096690137752,4533.47747213665
"GMST","raw",191,1.0007402359511,4906.83460147789
"GMST","raw",192,1.00054742646347,4826.83981055454
"GMST","raw",193,1.00050772134929,4995.99451543285
"GMST","raw",194,1.00023899692047,5245.16851881756
"GMST","raw",195,1.00014097757756,5277.13239875079
"GMST","raw",196,1.00020516132488,5307.36660951893
"GMST","raw",197,1.00027472363617,4926.19684767747
"GMST","raw",198,1.00040605631859,4822.64017325306
"GMST","raw",199,1.00033830883836,4605.32508887808
"GMST","raw",200,1.00041989783716,4554.12765050479
"GMST","raw",201,1.00037311516344,4226.93745500604
"GMST","raw",202,1.00038481649908,3828.48501305478
"GMST","raw",203,1.00046045693495,3573.62322522259
"GMST","raw",204,1.00072821772752,3433.96425480664
"GMST","raw",205,1.0009071700428,2974.75079300968
"GMST","raw",206,1.00096602151886,2751.60021348192
"GMST","raw",207,1.00107761028863,2507.17389223861
"GMST","raw",208,1.00136500998096,2353.33199622159
"GMST","raw",209,1.00163943889994,2205.56250221431
"GMST","raw",210,1.00148051256263,2105.98871798637
"GMST","raw",211,1.00164448304006,1945.81001160286
"GMST","raw",212,1.00175373864367,1913.90732127516
"GMST","raw",213,1.00154720569158,1957.63737115562
"GMST","raw",214,1.00131786324871,1912.36794178066
"GMST","raw",215,1.00138115608268,1867.80009790751
"GMST","raw",216,1.00124638632282,1792.81299453089
"GMST","raw",217,1.00105094149427,1844.34429091022
"GMST","raw",218,1.00119602383069,2026.7076194945
"GMST","raw",219,1.00134751434736,2096.88315652239
"GMST","raw",220,1.00121108311333,2222.04377610688
"GMST","raw",221,1.00101810487523,2306.2821450275
"GMST","raw",222,1.00105204545462,2378.40110833577
"GMST","raw",223,1.00109099306542,2361.45995410972
"GMST","raw",224,1.00117665824012,2390.13082089849
"GMST","raw",225,1.00112284464412,2464.81697596987
"GMST","raw",226,1.00113506998205,2417.76784798042
"GMST","raw",227,1.00115470263252,2404.10375571272
"GMST","raw",228,1.00109863830579,2205.17161354961
"GMST","raw",229,1.00113477365697,2061.1131490813
"GMST","raw",230,1.00097062130836,2151.98751088826
"GMST","raw",231,1.00114876548133,1977.33209983729
"GMST","raw",232,1.00121225818462,1819.13663369579
"GMST","raw",233,1.00123208299939,1723.18569523546
"GMST","raw",234,1.00113434304003,1585.98825592388
"GMST","raw",235,1.00101449961594,1538.67731875395
"GMST","raw",236,1.00087586426908,1521.94461502289
"GMST","raw",237,1.00065798315137,1638.406961436
"GMST","raw",238,1.00043837972759,1833.6807983507
"GMST","raw",239,1.00051556776331,2039.53002649168
"GMST","raw",240,1.00057201198158,2142.67630660464
"GMST","raw",241,1.00051221478801,2348.1477678612
"GMST","raw",242,1.00039326839396,2519.32652924939
"GMST","raw",243,1.00037240466138,2643.50120872347
"GMST","raw",244,1.0001852366968,2848.25065718995
"GMST","raw",245,1.00024376569507,3117.40325368791
"GMST","raw",246,1.0002262815917,3024.40073640016
"GMST","raw",247,1.00019755683793,3254.47551565559
"GMST","raw",248,1.00023761846767,3500.66548928515
"GMST","raw",249,1.00019884340855,3235.79861873733
"GMST","raw",250,1.00023296845467,3369.22635915128
"GMST","raw",251,1.00055407552233,3495.75648790706
"GMST","raw",252,1.00038724823423,3525.34432907923
"GMST","raw",253,1.0002980542555,3473.23091721808
"GMST","raw",254,1.0001989902247,3397.20738309176
"GMST","raw",255,1.00024960848491,3473.25028763521
"GMST","raw",256,1.00042138877216,3412.88698706957
"GMST","raw",257,1.00068744129996,3362.6631209651
"GMST","raw",258,1.00063963868552,3411.30294675478
"GMST","raw",259,1.0006198337406,3023.30511163129
"GMST","raw",260,1.0004153561778,3124.00181217932
"GMST","raw",261,1.00049877403858,2990.13756780159
"GMST","raw",262,1.00038592210325,3075.69026731574
"GMST","raw",263,1.00036859281252,3147.89780169419
"GMST","raw",264,1.00042162682873,3314.71412267182
"GMST","raw",265,1.00046030697784,3383.99105856275
"GMST","raw",266,1.00033528183848,3534.88751038014
"GMST","raw",267,1.00024694651295,3381.42806879633
"GMST","raw",268,1.00032466257852,3644.35964128066
"GMST","raw",269,1.00039860617508,3538.28513119944
"GMST","raw",270,1.00059252188152,3756.25207654244
"GMST","raw",271,1.00058990855356,3808.6555138243
"GMST","raw",272,1.00062508956984,3813.59677039577
"GMST","raw",273,1.00056571430689,3679.73224297639
"GMST","raw",274,1.00052297985888,3746.09505698251
"GMST","raw",275,1.00050885375704,3501.49889997337
"GMST","raw",276,1.00074178221267,3385.71667653974
"GMST","raw",277,1.00093935985422,3109.91699905715
"GMST","raw",278,1.00131059677998,2917.54587352703
"GMST","raw",279,1.00176854887516,3083.16838494663
"GMST","raw",280,1.00205258578942,2786.62058770944
"GMST","raw",281,1.0020146849239,2338.13003354059
"GMST","raw",282,1.00181085634186,2237.24956611798
"GMST","raw",283,1.00190598018769,2025.30960788968
"GMST","raw",284,1.00229994001961,1822.55931144732
"GMST","raw",285,1.00309299009375,1644.48328152572
"GMST","raw",286,1.0033067487746,1573.75952149454
"GMST","raw",287,1.00348058911544,1408.77661257246
"GMST","raw",288,1.00367008117402,1224.01430626856
"GMST","raw",289,1.00407254303711,1192.65558201856
"GMST","raw",290,1.0041579012735,1249.31791331998
"GMST","raw",291,1.00373503723044,1184.63775527915
"GMST","raw",292,1.00366181738748,1247.0919615985
"GMST","raw",293,1.00318677037708,1424.40430623517
"GMST","raw",294,1.00283579479871,1605.14879303651
"GMST","raw",295,1.00234818794911,1874.8033876751
"GMST","raw",296,1.00190338700241,2065.25745070482
"GMST","raw",297,1.00162074112881,2317.12331708184
"GMST","raw",298,1.00168381645476,2568.08022353405
"GMST","raw",299,1.00137159450389,2863.00024180238
"GMST","raw",300,1.00103803812874,3118.59306467729
"GMST","raw",301,1.00114502183246,3605.87668175462
"GMST","raw",302,1.00110969186649,4020.65108032276
"GMST","raw",303,1.00070276245306,4312.81253255199
"GMST","raw",304,1.00058069850198,4690.95527720954
"GMST","raw",305,1.00076019708575,4818.31330507969
"GMST","raw",306,1.00074698287911,5067.10847687133
"GMST","raw",307,1.00067210925123,5210.30875529205
"GMST","raw",308,1.00045840491044,5383.17261953745
"GMST","raw",309,1.00060084552587,5559.18125483426
"GMST","raw",310,1.00060589302978,5822.58986270204
"GMST","raw",311,1.00039956429493,5759.48564975971
"GMST","raw",312,1.00033036608806,6208.87101500645
"GMST","raw",313,1.00035690252064,6213.02850553373
"GMST","raw",314,1.00061080014384,6411.63280148313
"GMST","raw",315,1.00062665516409,6671.08560961063
"GMST","raw",316,1.00051861489186,6946.89276304627
"GMST","raw",317,1.00047496145376,7159.89606481634
"GMST","raw",318,1.00081952596537,6970.54063356783
"GMST","raw",319,1.0009200752564,7323.44401557014
"GMST","raw",320,1.00079006429253,7365.34660930414
"GMST","raw",321,1.00064868193983,7246.74481366281
"GMST","raw",322,1.00077451019639,6716.53485121509
"GMST","raw",323,1.00121201628164,5694.61720486378
"GMST","raw",324,1.00161595114667,4328.51144147003
"GMST","raw",325,1.00167583740771,3935.96799725526
"GMST","raw",326,1.0016926473559,3567.25006147521
"GMST","raw",327,1.00174630197675,3260.0408191134
"GMST","raw",328,1.00162836261265,2838.56587332943
"GMST","raw",329,1.0017939799171,2615.9923998207
"GMST","raw",330,1.00208712078438,2240.38527297555
"GMST","raw",331,1.00219070906621,1869.6173169768
"GMST","raw",332,1.00250708741614,1636.72142236835
"GMST","raw",333,1.00313833083388,1504.68875632686
"GMST","raw",334,1.00327397782307,1265.6345052723
"GMST","raw",335,1.00430944269563,1077.86833027697
"GMST","raw",336,1.00460978826705,914.175162352504
"GMST","raw",337,1.00535454334323,793.560698112538
"GMST","raw",338,1.00566128019074,694.345481161916
"GMST","raw",339,1.00609205028285,641.219223030015
"GMST","raw",340,1.00591860406734,696.739570191952
"GMST","raw",341,1.00611910539815,748.255302116401
"GMST","raw",342,1.006459704739,819.768211520575
"GMST","raw",343,1.0067749948688,881.549509020871
"GMST","raw",344,1.00694837650157,947.176313005479
"GMST","raw",345,1.00729667641463,961.04149140587
"GMST","raw",346,1.00699875784687,951.999504274881
"GMST","raw",347,1.00653366182117,924.492695973544
"GMST","raw",348,1.00686321557771,1026.49767597986
"GMST","raw",349,1.0070761828201,964.884782628285
"GMST","raw",350,1.00774617506514,800.993251197435
"GMST","raw",351,1.00732720144428,852.657434579607
"GMST","raw",352,1.00730258561905,855.561357642146
"GMST","raw",353,1.00744759367861,758.776991749181
"GMST","raw",354,1.00745050387828,676.161575485679
"GMST","raw",355,1.00803200859734,632.555716376298
"GMST","raw",356,1.00877050567849,571.691735554188
"GMST","raw",357,1.00884978793918,576.018458454064
"GMST","raw",358,1.00894147784507,568.886627979053
"GMST","raw",359,1.00864460676749,638.626570328603
"GMST","raw",360,1.00736299265202,705.240030202185
"GMST","raw",361,1.00634681234063,786.091963948231
"GMST","raw",362,1.00582027411268,855.202365880895
"GMST","raw",363,1.00494372626477,986.864305134271
"GMST","raw",364,1.00455729491551,1016.98008535085
"GMST","raw",365,1.00422382347005,1176.8841836376
"GMST","raw",366,1.00363607994427,1273.46113832566
"GMST","raw",367,1.0031863500884,1196.07634561151
"GMST","raw",368,1.00325540084865,1282.46794966948
"GMST","raw",369,1.00302107622753,1212.06012452427
"GMST","raw",370,1.00327892232188,1300.21537491809
"GMST","raw",371,1.00284552899042,1354.74130337691
"GMST","raw",372,1.00324288134656,1390.19835007911
"GMST","raw",373,1.00299747784438,1392.48553165732
"GMST","raw",374,1.00291531896871,1295.31077797122
"GMST","raw",375,1.00314269191408,1302.7996319537
"GMST","raw",376,1.00340774791011,1287.41959967786
"GMST","raw",377,1.00364290683636,1165.94359207787
"GMST","raw",378,1.00371299241918,1224.04682440371
"GMST","raw",379,1.00370162540639,1025.25092734658
"GMST","raw",380,1.00371182770343,1207.26894256631
"GMST","raw",381,1.00364457911838,1085.86931043892
"GMST","raw",382,1.00416653365359,921.838143788782
"GMST","raw",383,1.00364091631426,1045.62165749358
"GMST","raw",384,1.00320045961345,1131.88739261103
"GMST","raw",385,1.00339333933518,1147.20190521021
"GMST","raw",386,1.00331695657962,1269.50778374546
"GMST","raw",387,1.00267028217929,1310.56778411817
"GMST","raw",388,1.00273895894577,1373.0633648125
"GMST","raw",389,1.00193147366825,1539.61370146223
"GMST","raw",390,1.00198322180811,1578.12479842424
"GMST","raw",391,1.00212717714302,1673.11410865938
"GMST","raw",392,1.0019728177484,1830.88788458938
"GMST","raw",393,1.00177073193786,1881.24497003516
"GMST","raw",394,1.00196527797097,1784.66607670271
"GMST","raw",395,1.00168779952607,2063.50113741725
"GMST","raw",396,1.00146026141776,2047.42849778089
"GMST","raw",397,1.00128495015724,1956.52244704364
"GMST","raw",398,1.00126981077681,1968.75254559423
"GMST","raw",399,1.00118446152313,1939.07378475543
"GMST","raw",400,1.00127407835914,1788.9878517715
"GMST","raw",401,1.00109040950591,1754.98571869206
"GMST","raw",402,1.0013587653675,1684.63905713831
"GMST","raw",403,1.00166803973755,1754.08429841754
"GMST","raw",404,1.00172418099616,1591.65799233405
"GMST","raw",405,1.00157744189313,1558.52952015324
"GMST","raw",406,1.00251195133377,1491.35603972787
"GMST","raw",407,1.00277414977372,1480.5613874479
"GMST","raw",408,1.00249752127972,1446.86686736706
"GMST","raw",409,1.00188514434551,1438.9377661423
"GMST","raw",410,1.00184198116482,1440.62046764847
"GMST","raw",411,1.00193360535803,1387.54319057742
"GMST","raw",412,1.00187940375862,1376.57305933819
"GMST","raw",413,1.00197964817422,1373.84550249222
"GMST","raw",414,1.0022328594897,1406.02075719052
"GMST","raw",415,1.00155166783066,1304.34653880923
"GMST","raw",416,1.00155854851274,1292.77314896478
"GMST","raw",417,1.00204322676922,1245.50949281237
"GMST","raw",418,1.00207348765305,1343.39391837765
"GMST","raw",419,1.00236144629296,1362.8341265409
"GMST","raw",420,1.00212730924041,1412.54184400155
"GMST","raw",421,1.00224651246874,1496.85147954846
"GMST","raw",422,1.00239810771478,1497.51008655862
"GMST","raw",423,1.00304348325021,1541.13719515295
"GMST","raw",424,1.00340644311326,1637.96027302228
"GMST","raw",425,1.0032079732839,1667.8873938489
"GMST","raw",426,1.00391357167124,1632.74169926304
"GMST","raw",427,1.0034991404893,1727.43939572837
"GMST","raw",428,1.00326975000547,1738.14286115817
"GMST","raw",429,1.00356779838866,1673.53536205489
"GMST","raw",430,1.00313707259745,1825.50695354611
"GMST","raw",431,1.00325461140922,1796.20431207513
"GMST","raw",432,1.00313716446557,1639.82291261406
"GMST","raw",433,1.00281331936628,1820.68053521952
"GMST","raw",434,1.00256177125633,1799.98402541537
"GMST","raw",435,1.00245813109053,1726.83387830874
"GMST","raw",436,1.002091926637,1594.10836461807
"GMST","raw",437,1.00241946952806,1482.40639550449
"GMST","raw",438,1.00244755556942,1402.41111347249
"GMST","raw",439,1.00238288034799,1282.0868248016
"GMST","raw",440,1.00255073376339,1348.12232242178
"GMST","raw",441,1.00241953857238,1280.32419650683
"GMST","raw",442,1.00278896341742,1253.63341131163
"GMST","raw",443,1.00310756521046,1227.22124992638
"GMST","raw",444,1.00310324911421,1200.31022360415
"GMST","raw",445,1.0028586712781,1265.25211609925
"GMST","raw",446,1.00279890278132,1212.67076102905
"GMST","raw",447,1.00277615189545,1323.14011872481
"GMST","raw",448,1.0029822620069,1306.11851401009
"GMST","raw",449,1.0029958875577,1385.46929893353
"GMST","raw",450,1.00343261805749,1410.74942814524
"GMST","raw",451,1.00330899944995,1472.61480582954
"GMST","raw",452,1.0037664122912,1557.17932984284
"GMST","raw",453,1.00362926857481,1611.355916478
"GMST","raw",454,1.00336345653542,1648.59064540324
"GMST","raw",455,1.00335267586332,1708.26410674505
"GMST","raw",456,1.00327686995816,1595.96980988889
"GMST","raw",457,1.00298463132712,1521.02332826257
"GMST","raw",458,1.00258340234981,1549.17306034485
"GMST","raw",459,1.00247569814168,1467.87386601536
"GMST","raw",460,1.00227826146763,1544.34402551245
"GMST","raw",461,1.00185757015493,1391.29600605736
"GMST","raw",462,1.00208390401627,1321.05299064775
"GMST","raw",463,1.00229353133467,1149.94348214782
"GMST","raw",464,1.00264640873461,1087.31834270143
"GMST","raw",465,1.00325611082536,942.085229843717
"GMST","raw",466,1.0038872642462,918.700521841469
"GMST","raw",467,1.00437866250959,957.92630860745
"GMST","raw",468,1.00500141719528,936.47164249834
"GMST","raw",469,1.00542122735335,898.623866391394
"GMST","raw",470,1.00582412026411,893.457560187986
"GMST","raw",471,1.00723699220799,805.931511744422
"GMST","raw",472,1.00869499387654,791.390522406688
"GMST","raw",473,1.00922935830823,741.235867339044
"GMST","raw",474,1.0094926400671,690.929580973495
"GMST","raw",475,1.00873064921527,821.93570297717
"GMST","raw",476,1.00866132830455,784.29198504601
"GMST","raw",477,1.00798987175647,790.782818789613
"GMST","raw",478,1.00832969527053,902.494378209651
"GMST","raw",479,1.00964802960671,745.252743675915
"GMST","raw",480,1.01066388257884,712.757292360527
"GMST","raw",481,1.01085276959143,694.599214272347
"GMST","raw",482,1.01028018658649,640.75782728924
"GMST","raw",483,1.00978834903073,728.359652190136
"GMST","raw",484,1.01016819884995,664.344567383958
"GMST","raw",485,1.00908967178056,749.631521593609
"GMST","raw",486,1.00889527525575,814.895478554875
"GMST","raw",487,1.00796389166558,828.581929368449
"GMST","raw",488,1.0083839602858,765.336967156934
"GMST","raw",489,1.00819976496135,885.886819717263
"GMST","raw",490,1.00862116676111,753.206288436353
"GMST","raw",491,1.00901049740472,796.062672352637
"GMST","raw",492,1.00848485009853,779.587990650978
"GMST","raw",493,1.00891765966932,833.180758848455
"GMST","raw",494,1.00868772578903,799.823196446931
"GMST","raw",495,1.00903443840557,846.606482853004
"GMST","raw",496,1.009176002369,777.624969413235
"GMST","raw",497,1.00932957593673,733.204886379393
"GMST","raw",498,1.01003257663705,834.443564965159
"GMST","raw",499,1.00980484199988,795.883833126947
"GMST","raw",500,1.01003778517228,832.889778653957
"GMST","raw",501,1.00986509593599,910.006523781862
"GMST","raw",502,1.01126010260302,894.9418115914
"GMST","raw",503,1.01102306205789,858.433822127909
"GMST","raw",504,1.01144469384248,845.227093532692
"GMST","raw",505,1.01222819439994,755.215614819509
"GMST","raw",506,1.01315785405562,729.889482152667
"GMST","raw",507,1.01310584277067,684.366492717258
"GMST","raw",508,1.01244270076146,726.812686930683
"GMST","raw",509,1.01312333377366,796.65821856752
"GMST","raw",510,1.01308213788773,710.041708268864
"GMST","raw",511,1.01380584719392,806.672994037103
"GMST","raw",512,1.01399891181137,755.288005732071
"GMST","raw",513,1.0144849432524,697.324955888097
"GMST","raw",514,1.01396912621285,693.106297987992
"GMST","raw",515,1.01507941906868,711.01992063831
"GMST","raw",516,1.01509715248218,641.263646501716
"GMST","raw",517,1.01521445885351,679.272778053501
"GMST","raw",518,1.01496258039866,688.696489751981
"GMST","raw",519,1.01508217541221,769.505934419185
"GMST","raw",520,1.01542225741161,745.2683530606
"GMST","raw",521,1.01514602685317,720.969959917162
"GMST","raw",522,1.01554336439303,784.054444763112
"GMST","raw",523,1.01527016804846,753.288608591247
"GMST","raw",524,1.01517209145847,752.234427785565
"GMST","raw",525,1.01454268392032,710.679889368479
"GMST","raw",526,1.01446632449592,729.126066209751
"GMST","raw",527,1.01474270301964,656.354002385939
"GMST","raw",528,1.01364295984793,680.134837874946
"GMST","raw",529,1.0131970270886,695.481523469009
"GMST","raw",530,1.01228255250944,785.183613406226
"GMST","raw",531,1.01253054744987,671.768146366773
"GMST","raw",532,1.01313848637623,626.574682971715
"GMST","raw",533,1.01430192249826,587.356043715961
"GMST","raw",534,1.01499169353379,584.702623666704
"GMST","raw",535,1.01484316628755,554.980830588283
"GMST","raw",536,1.01635864584266,555.97371016823
"GMST","raw",537,1.01711303920117,528.894641275193
"GMST","raw",538,1.01801503936834,562.193816050112
"GMST","raw",539,1.01862723033161,628.32967994358
"GMST","raw",540,1.01563975239375,764.729986178096
"GMST","centered",1,1.05400521509895,3873.42634446328
"GMST","centered",2,1.06561570766309,2973.62702396973
"GMST","centered",3,1.07094750822241,2700.45671298923
"GMST","centered",4,1.07052611594532,2335.95404736949
"GMST","centered",5,1.06544825027161,2434.25830796809
"GMST","centered",6,1.05881316767371,2256.89601068447
"GMST","centered",7,1.05208652840371,2075.54677260242
"GMST","centered",8,1.04687462721575,1972.55485840157
"GMST","centered",9,1.03986945792941,1914.30539985426
"GMST","centered",10,1.03633997068619,1811.44536859863
"GMST","centered",11,1.03157900154021,1694.22775740962
"GMST","centered",12,1.0276471524938,1612.1386863007
"GMST","centered",13,1.02435294845767,1519.3878990399
"GMST","centered",14,1.02099348888805,1416.32645119915
"GMST","centered",15,1.01869550190275,1406.10513798805
"GMST","centered",16,1.01730453266649,1367.45627277369
"GMST","centered",17,1.01638660550137,1383.82875505528
"GMST","centered",18,1.01532888713109,1419.27897606463
"GMST","centered",19,1.01487688853975,1415.96776270786
"GMST","centered",20,1.01279726015766,1543.71197780527
"GMST","centered",21,1.01133416320798,1644.3439315584
"GMST","centered",22,1.01026699921418,1767.74952599397
"GMST","centered",23,1.00911150715669,1924.50643538933
"GMST","centered",24,1.00830539697062,2117.31797479729
"GMST","centered",25,1.00736927420465,2382.77709252338
"GMST","centered",26,1.00668375715033,2573.72821136664
"GMST","centered",27,1.00626938105417,2832.37762577633
"GMST","centered",28,1.00503363828959,3072.38689404894
"GMST","centered",29,1.00407384476665,3140.63722372684
"GMST","centered",30,1.00338303745905,3469.04979475354
"GMST","centered",31,1.00246442321019,3869.29710837129
"GMST","centered",32,1.00223339125773,3934.60450682083
"GMST","centered",33,1.00204673544799,4482.22525846726
"GMST","centered",34,1.00145683988333,4490.18282721659
"GMST","centered",35,1.00113886181785,5329.35475448899
"GMST","centered",36,1.00075289679226,5569.57695569629
"GMST","centered",37,1.00060482465462,5357.83934394906
"GMST","centered",38,1.00062473960875,5394.04747655328
"GMST","centered",39,1.00048347173822,5418.63539489106
"GMST","centered",40,1.00052094623365,5346.81549468658
"GMST","centered",41,1.00039253622951,5049.38942941288
"GMST","centered",42,1.00045478675142,5250.08392370508
"GMST","centered",43,1.00041715859893,5077.23817566637
"GMST","centered",44,1.00033878079133,4971.14237915817
"GMST","centered",45,1.00046464918394,4618.13847605649
"GMST","centered",46,1.00042677992886,4764.00670575184
"GMST","centered",47,1.00050709619378,4835.3290794231
"GMST","centered",48,1.00034596058501,4853.19879513256
"GMST","centered",49,1.00054194180464,4788.41992033248
"GMST","centered",50,1.00043692156045,4752.28573594
"GMST","centered",51,1.00034305831667,4927.29014103022
"GMST","centered",52,1.00046367773888,5148.78405472409
"GMST","centered",53,1.00050066977048,5326.73972151556
"GMST","centered",54,1.00052711430655,5540.07722725439
"GMST","centered",55,1.00059116929706,5723.89330111031
"GMST","centered",56,1.00061177977501,5777.1099832933
"GMST","centered",57,1.00067958595876,5819.20171881711
"GMST","centered",58,1.0006734345408,5892.87728824015
"GMST","centered",59,1.00070415538464,6106.66612040226
"GMST","centered",60,1.00052341757047,6315.0296077775
"GMST","centered",61,1.00050264622169,6531.07543046764
"GMST","centered",62,1.00071051081645,6817.97456471666
"GMST","centered",63,1.00063807409376,6763.50772573344
"GMST","centered",64,1.00065234083577,6709.14460461123
"GMST","centered",65,1.00063336313176,6597.08691705234
"GMST","centered",66,1.00046936643821,6340.46399264959
"GMST","centered",67,1.00078401764475,6398.24342592059
"GMST","centered",68,1.00064310805842,5996.67673494837
"GMST","centered",69,1.00075572079326,5460.43198304837
"GMST","centered",70,1.00072333630634,5363.78877743168
"GMST","centered",71,1.00071299481214,5341.45394888904
"GMST","centered",72,1.00046115865606,5600.10523770304
"GMST","centered",73,1.00075827095674,5363.84752752115
"GMST","centered",74,1.00069272786665,5709.85109007401
"GMST","centered",75,1.0007061903524,5679.92021268563
"GMST","centered",76,1.00066371151793,5685.93431102887
"GMST","centered",77,1.00068256362492,5990.49702590694
"GMST","centered",78,1.00068955552365,5525.19158467551
"GMST","centered",79,1.00063385989707,5799.02083698762
"GMST","centered",80,1.00079606810666,5210.39759630243
"GMST","centered",81,1.00083634945709,5640.12219239415
"GMST","centered",82,1.00095791518262,5206.88684360639
"GMST","centered",83,1.00112801136442,5097.69758403857
"GMST","centered",84,1.00114828168678,5061.79521132226
"GMST","centered",85,1.00094651770733,4475.58457943247
"GMST","centered",86,1.00103857644884,4472.95928694
"GMST","centered",87,1.00105722821353,4257.24762792856
"GMST","centered",88,1.00134326129432,3632.18642714686
"GMST","centered",89,1.00156244159956,3849.87475868764
"GMST","centered",90,1.00186699502544,3441.01571998767
"GMST","centered",91,1.00204559929636,3370.28328457087
"GMST","centered",92,1.00205944163379,3205.85795989247
"GMST","centered",93,1.00235502160742,2837.34807330513
"GMST","centered",94,1.00233696844445,2647.74365514999
"GMST","centered",95,1.00279737197994,2520.43395982586
"GMST","centered",96,1.00342315000372,2300.07496880581
"GMST","centered",97,1.00354700234527,2093.48382705988
"GMST","centered",98,1.0039149199574,1976.99634948195
"GMST","centered",99,1.00394672526168,1896.83113124152
"GMST","centered",100,1.00462800548941,1752.77989729081
"GMST","centered",101,1.00454824789923,1576.40338659252
"GMST","centered",102,1.00488206952901,1499.86969633769
"GMST","centered",103,1.00575935090721,1333.07847408342
"GMST","centered",104,1.00557890244,1215.47055794946
"GMST","centered",105,1.00582605184331,1183.21139442769
"GMST","centered",106,1.00550138339152,1117.50932343267
"GMST","centered",107,1.00592989820044,990.416353215423
"GMST","centered",108,1.00605212594584,989.172447990215
"GMST","centered",109,1.00610501827791,1078.50677701016
"GMST","centered",110,1.00645382726998,1089.11242841563
"GMST","centered",111,1.00650123371168,1107.88584760131
"GMST","centered",112,1.0060901546406,1108.53251732197
"GMST","centered",113,1.00576906672614,1206.28041625188
"GMST","centered",114,1.00590929458449,1274.40666412174
"GMST","centered",115,1.0055659375735,1275.64572589842
"GMST","centered",116,1.00558880233233,1449.24366512737
"GMST","centered",117,1.00528998018721,1617.60208821387
"GMST","centered",118,1.00470400322679,1804.10690810789
"GMST","centered",119,1.00441801559066,1995.60668569069
"GMST","centered",120,1.00378703793452,2379.7292165601
"GMST","centered",121,1.00368657748785,2681.36881692032
"GMST","centered",122,1.00321178920213,2959.31349685182
"GMST","centered",123,1.00310543030582,3393.57979096211
"GMST","centered",124,1.00244436864425,4143.60268436358
"GMST","centered",125,1.00180068746972,4427.81217886745
"GMST","centered",126,1.00160801388923,4817.26925572649
"GMST","centered",127,1.00158826953904,5567.55050218259
"GMST","centered",128,1.00126600905581,5358.77694008377
"GMST","centered",129,1.00126516136209,6037.67500312362
"GMST","centered",130,1.0010590972513,6299.06578945962
"GMST","centered",131,1.00118588640101,6907.50204211791
"GMST","centered",132,1.00092885966855,7039.42086540181
"GMST","centered",133,1.00055076271805,7306.08914981341
"GMST","centered",134,1.00075272171843,7534.4747214784
"GMST","centered",135,1.00095909629685,7531.80128681642
"GMST","centered",136,1.00092504158865,7520.62845971494
"GMST","centered",137,1.00091952178988,7240.57123969837
"GMST","centered",138,1.00090742223646,7303.59934867776
"GMST","centered",139,1.00080092070865,7220.36061638723
"GMST","centered",140,1.00074144668915,6768.59946380403
"GMST","centered",141,1.00075360812583,6767.27306503943
"GMST","centered",142,1.00081352202561,6362.85511976839
"GMST","centered",143,1.00068628175034,5965.90079411478
"GMST","centered",144,1.0006376282971,6071.88783204043
"GMST","centered",145,1.00068947744909,5827.05231885443
"GMST","centered",146,1.00063062158952,5807.34461922355
"GMST","centered",147,1.00048808387704,5509.18636770864
"GMST","centered",148,1.0006083193727,5156.90407878112
"GMST","centered",149,1.00052465781263,5408.23305130522
"GMST","centered",150,1.00056649381729,4789.22976837946
"GMST","centered",151,1.00058372691494,4231.34180781811
"GMST","centered",152,1.00075976188897,4230.88200181033
"GMST","centered",153,1.00081375278417,3887.46913611509
"GMST","centered",154,1.00118274978136,3405.57384033931
"GMST","centered",155,1.0011992422605,2845.90018550538
"GMST","centered",156,1.00147238710016,2790.18971185767
"GMST","centered",157,1.00190966150428,2394.06463460199
"GMST","centered",158,1.00208430940356,2276.2774393391
"GMST","centered",159,1.0026464847384,2208.36831471329
"GMST","centered",160,1.00292121464971,2143.13079322782
"GMST","centered",161,1.0028564811929,2035.39954940228
"GMST","centered",162,1.0027723911692,1877.72742158123
"GMST","centered",163,1.00281370176486,1783.74552749031
"GMST","centered",164,1.00261969353936,1834.72612732449
"GMST","centered",165,1.0020841408452,2102.8449151058
"GMST","centered",166,1.00223859891643,2038.29064385416
"GMST","centered",167,1.00218624113538,2237.25814160654
"GMST","centered",168,1.0020151358864,2130.11679639599
"GMST","centered",169,1.00172256752701,2467.26529095938
"GMST","centered",170,1.00151957926884,2627.1293161651
"GMST","centered",171,1.00145347019219,2950.86754280912
"GMST","centered",172,1.00111376460581,3172.84907009293
"GMST","centered",173,1.00124389238252,3527.00689721293
"GMST","centered",174,1.00139417886125,3691.59233441451
"GMST","centered",175,1.0015234413432,3853.59054068629
"GMST","centered",176,1.00136358462021,4153.5551882491
"GMST","centered",177,1.00141888257203,4305.23744756907
"GMST","centered",178,1.00158771410248,4373.927068866
"GMST","centered",179,1.00133926505684,4553.17434158148
"GMST","centered",180,1.00176568263955,4264.4802512712
"GMST","centered",181,1.00187925852831,4302.73363925068
"GMST","centered",182,1.00163322139553,4149.49647630022
"GMST","centered",183,1.00143374467054,4087.3190153143
"GMST","centered",184,1.00147025722646,4002.01225107285
"GMST","centered",185,1.0014348138129,4313.62076106156
"GMST","centered",186,1.00161198300999,4364.81000904916
"GMST","centered",187,1.00173998538547,4038.55746114198
"GMST","centered",188,1.00148926355812,4117.38612465618
"GMST","centered",189,1.00159357039843,4196.75107601597
"GMST","centered",190,1.00165657904798,4520.09877370058
"GMST","centered",191,1.00145055579987,4849.02156334251
"GMST","centered",192,1.00123253942438,4827.07311710933
"GMST","centered",193,1.0009570015727,5040.63192618271
"GMST","centered",194,1.00065519944493,5261.83484343733
"GMST","centered",195,1.00047486368613,5385.92738181293
"GMST","centered",196,1.00063757442858,5072.06062117456
"GMST","centered",197,1.00068870028147,5015.90426217601
"GMST","centered",198,1.00077608855974,4742.95131287252
"GMST","centered",199,1.00064968973931,4627.03951186913
"GMST","centered",200,1.00068909836537,4520.16602380577
"GMST","centered",201,1.00061460798223,4192.07031580934
"GMST","centered",202,1.00058774731885,3881.73694020702
"GMST","centered",203,1.00060435822563,3635.81224050553
"GMST","centered",204,1.00084746040887,3608.15535855364
"GMST","centered",205,1.00106368887579,2988.50599923092
"GMST","centered",206,1.00112679977775,2841.73833206643
"GMST","centered",207,1.00123128737577,2609.73138868738
"GMST","centered",208,1.00146277255251,2450.45096677962
"GMST","centered",209,1.00173474958332,2301.06464103412
"GMST","centered",210,1.00149973244546,2206.50484404386
"GMST","centered",211,1.00161072787993,2044.94079095571
"GMST","centered",212,1.00165506530355,2006.86006055927
"GMST","centered",213,1.0014111079141,2042.74237788989
"GMST","centered",214,1.00117119660907,1998.58056596645
"GMST","centered",215,1.00111269677223,1955.15556819994
"GMST","centered",216,1.00083674907539,1891.92646975039
"GMST","centered",217,1.00059148834448,1951.84880360428
"GMST","centered",218,1.0006175368768,1974.67632913931
"GMST","centered",219,1.00069178997761,2216.55912541937
"GMST","centered",220,1.00050558427426,2267.05033004824
"GMST","centered",221,1.0004146496742,2421.13685553279
"GMST","centered",222,1.00042739529843,2539.76865209177
"GMST","centered",223,1.00056631745098,2533.17544864982
"GMST","centered",224,1.00061737717501,2654.32186426883
"GMST","centered",225,1.00062412831991,2622.54634999301
"GMST","centered",226,1.00061167727496,2584.77806208285
"GMST","centered",227,1.00073362584035,2437.26714041181
"GMST","centered",228,1.00073360796186,2309.86953136512
"GMST","centered",229,1.00076886577523,2166.76815961899
"GMST","centered",230,1.00068008120114,2145.49793226287
"GMST","centered",231,1.00078599423726,2004.73774949582
"GMST","centered",232,1.00092610374605,1764.76506481017
"GMST","centered",233,1.00093737948914,1784.21207228718
"GMST","centered",234,1.00083240958881,1657.29771862223
"GMST","centered",235,1.000943785221,1524.39608768632
"GMST","centered",236,1.00073228671411,1567.1160335197
"GMST","centered",237,1.00050933864423,1680.16791250215
"GMST","centered",238,1.0003370926871,1799.89671034373
"GMST","centered",239,1.00037020876662,2041.41226737266
"GMST","centered",240,1.00052771484478,2127.03174378093
"GMST","centered",241,1.00051119768446,2389.99570081096
"GMST","centered",242,1.00051015438344,2556.57111665721
"GMST","centered",243,1.00051174733732,2632.48021453848
"GMST","centered",244,1.00037733690788,2875.28930084275
"GMST","centered",245,1.00049034431649,3069.89782192712
"GMST","centered",246,1.00044506708921,2983.84928622656
"GMST","centered",247,1.000461553947,3178.46723538412
"GMST","centered",248,1.00052479510429,3516.23730465506
"GMST","centered",249,1.00050705513268,3181.88647216264
"GMST","centered",250,1.00029567471751,3388.85970029604
"GMST","centered",251,1.00047172313633,3487.42190910684
"GMST","centered",252,1.00038927892569,3370.61168737717
"GMST","centered",253,1.00022563560379,3400.18900094251
"GMST","centered",254,1.00028368988408,3326.86462824234
"GMST","centered",255,1.00028395853421,3346.56788564286
"GMST","centered",256,1.00029781622114,3352.08144296378
"GMST","centered",257,1.00054609571224,3236.86734637555
"GMST","centered",258,1.00054971183584,3325.47660049167
"GMST","centered",259,1.00055344131297,2942.51247946712
"GMST","centered",260,1.00045498168304,2946.22757614516
"GMST","centered",261,1.0003481879891,2940.38707296165
"GMST","centered",262,1.00048810447244,3200.92211485459
"GMST","centered",263,1.00032854951088,3122.64622988871
"GMST","centered",264,1.00029033022739,3184.05246975528
"GMST","centered",265,1.0003754718035,3288.05612867582
"GMST","centered",266,1.00038034117957,3401.20069146387
"GMST","centered",267,1.00031291857716,3401.26912066431
"GMST","centered",268,1.00034598694083,3596.58858888532
"GMST","centered",269,1.00041017766662,3519.02014096121
"GMST","centered",270,1.00062919274578,3587.04536498231
"GMST","centered",271,1.00070974567395,3690.36139064315
"GMST","centered",272,1.00070361112979,3704.81263208341
"GMST","centered",273,1.00060447020488,3685.80564617749
"GMST","centered",274,1.00068639306707,3637.49161345254
"GMST","centered",275,1.00055974377337,3529.75098289688
"GMST","centered",276,1.0009296778692,3194.62517313542
"GMST","centered",277,1.00124124075446,3015.69408331802
"GMST","centered",278,1.00159389138136,3038.44819451323
"GMST","centered",279,1.00194682271492,2964.79591149717
"GMST","centered",280,1.00227817786035,2653.27460941451
"GMST","centered",281,1.00220459756576,2347.55637095424
"GMST","centered",282,1.00208985655066,2192.93732871995
"GMST","centered",283,1.00225078505087,2054.63310606788
"GMST","centered",284,1.00250353974582,1895.83960623882
"GMST","centered",285,1.00329943475146,1652.35102686963
"GMST","centered",286,1.00352675931096,1578.74487474557
"GMST","centered",287,1.0036674718963,1414.27257059759
"GMST","centered",288,1.00392084053732,1241.79913554869
"GMST","centered",289,1.00414272147727,1234.68021016936
"GMST","centered",290,1.00416639312264,1317.01097174628
"GMST","centered",291,1.00367597471175,1237.92028508352
"GMST","centered",292,1.00359058039792,1292.51210334643
"GMST","centered",293,1.00316279881528,1456.00296692901
"GMST","centered",294,1.00270755449049,1667.53108250497
"GMST","centered",295,1.00218672936874,1932.82451101229
"GMST","centered",296,1.00183839176805,2184.86767802834
"GMST","centered",297,1.00159333407635,2399.46398140254
"GMST","centered",298,1.00179540179528,2567.74999066418
"GMST","centered",299,1.00157410991565,2965.99587467003
"GMST","centered",300,1.00128659955693,3086.59844732671
"GMST","centered",301,1.00128820085244,3738.84873853175
"GMST","centered",302,1.00137173095087,4054.55128569711
"GMST","centered",303,1.00098893565634,4369.0727306911
"GMST","centered",304,1.00086466989039,4713.80444823555
"GMST","centered",305,1.00100878788726,4845.67879109097
"GMST","centered",306,1.00109207627509,5100.22438596661
"GMST","centered",307,1.00110161558714,5174.72186750481
"GMST","centered",308,1.00093620305015,5481.49936417232
"GMST","centered",309,1.00126609409626,5417.79705199824
"GMST","centered",310,1.00114733407151,5729.74373778992
"GMST","centered",311,1.00096084690881,5810.48427522285
"GMST","centered",312,1.0009165870628,6138.8093817087
"GMST","centered",313,1.00095309441938,6193.90445182616
"GMST","centered",314,1.00116539007346,6123.74351886936
"GMST","centered",315,1.00118551226676,6401.11870262285
"GMST","centered",316,1.00108651637313,6646.33684330177
"GMST","centered",317,1.00112155707199,6853.8848316045
"GMST","centered",318,1.00153228442215,6638.24573854118
"GMST","centered",319,1.00169563886399,6854.01591521945
"GMST","centered",320,1.00156829485998,6413.36214081639
"GMST","centered",321,1.00135743889736,6596.98177231072
"GMST","centered",322,1.00159225055333,6125.15449342613
"GMST","centered",323,1.00215907940283,5048.05005510848
"GMST","centered",324,1.00270170081534,4038.85241819799
"GMST","centered",325,1.0026698272258,3717.76489366265
"GMST","centered",326,1.00263457765021,3402.65638442931
"GMST","centered",327,1.00282099416133,3038.02432328757
"GMST","centered",328,1.00270835035906,2706.45646378743
"GMST","centered",329,1.00282728801055,2580.82384458683
"GMST","centered",330,1.00314879806434,2313.56449481804
"GMST","centered",331,1.00329574141549,1871.11623253659
"GMST","centered",332,1.00350283655319,1665.55869010346
"GMST","centered",333,1.00414198453992,1489.65526828098
"GMST","centered",334,1.0042569621323,1274.8123503021
"GMST","centered",335,1.00539184373839,1089.02101604259
"GMST","centered",336,1.00563097992123,939.090230730451
"GMST","centered",337,1.00641841682895,820.520274535573
"GMST","centered",338,1.00668796527797,732.907439668677
"GMST","centered",339,1.00720792877667,676.017772396379
"GMST","centered",340,1.00694770632711,722.544078170216
"GMST","centered",341,1.00713564191154,775.628100218636
"GMST","centered",342,1.00750453355283,861.117581736228
"GMST","centered",343,1.00793087962597,919.064100109515
"GMST","centered",344,1.0081201868413,1017.18187866179
"GMST","centered",345,1.00846507970824,1020.30812143676
"GMST","centered",346,1.00822138531672,1023.30610981399
"GMST","centered",347,1.00766612474184,928.096595733613
"GMST","centered",348,1.00805002048985,1037.92320451056
"GMST","centered",349,1.00827602231309,1056.17536039037
"GMST","centered",350,1.00891002452493,948.192787964462
"GMST","centered",351,1.00835622575793,961.897329722488
"GMST","centered",352,1.00805196322742,922.228704391961
"GMST","centered",353,1.0080524599033,803.454489059689
"GMST","centered",354,1.00791287655307,729.296430576879
"GMST","centered",355,1.00830511991169,681.690285073258
"GMST","centered",356,1.00883940332372,620.363952802731
"GMST","centered",357,1.00884778109506,596.746732822925
"GMST","centered",358,1.00872560593115,612.59211332878
"GMST","centered",359,1.00823943697603,684.143487786725
"GMST","centered",360,1.00702885784678,784.833050976132
"GMST","centered",361,1.0059159832216,858.191852780436
"GMST","centered",362,1.00530901883612,929.791654375737
"GMST","centered",363,1.00439215895957,1076.59503308451
"GMST","centered",364,1.00393789231175,1094.166297395
"GMST","centered",365,1.0035447638788,1283.92343067718
"GMST","centered",366,1.00302768936633,1382.57611250882
"GMST","centered",367,1.00255018731154,1292.91645813149
"GMST","centered",368,1.0025338887955,1417.94863241944
"GMST","centered",369,1.00230142849472,1450.53459878234
"GMST","centered",370,1.00237116494145,1437.39950588146
"GMST","centered",371,1.00198091413731,1500.93230256889
"GMST","centered",372,1.00230351957795,1477.09299250264
"GMST","centered",373,1.00207969111429,1487.22620452021
"GMST","centered",374,1.00194626790867,1387.07641885318
"GMST","centered",375,1.00215240646492,1412.16958782393
"GMST","centered",376,1.00242237657322,1392.37225331343
"GMST","centered",377,1.00270315851701,1268.48233996314
"GMST","centered",378,1.0028171186702,1291.61197410802
"GMST","centered",379,1.00287914033839,1096.18809736437
"GMST","centered",380,1.00285845276098,1260.29885060388
"GMST","centered",381,1.00280609537082,1170.62837972321
"GMST","centered",382,1.00340666335586,1098.21329708406
"GMST","centered",383,1.00287574418039,1155.40165174029
"GMST","centered",384,1.0024875122301,1188.78547795606
"GMST","centered",385,1.00268626858093,1230.97458054175
"GMST","centered",386,1.00252823722783,1359.78002750215
"GMST","centered",387,1.00179933316702,1412.20052941978
"GMST","centered",388,1.00186409443924,1493.90935471205
"GMST","centered",389,1.00117962249845,1627.08948641634
"GMST","centered",390,1.00127262961248,1863.56602828418
"GMST","centered",391,1.00134995932176,1818.14843697691
"GMST","centered",392,1.00110773543599,1973.20256692121
"GMST","centered",393,1.00125645885773,2058.18512447821
"GMST","centered",394,1.00102440291704,2056.00125274104
"GMST","centered",395,1.00100635375326,2257.87967035994
"GMST","centered",396,1.00065739187406,2235.48649167785
"GMST","centered",397,1.00052532323083,2136.25482286916
"GMST","centered",398,1.00059364893591,2142.52860284932
"GMST","centered",399,1.00065585077649,2154.62318236305
"GMST","centered",400,1.00070053436614,2097.7598475862
"GMST","centered",401,1.00049280710705,1854.62487584726
"GMST","centered",402,1.00045638991315,1696.26263182986
"GMST","centered",403,1.00057028836091,1793.4612582118
"GMST","centered",404,1.00095138691317,1734.39271247662
"GMST","centered",405,1.00086750680048,1664.58454295477
"GMST","centered",406,1.00165819344045,1596.01004391671
"GMST","centered",407,1.00221921159212,1625.43419782272
"GMST","centered",408,1.00168265046544,1545.63288966422
"GMST","centered",409,1.00146493242697,1568.69039133323
"GMST","centered",410,1.00123411903844,1593.28443015119
"GMST","centered",411,1.00159617947633,1536.44849833506
"GMST","centered",412,1.00172313570535,1555.89300734191
"GMST","centered",413,1.00149395461387,1522.4077959429
"GMST","centered",414,1.00178609354736,1570.18147554115
"GMST","centered",415,1.00167465185171,1457.52411711041
"GMST","centered",416,1.00226648509427,1396.43921900193
"GMST","centered",417,1.00269682007605,1365.54195837703
"GMST","centered",418,1.00265444795567,1502.6284644354
"GMST","centered",419,1.00294728686285,1476.06617981289
"GMST","centered",420,1.00251115155232,1534.14979055886
"GMST","centered",421,1.00261662912045,1633.45908806037
"GMST","centered",422,1.0025680768238,1632.42183192967
"GMST","centered",423,1.0031321073927,1674.68509764952
"GMST","centered",424,1.00350305810946,1805.39158730106
"GMST","centered",425,1.00343481476089,1807.76489288422
"GMST","centered",426,1.00406855470542,1773.1777854235
"GMST","centered",427,1.00362777778212,1820.02721414738
"GMST","centered",428,1.0034784353038,1831.51725695892
"GMST","centered",429,1.00371430081298,1820.1700642238
"GMST","centered",430,1.00325007159043,2001.5265145422
"GMST","centered",431,1.00335739735944,2009.22747852471
"GMST","centered",432,1.00311670367112,1904.86408230731
"GMST","centered",433,1.00269973492072,1940.66955489819
"GMST","centered",434,1.00240692919517,1954.6239528627
"GMST","centered",435,1.0023182471416,1875.09336642296
"GMST","centered",436,1.00182423652977,1699.41843811897
"GMST","centered",437,1.00212398912238,1607.68173420537
"GMST","centered",438,1.0020813488548,1591.81229866411
"GMST","centered",439,1.00200152121375,1402.4957116993
"GMST","centered",440,1.00214918989343,1457.19483453454
"GMST","centered",441,1.00211337765378,1370.94048232134
"GMST","centered",442,1.00243150674312,1371.10484183721
"GMST","centered",443,1.00275490302355,1341.17600123446
"GMST","centered",444,1.00272517605023,1356.33908348992
"GMST","centered",445,1.00259950468747,1389.29206742653
"GMST","centered",446,1.00270487761744,1334.63972349136
"GMST","centered",447,1.0026704102103,1422.60269650322
"GMST","centered",448,1.00290001648802,1447.75144030303
"GMST","centered",449,1.00308062408258,1518.7772605438
"GMST","centered",450,1.00364063381503,1553.97392182375
"GMST","centered",451,1.00341017244952,1601.36592510898
"GMST","centered",452,1.00394233026941,1714.11768160232
"GMST","centered",453,1.00379638520514,1813.92780841672
"GMST","centered",454,1.00351227409768,1817.56125178807
"GMST","centered",455,1.00350284338484,1841.97853395961
"GMST","centered",456,1.00348928723511,1886.97876957038
"GMST","centered",457,1.00321464194936,1888.07416692117
"GMST","centered",458,1.00286261802206,1911.97660718012
"GMST","centered",459,1.00268152660664,1757.00190240688
"GMST","centered",460,1.00241199624048,1887.00522575774
"GMST","centered",461,1.00216407724666,1710.43825785457
"GMST","centered",462,1.00231105019806,1609.64552664422
"GMST","centered",463,1.00251013597915,1363.40739622642
"GMST","centered",464,1.00276097085076,1253.13513176449
"GMST","centered",465,1.00333568398436,1130.21587322103
"GMST","centered",466,1.00388370878406,1088.63181989044
"GMST","centered",467,1.00417326901516,1072.92587056635
"GMST","centered",468,1.00470430556139,1082.80169345705
"GMST","centered",469,1.00502552343789,1013.4249935767
"GMST","centered",470,1.00532822538295,1012.85103663433
"GMST","centered",471,1.00645586156385,946.15161060138
"GMST","centered",472,1.00766619986985,899.20587210477
"GMST","centered",473,1.00820922335918,851.017006343872
"GMST","centered",474,1.00842186559716,794.641198527294
"GMST","centered",475,1.00760916539957,936.330553707109
"GMST","centered",476,1.00753283758896,937.919876555834
"GMST","centered",477,1.0068664926093,1005.50572495342
"GMST","centered",478,1.00730220913654,1072.78381629849
"GMST","centered",479,1.00869617106453,770.406161558083
"GMST","centered",480,1.00965866064218,863.849954545248
"GMST","centered",481,1.00982452620589,794.942044662501
"GMST","centered",482,1.00932141931842,740.099503333686
"GMST","centered",483,1.00879732708737,822.090627663674
"GMST","centered",484,1.00915283319842,806.548522067901
"GMST","centered",485,1.00807822826918,851.608445687705
"GMST","centered",486,1.0078061177645,899.756498196941
"GMST","centered",487,1.00688716108904,1051.41430539058
"GMST","centered",488,1.00744159507824,888.822460972018
"GMST","centered",489,1.00706998050078,1024.73176167146
"GMST","centered",490,1.00736544584438,883.39326887407
"GMST","centered",491,1.00769000222784,912.571388883734
"GMST","centered",492,1.00699546077829,853.100992159481
"GMST","centered",493,1.00753830540681,973.455308056793
"GMST","centered",494,1.00727530322064,826.66354389138
"GMST","centered",495,1.00757307314484,904.717691464825
"GMST","centered",496,1.00771158214734,993.015059050099
"GMST","centered",497,1.00785962055968,852.339952823715
"GMST","centered",498,1.00853883361447,962.60764166061
"GMST","centered",499,1.00831584747786,868.608382737263
"GMST","centered",500,1.00859332615153,969.188572759281
"GMST","centered",501,1.00837496174938,1057.32420099341
"GMST","centered",502,1.00977884206239,992.563644968358
"GMST","centered",503,1.00956108127608,958.865580317339
"GMST","centered",504,1.00992404879936,932.413191131446
"GMST","centered",505,1.0107015450301,864.907603760812
"GMST","centered",506,1.01162807960168,804.044007059492
"GMST","centered",507,1.01163283713169,801.271581690323
"GMST","centered",508,1.01102631757125,790.311802468458
"GMST","centered",509,1.01154292667368,912.831606960007
"GMST","centered",510,1.01157596378906,781.213042997815
"GMST","centered",511,1.01210150699907,877.742478568996
"GMST","centered",512,1.01216577550718,864.936804727084
"GMST","centered",513,1.01262585964808,834.5901754629
"GMST","centered",514,1.01224462424134,798.820074468713
"GMST","centered",515,1.01325129616437,795.981641316926
"GMST","centered",516,1.01344157564143,736.004502101157
"GMST","centered",517,1.01363420297585,750.993864520197
"GMST","centered",518,1.01349218071492,790.736924223714
"GMST","centered",519,1.01360383329317,870.869266932406
"GMST","centered",520,1.01375982791265,857.699145379961
"GMST","centered",521,1.01369640163933,828.310728896193
"GMST","centered",522,1.01394110657461,876.812761203176
"GMST","centered",523,1.01379841957562,794.027195389211
"GMST","centered",524,1.013734103847,787.004556585964
"GMST","centered",525,1.01313312111861,751.742991969596
"GMST","centered",526,1.01297025291421,795.696285768892
"GMST","centered",527,1.01316407931734,733.056520211411
"GMST","centered",528,1.01216928968054,726.053917198084
"GMST","centered",529,1.01166209995555,748.53924498304
"GMST","centered",530,1.01066004591312,809.121671182806
"GMST","centered",531,1.01095021547143,701.603255870673
"GMST","centered",532,1.01123917894537,635.563282853443
"GMST","centered",533,1.01236527671321,642.475045511055
"GMST","centered",534,1.01288022477831,598.947191011663
"GMST","centered",535,1.01277420580247,609.432409674749
"GMST","centered",536,1.0145064123322,601.956221893584
"GMST","centered",537,1.01552469893084,571.249510458287
"GMST","centered",538,1.01630332842114,621.247328470224
"GMST","centered",539,1.01676277496067,701.343747447807
"GMST","centered",540,1.01397779441071,839.600668032059
"GMST","first_difference",1,1.00141152552422,22172.7131507014
"GMST","first_difference",2,1.00045301892288,22797.8990989126
"GMST","first_difference",3,1.00012338171394,23508.5609771756
"GMST","first_difference",4,1.0004694720119,22081.9209165416
"GMST","first_difference",5,1.00089448428533,21788.374590099
"GMST","first_difference",6,1.00099037783646,20170.356167061
"GMST","first_difference",7,1.00065841024725,19961.179306179
"GMST","first_difference",8,1.00136422867449,21577.7561997857
"GMST","first_difference",9,1.00047659266707,19385.7152051623
"GMST","first_difference",10,1.00069928195352,19253.3653918083
"GMST","first_difference",11,1.00060495589025,19162.2489446993
"GMST","first_difference",12,1.00061391792723,19174.3676747569
"GMST","first_difference",13,1.00075108398165,18122.1079733002
"GMST","first_difference",14,1.00025106256688,17838.9356038032
"GMST","first_difference",15,1.00012933479369,20129.9772851173
"GMST","first_difference",16,1.00033136178608,19116.11095319
"GMST","first_difference",17,1.00002631420558,17682.5210656324
"GMST","first_difference",18,1.00007670860935,19231.2401071827
"GMST","first_difference",19,1.00058589254726,19928.7360052254
"GMST","first_difference",20,1.00021857094247,19971.8738569757
"GMST","first_difference",21,1.00001172297417,20820.7852568661
"GMST","first_difference",22,1.00009207855193,19376.093534358
"GMST","first_difference",23,1.00000865973065,21387.7449125304
"GMST","first_difference",24,1.00012809927615,20823.087329593
"GMST","first_difference",25,1.00002247628906,23357.1729346846
"GMST","first_difference",26,0.9999582344398,22285.5557698602
"GMST","first_difference",27,1.00037616828249,21070.8095778888
"GMST","first_difference",28,1.00035580203587,20910.8304518924
"GMST","first_difference",29,1.00002583237454,21106.0964245577
"GMST","first_difference",30,1.00040061613133,22510.1156824337
"GMST","first_difference",31,0.999932881891719,22445.9408601436
"GMST","first_difference",32,1.00010522144103,23386.2435209141
"GMST","first_difference",33,1.00019259787185,23267.6809714743
"GMST","first_difference",34,0.999944753218786,22884.3742379123
"GMST","first_difference",35,1.00018958619373,23608.7743012438
"GMST","first_difference",36,1.00008930259224,23797.1970777958
"GMST","first_difference",37,1.00014624115197,22666.1484018752
"GMST","first_difference",38,1.00018078373431,23999.9999999999
"GMST","first_difference",39,1.00002261381482,23534.8029231743
"GMST","first_difference",40,1.00018398065163,23397.1719660396
"GMST","first_difference",41,1.00031261898315,22912.2924137782
"GMST","first_difference",42,0.99998396320362,23421.4048081231
"GMST","first_difference",43,1.00003794745187,24000
"GMST","first_difference",44,1.0001209440769,24000
"GMST","first_difference",45,1.00010778633925,23140.5099976825
"GMST","first_difference",46,1.00014146746582,23323.0707066633
"GMST","first_difference",47,1.00006659792897,23717.4367759502
"GMST","first_difference",48,1.00007267813423,23735.3761677341
"GMST","first_difference",49,1.00000966136691,23452.7573252018
"GMST","first_difference",50,1.00004992716117,23369.5196498049
"GMST","first_difference",51,1.00015262935224,22972.0563316184
"GMST","first_difference",52,1.00012552222278,22949.9526652483
"GMST","first_difference",53,1.00004306198353,23400.9484510017
"GMST","first_difference",54,0.999973299453369,22049.0807630303
"GMST","first_difference",55,0.999936123989777,24000
"GMST","first_difference",56,0.999967982478328,24000
"GMST","first_difference",57,1.0004202083122,23159.2126533245
"GMST","first_difference",58,0.999983931761876,23578.4608830875
"GMST","first_difference",59,0.999973289497409,23746.5372623064
"GMST","first_difference",60,0.999958156883657,23906.8408731072
"GMST","first_difference",61,1.00004320949874,23778.6959631628
"GMST","first_difference",62,1.00013641220628,23154.0665744572
"GMST","first_difference",63,1.00002103858056,24000
"GMST","first_difference",64,1.00003342362473,24163.4337681804
"GMST","first_difference",65,0.999930922697312,22895.1709448484
"GMST","first_difference",66,1.0003650272242,23695.2858174283
"GMST","first_difference",67,0.999985460354967,23189.6677663277
"GMST","first_difference",68,0.999946122657214,23318.2614577611
"GMST","first_difference",69,1.00001281051535,23389.2266034198
"GMST","first_difference",70,1.00003009355155,23050.8744102025
"GMST","first_difference",71,1.00004400829467,23615.672363414
"GMST","first_difference",72,1.00004247771875,24000
"GMST","first_difference",73,1.00004570184882,23521.221280571
"GMST","first_difference",74,0.999952083339047,23726.1350952491
"GMST","first_difference",75,0.999986209706309,23688.1366151757
"GMST","first_difference",76,0.999993053106589,23297.691097362
"GMST","first_difference",77,0.999942294581833,23343.5017652397
"GMST","first_difference",78,1.00005459805947,22502.9464591647
"GMST","first_difference",79,1.00028297157477,23142.8484759042
"GMST","first_difference",80,0.999997633692739,24000
"GMST","first_difference",81,1.00000279362792,22671.9680926028
"GMST","first_difference",82,1.00000479770231,23588.4370968092
"GMST","first_difference",83,0.999946685974051,22363.9038063298
"GMST","first_difference",84,1.00024394721817,24000
"GMST","first_difference",85,1.00002957389533,23362.0860783266
"GMST","first_difference",86,0.99998787606816,23261.2946965724
"GMST","first_difference",87,0.999956695589262,22545.4642990103
"GMST","first_difference",88,1.00011384348737,23417.2813219269
"GMST","first_difference",89,1.00017127622216,22323.6117621343
"GMST","first_difference",90,1.00014108127928,22575.4357725387
"GMST","first_difference",91,1.00033050662393,22111.9538605418
"GMST","first_difference",92,1.0002806251483,22150.6036147039
"GMST","first_difference",93,1.00003443318307,22722.8556535579
"GMST","first_difference",94,1.00006818863303,20596.041650841
"GMST","first_difference",95,1.00006211584569,22806.5863059793
"GMST","first_difference",96,1.00007941502245,21044.8048421233
"GMST","first_difference",97,1.00002509309873,21151.1926470338
"GMST","first_difference",98,1.00013673760746,21821.3516251952
"GMST","first_difference",99,1.00025191330175,20586.141096339
"GMST","first_difference",100,1.00003018263386,19192.5121316488
"GMST","first_difference",101,0.999979882671322,21157.8250412251
"GMST","first_difference",102,1.00008629349499,20123.9183745539
"GMST","first_difference",103,1.00012816693545,19919.6282421044
"GMST","first_difference",104,0.999937609480801,17879.5752202316
"GMST","first_difference",105,1.00005073949871,18905.1526512949
"GMST","first_difference",106,1.00011632705013,17267.4444304818
"GMST","first_difference",107,1.00001587158465,17905.9315205838
"GMST","first_difference",108,1.00019750681495,17554.9535681554
"GMST","first_difference",109,1.0002128214119,16914.1201121803
"GMST","first_difference",110,1.00003125721656,15159.7730076995
"GMST","first_difference",111,0.999996348275396,17339.8974491858
"GMST","first_difference",112,1.00002973644019,18081.1863067536
"GMST","first_difference",113,0.99998508422295,16665.3483519714
"GMST","first_difference",114,1.0000261413381,18418.2331772319
"GMST","first_difference",115,0.999960046916491,18592.0259221097
"GMST","first_difference",116,1.00009989731771,22124.081178112
"GMST","first_difference",117,1.00003865719836,21391.6840040795
"GMST","first_difference",118,1.00007061959335,21817.4487361436
"GMST","first_difference",119,1.00022092670843,21445.3597399648
"GMST","first_difference",120,1.00031332447226,22334.8045285102
"GMST","first_difference",121,0.999966402693769,22494.3790101335
"GMST","first_difference",122,1.00005764152475,22967.5702581094
"GMST","first_difference",123,1.00017953120404,23041.7806595233
"GMST","first_difference",124,1.0001112400002,21746.6305448607
"GMST","first_difference",125,1.00000516138298,22981.9924602256
"GMST","first_difference",126,1.00002094016128,23569.4622686419
"GMST","first_difference",127,1.00013983640272,23858.3076970423
"GMST","first_difference",128,0.999989987402233,23463.0051891262
"GMST","first_difference",129,0.999978361086195,22444.7234542496
"GMST","first_difference",130,1.00003298791185,23416.5260076044
"GMST","first_difference",131,0.999991672583193,23941.7866112073
"GMST","first_difference",132,1.00011068854309,24239.8645396582
"GMST","first_difference",133,1.00017183445857,22534.1492603617
"GMST","first_difference",134,1.0000215273253,22960.3424577007
"GMST","first_difference",135,1.00007480618371,23145.937365635
"GMST","first_difference",136,1.00011017242835,24430.272518362
"GMST","first_difference",137,0.999992987014103,23676.6957286836
"GMST","first_difference",138,0.999988864544662,23264.372407017
"GMST","first_difference",139,0.999964115952161,23330.6403793271
"GMST","first_difference",140,0.999979422201611,23071.1772641184
"GMST","first_difference",141,0.999979797606664,24000
"GMST","first_difference",142,1.00006641581832,23622.2855577847
"GMST","first_difference",143,0.999938418434315,23456.8505783318
"GMST","first_difference",144,1.00001197468221,23421.2432428343
"GMST","first_difference",145,1.00002119763264,24001.1896665115
"GMST","first_difference",146,1.00014788333928,23047.9495906766
"GMST","first_difference",147,1.00009155501422,22225.2815332543
"GMST","first_difference",148,1.00003727422884,23662.1983050037
"GMST","first_difference",149,1.00017293271999,21109.8664728149
"GMST","first_difference",150,0.99993858363127,23272.4395533751
"GMST","first_difference",151,0.999958088582738,21718.604527388
"GMST","first_difference",152,0.999936470795612,22260.0615929026
"GMST","first_difference",153,1.0000318180155,22521.6903672079
"GMST","first_difference",154,1.00011542970716,22033.5446103156
"GMST","first_difference",155,1.00008458678627,22049.2985342433
"GMST","first_difference",156,1.00014360151818,22858.7554105525
"GMST","first_difference",157,0.999890552689274,21890.9934576294
"GMST","first_difference",158,1.0001269933954,20996.2605746152
"GMST","first_difference",159,0.999960328289738,21894.9540550964
"GMST","first_difference",160,1.00003391033622,20932.2304991539
"GMST","first_difference",161,1.00002334868075,21506.2415687994
"GMST","first_difference",162,1.00006716257611,21420.7308935157
"GMST","first_difference",163,1.00002134129686,20912.4364858904
"GMST","first_difference",164,1.00006712547908,20450.7330392435
"GMST","first_difference",165,1.0000899536984,21166.2576901176
"GMST","first_difference",166,0.999964550522792,20045.7534766514
"GMST","first_difference",167,1.0001428086539,21585.0124829281
"GMST","first_difference",168,0.999949033385581,22512.1160334972
"GMST","first_difference",169,1.00028671507283,23174.2990223278
"GMST","first_difference",170,1.00016687788398,21351.1814992626
"GMST","first_difference",171,1.00015952251783,23090.0332108958
"GMST","first_difference",172,0.999935994371456,22543.6217092442
"GMST","first_difference",173,0.999938888199681,22536.9038163701
"GMST","first_difference",174,1.00017136930864,21993.4731894027
"GMST","first_difference",175,1.00000695916188,20983.1750147689
"GMST","first_difference",176,1.00012842322125,22752.514639919
"GMST","first_difference",177,0.999955016824264,22661.412308758
"GMST","first_difference",178,1.00002155315396,22951.3717850366
"GMST","first_difference",179,1.00019307911388,22682.6444871489
"GMST","first_difference",180,0.99997505654282,23439.0993044582
"GMST","first_difference",181,1.00002268648018,23178.005959599
"GMST","first_difference",182,1.00003150506793,21631.1834606208
"GMST","first_difference",183,1.00000196719948,22268.5348870751
"GMST","first_difference",184,1.00009768338857,23130.3985148802
"GMST","first_difference",185,1.00012533257091,23365.3342349413
"GMST","first_difference",186,1.00016377776168,22618.9651449334
"GMST","first_difference",187,1.00005623772825,23770.8460878285
"GMST","first_difference",188,1.00023539383044,22856.5599040913
"GMST","first_difference",189,0.999998624211913,23205.3498332654
"GMST","first_difference",190,1.00034311578859,23886.0948404916
"GMST","first_difference",191,1.00001238022664,22417.8769015439
"GMST","first_difference",192,1.00012340863691,24000
"GMST","first_difference",193,1.00007158908236,25054.4550450564
"GMST","first_difference",194,1.00033241347967,23538.2566920163
"GMST","first_difference",195,0.999947045049771,23296.2221588763
"GMST","first_difference",196,1.00002111018907,23133.3385376361
"GMST","first_difference",197,1.00006465970307,22075.2250965582
"GMST","first_difference",198,0.999943783597346,24349.6857781043
"GMST","first_difference",199,0.999908415776342,21365.2909736662
"GMST","first_difference",200,0.999941182877289,22834.4749099552
"GMST","first_difference",201,0.999970007924104,23492.2224211561
"GMST","first_difference",202,0.999952363308364,22283.1931869473
"GMST","first_difference",203,0.999995874377178,22499.2148868236
"GMST","first_difference",204,0.999999171318903,22521.5597929434
"GMST","first_difference",205,0.999934450716198,23055.9544919829
"GMST","first_difference",206,1.0000142115384,23425.4497964163
"GMST","first_difference",207,1.00014300893306,22089.0645291934
"GMST","first_difference",208,1.00009256941576,20785.5639172029
"GMST","first_difference",209,1.00008750739271,21336.527558034
"GMST","first_difference",210,1.00006482756861,20051.8971721888
"GMST","first_difference",211,1.00009195736557,20054.9975450379
"GMST","first_difference",212,1.00002075897065,20598.0341310249
"GMST","first_difference",213,1.00002285103423,19659.6574463183
"GMST","first_difference",214,1.00003077670056,19877.9736382343
"GMST","first_difference",215,1.00007829637377,20307.0955459876
"GMST","first_difference",216,1.00013458186209,20380.2515185715
"GMST","first_difference",217,0.999962494502414,20331.0606670844
"GMST","first_difference",218,1.00007546062257,22272.8586305054
"GMST","first_difference",219,1.00005960786351,19871.121576164
"GMST","first_difference",220,1.00009624622175,20922.1101200924
"GMST","first_difference",221,1.0000249211079,19333.6166184542
"GMST","first_difference",222,1.00007628374212,21788.6408558543
"GMST","first_difference",223,1.0001007868829,20102.5532773629
"GMST","first_difference",224,1.0000288298604,22505.931282826
"GMST","first_difference",225,1.00001596001099,22010.5926488556
"GMST","first_difference",226,0.999916550602073,20330.3475004758
"GMST","first_difference",227,0.999943647317581,20101.7523378102
"GMST","first_difference",228,1.00007490349964,22057.9879870983
"GMST","first_difference",229,1.00006704973825,18173.9930008525
"GMST","first_difference",230,1.00003903180158,20198.516590702
"GMST","first_difference",231,1.00008655601142,18750.5124630668
"GMST","first_difference",232,1.0001023006352,19501.9569993204
"GMST","first_difference",233,1.00014921041201,18900.8270176166
"GMST","first_difference",234,0.999938426141668,20739.4662515939
"GMST","first_difference",235,1.00012760960294,20466.6925139567
"GMST","first_difference",236,1.00005801573023,21133.9303836673
"GMST","first_difference",237,1.00012888521551,19653.5413345706
"GMST","first_difference",238,0.999955297337591,20895.78557631
"GMST","first_difference",239,0.999908314460261,20234.4390727741
"GMST","first_difference",240,0.999977476749951,20627.6981437368
"GMST","first_difference",241,1.00001666606259,21616.4679324957
"GMST","first_difference",242,1.00008191528409,21223.6246929943
"GMST","first_difference",243,1.00017842378782,21005.6435894298
"GMST","first_difference",244,1.00009214565705,21112.4361646881
"GMST","first_difference",245,1.00014306948784,23356.5414990603
"GMST","first_difference",246,1.00021602036098,22526.6060515127
"GMST","first_difference",247,1.00019416604799,21859.7173978782
"GMST","first_difference",248,1.00001893948943,22556.1900958546
"GMST","first_difference",249,1.00001979870307,21009.6840097287
"GMST","first_difference",250,1.00001760847921,22594.7433284208
"GMST","first_difference",251,1.00022429811954,22430.5153537964
"GMST","first_difference",252,1.00013151368503,22271.9672407095
"GMST","first_difference",253,1.00013215364251,21956.2685362544
"GMST","first_difference",254,1.00003591542004,22014.6386451643
"GMST","first_difference",255,1.00006172085105,21266.689375311
"GMST","first_difference",256,1.00012963331971,21320.9288502439
"GMST","first_difference",257,1.00001813369068,22354.2683489078
"GMST","first_difference",258,0.999968440509792,22510.1915167075
"GMST","first_difference",259,0.999990664317585,22262.0195612506
"GMST","first_difference",260,1.00000748769061,21994.4152172751
"GMST","first_difference",261,1.00006830008335,22597.9890591857
"GMST","first_difference",262,1.00007790166743,22805.3134858326
"GMST","first_difference",263,1.00005609691579,22205.9561557739
"GMST","first_difference",264,1.00013009923226,22444.1794377938
"GMST","first_difference",265,0.99991637372611,22408.3946722953
"GMST","first_difference",266,0.999941560752895,23947.8321380613
"GMST","first_difference",267,1.00007829613167,22557.9629644549
"GMST","first_difference",268,1.00013417097415,22722.5986547638
"GMST","first_difference",269,1.00008153254242,22045.3224308871
"GMST","first_difference",270,1.00001170267555,24000
"GMST","first_difference",271,1.0000050527695,22327.6862117486
"GMST","first_difference",272,1.00012441390697,22478.9286985691
"GMST","first_difference",273,1.0000419704157,21367.7038349015
"GMST","first_difference",274,1.00009359239078,21687.4736645647
"GMST","first_difference",275,1.00015454768536,22926.3980373331
"GMST","first_difference",276,1.00020741053224,23653.5848869835
"GMST","first_difference",277,1.00023045500878,24000
"GMST","first_difference",278,1.00027274765094,22876.5193796467
"GMST","first_difference",279,1.0000656679905,23216.7401676652
"GMST","first_difference",280,1.00013051517382,22396.2158884036
"GMST","first_difference",281,1.00011287246386,21099.2281689978
"GMST","first_difference",282,0.999996793456114,19767.7951756274
"GMST","first_difference",283,1.00007246408784,20774.0233127441
"GMST","first_difference",284,1.00016753004908,20186.3541028556
"GMST","first_difference",285,1.00013378908503,20990.9967942285
"GMST","first_difference",286,0.99990914286364,18599.1512732999
"GMST","first_difference",287,0.999964374693826,19735.595007989
"GMST","first_difference",288,1.00011425269681,17925.387678649
"GMST","first_difference",289,1.0001093558083,18708.3932733312
"GMST","first_difference",290,1.0001480145459,16664.0159193914
"GMST","first_difference",291,1.00012052605945,19195.0049463077
"GMST","first_difference",292,1.00008291089043,19507.447451568
"GMST","first_difference",293,1.00025294247205,21073.2084959006
"GMST","first_difference",294,1.00007452119871,20526.6341926948
"GMST","first_difference",295,1.00025472848304,20882.8092922276
"GMST","first_difference",296,0.999999367001512,20494.0360549853
"GMST","first_difference",297,1.00000893701108,21683.1169755817
"GMST","first_difference",298,0.999942270854358,22914.3219016984
"GMST","first_difference",299,1.00000186439015,22202.2150067944
"GMST","first_difference",300,0.999969681447389,21498.928825456
"GMST","first_difference",301,1.00005243572131,22668.0247310072
"GMST","first_difference",302,1.00013158135729,23044.6887632212
"GMST","first_difference",303,1.00004360592813,24000
"GMST","first_difference",304,1.00007340886837,22400.1684721721
"GMST","first_difference",305,1.00005893536782,22973.4268957058
"GMST","first_difference",306,0.999969495092695,23190.1964320486
"GMST","first_difference",307,0.999996577842508,25247.9887961259
"GMST","first_difference",308,1.00014492485073,22171.5662367135
"GMST","first_difference",309,1.00025015609067,23152.8694687092
"GMST","first_difference",310,1.00005693437014,23749.4528157674
"GMST","first_difference",311,1.00000772759077,23301.9212088529
"GMST","first_difference",312,0.999999735495843,24625.2874433333
"GMST","first_difference",313,1.00012676479512,23195.5633940468
"GMST","first_difference",314,1.0002522410406,22074.6581061974
"GMST","first_difference",315,1.00021527256907,23439.3532663815
"GMST","first_difference",316,1.00007481388086,21831.7290985581
"GMST","first_difference",317,1.00021056162407,24465.9905813674
"GMST","first_difference",318,1.00006122203739,23450.6082247215
"GMST","first_difference",319,1.00005822541929,24000
"GMST","first_difference",320,1.00000069189508,22955.0425704137
"GMST","first_difference",321,1.00023832688341,23381.4553830757
"GMST","first_difference",322,1.000230908403,23759.5818455618
"GMST","first_difference",323,1.00002540593052,23590.1997127793
"GMST","first_difference",324,1.00001759324069,22252.1207516294
"GMST","first_difference",325,0.999961395512183,24000
"GMST","first_difference",326,1.00010095195791,23539.4027152953
"GMST","first_difference",327,1.00001534837008,24000
"GMST","first_difference",328,0.999962870489324,24000
"GMST","first_difference",329,0.99996917065351,22480.1964324734
"GMST","first_difference",330,1.00007637785745,22382.6067892503
"GMST","first_difference",331,1.00011325015064,21933.0553189218
"GMST","first_difference",332,1.00019165309393,22391.5517564879
"GMST","first_difference",333,1.00003138692862,21652.6773513219
"GMST","first_difference",334,1.00029458443247,21120.0238507954
"GMST","first_difference",335,0.999932537232836,18281.5263275578
"GMST","first_difference",336,1.00012229760949,16397.6760225763
"GMST","first_difference",337,1.00010958485337,16188.2572468928
"GMST","first_difference",338,1.00027427872645,16795.8098713962
"GMST","first_difference",339,1.0000433041689,13278.6934310322
"GMST","first_difference",340,1.00001050152723,12033.3892656811
"GMST","first_difference",341,0.999958893972515,15674.711959256
"GMST","first_difference",342,1.00014955489559,15828.2346395394
"GMST","first_difference",343,1.00002585012898,16966.1008624805
"GMST","first_difference",344,0.99990385833828,15807.4032787924
"GMST","first_difference",345,0.999959504775588,16764.706002604
"GMST","first_difference",346,1.00016909282758,16752.0225254547
"GMST","first_difference",347,1.00046853724381,16049.8573934531
"GMST","first_difference",348,1.00011039628527,18169.9533838826
"GMST","first_difference",349,1.00003191028376,14982.1109562067
"GMST","first_difference",350,1.00000564230305,15783.1195889806
"GMST","first_difference",351,1.00032491476856,14622.7190357498
"GMST","first_difference",352,1.00023554927521,12571.9228105811
"GMST","first_difference",353,1.00043430198251,13668.9440253575
"GMST","first_difference",354,1.00045684244061,13114.6943199581
"GMST","first_difference",355,1.00025483548279,13006.4154457016
"GMST","first_difference",356,1.00039689016768,12866.680537185
"GMST","first_difference",357,1.00023502347257,13467.3496661179
"GMST","first_difference",358,1.00014881174278,14689.0708429597
"GMST","first_difference",359,1.00018513701856,16893.2447490925
"GMST","first_difference",360,1.0001822865566,16592.562436891
"GMST","first_difference",361,1.00020655069505,15082.8457235239
"GMST","first_difference",362,1.00047268825608,17078.4435803503
"GMST","first_difference",363,1.00023005183029,17582.6882089129
"GMST","first_difference",364,1.0001892526956,18040.2020781498
"GMST","first_difference",365,1.00010528962004,18750.6512104725
"GMST","first_difference",366,1.00029614511803,20642.6109794422
"GMST","first_difference",367,1.00008410555954,19605.7855107075
"GMST","first_difference",368,1.00016626887847,20188.5500586422
"GMST","first_difference",369,1.00008667180584,18400.9326207636
"GMST","first_difference",370,0.999994479459271,16971.4465873427
"GMST","first_difference",371,1.0000732206153,18184.715586062
"GMST","first_difference",372,1.00016996225449,18933.0595951596
"GMST","first_difference",373,0.999984854221587,18476.9149112897
"GMST","first_difference",374,1.00003379779567,17087.4343293841
"GMST","first_difference",375,1.00000760755097,17477.3161570273
"GMST","first_difference",376,1.00012754746316,18244.504114072
"GMST","first_difference",377,0.999946371768238,15584.5915764086
"GMST","first_difference",378,1.00025686502566,17227.275878594
"GMST","first_difference",379,1.00019139034092,17894.1802144143
"GMST","first_difference",380,0.999966499367387,16532.9214270969
"GMST","first_difference",381,1.00017972587079,17108.0957776864
"GMST","first_difference",382,1.00013215726362,17815.6828398104
"GMST","first_difference",383,1.0001156792496,18370.4919932937
"GMST","first_difference",384,1.00009017535774,19315.5163830222
"GMST","first_difference",385,1.00008714183742,18965.575062075
"GMST","first_difference",386,1.00039971826331,19965.8618055741
"GMST","first_difference",387,1.00003525942986,18468.357902893
"GMST","first_difference",388,1.00040371355164,18424.8978003057
"GMST","first_difference",389,1.00006153783029,20502.0415698037
"GMST","first_difference",390,1.00015516595771,22247.1777015007
"GMST","first_difference",391,0.999996961030055,21145.7199810564
"GMST","first_difference",392,1.00031108918211,20473.2343163644
"GMST","first_difference",393,1.00020300438632,22357.8453542016
"GMST","first_difference",394,1.00000755518561,21543.4224679168
"GMST","first_difference",395,1.0000213290443,20815.892972593
"GMST","first_difference",396,1.0000316975952,20532.6084884776
"GMST","first_difference",397,0.999978739137356,22179.754998048
"GMST","first_difference",398,1.00015517148772,20534.7074921121
"GMST","first_difference",399,1.0000318646472,20156.224239874
"GMST","first_difference",400,1.00006800190576,19490.5524899086
"GMST","first_difference",401,1.00005995819033,18631.5376837102
"GMST","first_difference",402,1.00005686114424,20081.0568311554
"GMST","first_difference",403,1.00006700065957,19987.0953580558
"GMST","first_difference",404,1.00022542084844,20211.4777641037
"GMST","first_difference",405,0.99997953838419,20151.6925949034
"GMST","first_difference",406,1.00016831611069,17470.0970632747
"GMST","first_difference",407,1.00020652103493,18017.3679485354
"GMST","first_difference",408,1.00005827397219,19829.0147286936
"GMST","first_difference",409,1.00026212084891,20280.6688634132
"GMST","first_difference",410,1.00011951150036,16641.3389771365
"GMST","first_difference",411,1.00015811246849,18999.0910012643
"GMST","first_difference",412,1.00017896710746,19036.9230587975
"GMST","first_difference",413,1.00014813199221,17945.6267202056
"GMST","first_difference",414,0.999985540738381,19432.4816158481
"GMST","first_difference",415,1.00012911093015,19988.0045551423
"GMST","first_difference",416,1.00020712179864,17538.7923501999
"GMST","first_difference",417,1.00003733986887,16585.5075757444
"GMST","first_difference",418,0.999937239859149,18204.0515453963
"GMST","first_difference",419,1.00025987923442,18248.6928782165
"GMST","first_difference",420,1.00005566345853,19760.7509651931
"GMST","first_difference",421,1.00005823089061,17647.1546114177
"GMST","first_difference",422,1.00017724768948,19460.0664298052
"GMST","first_difference",423,1.00001023764751,20176.5227205562
"GMST","first_difference",424,1.00010022265486,19186.1486299332
"GMST","first_difference",425,1.00008851971631,19091.0216162274
"GMST","first_difference",426,0.999983600120182,21521.136779994
"GMST","first_difference",427,1.00007534321316,21046.2148023148
"GMST","first_difference",428,0.999945802349138,21040.078463304
"GMST","first_difference",429,1.00021189154802,20984.8544214695
"GMST","first_difference",430,1.00011432600567,20270.1981017157
"GMST","first_difference",431,1.00010814218522,20140.2908281138
"GMST","first_difference",432,1.00029890060389,20497.4843911492
"GMST","first_difference",433,1.00006499792617,19838.0965620456
"GMST","first_difference",434,1.00002813662846,19943.1593516997
"GMST","first_difference",435,1.00056529077408,20455.2896594596
"GMST","first_difference",436,1.00014407360796,20457.4273809021
"GMST","first_difference",437,0.999956063612383,20331.0895658281
"GMST","first_difference",438,1.00010875139228,19505.9631092675
"GMST","first_difference",439,1.00023892067471,17064.0102248201
"GMST","first_difference",440,0.999989448715016,17593.4797504503
"GMST","first_difference",441,1.00014398210929,17428.9516376876
"GMST","first_difference",442,1.00015286372562,17064.3136731494
"GMST","first_difference",443,1.00005551375868,16814.8780423316
"GMST","first_difference",444,1.00021731155043,17649.9761841653
"GMST","first_difference",445,1.00026878058075,17498.3217345406
"GMST","first_difference",446,1.00007139977581,18481.9943398975
"GMST","first_difference",447,1.00035527003568,16819.8776317596
"GMST","first_difference",448,1.00031622976629,18728.4991904455
"GMST","first_difference",449,1.00018149335507,18569.2899906994
"GMST","first_difference",450,1.00031649044342,17835.4433300438
"GMST","first_difference",451,1.00013053404477,18331.507052568
"GMST","first_difference",452,1.00017316985102,18998.3022463679
"GMST","first_difference",453,1.0000436241089,20839.8964468059
"GMST","first_difference",454,0.999944119435351,19614.0908340914
"GMST","first_difference",455,1.00002145472711,20936.9612394544
"GMST","first_difference",456,1.00007899865091,20264.7534083885
"GMST","first_difference",457,0.999990797289353,20534.4782144387
"GMST","first_difference",458,1.00025964311063,17907.965226622
"GMST","first_difference",459,1.00005378133929,18215.4330427704
"GMST","first_difference",460,1.00038179373906,18841.3729857704
"GMST","first_difference",461,1.00000909009224,19048.6720526391
"GMST","first_difference",462,1.00044601220053,17255.1229383794
"GMST","first_difference",463,1.00017691872563,18558.8341237465
"GMST","first_difference",464,1.0000729475483,18831.3995536268
"GMST","first_difference",465,1.00004988774565,17915.2195505709
"GMST","first_difference",466,1.00085197876485,15930.4258812665
"GMST","first_difference",467,1.00015128021613,15946.5667539018
"GMST","first_difference",468,1.00019229189861,14355.0955747229
"GMST","first_difference",469,1.00023626927094,11805.6109155394
"GMST","first_difference",470,1.00047683451089,11724.6035981455
"GMST","first_difference",471,1.00037163718142,11804.6089542116
"GMST","first_difference",472,1.00061936375939,13338.0669910679
"GMST","first_difference",473,1.00030449822095,18710.5519454913
"GMST","first_difference",474,0.999968933194566,17782.6469531542
"GMST","first_difference",475,0.999892446929745,21186.5823673828
"GMST","first_difference",476,1.00003339200856,21822.8766345765
"GMST","first_difference",477,1.00000349202115,23628.700242213
"GMST","first_difference",478,1.00013650466943,22298.8913926618
"GMST","first_difference",479,1.00002794315773,22994.9393489739
"GMST","first_difference",480,1.00005424832472,23231.2307155127
"GMST","first_difference",481,1.00009373579068,20727.7589253511
"GMST","first_difference",482,1.00005356476274,23387.9024224971
"GMST","first_difference",483,1.00012121235541,21894.9803928064
"GMST","first_difference",484,1.00025372045704,21389.6775611872
"GMST","first_difference",485,1.00002666602238,22819.5149794153
"GMST","first_difference",486,0.999978372660794,23509.9120860803
"GMST","first_difference",487,1.00005834010424,23665.9095443997
"GMST","first_difference",488,1.00015648259832,23118.47380439
"GMST","first_difference",489,0.999977377578441,23456.5585297245
"GMST","first_difference",490,0.999918112406529,23780.3065432009
"GMST","first_difference",491,1.00000142490358,22787.2936383691
"GMST","first_difference",492,0.99998121472383,23728.1494286503
"GMST","first_difference",493,1.00005353176194,23527.3040043165
"GMST","first_difference",494,0.999975526172536,24000
"GMST","first_difference",495,1.00008246861739,23739.6633554197
"GMST","first_difference",496,0.999926478442441,23137.2996627208
"GMST","first_difference",497,0.999979076800967,24823.206847275
"GMST","first_difference",498,0.999957220956764,23668.3129701225
"GMST","first_difference",499,1.00022427187195,24000
"GMST","first_difference",500,1.00015634165889,23447.2926942619
"GMST","first_difference",501,1.00006121647188,23647.6460357728
"GMST","first_difference",502,1.00011124552092,23723.9271153095
"GMST","first_difference",503,1.0000328199014,22862.3541291051
"GMST","first_difference",504,0.999969304695113,23582.5977328017
"GMST","first_difference",505,0.99999327341239,22781.4810188422
"GMST","first_difference",506,1.00001180622057,23191.5125334481
"GMST","first_difference",507,1.0001152971482,23616.8253708897
"GMST","first_difference",508,1.00011480479154,23573.3240816791
"GMST","first_difference",509,1.00001435103083,23000.6834096209
"GMST","first_difference",510,0.999989282313832,22297.0647820247
"GMST","first_difference",511,1.00011977542336,22127.4921250859
"GMST","first_difference",512,0.999990738815017,22870.6092936853
"GMST","first_difference",513,1.0000554859604,23417.183800572
"GMST","first_difference",514,0.999998420168385,23055.297292625
"GMST","first_difference",515,1.00008284801009,21426.6499566081
"GMST","first_difference",516,0.999965473255361,22673.9906283489
"GMST","first_difference",517,0.999969048195622,22591.3004892926
"GMST","first_difference",518,1.00009245292208,22194.8682445693
"GMST","first_difference",519,1.00016289117269,22586.9649635461
"GMST","first_difference",520,1.00012383354489,22289.7532559563
"GMST","first_difference",521,1.00007983185199,22871.6139598922
"GMST","first_difference",522,1.00000441602807,23614.8538954275
"GMST","first_difference",523,1.00002295629047,21655.178356652
"GMST","first_difference",524,1.00001339637984,22120.2088443976
"GMST","first_difference",525,1.00007206987992,22001.5382559878
"GMST","first_difference",526,0.999971596226981,23664.2291724838
"GMST","first_difference",527,1.00002349133487,22192.75219148
"GMST","first_difference",528,0.999993264249799,21789.5158833045
"GMST","first_difference",529,0.999989925065071,18638.2418338518
"GMST","first_difference",530,1.00002604905385,20516.5475182106
"GMST","first_difference",531,1.00020782022776,21576.3899228397
"GMST","first_difference",532,1.00022770079186,20836.0852623768
"GMST","first_difference",533,0.999975077380814,18989.7806617917
"GMST","first_difference",534,1.00022459354754,16536.9776518095
"GMST","first_difference",535,1.00048539628831,13641.9192922142
"GMST","first_difference",536,1.00032204390474,12207.2247895286
"GMST","first_difference",537,1.00019910406659,12558.6121436375
"GMST","first_difference",538,1.00031709054275,14482.5383882958
"GMST","first_difference",539,1.00002693394121,20235.9810402865
"BWT","raw",1,0.999961685226609,25024.3503048453
"BWT","raw",2,0.99998351335618,24000
"BWT","raw",3,0.999897611556803,23072.0758101161
"BWT","raw",4,0.999902065572319,23539.690756909
"BWT","raw",5,0.999945049794734,22609.0963965832
"BWT","raw",6,1.00006017428975,23239.8696354539
"BWT","raw",7,0.999957276225434,23122.5081547944
"BWT","raw",8,0.999967317630624,22982.8404347195
"BWT","raw",9,1.000020131908,24972.705420566
"BWT","raw",10,1.00008098081945,24406.7772024722
"BWT","raw",11,1.00007398446842,24726.3269192988
"BWT","raw",12,1.00005470337222,24421.144807888
"BWT","raw",13,1.00006718296485,24265.7828764929
"BWT","raw",14,1.00001056879294,24027.5650524791
"BWT","raw",15,0.999939485664151,24242.3305289143
"BWT","raw",16,0.999940801460085,24260.3963095191
"BWT","raw",17,0.999923590168901,24000
"BWT","raw",18,1.00001711410979,23375.7424775207
"BWT","raw",19,1.0001496102128,25211.5900381458
"BWT","raw",20,1.00028895059371,24000
"BWT","raw",21,1.0002186507742,23422.1863818556
"BWT","raw",22,1.00012581134819,23671.0485325989
"BWT","raw",23,1.00015843834278,24065.3699386397
"BWT","raw",24,1.00006296489918,24228.5504211634
"BWT","raw",25,1.00007692248761,23649.2176303795
"BWT","raw",26,1.00001226435367,24307.7746789706
"BWT","raw",27,0.999949285091538,24775.6356683552
"BWT","raw",28,0.999915524854795,24635.8399604805
"BWT","raw",29,0.999958877329476,24072.6285680621
"BWT","raw",30,0.999990807761702,23632.2988371871
"BWT","raw",31,0.999988347940238,24000
"BWT","raw",32,0.999956671809886,24571.0163303604
"BWT","raw",33,0.999931574829356,23949.5197948424
"BWT","raw",34,0.999991622494099,23936.6686848962
"BWT","raw",35,0.999896692624382,24000
"BWT","raw",36,0.999908634189665,24000
"BWT","raw",37,0.999946087953265,24000
"BWT","raw",38,1.00003370292411,24000
"BWT","raw",39,0.999986247540043,23996.7651135735
"BWT","raw",40,1.00004925309111,23376.2295437604
"BWT","raw",41,0.999968178468273,23746.4702043026
"BWT","raw",42,0.999979098542435,24000
"BWT","raw",43,0.99998915170607,24000
"BWT","raw",44,1.00001357605733,24000
"BWT","raw",45,1.00038438639911,23603.4625242252
"BWT","raw",46,1.00011521918896,23808.7954508702
"BWT","raw",47,1.00005161243266,23947.1031907208
"BWT","raw",48,1.00003424213748,23610.8961940649
"BWT","raw",49,0.99995482901957,23464.7654499887
"BWT","raw",50,0.999951408415684,24278.6129785603
"BWT","raw",51,0.999985185098206,24000
"BWT","raw",52,1.00007883783469,24000
"BWT","raw",53,1.00011262246678,24000
"BWT","raw",54,1.00032959255803,24328.0033678429
"BWT","raw",55,0.999983858613987,24599.8602199387
"BWT","raw",56,0.999986584970173,24576.2884065262
"BWT","raw",57,0.999993225038786,24409.6080696479
"BWT","raw",58,1.00008849484731,24266.3035053806
"BWT","raw",59,1.00010614772852,23567.3040506591
"BWT","raw",60,1.00003952341881,24411.0349310231
"BWT","raw",61,1.00008073623396,24259.1352089381
"BWT","raw",62,1.00002855761473,23072.4082898253
"BWT","raw",63,1.00004670998646,24000
"BWT","raw",64,1.00002282967847,24000
"BWT","raw",65,1.00009321879829,23265.4158882111
"BWT","raw",66,1.00009006580226,24269.0134559738
"BWT","raw",67,1.00011493142657,24375.4004199415
"BWT","raw",68,1.00002255626545,23750.7923383109
"BWT","raw",69,1.00007739551368,23662.180618328
"BWT","raw",70,0.999932253528411,23618.6767603033
"BWT","raw",71,1.00007849959624,23775.4561733807
"BWT","raw",72,1.00004050619441,23627.3035740967
"BWT","raw",73,0.999999251801986,24310.6810599868
"BWT","raw",74,1.00012851423052,24448.8830609939
"BWT","raw",75,0.999967639398046,24243.6042454614
"BWT","raw",76,0.999950455895249,23528.9071426902
"BWT","raw",77,1.00008238050903,25368.3966310406
"BWT","raw",78,0.999994637648174,23688.9404619522
"BWT","raw",79,0.999955416646743,24199.7695798898
"BWT","raw",80,0.999959303808645,24000
"BWT","raw",81,1.00014280549479,24000
"BWT","raw",82,1.00002549210867,23866.2780767141
"BWT","raw",83,0.999993874971908,24000
"BWT","raw",84,0.999968251690303,24000
"BWT","raw",85,1.00001625280787,23126.0038344167
"BWT","raw",86,0.999994651058929,22855.8847030473
"BWT","raw",87,0.999968087350788,24289.385351795
"BWT","raw",88,0.999978120770572,23689.7290041093
"BWT","raw",89,0.999918381176575,23340.6980450535
"BWT","raw",90,0.999960395413124,23357.8253596883
"BWT","raw",91,1.00001602603397,24000
"BWT","raw",92,1.00001570954436,23688.8369026941
"BWT","raw",93,1.00007490209053,24304.3041114198
"BWT","raw",94,1.00005765091802,23855.1956203308
"BWT","raw",95,1.00010985608675,24000
"BWT","raw",96,1.00006956934725,24000
"BWT","raw",97,0.999964320730452,24000
"BWT","raw",98,1.00000977391338,25654.2605868066
"BWT","raw",99,0.999929831101226,24000
"BWT","raw",100,1.00003031968938,23946.3802745628
"BWT","raw",101,1.00007070642625,23839.3245122945
"BWT","raw",102,1.00010142290293,23680.4576541888
"BWT","raw",103,1.00021246287014,23736.8528512022
"BWT","raw",104,1.00005446072857,23756.7838818768
"BWT","raw",105,1.00029534463463,24000
"BWT","raw",106,1.0000128550257,24000
"BWT","raw",107,0.999910194547841,24251.1808170591
"BWT","raw",108,0.999982082740423,23510.9139602272
"BWT","raw",109,0.999969450983375,25162.4790118865
"BWT","raw",110,1.00009430420517,24273.3131899231
"BWT","raw",111,1.00003169143797,24000
"BWT","raw",112,0.999987941199155,24829.4058428677
"BWT","raw",113,1.00007583423511,24000
"BWT","raw",114,1.00001962209004,24231.0037126026
"BWT","raw",115,0.999959900057892,24000
"BWT","raw",116,1.00020629350973,23576.6367782132
"BWT","raw",117,1.00031380195337,24000
"BWT","raw",118,1.00003755568462,24000
"BWT","raw",119,0.999935860956221,24000
"BWT","raw",120,0.999967692651017,23760.2909625129
"BWT","raw",121,0.999935310037028,23305.477767026
"BWT","raw",122,1.00001011539704,23850.0358129036
"BWT","raw",123,0.99999828419391,23824.252698665
"BWT","raw",124,0.999904125953232,24371.532084024
"BWT","raw",125,0.999907856976698,24000
"BWT","raw",126,0.999911733184941,24238.7035396587
"BWT","raw",127,0.999955494258906,24000
"BWT","raw",128,0.999990708280566,24000
"BWT","raw",129,0.999989536933873,24287.3265040313
"BWT","raw",130,1.0000120536979,24513.3935737142
"BWT","raw",131,0.999992286512901,24585.3828716192
"BWT","raw",132,1.00025386374181,24306.7456010994
"BWT","raw",133,1.0000447710166,24954.3058754725
"BWT","raw",134,1.00016803268833,24971.9400183172
"BWT","raw",135,1.00015711598179,24840.5871160898
"BWT","raw",136,1.00021702129073,24579.6738857946
"BWT","raw",137,1.00010208049483,24388.6322611905
"BWT","raw",138,1.00008400851637,24171.4722181329
"BWT","raw",139,0.999978328671981,24407.0580229793
"BWT","raw",140,0.999977905036714,23853.0816744553
"BWT","raw",141,0.999951705917257,24233.0620477049
"BWT","raw",142,1.00000455503801,24303.3575540702
"BWT","raw",143,1.00001452650862,24355.4178257902
"BWT","raw",144,0.999948140050691,24000
"BWT","raw",145,1.0000149045707,24000
"BWT","raw",146,1.00011104327042,24000
"BWT","raw",147,1.0000950072025,22739.4208398503
"BWT","raw",148,1.00000731684624,24236.7371764347
"BWT","raw",149,1.00005502193106,23968.987705585
"BWT","raw",150,1.00007335494299,23751.0717806561
"BWT","raw",151,1.00000825511531,23988.6694242818
"BWT","raw",152,1.00013009012517,24110.7804808382
"BWT","raw",153,0.999921510717686,23723.929299973
"BWT","raw",154,0.999938950432211,23503.1471399201
"BWT","raw",155,0.999911089463569,23841.7440308659
"BWT","raw",156,0.999978544619167,23762.5627043519
"BWT","raw",157,0.99991745253455,23498.619051954
"BWT","raw",158,0.999997507764687,24000
"BWT","raw",159,0.999916775523035,23949.2837314768
"BWT","raw",160,0.999961511332176,24062.3794596639
"BWT","raw",161,0.999903033567292,24000
"BWT","raw",162,0.999903805409344,23519.1813530786
"BWT","raw",163,0.999952500229892,23923.9705365481
"BWT","raw",164,1.00006564774687,24000
"BWT","raw",165,1.00001800552822,24000
"BWT","raw",166,1.00004272551135,24000
"BWT","raw",167,1.00013216961772,24280.6214507867
"BWT","raw",168,1.00008105106447,23391.7855056235
"BWT","raw",169,1.0000682839894,24000
"BWT","raw",170,1.00014535574931,24000
"BWT","raw",171,1.00010896267381,24000
"BWT","raw",172,1.00003798902199,24275.0719525027
"BWT","raw",173,0.999926031178348,23395.1667776904
"BWT","raw",174,1.00009125770965,23764.1859060813
"BWT","raw",175,1.00010024452612,24000
"BWT","raw",176,1.00028244027955,24000
"BWT","raw",177,1.00023505512037,24333.211518284
"BWT","raw",178,1.00001192455735,24000
"BWT","raw",179,1.00000267560818,23738.2292491394
"BWT","raw",180,1.00004934465573,24609.8273572599
"BWT","raw",181,1.00012211512075,24149.7411266094
"BWT","raw",182,1.00011468810934,24186.1173279609
"BWT","raw",183,1.00006924581366,24101.3482002406
"BWT","raw",184,1.00008832678451,24240.4549795798
"BWT","raw",185,1.00009239666207,24000
"BWT","raw",186,1.0000536043314,24000
"BWT","raw",187,1.00007168842796,24229.5836268555
"BWT","raw",188,0.999996412302658,24130.7772473659
"BWT","raw",189,1.00000789515519,24466.4998635244
"BWT","raw",190,1.00006124413708,24595.6954472586
"BWT","raw",191,0.999989499372598,23937.6338846091
"BWT","raw",192,1.00002403832968,25069.9258605999
"BWT","raw",193,0.999941080331714,23215.6150270863
"BWT","raw",194,0.999937869988149,23715.0776167
"BWT","raw",195,0.999947117847756,23756.554269066
"BWT","raw",196,0.999922890941339,22659.4993037573
"BWT","raw",197,1.00001357067718,23334.490196833
"BWT","raw",198,0.999946674123353,23533.3156621702
"BWT","raw",199,0.999931950836109,24039.6909429668
"BWT","raw",200,1.00003529039928,24001.4082971138
"BWT","raw",201,1.00005535603478,24184.6587371256
"BWT","raw",202,0.999980466378893,24564.6232694294
"BWT","raw",203,0.999969568546378,24000
"BWT","raw",204,0.999983214005681,24000
"BWT","raw",205,0.999996908363143,24000
"BWT","raw",206,0.999924785614836,23476.7149195993
"BWT","raw",207,0.999935015138014,23355.4567504469
"BWT","raw",208,1.00000289571812,23136.4553000951
"BWT","raw",209,1.00002224969395,23642.5228270549
"BWT","raw",210,1.00008135119569,23800.2735233363
"BWT","raw",211,1.0001895254714,24012.4889716062
"BWT","raw",212,1.00016550933132,23623.9694132272
"BWT","raw",213,1.00010485859903,22753.2216776658
"BWT","raw",214,0.999980159228158,23955.7555013529
"BWT","raw",215,1.00013538055141,24087.9575797163
"BWT","raw",216,1.00015641353358,24441.4825315553
"BWT","raw",217,1.00017182959571,24472.7963323019
"BWT","raw",218,1.00011220760638,24419.6254746198
"BWT","raw",219,1.00010529970701,23983.5281276162
"BWT","raw",220,1.00007268194181,23365.3500593346
"BWT","raw",221,0.999981676466016,24130.2232062567
"BWT","raw",222,0.999971352868622,23870.4399584811
"BWT","raw",223,1.00003311448037,24197.6531405285
"BWT","raw",224,1.00000713883879,23667.088488948
"BWT","raw",225,0.999988962504617,24128.5484051095
"BWT","raw",226,1.00005059305956,23864.102184488
"BWT","raw",227,1.00001007975067,24000
"BWT","raw",228,0.999994591835779,24000
"BWT","raw",229,1.00003106021804,24250.9854593094
"BWT","raw",230,1.00022725390993,24363.5894682737
"BWT","raw",231,0.999997592619674,24360.6567705275
"BWT","raw",232,0.999968349235507,24494.7203638946
"BWT","raw",233,0.999902681545738,24400.4873271086
"BWT","raw",234,0.999913270990579,24000
"BWT","raw",235,0.999922352457621,24000
"BWT","raw",236,1.00010806098408,23092.4495088912
"BWT","raw",237,1.00006858179382,22943.7565400829
"BWT","raw",238,1.00008497128336,24356.0803884318
"BWT","raw",239,1.00004931344376,25981.9389346995
"BWT","raw",240,1.00002084019811,24000
"BWT","raw",241,0.999953260981749,24298.2711861237
"BWT","raw",242,0.999961764583104,24204.5335323067
"BWT","raw",243,1.00006415660649,24000.0000000001
"BWT","raw",244,1.00001577479207,24233.9184987166
"BWT","raw",245,1.00015667433403,24226.1265967257
"BWT","raw",246,1.00010709390517,24000.0000000001
"BWT","raw",247,1.00009312879181,24000
"BWT","raw",248,1.0000158020879,24000
"BWT","raw",249,1.00001470088687,24022.114420362
"BWT","raw",250,1.00009583546722,24317.1225879725
"BWT","raw",251,1.00031017095583,24223.4570097343
"BWT","raw",252,1.0001968093653,24000
"BWT","raw",253,1.00009879550588,24194.9760569973
"BWT","raw",254,1.00006551621411,23425.5368959432
"BWT","raw",255,1.00036718531485,24544.8054194513
"BWT","raw",256,1.00008341996333,24000
"BWT","raw",257,1.00002366996043,24076.713417915
"BWT","raw",258,0.999982899170903,24122.4150342056
"BWT","raw",259,0.999989215151969,24431.0597865318
"BWT","raw",260,1.00005552290216,24209.0649442555
"BWT","raw",261,1.00012580135905,24000
"BWT","raw",262,0.999983012583324,24334.9711261418
"BWT","raw",263,0.999965052314028,24015.2339508678
"BWT","raw",264,0.999995365971094,24286.8628488877
"BWT","raw",265,0.999949581793918,24070.6006869671
"BWT","raw",266,1.00002661293124,24537.6588471577
"BWT","raw",267,1.00002089311884,24160.019311373
"BWT","raw",268,1.00000740431122,23581.1432376851
"BWT","raw",269,1.0000352576194,24254.1606132635
"BWT","raw",270,1.00002912507229,24499.1374744245
"BWT","raw",271,1.00011945687594,25912.2657633986
"BWT","raw",272,1.00006043383995,24825.8552596329
"BWT","raw",273,0.999997938044083,25665.9700544938
"BWT","raw",274,0.999974030129655,25114.2544586295
"BWT","raw",275,1.00001813794042,23477.9907940954
"BWT","raw",276,1.00004797312479,22861.0519554396
"BWT","raw",277,1.00005844957289,23515.6864257094
"BWT","raw",278,0.999969448340026,23314.3747697582
"BWT","raw",279,1.0000202116817,23907.0083725785
"BWT","raw",280,0.999944268038311,23909.6024717436
"BWT","raw",281,1.00003422118415,24000
"BWT","raw",282,0.999963076042165,24000
"BWT","raw",283,0.999967182705297,24063.003906623
"BWT","raw",284,0.999998577837051,24000
"BWT","raw",285,1.00000357590333,23926.979787297
"BWT","raw",286,1.00006992231318,24464.7624461882
"BWT","raw",287,1.00008650118651,24465.2399620917
"BWT","raw",288,0.999980769798474,24075.8197258437
"BWT","raw",289,1.00004998428826,23931.2320604154
"BWT","raw",290,0.999933740266996,25201.4743901507
"BWT","raw",291,1.00003473662844,24000
"BWT","raw",292,1.00012643550844,24000
"BWT","raw",293,1.00009154114737,24000
"BWT","raw",294,1.00003841943076,24000
"BWT","raw",295,0.999958961761792,24000
"BWT","raw",296,1.00016922526569,24000
"BWT","raw",297,1.00012486113535,23937.3175550278
"BWT","raw",298,1.00006939953214,24231.8581861435
"BWT","raw",299,0.999968550933049,23536.3021044611
"BWT","raw",300,0.999943194036451,24407.5088341134
"BWT","raw",301,0.999941750487477,24000
"BWT","raw",302,0.999980885773579,24266.2933282239
"BWT","raw",303,0.999962223772894,23691.2468948485
"BWT","raw",304,1.00001707174834,23717.6705111643
"BWT","raw",305,1.00000625515262,24000
"BWT","raw",306,1.00004670832159,23586.3738440857
"BWT","raw",307,1.0000333761677,23398.3518169476
"BWT","raw",308,0.999995985997883,24000
"BWT","raw",309,1.00014136433835,23864.7206339447
"BWT","raw",310,1.0000882933059,23668.6179573727
"BWT","raw",311,1.0000062796984,24388.7731134312
"BWT","raw",312,0.999957850715635,23756.5341256296
"BWT","raw",313,0.999953654575576,24208.5996268739
"BWT","raw",314,1.00004953927153,24793.6179240571
"BWT","raw",315,1.00017119333632,24257.7589134494
"BWT","raw",316,1.0001335587376,23824.303130662
"BWT","raw",317,1.00007025793387,23363.2561233506
"BWT","raw",318,1.00015153275925,23826.8065481918
"BWT","raw",319,1.00007075331648,24000
"BWT","raw",320,1.00003677261476,23081.2836353819
"BWT","raw",321,1.0000000187955,23362.7973004207
"BWT","raw",322,0.999927277930818,23731.3499747687
"BWT","raw",323,1.00005380027069,24000
"BWT","raw",324,0.99994543484214,23917.7638346907
"BWT","raw",325,1.00006161370967,24000
"BWT","raw",326,1.0000905843136,24000
"BWT","raw",327,1.00017696709945,23770.666651477
"BWT","raw",328,1.00013679488531,24000
"BWT","raw",329,1.00004555335691,24868.059271046
"BWT","raw",330,0.999945750720382,24328.7546926425
"BWT","raw",331,0.999954620132702,24328.1163296251
"BWT","raw",332,0.999963101861843,24251.7609732584
"BWT","raw",333,0.999997948997696,23448.5457525659
"BWT","raw",334,0.9999442111605,23779.9262401835
"BWT","raw",335,1.00003271207751,24597.5625687007
"BWT","raw",336,1.00001283248493,23833.6608883795
"BWT","raw",337,0.999968827929209,24305.1998774467
"BWT","raw",338,0.999984320285953,24000
"BWT","raw",339,0.999982781672939,24230.6440768336
"BWT","raw",340,0.999981493061261,24000
"BWT","raw",341,1.00006470208504,23090.1989846991
"BWT","raw",342,1.00002364460441,24000
"BWT","raw",343,0.999941800406814,23761.0836670264
"BWT","raw",344,0.999949309568284,24000
"BWT","raw",345,0.999987517804967,23641.3920716479
"BWT","raw",346,0.999937046006483,23455.3869258564
"BWT","raw",347,1.0000721883403,23588.4003859859
"BWT","raw",348,1.0000000551192,24580.826927019
"BWT","raw",349,0.999997993809738,23391.5457541603
"BWT","raw",350,1.00006828667136,24023.3177801507
"BWT","raw",351,1.00000210931732,24134.4685023705
"BWT","raw",352,1.00005402857821,24069.2493992004
"BWT","raw",353,1.00002261100225,24213.7301486464
"BWT","raw",354,1.00002773839043,24034.1415001575
"BWT","raw",355,0.999970295164555,23822.9415973416
"BWT","raw",356,0.99990946631981,23602.1279419783
"BWT","raw",357,0.999964730099362,23688.6366930222
"BWT","raw",358,1.00000793808526,23707.8278849094
"BWT","raw",359,0.999956291565473,24000
"BWT","raw",360,1.00002151471549,23559.5810713716
"BWT","raw",361,1.00005839297653,24381.5880807846
"BWT","raw",362,1.00003016459996,24000
"BWT","raw",363,1.00010031163118,24000
"BWT","raw",364,1.00002511625598,23358.3445567322
"BWT","raw",365,0.999978601876785,24000
"BWT","raw",366,1.00006329333634,23813.4594090418
"BWT","raw",367,1.00002991860069,24000
"BWT","raw",368,0.999968199289409,24251.8854365805
"BWT","raw",369,0.999988984539153,23437.4898285228
"BWT","raw",370,0.999994937042227,23764.1810158025
"BWT","raw",371,1.00014359275858,24000
"BWT","raw",372,1.00023039727817,24393.4636740322
"BWT","raw",373,1.00008729612487,24261.8837975268
"BWT","raw",374,1.00001429822489,23958.6433771753
"BWT","raw",375,1.00008647398486,24606.5689610037
"BWT","raw",376,1.00003264211904,24436.8036635314
"BWT","raw",377,1.00017174301573,24000
"BWT","raw",378,1.00011678297898,23556.2826031304
"BWT","raw",379,1.00022201101989,23751.8125406908
"BWT","raw",380,1.00023509173237,24000
"BWT","raw",381,1.00011219883765,24000
"BWT","raw",382,1.00016968811766,23630.0837236784
"BWT","raw",383,1.0000299820359,24326.9250163798
"BWT","raw",384,0.999970636359704,22948.5265892764
"BWT","raw",385,1.00003164854751,23279.3623322332
"BWT","raw",386,1.00021035575605,23836.351080194
"BWT","raw",387,1.00006837449471,24000
"BWT","raw",388,1.00001237192769,24000
"BWT","raw",389,0.999979977564137,23766.529845372
"BWT","raw",390,1.00001722994949,24000
"BWT","raw",391,0.999983516770652,24000
"BWT","raw",392,1.00005936760701,24000
"BWT","raw",393,1.00013556853213,24000
"BWT","raw",394,1.00006094398507,23535.7160175785
"BWT","raw",395,1.00017020930697,23710.2999671998
"BWT","raw",396,1.00019204471161,24056.287067598
"BWT","raw",397,1.00017494296826,24000
"BWT","raw",398,1.00014353425226,24022.3642035518
"BWT","raw",399,1.00001933416036,23385.724999236
"BWT","raw",400,1.00005619933812,24000
"BWT","raw",401,1.00003832505318,23044.6704639925
"BWT","raw",402,1.0000105069807,24521.1240885805
"BWT","raw",403,0.999935358907559,23740.6195201042
"BWT","raw",404,1.00003720123875,24000
"BWT","raw",405,1.00005059030576,24000
"BWT","raw",406,1.00004787401146,23752.2223295206
"BWT","raw",407,1.00023229532228,23607.8595135187
"BWT","raw",408,1.00016872736771,23571.5953742671
"BWT","raw",409,1.00007588391336,23666.2086856432
"BWT","raw",410,1.00003140199544,24073.4832196835
"BWT","raw",411,1.00016878141359,23696.1003414064
"BWT","raw",412,1.00006465897996,23658.7490651567
"BWT","raw",413,1.00004357823032,23764.0241139798
"BWT","raw",414,0.999995460489415,24000
"BWT","raw",415,0.999930384844616,23746.1955348057
"BWT","raw",416,0.999944232579311,23582.4028375981
"BWT","raw",417,1.00005431584981,23944.2434699387
"BWT","raw",418,1.00000552525022,24527.4380458565
"BWT","raw",419,1.00004170414329,23727.7819814018
"BWT","raw",420,1.00005036693803,24000
"BWT","raw",421,1.00024336380413,24000
"BWT","raw",422,1.00006496014116,23182.281613776
"BWT","raw",423,1.00007340147847,23140.2462439651
"BWT","raw",424,1.00001104682441,24000
"BWT","raw",425,1.00006046169226,24986.8423674642
"BWT","raw",426,1.00003363822421,24000
"BWT","raw",427,1.00002388654107,22766.955215288
"BWT","raw",428,1.00007483355481,23595.6288419579
"BWT","raw",429,0.999952240439447,24000
"BWT","raw",430,1.00004714367984,24250.7735294518
"BWT","raw",431,1.00001212830907,22956.1039034961
"BWT","raw",432,1.00004717010854,23884.3139045575
"BWT","raw",433,1.00008766648258,23828.9976038058
"BWT","raw",434,1.00010566200118,23617.3397138604
"BWT","raw",435,1.00016365263705,24275.8314640954
"BWT","raw",436,1.00025250832984,24556.0561933453
"BWT","raw",437,1.00003644939916,24229.6745765214
"BWT","raw",438,0.999987264081303,24279.335408288
"BWT","raw",439,1.00006861288262,24119.0658748635
"BWT","raw",440,1.00016368034487,24238.6735085184
"BWT","raw",441,1.00006097617506,24000
"BWT","raw",442,0.999986672310444,24000
"BWT","raw",443,0.999994454570106,24000
"BWT","raw",444,0.999927209447587,24000
"BWT","raw",445,1.0000352255689,24000
"BWT","raw",446,1.00002283818884,24000
"BWT","raw",447,1.00003514861265,24000
"BWT","raw",448,0.999912182110277,23518.450583272
"BWT","raw",449,0.999987665085814,23607.1244413796
"BWT","raw",450,0.999970288991331,22840.0615600124
"BWT","raw",451,0.999924417572951,24703.5438416385
"BWT","raw",452,0.999930541963663,24569.171180299
"BWT","raw",453,0.999983246460932,24042.3731179712
"BWT","raw",454,1.00014869918344,24014.5032778343
"BWT","raw",455,0.999968493829055,23792.9128362158
"BWT","raw",456,0.999942792217033,23981.7819762383
"BWT","raw",457,0.999934223808275,23779.3677479651
"BWT","raw",458,0.999976052261558,24000
"BWT","raw",459,0.999969482745099,24000
"BWT","raw",460,1.00000961339218,24000
"BWT","raw",461,1.00003346275204,24000
"BWT","raw",462,1.00005133410886,22978.1422965238
"BWT","raw",463,0.999965300875405,21592.1342531737
"BWT","raw",464,1.00008333361434,19256.6203059738
"BWT","raw",465,1.0001589278167,18910.0863619026
"BWT","raw",466,1.00017616535043,16272.4738259534
"BWT","raw",467,1.00025074955015,15069.9945463243
"BWT","raw",468,1.00039588387483,12988.3455552013
"BWT","raw",469,1.00055622704895,10517.1116051916
"BWT","raw",470,1.00063308832118,9140.40252953231
"BWT","raw",471,1.00094867574109,6208.46971074087
"BWT","raw",472,1.00118840536745,4414.73618842173
"BWT","raw",473,1.00116474419562,3347.0932259844
"BWT","raw",474,1.00098469381794,2938.37346178477
"BWT","raw",475,1.00107410554946,3164.00009432128
"BWT","raw",476,1.00161946249814,3548.62835718363
"BWT","raw",477,1.00164084823366,3664.44289123397
"BWT","raw",478,1.00132408494514,3734.94970138649
"BWT","raw",479,1.00128590065772,3863.2283049541
"BWT","raw",480,1.00174345241967,3984.62626207153
"BWT","raw",481,1.0015974458896,4084.31617361064
"BWT","raw",482,1.0015487122059,3909.34144984407
"BWT","raw",483,1.00206675590339,3946.15099713807
"BWT","raw",484,1.00183528441429,3773.7887963258
"BWT","raw",485,1.0018763806406,3370.15687021536
"BWT","raw",486,1.00207178772594,3431.82032732203
"BWT","raw",487,1.00162175065152,3367.69616071216
"BWT","raw",488,1.00132860308779,3857.07359673254
"BWT","raw",489,1.00107107587925,4705.27940848727
"BWT","raw",490,1.00106709083809,5339.56031588136
"BWT","raw",491,1.00051579912742,6038.66198876861
"BWT","raw",492,1.00051723524278,6590.27574156746
"BWT","raw",493,1.00042025333684,7850.89145719473
"BWT","raw",494,1.00045572848921,8559.90693598549
"BWT","raw",495,1.00063108148896,8811.74623530044
"BWT","raw",496,1.00061343451481,9525.85663742591
"BWT","raw",497,1.00028553911383,9037.81879498808
"BWT","raw",498,1.00010923530753,9593.89364269331
"BWT","raw",499,0.999994200497155,9333.8003095976
"BWT","raw",500,1.0001331626012,8808.59060788731
"BWT","raw",501,1.00009382060834,8982.52520412332
"BWT","raw",502,1.00002091606523,9353.10213946149
"BWT","raw",503,1.00001879049317,9743.22455416348
"BWT","raw",504,1.00011593685494,9388.880313457
"BWT","raw",505,1.00027561455156,8776.00968345168
"BWT","raw",506,1.00068968589835,7218.97283025781
"BWT","raw",507,1.00065052103291,6273.61821408544
"BWT","raw",508,1.00067716238714,6028.96104139123
"BWT","raw",509,1.00065779927076,5975.73095271246
"BWT","raw",510,1.00077398707881,5708.15624447899
"BWT","raw",511,1.00109039606107,5440.45249709489
"BWT","raw",512,1.001071386029,5330.7081746792
"BWT","raw",513,1.00142256107447,5581.72870788239
"BWT","raw",514,1.00117953482554,5505.97379864671
"BWT","raw",515,1.0010903887429,5205.27785797685
"BWT","raw",516,1.00102223987381,4924.73028033915
"BWT","raw",517,1.00096340443506,4929.19955895897
"BWT","raw",518,1.00136691818024,4980.63212017004
"BWT","raw",519,1.00106116734628,4953.65731245949
"BWT","raw",520,1.00109237292311,4807.00221106178
"BWT","raw",521,1.00093460949596,4796.39228365856
"BWT","raw",522,1.00072258745303,4589.51454581935
"BWT","raw",523,1.00085520135417,4654.68680821828
"BWT","raw",524,1.00092841462097,3860.07929570716
"BWT","raw",525,1.00108272658411,3450.63927162277
"BWT","raw",526,1.00078552857744,3092.18117077634
"BWT","raw",527,1.0006305416149,2769.39248217104
"BWT","raw",528,1.00046131117663,2640.05534125524
"BWT","raw",529,1.0004659332514,2744.05503235192
"BWT","raw",530,1.0007521107303,2341.39364222949
"BWT","raw",531,1.00097705853954,2059.74916897248
"BWT","raw",532,1.00118608238951,1938.71869996933
"BWT","raw",533,1.00117156643906,1873.22274010729
"BWT","raw",534,1.00091169511258,1481.6835116656
"BWT","raw",535,1.00113054323448,1413.76855331261
"BWT","raw",536,1.00163920041999,1322.68791962892
"BWT","raw",537,1.00266719724744,1296.14594843807
"BWT","raw",538,1.00362497506139,1274.63037817201
"BWT","raw",539,1.00390752585654,1379.41113352446
"BWT","raw",540,1.0033206692439,1619.20165955086
"BWT","centered",1,0.999977423269472,24575.0386540312
"BWT","centered",2,1.00002423967903,24000
"BWT","centered",3,0.99992664506647,22676.1130792595
"BWT","centered",4,0.999932567779589,23468.5530494997
"BWT","centered",5,1.00003915919779,22914.4396693965
"BWT","centered",6,1.00021091538423,23128.5388687253
"BWT","centered",7,0.999958765499625,23337.3431581373
"BWT","centered",8,0.999956631306045,23013.831103346
"BWT","centered",9,0.999960784794947,24729.1184247509
"BWT","centered",10,1.00002073999248,24000
"BWT","centered",11,1.00001145761416,24621.4541621575
"BWT","centered",12,1.00000461763916,24293.855639891
"BWT","centered",13,1.00006548830441,23905.9686959058
"BWT","centered",14,1.00002316462645,23800.4261703997
"BWT","centered",15,0.999947263538499,24443.0130705379
"BWT","centered",16,0.999941221133214,24000
"BWT","centered",17,0.999957070858854,24000
"BWT","centered",18,1.00004486395451,23362.4659693671
"BWT","centered",19,1.00020852272341,24000
"BWT","centered",20,1.0003374027137,23540.6644126806
"BWT","centered",21,1.00024235281358,23292.1575440789
"BWT","centered",22,1.00013145077118,23655.4981356681
"BWT","centered",23,1.00019141873043,23823.1361339967
"BWT","centered",24,1.00010948947278,24000.0000000001
"BWT","centered",25,1.00004755449406,23576.8651933619
"BWT","centered",26,0.999956820267552,24053.8270472031
"BWT","centered",27,0.999915227805414,24038.2442774252
"BWT","centered",28,0.999904777785242,24608.1134090255
"BWT","centered",29,0.999989689265648,23631.216244755
"BWT","centered",30,1.00003942654185,23518.1699108271
"BWT","centered",31,0.999985309518574,24000
"BWT","centered",32,0.999969527993412,24431.6810460424
"BWT","centered",33,0.999940529390611,23291.3580273265
"BWT","centered",34,1.0000087526743,23639.4649384153
"BWT","centered",35,0.99991599860014,24000
"BWT","centered",36,0.999924184938684,24000
"BWT","centered",37,0.999950664580111,24000
"BWT","centered",38,0.999989828693651,24485.7123931355
"BWT","centered",39,1.00001971142846,23682.8809396294
"BWT","centered",40,1.00003497044901,23655.2204774833
"BWT","centered",41,0.999989167685185,23584.7373561902
"BWT","centered",42,1.00000786842601,24000
"BWT","centered",43,1.00000498290112,24000
"BWT","centered",44,1.00003806274588,24000
"BWT","centered",45,1.0004480649376,23516.3396792764
"BWT","centered",46,1.00013182241282,23752.5415661927
"BWT","centered",47,1.00002256269078,23658.5239832003
"BWT","centered",48,1.00001089841954,23327.6804105347
"BWT","centered",49,1.00001118192958,23334.3281710712
"BWT","centered",50,0.999980262341539,24302.3370723969
"BWT","centered",51,1.00003669000833,24000
"BWT","centered",52,1.00008398063126,24000
"BWT","centered",53,1.00013207294208,24000
"BWT","centered",54,1.00015832986934,24080.3437429197
"BWT","centered",55,0.999943023136951,24530.6667489793
"BWT","centered",56,0.999967580343979,24579.1340277936
"BWT","centered",57,0.999963755900999,24447.2890654832
"BWT","centered",58,1.00004833089856,24274.3628523198
"BWT","centered",59,1.00004589868846,23703.9476404309
"BWT","centered",60,1.00000019395257,24043.5919885569
"BWT","centered",61,1.00003646216333,24293.6180555971
"BWT","centered",62,0.999985435328501,23134.0520873979
"BWT","centered",63,1.00007925622902,24089.3910000629
"BWT","centered",64,1.0000222189797,23913.8515600862
"BWT","centered",65,1.00019573332073,23384.7479863251
"BWT","centered",66,1.00004005166628,24354.5144698027
"BWT","centered",67,0.999956523826682,24379.6367205955
"BWT","centered",68,0.99999744382723,23688.9462795164
"BWT","centered",69,0.99995125019421,23646.4178045573
"BWT","centered",70,0.999923501015879,23588.8505963391
"BWT","centered",71,1.0000489315267,23406.5623383005
"BWT","centered",72,1.00004356711244,23960.367787884
"BWT","centered",73,0.999999647377398,23545.6458840131
"BWT","centered",74,1.00016556924541,23895.331201737
"BWT","centered",75,1.00000048192096,24189.0902518489
"BWT","centered",76,0.999951641789845,23442.6453927176
"BWT","centered",77,1.00012907888895,23662.52696014
"BWT","centered",78,0.99996653550185,23656.823579408
"BWT","centered",79,0.999935411305655,24100.6609197609
"BWT","centered",80,0.999987793730189,24000
"BWT","centered",81,1.00011009417075,23781.2389286002
"BWT","centered",82,0.999975417114383,24000
"BWT","centered",83,0.999986845331574,24000
"BWT","centered",84,0.999965655103364,24000
"BWT","centered",85,0.999969942351111,23081.6093756556
"BWT","centered",86,1.00000504650761,22385.8302209814
"BWT","centered",87,1.00006244709014,23212.0956012277
"BWT","centered",88,0.999949542928494,23655.2157749756
"BWT","centered",89,0.999900701377778,22839.7288935544
"BWT","centered",90,0.999946321078433,22981.4565833668
"BWT","centered",91,0.999989423439149,23236.6995060432
"BWT","centered",92,1.00008657788825,23227.9521834211
"BWT","centered",93,1.00011734567746,24064.0731711308
"BWT","centered",94,1.00007792858108,24000
"BWT","centered",95,1.00018178394799,24000
"BWT","centered",96,0.999986666787786,23773.7286792433
"BWT","centered",97,0.999966781028508,24000
"BWT","centered",98,0.999980852707602,25471.0492664611
"BWT","centered",99,0.999921689719534,24000
"BWT","centered",100,0.99994445662321,23783.7486976517
"BWT","centered",101,0.999994014391554,23802.9139260646
"BWT","centered",102,1.00005418302599,23321.0053420873
"BWT","centered",103,1.00011258005945,23767.2812517284
"BWT","centered",104,1.0000916297613,23590.1450707536
"BWT","centered",105,1.00018977477102,23873.5876713781
"BWT","centered",106,0.999986939711636,24000
"BWT","centered",107,0.999890421699904,24000
"BWT","centered",108,0.999982453980062,23389.036845892
"BWT","centered",109,0.999996600104845,25505.6755465548
"BWT","centered",110,1.00003005628436,24145.6866274287
"BWT","centered",111,1.00003432476351,24000
"BWT","centered",112,0.999961851937774,24253.2225989144
"BWT","centered",113,1.00003225496654,24000
"BWT","centered",114,1.00001946795167,24000
"BWT","centered",115,0.999958292209687,24000
"BWT","centered",116,1.0001960408863,23587.105189053
"BWT","centered",117,1.00029354802156,24251.7291050696
"BWT","centered",118,1.00000685707891,24000
"BWT","centered",119,0.999908920364249,23776.3718839259
"BWT","centered",120,0.99995826049879,23066.0505902976
"BWT","centered",121,0.999910730508744,23500.3091274904
"BWT","centered",122,1.00000320339916,23904.8492791785
"BWT","centered",123,1.00003325003448,23252.2685414997
"BWT","centered",124,0.999887008810861,24044.4479881722
"BWT","centered",125,0.999904992941593,24000
"BWT","centered",126,0.99989498784386,24000
"BWT","centered",127,0.999972769527975,24000
"BWT","centered",128,0.999998343260857,24000
"BWT","centered",129,1.0000005952317,24000
"BWT","centered",130,0.999967186954323,24000
"BWT","centered",131,0.999970517075826,24494.6671414046
"BWT","centered",132,1.00014376807578,24259.4653262846
"BWT","centered",133,1.00002994674703,24404.6287296114
"BWT","centered",134,1.00013667180954,25150.2257274333
"BWT","centered",135,1.00014287791766,24564.4619113251
"BWT","centered",136,1.00020517408222,24122.7700824716
"BWT","centered",137,1.00007844237588,23956.5906316028
"BWT","centered",138,1.00005655597694,24117.2863335623
"BWT","centered",139,1.0000067608602,26125.555763519
"BWT","centered",140,0.999935269061372,24275.1307301932
"BWT","centered",141,0.999967621041378,24267.7741820449
"BWT","centered",142,1.00002539418073,23852.246878332
"BWT","centered",143,1.00003091429615,24278.2912225418
"BWT","centered",144,0.999960453968351,24000
"BWT","centered",145,1.00002441424009,24000
"BWT","centered",146,1.0000795181287,24000
"BWT","centered",147,0.999992621192343,23436.9174261425
"BWT","centered",148,0.999959855943718,24236.7778291499
"BWT","centered",149,0.999999280354431,23940.6759673056
"BWT","centered",150,1.00002707051789,23748.7552986821
"BWT","centered",151,0.999983806678921,24009.4074699366
"BWT","centered",152,0.99998367573116,24086.6398075954
"BWT","centered",153,0.999887835221191,23095.1262040214
"BWT","centered",154,0.999918877931666,23458.490365675
"BWT","centered",155,0.999898901978188,23371.259117152
"BWT","centered",156,0.99999073834814,23747.5352230888
"BWT","centered",157,0.999918224650987,23224.2805234292
"BWT","centered",158,1.00006368898075,24000
"BWT","centered",159,0.999973131807145,23838.9983017103
"BWT","centered",160,0.999983402294931,23967.2929475071
"BWT","centered",161,0.999892241480243,23375.7935803508
"BWT","centered",162,0.999901292175506,23371.8947887627
"BWT","centered",163,0.999950119189137,23684.0679085121
"BWT","centered",164,1.00003008265537,24000
"BWT","centered",165,0.999985991184221,24000
"BWT","centered",166,0.999975091057003,23255.7397948319
"BWT","centered",167,0.99999204292768,23453.0349254684
"BWT","centered",168,1.00001160872151,23296.1675543643
"BWT","centered",169,1.00000032617221,23358.4619008245
"BWT","centered",170,1.00007692373294,24000
"BWT","centered",171,1.0000509717836,24000.0000000001
"BWT","centered",172,1.00000397974332,24228.8633553539
"BWT","centered",173,0.999927459828769,23437.4509027649
"BWT","centered",174,1.00004007686886,23599.2965715333
"BWT","centered",175,1.00006536282637,24000
"BWT","centered",176,1.00032657367392,24000
"BWT","centered",177,1.00017327945232,24483.2574255814
"BWT","centered",178,1.00018153851435,24000
"BWT","centered",179,0.999957495712883,23999.9999999999
"BWT","centered",180,1.0000402235879,24315.4245776087
"BWT","centered",181,1.00010251112828,24104.3658338651
"BWT","centered",182,1.00002910149434,24093.8838197365
"BWT","centered",183,1.00006971771732,24017.3144312815
"BWT","centered",184,1.00010914947546,24224.640468442
"BWT","centered",185,1.00004711559713,23558.3918290636
"BWT","centered",186,1.0000234948699,24000
"BWT","centered",187,1.00005089440231,24000
"BWT","centered",188,0.999984777138439,24011.8171373379
"BWT","centered",189,1.00003056129191,24408.7918772476
"BWT","centered",190,1.00011005028098,24524.3364827282
"BWT","centered",191,0.999989018035886,23825.5374658673
"BWT","centered",192,0.999993974811573,25025.5965043949
"BWT","centered",193,0.999980004050212,23683.1454855247
"BWT","centered",194,0.999978290261144,23647.9133264689
"BWT","centered",195,0.999985297382097,23744.5425908528
"BWT","centered",196,0.999952974527266,22415.0858004543
"BWT","centered",197,0.999956380034023,22958.5478020529
"BWT","centered",198,0.99994389196339,23149.9550384818
"BWT","centered",199,0.999904488459517,23783.1305417753
"BWT","centered",200,1.0000009964835,24019.4101304164
"BWT","centered",201,0.999995732021498,23848.5243194672
"BWT","centered",202,0.999950099569546,24778.071002276
"BWT","centered",203,0.999968339181652,24000
"BWT","centered",204,0.999947214298562,23593.5206325817
"BWT","centered",205,0.999959735501062,24000
"BWT","centered",206,0.999935465384914,24445.1836141936
"BWT","centered",207,0.999976579755725,23021.9923134276
"BWT","centered",208,0.999986681591759,23033.0740792921
"BWT","centered",209,1.00003469447077,22979.1457580751
"BWT","centered",210,1.00005443789744,23401.1234805243
"BWT","centered",211,1.00024201114085,23306.689171684
"BWT","centered",212,1.00023150743692,23420.7525537265
"BWT","centered",213,1.00009163932326,23054.8338937362
"BWT","centered",214,1.00001374853006,23852.7526622568
"BWT","centered",215,1.00018551334839,23956.2290981728
"BWT","centered",216,1.0001950141098,24032.7849853968
"BWT","centered",217,1.00022287383218,24368.4300595873
"BWT","centered",218,1.00010992156457,24329.3806009141
"BWT","centered",219,1.00011789698604,23944.5839789674
"BWT","centered",220,1.00010312597497,23293.7559953772
"BWT","centered",221,1.00001071178277,23474.1077667265
"BWT","centered",222,1.00002670693427,23877.6741422424
"BWT","centered",223,1.0000882219789,23575.0564118305
"BWT","centered",224,1.00003680004214,23673.0127164472
"BWT","centered",225,1.00004942278898,24206.3724912253
"BWT","centered",226,1.0000675987701,23834.9678164149
"BWT","centered",227,1.00000498033421,24000
"BWT","centered",228,1.00000781949626,23973.3343281767
"BWT","centered",229,1.00007485478139,24297.1753039111
"BWT","centered",230,1.0002484677322,23639.8680463271
"BWT","centered",231,0.999976087472445,24382.3860272621
"BWT","centered",232,0.999955667212841,24505.200195315
"BWT","centered",233,0.999914997250574,24417.2845976278
"BWT","centered",234,0.999877571063295,24000
"BWT","centered",235,0.999931250076291,24000
"BWT","centered",236,1.00015653547512,23222.895507968
"BWT","centered",237,1.00007820728461,22330.2404787619
"BWT","centered",238,1.00007391910367,23590.0940902939
"BWT","centered",239,1.0000268424547,25786.3751745819
"BWT","centered",240,0.999981609143072,24000
"BWT","centered",241,0.999946099072331,24282.3373990219
"BWT","centered",242,0.999962501632274,23961.8679634944
"BWT","centered",243,1.00008595105395,24000
"BWT","centered",244,1.0000515571286,23952.709788254
"BWT","centered",245,1.00014011839171,24000
"BWT","centered",246,1.00009342493054,24000
"BWT","centered",247,1.00011633626297,24224.1025481598
"BWT","centered",248,1.00003995094901,24000
"BWT","centered",249,0.999992795372068,24003.0582324913
"BWT","centered",250,1.00011576392917,24348.9615198598
"BWT","centered",251,1.00032872303598,24239.5321835608
"BWT","centered",252,1.00019882788747,24000
"BWT","centered",253,1.0000927206117,23868.4052991661
"BWT","centered",254,1.00009659407789,23261.9408649365
"BWT","centered",255,1.00034310821262,24078.2734390229
"BWT","centered",256,0.999986670773433,24000
"BWT","centered",257,1.00004423264484,23843.5706717342
"BWT","centered",258,0.999977996074537,23992.2267491435
"BWT","centered",259,0.999970459713871,24206.8064244213
"BWT","centered",260,1.00003504978867,23841.6286732058
"BWT","centered",261,1.00012232854704,24000
"BWT","centered",262,0.99996334485537,24239.1210380156
"BWT","centered",263,1.00000351997617,24227.413908359
"BWT","centered",264,0.999993910943598,24210.2344713894
"BWT","centered",265,0.999976233304563,23996.5422985214
"BWT","centered",266,1.00006005407384,24498.8893146133
"BWT","centered",267,1.00004749854956,23795.3900522494
"BWT","centered",268,1.00003424200843,23464.4957260722
"BWT","centered",269,1.00015467260977,24000
"BWT","centered",270,1.00015994915884,24417.2749420107
"BWT","centered",271,1.00005664395818,24992.4158890104
"BWT","centered",272,1.00006324491208,24088.0373545077
"BWT","centered",273,0.999984428514676,23859.6748504612
"BWT","centered",274,0.999976018763158,23709.9014928294
"BWT","centered",275,1.00000413077042,22644.1262675153
"BWT","centered",276,0.999995456268097,22698.1274749682
"BWT","centered",277,1.00008399237314,23497.3759995582
"BWT","centered",278,1.00001192458849,23105.9715606053
"BWT","centered",279,1.00000956175617,24000
"BWT","centered",280,0.99998389942733,23850.1800852477
"BWT","centered",281,1.00012124663068,24000
"BWT","centered",282,1.00003546623135,24000
"BWT","centered",283,1.00004549974672,24070.8180771225
"BWT","centered",284,1.00008184804078,23305.6000457103
"BWT","centered",285,1.00009416733136,23849.6853451736
"BWT","centered",286,1.0001578446811,24412.8962337507
"BWT","centered",287,1.00014103294715,24454.8650910668
"BWT","centered",288,1.00001491855797,24137.2157634498
"BWT","centered",289,1.00006750352439,24003.3969199948
"BWT","centered",290,0.999915694240853,25868.2136718851
"BWT","centered",291,0.999979465116156,24444.2424638279
"BWT","centered",292,1.00006494963944,24564.7312707278
"BWT","centered",293,1.00003687032331,24357.8250011861
"BWT","centered",294,1.00001484425191,23999.9999999999
"BWT","centered",295,0.999999227653984,24000
"BWT","centered",296,1.0001736082281,24000
"BWT","centered",297,1.00010418294765,23831.4350203794
"BWT","centered",298,1.00014508346266,24241.2742094258
"BWT","centered",299,0.999990447030987,23920.3306334939
"BWT","centered",300,0.999935071150422,24063.8657354083
"BWT","centered",301,0.999980523794787,24272.5107098998
"BWT","centered",302,1.00000316188807,24374.3970611175
"BWT","centered",303,0.99996539825596,23922.2232146638
"BWT","centered",304,1.0000013264548,23681.0669374959
"BWT","centered",305,1.00005197935739,24000
"BWT","centered",306,1.00006679123046,23508.2000760508
"BWT","centered",307,1.00006031017891,23314.5567839372
"BWT","centered",308,1.00001792276217,24000
"BWT","centered",309,1.00007079744251,23739.5961924946
"BWT","centered",310,1.00007292068398,23633.1863919708
"BWT","centered",311,0.999962658544189,24376.5828881326
"BWT","centered",312,1.00004912332118,23521.0086734909
"BWT","centered",313,0.999956523559031,24236.7183605259
"BWT","centered",314,1.00001150993365,24818.3294002163
"BWT","centered",315,1.00013396549665,24226.4785971034
"BWT","centered",316,1.0000987102197,23046.6083267425
"BWT","centered",317,1.0000659557916,23147.3843945716
"BWT","centered",318,1.00012087468159,23792.0847171062
"BWT","centered",319,1.00005328650164,24000
"BWT","centered",320,1.00001407598549,22862.4318136657
"BWT","centered",321,0.999942027289551,23320.820276923
"BWT","centered",322,0.999992526835419,23736.5959807211
"BWT","centered",323,1.00010797023845,24000
"BWT","centered",324,0.999983574910257,23638.1471320087
"BWT","centered",325,1.00004359698487,24000
"BWT","centered",326,1.00011693477402,24000
"BWT","centered",327,1.00033322065961,23757.886733205
"BWT","centered",328,1.00015160206661,24000
"BWT","centered",329,1.00008358757382,24255.7669739118
"BWT","centered",330,0.999980684972644,24315.4330095424
"BWT","centered",331,0.999992265550167,24303.1433434582
"BWT","centered",332,0.999962583245009,24254.9652156944
"BWT","centered",333,0.999981956314588,23389.3728654398
"BWT","centered",334,0.999930997691536,23865.6069067316
"BWT","centered",335,1.00004814703599,24255.0765696841
"BWT","centered",336,0.999985692268259,23776.0845173262
"BWT","centered",337,0.99996858193527,24287.8431663408
"BWT","centered",338,0.999950326627336,24000
"BWT","centered",339,1.00000132446072,24224.0123977864
"BWT","centered",340,0.999940602791866,24000
"BWT","centered",341,0.999994463896143,23178.6072894729
"BWT","centered",342,1.00001031981123,23782.0357364033
"BWT","centered",343,1.00003164999136,23762.8272606804
"BWT","centered",344,0.999929335615574,24000
"BWT","centered",345,1.00002235251623,23624.6774377411
"BWT","centered",346,0.999956587181563,23484.1684023051
"BWT","centered",347,1.00012569878397,23557.1189924668
"BWT","centered",348,0.999974961821194,23503.6639596476
"BWT","centered",349,0.999988533388832,23228.4897436831
"BWT","centered",350,1.0000790861193,23972.8956388422
"BWT","centered",351,1.00000257722648,24072.4601494249
"BWT","centered",352,1.00005483032343,24067.9528089904
"BWT","centered",353,1.00001387388952,24231.6033646784
"BWT","centered",354,1.0000844064605,24262.2587905752
"BWT","centered",355,1.00002981861163,24131.2890211085
"BWT","centered",356,0.999944818423344,23410.0196022205
"BWT","centered",357,0.999983577051591,23458.2472991476
"BWT","centered",358,1.00006038148827,23343.350853652
"BWT","centered",359,0.99995618770971,24000
"BWT","centered",360,1.00002279420856,23532.8455898775
"BWT","centered",361,1.00004637390293,24183.9948027505
"BWT","centered",362,1.00003056071452,24000
"BWT","centered",363,1.00009579889062,23517.7582438117
"BWT","centered",364,1.00001270093514,23287.9701069778
"BWT","centered",365,0.999981216099953,24000
"BWT","centered",366,1.00005613426079,23298.3058759223
"BWT","centered",367,0.999992672219977,23682.9984429593
"BWT","centered",368,0.999922920574291,24000
"BWT","centered",369,0.999942345161026,23084.9353471715
"BWT","centered",370,0.999952459519394,23687.9917640351
"BWT","centered",371,1.00008888558916,24000
"BWT","centered",372,1.00016636245129,24000
"BWT","centered",373,1.00002199700834,24228.5921043784
"BWT","centered",374,0.999967078768951,23804.7588250707
"BWT","centered",375,1.00009294921322,24641.4709049669
"BWT","centered",376,0.999987736351462,24201.1426757054
"BWT","centered",377,1.00012305718844,23506.1661568287
"BWT","centered",378,1.00004105018021,23182.1726811247
"BWT","centered",379,1.00012400338994,23446.2135123777
"BWT","centered",380,1.00014051539091,24000
"BWT","centered",381,1.00004577195232,24000.0000000001
"BWT","centered",382,1.00010252328974,23812.8730583955
"BWT","centered",383,0.999974620716181,24000
"BWT","centered",384,0.999917683354651,22699.3011509182
"BWT","centered",385,1.00005440681519,23770.211295929
"BWT","centered",386,1.00019110933189,23905.3539632076
"BWT","centered",387,1.00006787857743,24000
"BWT","centered",388,0.999943483163134,24000
"BWT","centered",389,0.999943385397796,24000
"BWT","centered",390,0.999970852106504,23808.8716592636
"BWT","centered",391,0.999977668698166,24000
"BWT","centered",392,1.00013063481933,23999.9999999999
"BWT","centered",393,1.00011415304446,23747.2857467708
"BWT","centered",394,1.00005907818235,23474.15470184
"BWT","centered",395,1.00013040203632,23661.7518963738
"BWT","centered",396,1.00014084765432,24186.746444312
"BWT","centered",397,1.00012105225311,23469.5227852199
"BWT","centered",398,1.00011078007726,23766.1687053739
"BWT","centered",399,1.00003574297913,23530.6112909737
"BWT","centered",400,1.00005518311713,24000.0000000001
"BWT","centered",401,1.00002026323324,23079.6508530843
"BWT","centered",402,1.00009745768302,24222.4374989352
"BWT","centered",403,0.999954929490218,23681.68375793
"BWT","centered",404,0.999967943055237,24000
"BWT","centered",405,1.00001911161943,24000
"BWT","centered",406,1.00006468835649,22918.6266725738
"BWT","centered",407,1.00020934146148,23434.5216756698
"BWT","centered",408,1.00015866425556,23225.3323932015
"BWT","centered",409,1.00008713542746,23603.6360652867
"BWT","centered",410,1.00003669149963,24315.6019876636
"BWT","centered",411,1.00011972832476,24000
"BWT","centered",412,1.00005991351447,23888.6673277126
"BWT","centered",413,1.00007794919626,23507.1374780961
"BWT","centered",414,0.999998595419706,24000
"BWT","centered",415,0.999990356529214,23650.9013590322
"BWT","centered",416,0.99994069708372,23487.5489836682
"BWT","centered",417,1.00005580449932,23893.9844111208
"BWT","centered",418,1.00012293281822,24934.025930563
"BWT","centered",419,1.00006391164099,23658.1228779504
"BWT","centered",420,1.00001048434309,23573.1715155458
"BWT","centered",421,1.00027732123074,23999.9999999999
"BWT","centered",422,1.00015058162272,22989.0054254596
"BWT","centered",423,1.00010355735863,23019.0999981035
"BWT","centered",424,1.00004931870596,24000
"BWT","centered",425,1.00009209747487,24491.152473937
"BWT","centered",426,0.999999822369096,24000
"BWT","centered",427,1.00005438226359,22583.9884054563
"BWT","centered",428,1.00011275326637,23598.7718003966
"BWT","centered",429,0.999974097606538,24657.2621930434
"BWT","centered",430,1.00006926749259,24000
"BWT","centered",431,1.00002678677523,23118.5406005814
"BWT","centered",432,1.00006719996361,23583.1242565283
"BWT","centered",433,1.00009883644166,24107.6215902825
"BWT","centered",434,1.00012449371344,23369.8248195689
"BWT","centered",435,1.000141773779,24145.8314386616
"BWT","centered",436,1.00014179180958,24250.432695207
"BWT","centered",437,0.999983898030077,24000
"BWT","centered",438,1.00000400928023,24231.1871166987
"BWT","centered",439,1.00004064875447,24305.9061111412
"BWT","centered",440,1.00015067506854,24000.0000000001
"BWT","centered",441,1.00005104233821,24000
"BWT","centered",442,1.00001061401803,24000
"BWT","centered",443,1.0000034062677,24000
"BWT","centered",444,0.999971400331641,24000
"BWT","centered",445,1.00011746251558,24000
"BWT","centered",446,1.00006083710492,24000
"BWT","centered",447,0.999997176268569,24000
"BWT","centered",448,0.999957900575939,23571.7233252333
"BWT","centered",449,1.00000979499532,23650.7888430573
"BWT","centered",450,0.999992860412215,22685.4471292107
"BWT","centered",451,0.99993268144273,24696.0476283517
"BWT","centered",452,0.999976974919172,24596.6447632947
"BWT","centered",453,0.999980345274579,24051.9657733703
"BWT","centered",454,1.00012804895307,23996.465630281
"BWT","centered",455,0.999974234363284,24019.420669839
"BWT","centered",456,0.999932091602067,24234.4902500306
"BWT","centered",457,0.999907957046576,24000
"BWT","centered",458,0.999900195438751,24000
"BWT","centered",459,0.99996684341448,24000
"BWT","centered",460,0.99999254400375,24000
"BWT","centered",461,0.999992735255749,23890.1699253268
"BWT","centered",462,1.00005527679813,23090.9128607559
"BWT","centered",463,0.999935717011632,21884.9410014457
"BWT","centered",464,1.00005613894468,20184.0135792101
"BWT","centered",465,1.00009520412553,19312.0493054211
"BWT","centered",466,1.00011667328969,18386.2495310154
"BWT","centered",467,1.00021995320476,16180.5978418494
"BWT","centered",468,1.00034080505041,14865.8105890377
"BWT","centered",469,1.00049733704938,11279.7203334411
"BWT","centered",470,1.00055133909098,9655.86613300523
"BWT","centered",471,1.00086142994804,6376.66142729171
"BWT","centered",472,1.00108091539326,4641.29791265298
"BWT","centered",473,1.0010386888607,3519.65994532926
"BWT","centered",474,1.00088028451053,3099.55206317236
"BWT","centered",475,1.00098026542259,3297.54938133035
"BWT","centered",476,1.00147308091526,3613.19330269803
"BWT","centered",477,1.00145717441799,3881.91214384539
"BWT","centered",478,1.00113156744928,4021.37407008858
"BWT","centered",479,1.00109331889187,4091.89427374098
"BWT","centered",480,1.00150007833236,4312.09879047619
"BWT","centered",481,1.00138871129095,4411.90226217955
"BWT","centered",482,1.00133008530934,4285.06863287515
"BWT","centered",483,1.00181234210566,4089.7867099607
"BWT","centered",484,1.0016018434152,3929.74837173393
"BWT","centered",485,1.00161016123303,3623.37097292629
"BWT","centered",486,1.00176693986574,3659.14162619394
"BWT","centered",487,1.00135275346838,3614.10267099939
"BWT","centered",488,1.00109733483154,4086.42644039317
"BWT","centered",489,1.00087855015282,4887.59917890571
"BWT","centered",490,1.00087142796867,5544.04016810446
"BWT","centered",491,1.00038733091246,6423.5155093333
"BWT","centered",492,1.00039208772785,7145.08293763554
"BWT","centered",493,1.00032546855472,8355.91086226736
"BWT","centered",494,1.00031872777007,9050.0044655965
"BWT","centered",495,1.00045901692101,9565.02747483944
"BWT","centered",496,1.00042862413416,9926.78852241675
"BWT","centered",497,1.00021908434432,9878.10715987216
"BWT","centered",498,1.00016177414873,10085.9774278965
"BWT","centered",499,1.00004746736475,9746.43371643606
"BWT","centered",500,0.999994100229404,9318.41073452843
"BWT","centered",501,0.999976389705387,9298.44386085274
"BWT","centered",502,1.00002607753768,9848.9836804692
"BWT","centered",503,0.999956636387247,10337.3436942743
"BWT","centered",504,1.00005534786669,10013.327670726
"BWT","centered",505,1.00022056465145,9391.2445318259
"BWT","centered",506,1.00061499900388,7806.00285830601
"BWT","centered",507,1.00058135749831,6671.01566348684
"BWT","centered",508,1.00060681876143,6308.01321026412
"BWT","centered",509,1.00057585627621,6163.6781148137
"BWT","centered",510,1.00069586226655,6160.74114220553
"BWT","centered",511,1.00104687982171,5799.34508925777
"BWT","centered",512,1.00101885502045,5772.48366633336
"BWT","centered",513,1.00134095323889,6022.77221245323
"BWT","centered",514,1.00115770986496,5804.93200164441
"BWT","centered",515,1.00108975297661,5413.16165264789
"BWT","centered",516,1.0010261287513,5298.06694288203
"BWT","centered",517,1.00091558953009,5130.17476284953
"BWT","centered",518,1.00129444786096,5161.2971693974
"BWT","centered",519,1.00097433443652,5248.61854111098
"BWT","centered",520,1.00100698852928,4843.28323173994
"BWT","centered",521,1.00089600465034,5184.38421479178
"BWT","centered",522,1.00069413217782,5095.7681154232
"BWT","centered",523,1.00084911925183,4890.48877634526
"BWT","centered",524,1.00093210970536,4012.29685010003
"BWT","centered",525,1.00107342170304,3650.75642443771
"BWT","centered",526,1.00079346196916,3337.60742689415
"BWT","centered",527,1.00062640413955,2864.60974205546
"BWT","centered",528,1.00046016143633,2913.5975859721
"BWT","centered",529,1.00049529198743,2878.49453784272
"BWT","centered",530,1.00071681439254,2505.3228421552
"BWT","centered",531,1.00089701275813,2190.22299880266
"BWT","centered",532,1.00110193145392,2032.31033049202
"BWT","centered",533,1.00110114887632,1937.88911764079
"BWT","centered",534,1.00090698096099,1547.71391127505
"BWT","centered",535,1.00123472565336,1502.53932895693
"BWT","centered",536,1.0017650001779,1383.49501755682
"BWT","centered",537,1.0028236600218,1342.70028912669
"BWT","centered",538,1.00375234039668,1320.2179570774
"BWT","centered",539,1.00403452611965,1422.64780252748
"BWT","centered",540,1.00344862491176,1690.93057454838
"BWT","first_difference",1,1.00001700306378,24000
"BWT","first_difference",2,1.00009142456985,24760.1137259704
"BWT","first_difference",3,0.999994172862033,23831.0436813781
"BWT","first_difference",4,0.999945081671396,23625.7555511365
"BWT","first_difference",5,1.00002748194302,24000
"BWT","first_difference",6,1.00006704297076,23753.7724314769
"BWT","first_difference",7,1.00011039541157,24000
"BWT","first_difference",8,1.00005037902483,24000
"BWT","first_difference",9,1.0000087450964,23866.0763815053
"BWT","first_difference",10,1.00000329454127,23546.7637442275
"BWT","first_difference",11,1.00000870065184,24033.777596817
"BWT","first_difference",12,0.999963763048547,24000
"BWT","first_difference",13,1.00004272173204,24942.3444859597
"BWT","first_difference",14,1.00012777710989,24000
"BWT","first_difference",15,1.00004800204719,23999.9999999999
"BWT","first_difference",16,0.999989452167305,23612.8530128487
"BWT","first_difference",17,0.999970324433658,23324.8968576514
"BWT","first_difference",18,1.00008205364634,24651.6020684033
"BWT","first_difference",19,1.00000259071813,24325.4553692604
"BWT","first_difference",20,1.00010989759374,24000
"BWT","first_difference",21,0.999991664789522,24730.5806173412
"BWT","first_difference",22,1.00013719055798,24000
"BWT","first_difference",23,0.999945247316814,24784.398112718
"BWT","first_difference",24,1.00007561558016,24000
"BWT","first_difference",25,1.00014286760739,23099.9461249489
"BWT","first_difference",26,1.00007690619244,24000
"BWT","first_difference",27,1.00004794264877,23601.1293142124
"BWT","first_difference",28,0.999965274639712,25220.6638404888
"BWT","first_difference",29,1.00005307523064,24170.3601785169
"BWT","first_difference",30,0.99998964928233,24000
"BWT","first_difference",31,1.00011616534667,24386.0143223852
"BWT","first_difference",32,1.00003828964477,24000.0000000001
"BWT","first_difference",33,1.00008631815411,23672.1236953066
"BWT","first_difference",34,1.00009461401467,24000
"BWT","first_difference",35,1.00000554058359,23733.8529837891
"BWT","first_difference",36,1.00015138164571,24000
"BWT","first_difference",37,1.00015774726604,22775.88228597
"BWT","first_difference",38,1.00008946737826,24369.6340786779
"BWT","first_difference",39,1.00016972291666,23348.9391135043
"BWT","first_difference",40,0.999951044277341,24089.7185184499
"BWT","first_difference",41,0.999978240820093,23463.2475433058
"BWT","first_difference",42,1.00004093617397,23692.6342402927
"BWT","first_difference",43,0.999927686017782,23677.8163106283
"BWT","first_difference",44,0.99992583005849,24290.2107460599
"BWT","first_difference",45,1.00003970766018,23658.4120792217
"BWT","first_difference",46,1.00021600471178,24510.7608490509
"BWT","first_difference",47,0.999962663965817,23643.589402241
"BWT","first_difference",48,1.00007160066881,24269.3527707175
"BWT","first_difference",49,1.00011713698099,24377.3474842993
"BWT","first_difference",50,0.999979247717347,24000
"BWT","first_difference",51,1.00012516503523,24348.988033245
"BWT","first_difference",52,1.00016541504917,23822.2523679109
"BWT","first_difference",53,1.00012961509059,23947.9779380621
"BWT","first_difference",54,1.0001183287056,24000
"BWT","first_difference",55,1.00000905359691,25281.4850526462
"BWT","first_difference",56,1.00004002518228,24082.3665515941
"BWT","first_difference",57,1.0000729151395,24496.6613281855
"BWT","first_difference",58,1.00017958685042,24951.5722676358
"BWT","first_difference",59,0.999992006594229,23007.0067711561
"BWT","first_difference",60,1.00003690339518,23711.60351473
"BWT","first_difference",61,1.00004569816733,24000
"BWT","first_difference",62,0.999912062301187,24000
"BWT","first_difference",63,1.00004670470488,24000
"BWT","first_difference",64,0.999989540470932,23912.5868591751
"BWT","first_difference",65,1.00004442895615,24508.682782931
"BWT","first_difference",66,1.00010992211272,23944.3114563224
"BWT","first_difference",67,0.999987155560659,23694.7902781179
"BWT","first_difference",68,1.00003991288761,23757.1952371756
"BWT","first_difference",69,1.00022888199707,24000
"BWT","first_difference",70,1.00004885777102,24000
"BWT","first_difference",71,0.999992271672335,24395.4759032687
"BWT","first_difference",72,1.00009547724602,23725.3469311559
"BWT","first_difference",73,1.00011320407741,24000
"BWT","first_difference",74,1.00048045650508,23906.9703154733
"BWT","first_difference",75,1.00008306075753,24000
"BWT","first_difference",76,0.999985500889394,23514.9355311953
"BWT","first_difference",77,1.00014101662694,24582.2852792311
"BWT","first_difference",78,1.00013646538297,22594.1773522284
"BWT","first_difference",79,1.00002275452236,24480.8337831276
"BWT","first_difference",80,1.00011177248558,24000
"BWT","first_difference",81,1.00000980138264,24136.2238628375
"BWT","first_difference",82,1.00009264820371,24000
"BWT","first_difference",83,0.999922449094493,23961.850976036
"BWT","first_difference",84,0.999938553545815,24000
"BWT","first_difference",85,0.999982448378848,23497.9980880961
"BWT","first_difference",86,0.999918629043439,24000
"BWT","first_difference",87,0.999875060548687,24000
"BWT","first_difference",88,0.999971106486537,24089.6412989773
"BWT","first_difference",89,1.00020479445672,24000
"BWT","first_difference",90,1.00004457580716,24498.1239545577
"BWT","first_difference",91,0.999996119030572,23973.4845285312
"BWT","first_difference",92,1.00001520490004,24521.2361536149
"BWT","first_difference",93,1.0000598830857,24013.6458166545
"BWT","first_difference",94,0.999950400262313,23704.3036062982
"BWT","first_difference",95,1.00005624051556,24610.157987288
"BWT","first_difference",96,1.00002553957638,24000.0000000001
"BWT","first_difference",97,0.999950345733533,24000
"BWT","first_difference",98,1.0001565319121,22808.2112124092
"BWT","first_difference",99,0.999993542870908,24000
"BWT","first_difference",100,1.00012155962565,24236.1216115693
"BWT","first_difference",101,0.999952142692999,23879.286981329
"BWT","first_difference",102,1.00018923139913,24000
"BWT","first_difference",103,1.00006348769717,23908.4725683631
"BWT","first_difference",104,1.00001706356877,24171.5980096507
"BWT","first_difference",105,1.00022640959122,24000.0000000001
"BWT","first_difference",106,1.0001608367837,24000
"BWT","first_difference",107,1.00007622573431,24387.8239321876
"BWT","first_difference",108,1.00007386496614,23619.3310050125
"BWT","first_difference",109,1.00008600140001,24000
"BWT","first_difference",110,1.00020158136124,23485.6385703766
"BWT","first_difference",111,1.00001014222738,24312.0763456167
"BWT","first_difference",112,1.00008690166238,23295.618902766
"BWT","first_difference",113,1.00020780738149,24415.9498630139
"BWT","first_difference",114,1.00004847811899,24052.1499568204
"BWT","first_difference",115,1.00017088050781,23621.9193202261
"BWT","first_difference",116,1.00034625868281,23531.7715791587
"BWT","first_difference",117,0.999914494297529,24000.0000000001
"BWT","first_difference",118,0.999959617899334,23782.9208273628
"BWT","first_difference",119,0.999996742876016,24000
"BWT","first_difference",120,1.000103096885,23153.6847466464
"BWT","first_difference",121,1.00014613744959,24000
"BWT","first_difference",122,0.999954785807869,23677.6581571676
"BWT","first_difference",123,1.00006034437694,23198.0719285922
"BWT","first_difference",124,1.00004059881367,24004.5350612991
"BWT","first_difference",125,1.00011738160329,24023.4641566733
"BWT","first_difference",126,1.00012198537963,24128.4373420448
"BWT","first_difference",127,0.999998158771589,23999.9999999999
"BWT","first_difference",128,0.999954861614652,24560.1414717222
"BWT","first_difference",129,1.00006765066988,24580.152213936
"BWT","first_difference",130,1.00017829133155,24000
"BWT","first_difference",131,1.00006730126145,24108.8949239141
"BWT","first_difference",132,1.00005541316528,24000
"BWT","first_difference",133,1.00007493096755,24538.3619080096
"BWT","first_difference",134,1.00006489214019,23529.6618050158
"BWT","first_difference",135,1.00004714002978,24000
"BWT","first_difference",136,1.00003413160513,24000
"BWT","first_difference",137,1.00006729286138,24000
"BWT","first_difference",138,1.00020359559845,25493.5082902988
"BWT","first_difference",139,1.00019899205353,24429.3604143632
"BWT","first_difference",140,0.999966741057261,22343.4881733779
"BWT","first_difference",141,0.999957650154713,24871.9019044276
"BWT","first_difference",142,0.999926868498204,23899.0326273853
"BWT","first_difference",143,1.00002011757445,24250.424391027
"BWT","first_difference",144,0.999996786224857,24038.9701012365
"BWT","first_difference",145,1.00009625191046,23455.8800416255
"BWT","first_difference",146,1.00004100145402,24646.8589185327
"BWT","first_difference",147,1.00002580969626,23600.6847737301
"BWT","first_difference",148,0.999970261520421,24000
"BWT","first_difference",149,1.00005761644737,24062.5786569133
"BWT","first_difference",150,1.00005935477168,24000
"BWT","first_difference",151,0.999935366042872,24021.8142275842
"BWT","first_difference",152,1.00009951922534,24062.0870440569
"BWT","first_difference",153,0.999990123602459,23883.2632953497
"BWT","first_difference",154,0.99998005877169,24000
"BWT","first_difference",155,0.999998927919875,23963.5065866025
"BWT","first_difference",156,1.00002048533437,23769.1356515832
"BWT","first_difference",157,1.00008937979562,24196.0244481323
"BWT","first_difference",158,1.00003547579767,24000
"BWT","first_difference",159,1.00009252722828,24000
"BWT","first_difference",160,1.00008088856471,23708.8283607936
"BWT","first_difference",161,1.00007635802857,23587.0166195124
"BWT","first_difference",162,1.00008873456718,24230.4567810524
"BWT","first_difference",163,1.00006902032119,24279.7396158764
"BWT","first_difference",164,0.999941750032546,22688.3950358793
"BWT","first_difference",165,1.00004892780386,23651.3834461803
"BWT","first_difference",166,0.999965840697918,23752.3505343946
"BWT","first_difference",167,1.00002540577162,24312.1291691473
"BWT","first_difference",168,1.00019888911362,23767.2645478369
"BWT","first_difference",169,1.00018617673799,24885.0255980898
"BWT","first_difference",170,1.00004625153762,24225.41817748
"BWT","first_difference",171,0.999995818832978,24000
"BWT","first_difference",172,0.999995707904896,25098.8977506582
"BWT","first_difference",173,1.00012136377909,23692.6476081494
"BWT","first_difference",174,0.999924906264265,24492.5452263452
"BWT","first_difference",175,1.0001223833579,24000
"BWT","first_difference",176,0.999980888357692,24076.9801217625
"BWT","first_difference",177,1.00024540254919,23600.8706620546
"BWT","first_difference",178,1.00014652573545,24000
"BWT","first_difference",179,1.0000396326024,24522.0769285298
"BWT","first_difference",180,0.999954539832085,23931.8749677639
"BWT","first_difference",181,0.999940664526824,23365.1624419788
"BWT","first_difference",182,1.00000951653309,25209.3780979695
"BWT","first_difference",183,0.999981665799788,24328.8662829224
"BWT","first_difference",184,0.999987800987304,24000
"BWT","first_difference",185,1.00000114507154,24000
"BWT","first_difference",186,0.999919655076676,24000
"BWT","first_difference",187,0.999937346962136,24000
"BWT","first_difference",188,0.99997739692929,24252.8749438358
"BWT","first_difference",189,1.0000014558658,23756.5795977305
"BWT","first_difference",190,1.00006661434219,23515.8967931011
"BWT","first_difference",191,1.00021118135502,24026.6802252277
"BWT","first_difference",192,1.00000764947076,24000
"BWT","first_difference",193,0.999994389254696,22952.833460958
"BWT","first_difference",194,1.00017825144536,24778.708014803
"BWT","first_difference",195,0.999930363382069,23135.3100650402
"BWT","first_difference",196,1.00004680477509,24708.8706122227
"BWT","first_difference",197,1.00000814587916,24310.6993267017
"BWT","first_difference",198,0.999983146152145,24000
"BWT","first_difference",199,0.999973163765825,23792.0511635273
"BWT","first_difference",200,1.0000600599668,24330.7558884369
"BWT","first_difference",201,1.00018805055675,24242.9836184124
"BWT","first_difference",202,1.00012866837417,23745.5746637897
"BWT","first_difference",203,1.00013461652028,24258.0932845257
"BWT","first_difference",204,0.999966658497187,23990.3173920805
"BWT","first_difference",205,0.999981992308199,23697.2619015423
"BWT","first_difference",206,1.00001440634349,24000
"BWT","first_difference",207,1.0000186797345,24443.4958406621
"BWT","first_difference",208,0.999951036710581,24289.1424985824
"BWT","first_difference",209,0.999966505016393,24000
"BWT","first_difference",210,1.0001845021841,23584.4429956723
"BWT","first_difference",211,1.00000255488251,23884.225077878
"BWT","first_difference",212,1.00003772918204,23952.8258687075
"BWT","first_difference",213,1.00002919265078,24000
"BWT","first_difference",214,1.00011708724615,23784.5685645019
"BWT","first_difference",215,1.00005945714709,23754.4057222212
"BWT","first_difference",216,0.999943377825297,24540.4166348141
"BWT","first_difference",217,1.0001788736551,23980.0738571792
"BWT","first_difference",218,0.999975429713533,24251.5034036316
"BWT","first_difference",219,1.00000135725117,23689.146035233
"BWT","first_difference",220,1.00029820278407,23304.0661426295
"BWT","first_difference",221,1.00001864197265,24197.7819035155
"BWT","first_difference",222,1.00001768845301,24000
"BWT","first_difference",223,1.00012183074177,24694.4625725489
"BWT","first_difference",224,1.00016566102945,24072.4352230848
"BWT","first_difference",225,1.00024727624818,23476.9446991575
"BWT","first_difference",226,1.00007970923645,23999.9999999999
"BWT","first_difference",227,0.999983656068874,24000.0139719275
"BWT","first_difference",228,1.00000690451165,24267.959518877
"BWT","first_difference",229,0.999917964953282,24265.88743731
"BWT","first_difference",230,1.00007262608626,23720.1885077843
"BWT","first_difference",231,1.00011476900411,23475.4167581015
"BWT","first_difference",232,1.00011953804432,24000
"BWT","first_difference",233,1.00002349070598,24000
"BWT","first_difference",234,0.999999881332519,23671.2018256479
"BWT","first_difference",235,0.999938338716879,24000
"BWT","first_difference",236,1.00000170109068,23720.0443818648
"BWT","first_difference",237,0.999939522240615,24000
"BWT","first_difference",238,0.999990209312039,24167.9040127468
"BWT","first_difference",239,1.00000845960273,24000
"BWT","first_difference",240,1.00002667011817,24000
"BWT","first_difference",241,0.999947816540077,24028.4739622438
"BWT","first_difference",242,1.00012561624566,23670.2015606873
"BWT","first_difference",243,1.00001461211299,25016.6653639508
"BWT","first_difference",244,0.999948289342364,24000
"BWT","first_difference",245,0.999918356861907,24020.2166467343
"BWT","first_difference",246,1.00003058781035,24726.1268926995
"BWT","first_difference",247,1.00001973453095,24579.3015868091
"BWT","first_difference",248,0.99998540755479,24000
"BWT","first_difference",249,0.999999064078778,24321.4120689502
"BWT","first_difference",250,1.00023367845796,24498.3995582615
"BWT","first_difference",251,1.00012046143359,23761.460973154
"BWT","first_difference",252,0.999989893144852,24000
"BWT","first_difference",253,1.00008580373412,24825.3249498732
"BWT","first_difference",254,1.00004179499718,23848.3659779853
"BWT","first_difference",255,1.00000088835563,24120.022587741
"BWT","first_difference",256,1.00010797997355,23806.7605504102
"BWT","first_difference",257,0.999886321852268,25435.2333835926
"BWT","first_difference",258,1.00004578415407,24592.7662976647
"BWT","first_difference",259,1.00001652407499,24000
"BWT","first_difference",260,1.00003828392122,24975.8512687398
"BWT","first_difference",261,1.00006161532669,24443.3019250486
"BWT","first_difference",262,1.00004475830148,23664.6832204702
"BWT","first_difference",263,1.00017347634475,23500.154997842
"BWT","first_difference",264,1.00022850023251,23573.6353750864
"BWT","first_difference",265,1.00020765222254,23685.9887129531
"BWT","first_difference",266,1.00013617996012,24068.123502871
"BWT","first_difference",267,0.999981117436716,24000
"BWT","first_difference",268,1.00015115860471,23876.5473704087
"BWT","first_difference",269,1.00000483933088,24358.2095120628
"BWT","first_difference",270,1.00000582168576,23834.7927878439
"BWT","first_difference",271,1.00001834194603,24298.7023248098
"BWT","first_difference",272,1.00000806789725,24000
"BWT","first_difference",273,1.00002306815977,24166.2336258053
"BWT","first_difference",274,1.00010422506149,24022.9988663016
"BWT","first_difference",275,0.999998329137859,24000
"BWT","first_difference",276,1.0001273763565,24241.5380957865
"BWT","first_difference",277,0.999956383853721,24000
"BWT","first_difference",278,1.0000809196904,24000
"BWT","first_difference",279,1.00006101082492,24259.5083130123
"BWT","first_difference",280,1.00013746829204,24000
"BWT","first_difference",281,0.99999013311374,24461.0046974826
"BWT","first_difference",282,0.999940130555016,24000
"BWT","first_difference",283,1.00017138917458,23904.1026685819
"BWT","first_difference",284,1.00008499516395,24000
"BWT","first_difference",285,1.00018588399032,24162.2759229595
"BWT","first_difference",286,0.999994981514512,24000
"BWT","first_difference",287,1.0001360372477,23761.6383079672
"BWT","first_difference",288,1.00007100700376,23359.7362927471
"BWT","first_difference",289,0.999952022785208,24235.0487806267
"BWT","first_difference",290,0.999951667635264,23580.4445793589
"BWT","first_difference",291,0.99999483082455,24000
"BWT","first_difference",292,0.999999005056824,23951.2819381043
"BWT","first_difference",293,1.00003274588929,24000
"BWT","first_difference",294,1.00021454362382,23593.2646003183
"BWT","first_difference",295,0.999994398511853,24022.0283380858
"BWT","first_difference",296,1.00033159577066,23678.11191367
"BWT","first_difference",297,1.00007038605489,24346.8272433539
"BWT","first_difference",298,1.00022005628871,23989.4984507584
"BWT","first_difference",299,0.999952913719107,23437.1433421221
"BWT","first_difference",300,0.999874588338393,23602.149687754
"BWT","first_difference",301,0.999984298861574,23054.3872116398
"BWT","first_difference",302,1.00002269628038,24000
"BWT","first_difference",303,1.00000890199158,24000
"BWT","first_difference",304,1.00010205510419,23675.5595992802
"BWT","first_difference",305,0.999949535278177,24985.0313782767
"BWT","first_difference",306,1.00021183013591,24000.0000000001
"BWT","first_difference",307,1.00000216317281,25013.5231557618
"BWT","first_difference",308,1.00003467304867,23861.1067848043
"BWT","first_difference",309,1.00001773656921,24000
"BWT","first_difference",310,0.999952198123836,24000
"BWT","first_difference",311,1.00001591021871,24000
"BWT","first_difference",312,1.0000680093106,24000
"BWT","first_difference",313,0.999970148184952,23066.2457850856
"BWT","first_difference",314,1.00006663429585,24000
"BWT","first_difference",315,1.00014706151816,23738.4572318655
"BWT","first_difference",316,1.00010228064173,23762.7696595643
"BWT","first_difference",317,0.999946947001698,24000.0000000001
"BWT","first_difference",318,1.00010320449809,23800.8891899987
"BWT","first_difference",319,0.999888068563494,24000
"BWT","first_difference",320,1.00013076618867,24751.8016674717
"BWT","first_difference",321,1.00008692511183,24089.193766258
"BWT","first_difference",322,1.00017748623944,24111.3825799148
"BWT","first_difference",323,1.00021266872754,24000
"BWT","first_difference",324,0.999981091947969,23991.4334108481
"BWT","first_difference",325,1.00001895499651,24000
"BWT","first_difference",326,1.00005816219759,24269.9181462654
"BWT","first_difference",327,1.00005302910085,24000
"BWT","first_difference",328,1.00003387371587,24000
"BWT","first_difference",329,1.00002551212117,23752.2651334627
"BWT","first_difference",330,0.999954913415803,23027.149196961
"BWT","first_difference",331,0.999963230019583,24364.4335704611
"BWT","first_difference",332,1.00002379704336,25419.6267503049
"BWT","first_difference",333,1.0005411021354,23911.7698217587
"BWT","first_difference",334,0.99992951503557,24286.9371669705
"BWT","first_difference",335,1.00002037019157,23736.2010915932
"BWT","first_difference",336,1.00002519793694,24000
"BWT","first_difference",337,0.999953642812383,23665.0263338328
"BWT","first_difference",338,1.00004197226569,23599.7233733861
"BWT","first_difference",339,1.00004728616238,24406.964979479
"BWT","first_difference",340,1.00010621902841,23991.546615406
"BWT","first_difference",341,1.00005841446026,24516.9286824257
"BWT","first_difference",342,0.999963510924915,24873.4477644707
"BWT","first_difference",343,1.00005529310559,24000
"BWT","first_difference",344,1.00011743121655,22997.3697824267
"BWT","first_difference",345,0.999982085925808,25012.7943258236
"BWT","first_difference",346,0.999885917925896,23416.8014759313
"BWT","first_difference",347,1.00021234569652,23677.6577919148
"BWT","first_difference",348,1.0000822781267,23501.070287597
"BWT","first_difference",349,0.999963275328298,23727.1443543541
"BWT","first_difference",350,0.999958484667492,24314.9310284705
"BWT","first_difference",351,1.00003859084878,24000
"BWT","first_difference",352,0.999995844936914,24627.8717657383
"BWT","first_difference",353,1.00006582442333,23936.1984871304
"BWT","first_difference",354,1.00004081363802,24749.3318697199
"BWT","first_difference",355,1.00000015140431,24114.1473177039
"BWT","first_difference",356,1.00004642220624,23927.3518827808
"BWT","first_difference",357,0.999931493851899,24263.5922199401
"BWT","first_difference",358,1.00005510036909,24000
"BWT","first_difference",359,1.00002378702603,24244.5881942612
"BWT","first_difference",360,0.999919306149102,24000
"BWT","first_difference",361,0.999986708052305,23735.8512577056
"BWT","first_difference",362,0.999926706659403,23879.5455308196
"BWT","first_difference",363,1.00014451166917,24598.5481296567
"BWT","first_difference",364,0.99999164596918,23683.7614264601
"BWT","first_difference",365,1.00008475528026,24000
"BWT","first_difference",366,1.00008051110841,23559.0234903215
"BWT","first_difference",367,1.00017784219207,24083.224609018
"BWT","first_difference",368,0.999988515209582,24077.958605906
"BWT","first_difference",369,1.00003921170703,24000
"BWT","first_difference",370,1.00005410966947,23781.3837446037
"BWT","first_difference",371,0.999988802971041,24029.0560407209
"BWT","first_difference",372,1.00013617394084,24000
"BWT","first_difference",373,1.00017225380834,24670.4255498264
"BWT","first_difference",374,1.00017252608287,24390.5847388101
"BWT","first_difference",375,1.00007973458383,23945.0468024292
"BWT","first_difference",376,1.00017961647296,24904.6480781766
"BWT","first_difference",377,1.00014525577538,24000
"BWT","first_difference",378,0.999990586106798,24000
"BWT","first_difference",379,0.999946242207598,22566.0307500274
"BWT","first_difference",380,1.00019073653944,24891.6174375136
"BWT","first_difference",381,1.0000521084569,23994.5984957628
"BWT","first_difference",382,1.0000427756968,24000
"BWT","first_difference",383,1.00004278860402,24000
"BWT","first_difference",384,1.0000576677506,24356.8341470742
"BWT","first_difference",385,1.00000199423897,23953.9790015864
"BWT","first_difference",386,0.999949826374826,23754.8452869111
"BWT","first_difference",387,0.999909907343369,24639.5662357309
"BWT","first_difference",388,1.00008281319437,23563.1585653158
"BWT","first_difference",389,0.999987017754093,24000
"BWT","first_difference",390,1.00014324690642,23901.4422081848
"BWT","first_difference",391,0.999986683061944,24000
"BWT","first_difference",392,0.999926198596495,24533.6649382917
"BWT","first_difference",393,1.00002717311462,24221.07576522
"BWT","first_difference",394,0.999996117870304,23549.2684607482
"BWT","first_difference",395,0.999951944733583,23478.6258349008
"BWT","first_difference",396,1.00002352276467,24000
"BWT","first_difference",397,0.99997108303909,24258.4386570211
"BWT","first_difference",398,1.00012067452239,24506.2379202439
"BWT","first_difference",399,1.00007305762344,24000
"BWT","first_difference",400,1.00013984313557,25402.5585905604
"BWT","first_difference",401,1.00015932346542,24566.5516806301
"BWT","first_difference",402,1.00006028884589,24644.6543010499
"BWT","first_difference",403,0.999919773307555,24000
"BWT","first_difference",404,1.0000148952475,22511.5929871303
"BWT","first_difference",405,1.00013166364158,24292.4162709804
"BWT","first_difference",406,1.0001944482397,24545.0007679716
"BWT","first_difference",407,1.00006936926226,24244.8444274842
"BWT","first_difference",408,1.00005720881713,25412.8646603437
"BWT","first_difference",409,0.999940915238351,24020.760282753
"BWT","first_difference",410,1.00004863550559,23753.7974303481
"BWT","first_difference",411,1.00018879851847,24692.3128815365
"BWT","first_difference",412,1.00006466139574,23913.8086790477
"BWT","first_difference",413,0.999983862053057,23677.0505622134
"BWT","first_difference",414,1.0000722735759,24000
"BWT","first_difference",415,1.00007623008876,24000
"BWT","first_difference",416,1.00000890346585,24463.2180593038
"BWT","first_difference",417,0.999973503377074,24017.2606949393
"BWT","first_difference",418,1.00015926728841,24448.1945221971
"BWT","first_difference",419,0.999960640357262,24626.3793196945
"BWT","first_difference",420,1.00015078650738,24282.7525954989
"BWT","first_difference",421,0.999944648052342,23765.7414180776
"BWT","first_difference",422,1.00004710268262,23163.1113376971
"BWT","first_difference",423,1.00008294723244,24350.5907916869
"BWT","first_difference",424,1.00005537059631,24000
"BWT","first_difference",425,1.00012876404636,24000
"BWT","first_difference",426,0.999972219919303,24000
"BWT","first_difference",427,1.00028909922323,22421.1817533971
"BWT","first_difference",428,1.00018904793612,23928.799084047
"BWT","first_difference",429,1.00000057062902,23999.9999999999
"BWT","first_difference",430,0.999979589827756,24263.4886318578
"BWT","first_difference",431,0.999940565070982,24000
"BWT","first_difference",432,0.999973444219129,23759.1146510188
"BWT","first_difference",433,1.0000202867303,24000
"BWT","first_difference",434,1.0000482675463,24231.6256871017
"BWT","first_difference",435,1.00020432573736,24000
"BWT","first_difference",436,1.00018214686733,23931.7639958698
"BWT","first_difference",437,1.00001776046643,24000
"BWT","first_difference",438,1.00004600263471,24000
"BWT","first_difference",439,1.00007185931836,24137.6785808102
"BWT","first_difference",440,1.00006791814383,23616.4342581076
"BWT","first_difference",441,0.999993450585358,24206.3572275196
"BWT","first_difference",442,1.00003961267063,25093.185301811
"BWT","first_difference",443,0.999919635214147,24048.5454922342
"BWT","first_difference",444,1.00005782644058,24226.7799119686
"BWT","first_difference",445,1.0000212592723,23767.0745701759
"BWT","first_difference",446,0.999911860562976,23590.7235774314
"BWT","first_difference",447,1.00018147069065,25484.4915280413
"BWT","first_difference",448,0.99997566835942,24369.2681878082
"BWT","first_difference",449,1.00012105680695,24540.0250703553
"BWT","first_difference",450,0.999987419589952,24626.059386668
"BWT","first_difference",451,0.99999022274038,24000
"BWT","first_difference",452,1.00006007114789,23704.8828311735
"BWT","first_difference",453,0.999906377843696,24000
"BWT","first_difference",454,0.999954767029541,24000
"BWT","first_difference",455,1.00001502694638,24768.5985894511
"BWT","first_difference",456,0.999895562945313,24362.8165967989
"BWT","first_difference",457,1.00015892430905,24000.0000000001
"BWT","first_difference",458,0.999998678319224,23431.1633007807
"BWT","first_difference",459,1.00003905485523,24463.0313758145
"BWT","first_difference",460,0.999954839510428,23646.7339662476
"BWT","first_difference",461,0.999978179878106,24000
"BWT","first_difference",462,1.00000857442119,23482.6001938468
"BWT","first_difference",463,1.00002830943829,24000
"BWT","first_difference",464,1.00005384777814,25544.5399163846
"BWT","first_difference",465,0.999929940195428,23581.5015029945
"BWT","first_difference",466,1.00001880730323,23186.815713263
"BWT","first_difference",467,0.999984277718323,23051.295265744
"BWT","first_difference",468,0.999961098591792,23312.2981160415
"BWT","first_difference",469,1.00005889361498,23156.0742133896
"BWT","first_difference",470,1.0000198563741,22853.310299833
"BWT","first_difference",471,0.999944507595213,22517.3117014366
"BWT","first_difference",472,1.00004854164389,21021.446053198
"BWT","first_difference",473,1.00009538714018,20910.5936340637
"BWT","first_difference",474,1.00008507164413,22498.8700352287
"BWT","first_difference",475,1.00004726800814,21028.7409037164
"BWT","first_difference",476,0.99996280153747,20861.5008990242
"BWT","first_difference",477,1.00016535093764,20076.9242423748
"BWT","first_difference",478,1.00011268875239,21668.1643314782
"BWT","first_difference",479,1.00039821024365,20256.4922337236
"BWT","first_difference",480,1.0001572632263,21474.7612167269
"BWT","first_difference",481,1.00001015589514,20602.015394886
"BWT","first_difference",482,0.999939250473458,19333.5778542013
"BWT","first_difference",483,1.00007104520212,14237.1392366114
"BWT","first_difference",484,1.00007295795974,20824.8235089685
"BWT","first_difference",485,1.00018179623625,19825.6993651695
"BWT","first_difference",486,1.00002235292757,19823.4506249338
"BWT","first_difference",487,0.999941501282128,21067.1595932107
"BWT","first_difference",488,1.00000689195949,21151.9431574626
"BWT","first_difference",489,1.00021436965845,21239.9193582439
"BWT","first_difference",490,1.00012528824525,21537.0278463503
"BWT","first_difference",491,0.999988375116381,22933.5982715853
"BWT","first_difference",492,0.999974516086507,22335.5918935203
"BWT","first_difference",493,0.999980077291198,22772.9173096542
"BWT","first_difference",494,1.00007484848547,23149.6542076706
"BWT","first_difference",495,1.00048468748831,23717.6018942486
"BWT","first_difference",496,1.00013746417308,23486.8169439229
"BWT","first_difference",497,1.00007916329539,24091.1698137252
"BWT","first_difference",498,1.00001721570911,23128.0776155966
"BWT","first_difference",499,0.999938273477799,21691.8247423897
"BWT","first_difference",500,1.00010968095694,22947.170436177
"BWT","first_difference",501,1.00005815568527,24000
"BWT","first_difference",502,1.00017240739007,23864.6305081235
"BWT","first_difference",503,1.00001285030518,21786.3242933105
"BWT","first_difference",504,0.999948964836781,22142.762022765
"BWT","first_difference",505,1.00003993414715,21808.8939687976
"BWT","first_difference",506,0.999970244611988,19054.423168257
"BWT","first_difference",507,1.00000967811412,22252.7242648338
"BWT","first_difference",508,1.00003317257095,21608.9096900289
"BWT","first_difference",509,0.999977792449685,20810.2442286502
"BWT","first_difference",510,1.00004414217176,20083.7915735924
"BWT","first_difference",511,0.999934513442423,21253.3558212707
"BWT","first_difference",512,1.00022543280296,22527.720558648
"BWT","first_difference",513,1.00007557917494,21309.9675328591
"BWT","first_difference",514,0.999936498518112,20399.4585876219
"BWT","first_difference",515,1.00012953098319,20705.3997009836
"BWT","first_difference",516,1.00001286221001,21214.8340259943
"BWT","first_difference",517,0.999998382058474,21594.8696194506
"BWT","first_difference",518,1.0001214756572,21077.7167392482
"BWT","first_difference",519,1.00021738324006,20917.685878135
"BWT","first_difference",520,1.00008089852051,21323.5020750831
"BWT","first_difference",521,0.99996842680851,21563.7633917178
"BWT","first_difference",522,0.999983737829585,21019.1664397374
"BWT","first_difference",523,0.999942605513914,19097.2043930105
"BWT","first_difference",524,0.999988666538421,20781.2907318684
"BWT","first_difference",525,1.00012977268732,19223.8273537905
"BWT","first_difference",526,0.999987043705197,19210.5471175342
"BWT","first_difference",527,1.00000632859916,18016.0730786337
"BWT","first_difference",528,1.00017854225506,20163.8936883642
"BWT","first_difference",529,1.00026969974475,18676.0744741843
"BWT","first_difference",530,1.00008220465718,16549.9002849883
"BWT","first_difference",531,1.00012857983154,15825.9305789775
"BWT","first_difference",532,1.00001346347269,16291.3961645737
"BWT","first_difference",533,1.00027274419829,15350.37854778
"BWT","first_difference",534,1.00041872637409,14371.0096585733
"BWT","first_difference",535,1.00007373526907,14590.1450112157
"BWT","first_difference",536,1.00042237015459,14354.2606850953
"BWT","first_difference",537,1.00025516946305,13353.4399524818
"BWT","first_difference",538,1.0000753931741,12181.1351828856
"BWT","first_difference",539,1.00011491688951,15894.5730013981
