"parameter","form","time.index","Rhat","ESS"
"d13CO2","raw",1,1.09124148291017,2633.65681895892
"d13CO2","raw",2,1.07051205667506,3749.61734978591
"d13CO2","raw",3,1.05664324057383,4428.26413519801
"d13CO2","raw",4,1.04789640652381,4575.41522505522
"d13CO2","raw",5,1.04024093759514,4951.11462947013
"d13CO2","raw",6,1.03472356611731,4523.42883992486
"d13CO2","raw",7,1.03075743612034,4300.7532579839
"d13CO2","raw",8,1.02667849381899,4242.75832852237
"d13CO2","raw",9,1.02436955345065,3776.20999026339
"d13CO2","raw",10,1.02146160427457,3617.54981851331
"d13CO2","raw",11,1.01932990550026,3783.59364530153
"d13CO2","raw",12,1.01762737247065,3717.87706026541
"d13CO2","raw",13,1.01565541696698,3486.27620517125
"d13CO2","raw",14,1.01443615706931,3202.66390203236
"d13CO2","raw",15,1.01285437163435,3110.92127265284
"d13CO2","raw",16,1.01163163111831,2963.34682732219
"d13CO2","raw",17,1.01025513194297,3013.93356908285
"d13CO2","raw",18,1.00878505209731,3054.14607973444
"d13CO2","raw",19,1.00774033028657,3193.62555251505
"d13CO2","raw",20,1.00673602431273,3430.85538733159
"d13CO2","raw",21,1.00595524195662,3810.96182761307
"d13CO2","raw",22,1.00564265547294,4045.37397656239
"d13CO2","raw",23,1.00470295684624,4048.26389248948
"d13CO2","raw",24,1.00414536705121,4339.40742712033
"d13CO2","raw",25,1.0038560514498,4457.52289040247
"d13CO2","raw",26,1.00325089798451,4833.21377920927
"d13CO2","raw",27,1.00273160667187,5125.05099690884
"d13CO2","raw",28,1.00238378400039,5424.24433925227
"d13CO2","raw",29,1.00193499694709,5745.50794239746
"d13CO2","raw",30,1.00173471969186,5930.03008725798
"d13CO2","raw",31,1.0016423102399,6206.6629805335
"d13CO2","raw",32,1.00126719831228,6486.53603526466
"d13CO2","raw",33,1.00112435322834,6673.38455437106
"d13CO2","raw",34,1.00095734972165,6798.24675675923
"d13CO2","raw",35,1.00074484010121,7250.97018436405
"d13CO2","raw",36,1.00076424365845,7395.39497718639
"d13CO2","raw",37,1.00065219987367,7098.70631977755
"d13CO2","raw",38,1.00072704889347,7181.28287254351
"d13CO2","raw",39,1.00055939032125,7105.09955578559
"d13CO2","raw",40,1.00033988904265,6980.05196663845
"d13CO2","raw",41,1.00043716247743,6829.81184229423
"d13CO2","raw",42,1.00032708070846,7067.03699382987
"d13CO2","raw",43,1.00033405433576,6578.78954759681
"d13CO2","raw",44,1.00039081040763,6565.45868232369
"d13CO2","raw",45,1.00034053864583,6555.6637639938
"d13CO2","raw",46,1.0002980333855,6583.50664889499
"d13CO2","raw",47,1.00030576719537,6869.77333928172
"d13CO2","raw",48,1.00030949730575,6935.46770356436
"d13CO2","raw",49,1.00031821060102,6829.75552097292
"d13CO2","raw",50,1.00035284418925,6701.30124629315
"d13CO2","raw",51,1.0003792387712,6792.45599210816
"d13CO2","raw",52,1.00035125166163,6968.08893928843
"d13CO2","raw",53,1.00038798592111,7160.85021844527
"d13CO2","raw",54,1.00043196692348,7317.19036696106
"d13CO2","raw",55,1.00031406557201,7768.58024706669
"d13CO2","raw",56,1.00031351835531,7959.62062980495
"d13CO2","raw",57,1.00042970013752,8050.35612874928
"d13CO2","raw",58,1.00044630936739,8285.04709376454
"d13CO2","raw",59,1.00044683115663,8502.22428760737
"d13CO2","raw",60,1.00040128309935,8713.73513404033
"d13CO2","raw",61,1.00038275704124,9478.25988897591
"d13CO2","raw",62,1.00035318629552,9522.56460429892
"d13CO2","raw",63,1.00032637190307,9532.77796080445
"d13CO2","raw",64,1.00041438740531,9572.7427667716
"d13CO2","raw",65,1.00029562727302,9413.06830978792
"d13CO2","raw",66,1.00035315925343,9361.73384539481
"d13CO2","raw",67,1.00041349163368,9183.66775456441
"d13CO2","raw",68,1.00039961194487,9111.69296502451
"d13CO2","raw",69,1.00041023285076,9056.18820658177
"d13CO2","raw",70,1.00042909012086,8842.97280327725
"d13CO2","raw",71,1.00048374998912,9262.39354331263
"d13CO2","raw",72,1.00033809920495,9360.45978008298
"d13CO2","raw",73,1.00031683568915,9954.11183671177
"d13CO2","raw",74,1.00033874884304,9740.75210631164
"d13CO2","raw",75,1.00040000826771,9959.92764634664
"d13CO2","raw",76,1.00045483135252,10550.9809258876
"d13CO2","raw",77,1.00046073108361,10871.8462667898
"d13CO2","raw",78,1.00041794588906,11116.6992047679
"d13CO2","raw",79,1.00030333787981,10807.4170111595
"d13CO2","raw",80,1.00023871889736,10542.6998372636
"d13CO2","raw",81,1.00027347001486,10435.8491144645
"d13CO2","raw",82,1.00017049983605,10193.1313671666
"d13CO2","raw",83,1.00032439982267,10046.2508876793
"d13CO2","raw",84,1.0002198964114,9537.14355942553
"d13CO2","raw",85,1.00021197371971,9525.32590633156
"d13CO2","raw",86,1.00020098866765,9046.21437254547
"d13CO2","raw",87,1.00017222874238,8968.94688640586
"d13CO2","raw",88,1.00012281273613,8638.93837348277
"d13CO2","raw",89,1.00014150275859,8707.69007858677
"d13CO2","raw",90,1.00018450637575,8564.28507415427
"d13CO2","raw",91,1.00018718430465,8135.22772795778
"d13CO2","raw",92,1.00015587973535,7776.84474212748
"d13CO2","raw",93,1.0001062336871,7585.61174225015
"d13CO2","raw",94,1.00015132378364,7176.99611544907
"d13CO2","raw",95,1.00018311462058,7052.58586910474
"d13CO2","raw",96,1.00018536275175,6556.89137734404
"d13CO2","raw",97,1.00034908768876,6274.72455142497
"d13CO2","raw",98,1.00040434233218,6063.41296708131
"d13CO2","raw",99,1.00047049703334,5606.6499671677
"d13CO2","raw",100,1.00046893327049,5398.92805794041
"d13CO2","raw",101,1.00037014575115,4934.0436909507
"d13CO2","raw",102,1.00040293780898,4447.42878747916
"d13CO2","raw",103,1.00045017510013,4136.30185388719
"d13CO2","raw",104,1.00033294698769,3739.50421439372
"d13CO2","raw",105,1.00029337982745,3603.93987790279
"d13CO2","raw",106,1.00035618666379,3304.70081741174
"d13CO2","raw",107,1.00039490096927,3267.48488879928
"d13CO2","raw",108,1.00046745361587,3158.52683552944
"d13CO2","raw",109,1.00049489611095,3089.25206224556
"d13CO2","raw",110,1.00065683860041,3226.35486732298
"d13CO2","raw",111,1.00079192185167,3296.17309629495
"d13CO2","raw",112,1.00083529691105,3467.57988917179
"d13CO2","raw",113,1.00097525550457,3586.84604386286
"d13CO2","raw",114,1.0010020749007,3798.66094707625
"d13CO2","raw",115,1.00105476680991,4046.58302426561
"d13CO2","raw",116,1.00093141019166,4513.78541161022
"d13CO2","raw",117,1.00090926180348,4992.39360995834
"d13CO2","raw",118,1.00077698474398,5311.7829465315
"d13CO2","raw",119,1.0007367864969,6153.65652085266
"d13CO2","raw",120,1.00066963649271,6913.08829525149
"d13CO2","raw",121,1.00054095470068,7936.17512677945
"d13CO2","raw",122,1.00051331157534,9386.44605043835
"d13CO2","raw",123,1.00039178565603,9992.11332260785
"d13CO2","raw",124,1.00046447969543,11025.3933748178
"d13CO2","raw",125,1.00041894947205,11643.1572482261
"d13CO2","raw",126,1.00030651293429,12627.4476523011
"d13CO2","raw",127,1.0002530701625,13481.3182937421
"d13CO2","raw",128,1.00025718473834,14003.2376219941
"d13CO2","raw",129,1.00028536951745,14427.0921065682
"d13CO2","raw",130,1.00015932434964,14976.4374335494
"d13CO2","raw",131,1.00010039485923,16174.6754972015
"d13CO2","raw",132,1.00013143660336,16740.1832858659
"d13CO2","raw",133,1.00012447106679,17983.6712123324
"d13CO2","raw",134,1.00010660808017,18079.7174085602
"d13CO2","raw",135,1.00011303586274,17878.333396738
"d13CO2","raw",136,1.00008277032483,18034.759371307
"d13CO2","raw",137,1.00004180508142,18557.4583605451
"d13CO2","raw",138,1.00002107603299,18245.1897975244
"d13CO2","raw",139,1.00002084841261,17708.714648235
"d13CO2","raw",140,1.00003649280104,17677.9979515005
"d13CO2","raw",141,1.000013436118,17542.7674951113
"d13CO2","raw",142,1.00001101674015,17554.4961488124
"d13CO2","raw",143,0.999940675761907,17139.1334401571
"d13CO2","raw",144,0.999986369775318,17040.9919153905
"d13CO2","raw",145,0.999992356072421,17004.5382157182
"d13CO2","raw",146,0.999946686599942,17216.1452420756
"d13CO2","raw",147,0.999961183838529,17112.2061365763
"d13CO2","raw",148,0.999978247151395,16992.1648920306
"d13CO2","raw",149,0.999971933133153,15794.6042289262
"d13CO2","raw",150,0.999973330721692,15829.4055086202
"d13CO2","raw",151,0.999976629304567,13861.9377668502
"d13CO2","raw",152,0.999975351622492,13854.2132774735
"d13CO2","raw",153,1.00004237909332,13142.0241855933
"d13CO2","raw",154,1.00009060103777,12177.6872832029
"d13CO2","raw",155,1.00015457203987,11261.6640175991
"d13CO2","raw",156,1.0001992790336,10518.986652646
"d13CO2","raw",157,1.00011829758044,9904.7558599678
"d13CO2","raw",158,1.00015204343442,9404.09993104128
"d13CO2","raw",159,1.00023838459241,9395.6870133006
"d13CO2","raw",160,1.00019101891659,9299.64323267081
"d13CO2","raw",161,1.00016281972759,8828.83367295918
"d13CO2","raw",162,1.00020205675288,8978.04220036685
"d13CO2","raw",163,1.00011918393838,8706.04127590592
"d13CO2","raw",164,1.00006490818838,8669.70612681808
"d13CO2","raw",165,1.00007318423647,9237.48725160181
"d13CO2","raw",166,1.00009612149342,9551.83429123599
"d13CO2","raw",167,1.00005725158827,10122.7570473486
"d13CO2","raw",168,1.00003482533523,10377.9350249557
"d13CO2","raw",169,1.00007491342126,11467.9604351576
"d13CO2","raw",170,1.00006718321188,12059.4715786403
"d13CO2","raw",171,1.00004124896335,12485.5732269134
"d13CO2","raw",172,1.00005768212853,13327.2404465575
"d13CO2","raw",173,0.999984350001328,14954.0162224387
"d13CO2","raw",174,1.0000147154758,15204.6427945239
"d13CO2","raw",175,1.00001854499191,15553.6691154447
"d13CO2","raw",176,0.999993635070765,16505.8397408262
"d13CO2","raw",177,1.00009951211712,17195.423075164
"d13CO2","raw",178,1.00008724856265,17153.1017980241
"d13CO2","raw",179,0.999967210785778,16803.008900759
"d13CO2","raw",180,0.999941563354947,16542.9845895919
"d13CO2","raw",181,0.999988832925951,16409.4479430301
"d13CO2","raw",182,0.999959078589115,16113.6385262682
"d13CO2","raw",183,0.999946513112484,16698.9478130182
"d13CO2","raw",184,0.999922190220221,16780.365123267
"d13CO2","raw",185,0.999919455637788,16335.5825959353
"d13CO2","raw",186,0.99994899623734,16075.7715553304
"d13CO2","raw",187,0.999939169114428,16399.5327863957
"d13CO2","raw",188,0.99997432130064,16312.9573944973
"d13CO2","raw",189,0.999974765977102,16479.7077873888
"d13CO2","raw",190,0.999983832547115,16589.367148232
"d13CO2","raw",191,1.00005854488514,17338.3265059814
"d13CO2","raw",192,0.999991886715416,16688.12745873
"d13CO2","raw",193,1.00000703588423,16576.9973779584
"d13CO2","raw",194,1.00000199946156,17095.1469075165
"d13CO2","raw",195,1.00004301357464,16692.1013363081
"d13CO2","raw",196,1.00004482896851,16170.2731387686
"d13CO2","raw",197,1.00000151690652,15772.8494951656
"d13CO2","raw",198,0.99995635645544,15470.4313786707
"d13CO2","raw",199,0.999978249218871,15166.752230195
"d13CO2","raw",200,1.00000807812755,14449.5098326287
"d13CO2","raw",201,1.00003253466586,14477.3236924716
"d13CO2","raw",202,1.00006163425731,14433.178065287
"d13CO2","raw",203,0.999998879018674,13669.7868815864
"d13CO2","raw",204,1.00006366362486,13113.6864060219
"d13CO2","raw",205,1.00000741126624,12974.2154398946
"d13CO2","raw",206,1.00002648560599,12115.0158583097
"d13CO2","raw",207,1.00003665698714,10570.3555094976
"d13CO2","raw",208,1.00009693471403,10556.2658668761
"d13CO2","raw",209,1.00012325415783,10042.650856632
"d13CO2","raw",210,1.00013636305554,10043.6451740413
"d13CO2","raw",211,1.00018381564217,9363.49372753824
"d13CO2","raw",212,1.00025532407866,9567.83506539218
"d13CO2","raw",213,1.00030349017284,9166.40967231607
"d13CO2","raw",214,1.00022867103137,8697.711637129
"d13CO2","raw",215,1.00024988568466,8573.79245168674
"d13CO2","raw",216,1.00023005491159,8548.64397694223
"d13CO2","raw",217,1.00025044866945,8468.03854341252
"d13CO2","raw",218,1.00023076989124,8820.18402230912
"d13CO2","raw",219,1.00010955001296,8807.66156421941
"d13CO2","raw",220,1.00008418410774,9309.62873779147
"d13CO2","raw",221,1.00005782857607,10079.6716118199
"d13CO2","raw",222,1.00007937632978,10548.1115043502
"d13CO2","raw",223,1.00006249081999,10860.4670408736
"d13CO2","raw",224,1.0000395466349,10955.9301163101
"d13CO2","raw",225,1.00000862736714,11038.4132494947
"d13CO2","raw",226,1.00002858769874,11315.7805799857
"d13CO2","raw",227,0.999982379639504,11375.6014870968
"d13CO2","raw",228,1.00001702183658,11174.2930202555
"d13CO2","raw",229,0.999975578399465,11158.053243054
"d13CO2","raw",230,0.999991071505853,10959.6194293815
"d13CO2","raw",231,0.999948357189206,10724.5342305634
"d13CO2","raw",232,0.999994412329863,10427.3924789385
"d13CO2","raw",233,0.999971731125533,10589.2911967486
"d13CO2","raw",234,1.00002521026758,10249.6639777616
"d13CO2","raw",235,1.00010476627597,9336.3829321673
"d13CO2","raw",236,1.0001621628808,9255.76032805244
"d13CO2","raw",237,1.00023150571736,10026.2482453775
"d13CO2","raw",238,1.00015570283999,10496.7967527405
"d13CO2","raw",239,1.00012333027577,10895.6491315632
"d13CO2","raw",240,1.00012082740479,11097.2373240821
"d13CO2","raw",241,1.00008573056511,11410.3534496486
"d13CO2","raw",242,1.00010309566295,12003.6112851678
"d13CO2","raw",243,1.00011018625287,11663.853345893
"d13CO2","raw",244,1.00011394496501,11535.2830270348
"d13CO2","raw",245,1.0002001321198,11744.676801703
"d13CO2","raw",246,1.0001886770168,11510.8324019679
"d13CO2","raw",247,1.00015654461032,11398.0201697186
"d13CO2","raw",248,1.00011930667727,11037.7092443762
"d13CO2","raw",249,1.00009591387874,10853.4029975924
"d13CO2","raw",250,1.00004070150703,11606.910683813
"d13CO2","raw",251,1.00006028624602,11057.9519040379
"d13CO2","raw",252,1.00011557385447,11464.5530234892
"d13CO2","raw",253,1.00000813091795,11944.9825194019
"d13CO2","raw",254,1.00004453458217,11849.8202267991
"d13CO2","raw",255,1.00002139671768,11585.340806693
"d13CO2","raw",256,0.999994421647664,11357.8135601348
"d13CO2","raw",257,1.00001807139591,11111.0680802019
"d13CO2","raw",258,0.99999828512547,10917.5603877251
"d13CO2","raw",259,1.00007206343078,10595.3420081429
"d13CO2","raw",260,1.00005768261208,10629.0098277857
"d13CO2","raw",261,1.0000275246901,10644.6747676386
"d13CO2","raw",262,1.00008381420606,10826.5154159443
"d13CO2","raw",263,1.00013459070191,10863.5485273762
"d13CO2","raw",264,1.00010422672603,11341.7568738725
"d13CO2","raw",265,1.00012331601753,11367.3792453449
"d13CO2","raw",266,1.00016270972124,11922.2089734597
"d13CO2","raw",267,1.00009846155672,12635.8896827015
"d13CO2","raw",268,1.00016726037309,12688.7643255071
"d13CO2","raw",269,1.00011666017779,13022.4608765907
"d13CO2","raw",270,1.00004789571391,12647.9400363477
"d13CO2","raw",271,1.00003025544683,12812.3577643088
"d13CO2","raw",272,1.00006843730674,13100.5976549647
"d13CO2","raw",273,1.00008348274169,13269.4113436681
"d13CO2","raw",274,1.00001142159331,12812.9283876328
"d13CO2","raw",275,1.0000646761835,14035.680204571
"d13CO2","raw",276,1.00004809778943,13872.7972476314
"d13CO2","raw",277,1.00009290108927,13400.2830771002
"d13CO2","raw",278,1.00014637588082,13384.0784902114
"d13CO2","raw",279,1.00013987491085,13034.735532714
"d13CO2","raw",280,1.00014384042476,12711.6935162989
"d13CO2","raw",281,1.00020127953929,12336.3221775357
"d13CO2","raw",282,1.00026176565603,11693.0402845468
"d13CO2","raw",283,1.00032164511283,11907.1991664897
"d13CO2","raw",284,1.00037872246785,10783.8488869699
"d13CO2","raw",285,1.00038013668914,9658.64273353019
"d13CO2","raw",286,1.0004351521783,8630.3087109487
"d13CO2","raw",287,1.00063988333372,7386.46115853289
"d13CO2","raw",288,1.00066287939586,6398.37250488689
"d13CO2","raw",289,1.00077950700596,5806.38259388609
"d13CO2","raw",290,1.00086880229012,5431.59973264689
"d13CO2","raw",291,1.00085025283466,5429.31837149953
"d13CO2","raw",292,1.00097594697973,5513.34496268312
"d13CO2","raw",293,1.00087895613019,5395.59129055214
"d13CO2","raw",294,1.00090866197565,5748.67163289166
"d13CO2","raw",295,1.00073803552119,6312.40411251816
"d13CO2","raw",296,1.0005672188849,6991.7693797402
"d13CO2","raw",297,1.00047899277422,7369.05833301001
"d13CO2","raw",298,1.00039434838531,7460.77124113214
"d13CO2","raw",299,1.00034202954435,8093.32735650842
"d13CO2","raw",300,1.0002277929674,8357.48373816533
"d13CO2","raw",301,1.00031703772577,8750.74259938912
"d13CO2","raw",302,1.00024291551038,9214.79608754102
"d13CO2","raw",303,1.00032704015799,9530.22641102779
"d13CO2","raw",304,1.00024292238519,9996.50264604459
"d13CO2","raw",305,1.00015533455516,10203.8965732137
"d13CO2","raw",306,1.00016412219397,10354.2955278136
"d13CO2","raw",307,1.00015985487832,10805.678369983
"d13CO2","raw",308,1.00016403982234,11156.2849304605
"d13CO2","raw",309,1.00016058405012,11670.2581920658
"d13CO2","raw",310,1.0002304338718,12721.2265314115
"d13CO2","raw",311,1.00014963906895,12562.7796975791
"d13CO2","raw",312,1.00014074971725,12960.9780300478
"d13CO2","raw",313,1.00011699621399,13646.5468670978
"d13CO2","raw",314,1.00010337816871,14290.5462485105
"d13CO2","raw",315,1.00012285857882,14499.3331688258
"d13CO2","raw",316,1.00007971964319,15064.9064925514
"d13CO2","raw",317,1.00010950703793,16389.5747178019
"d13CO2","raw",318,1.00006969540337,17024.0773266954
"d13CO2","raw",319,1.00004178752213,16928.9684495167
"d13CO2","raw",320,0.999978146160186,17650.9412930197
"d13CO2","raw",321,0.999962019204156,17822.604057053
"d13CO2","raw",322,0.999955225912827,18308.3880501445
"d13CO2","raw",323,0.999993647247414,17983.9132438767
"d13CO2","raw",324,1.00005789506462,17559.4453985356
"d13CO2","raw",325,1.00015486362665,18053.4021650476
"d13CO2","raw",326,1.0001253052673,17332.799554292
"d13CO2","raw",327,1.00010663327798,16701.6150632987
"d13CO2","raw",328,1.00028666888406,15622.7094908046
"d13CO2","raw",329,1.00019417767349,15337.3755192446
"d13CO2","raw",330,1.00016772585131,14310.320824432
"d13CO2","raw",331,1.00026682627321,13562.3047167323
"d13CO2","raw",332,1.00029386287821,11931.6757774691
"d13CO2","raw",333,1.00035918566526,11056.0616804531
"d13CO2","raw",334,1.00045540933711,9221.22869592371
"d13CO2","raw",335,1.00062703264755,8184.57661328567
"d13CO2","raw",336,1.00073986495335,6914.14439917123
"d13CO2","raw",337,1.00072869621372,5906.45465200456
"d13CO2","raw",338,1.00063167913787,4754.51163211294
"d13CO2","raw",339,1.00087920587345,3993.07362405339
"d13CO2","raw",340,1.00090401095862,4624.83780752107
"d13CO2","raw",341,1.00082281294745,5109.49843343864
"d13CO2","raw",342,1.00101784039197,4984.18802331875
"d13CO2","raw",343,1.00100710608028,5422.36856657908
"d13CO2","raw",344,1.0010373252639,6040.92406956595
"d13CO2","raw",345,1.00095207484826,5852.8737003936
"d13CO2","raw",346,1.00094482733045,5291.62246847868
"d13CO2","raw",347,1.0010603489125,5170.23678327086
"d13CO2","raw",348,1.00097527993269,5064.27253019285
"d13CO2","raw",349,1.00097256761976,4910.74463945736
"d13CO2","raw",350,1.00094537581606,4876.14358535435
"d13CO2","raw",351,1.00118322418896,4620.63915829512
"d13CO2","raw",352,1.00117659628227,4406.9380882054
"d13CO2","raw",353,1.00120961364344,4260.56969750804
"d13CO2","raw",354,1.00122859059881,3993.40543010413
"d13CO2","raw",355,1.00133726410173,3711.29164631709
"d13CO2","raw",356,1.00136740550136,3426.65528363256
"d13CO2","raw",357,1.00140852495197,3530.19196106783
"d13CO2","raw",358,1.001549773981,3583.1283870001
"d13CO2","raw",359,1.00122369751254,4626.93327524858
"d13CO2","raw",360,1.00110889393317,5111.77082484585
"d13CO2","raw",361,1.00113404477196,5718.53625525376
"d13CO2","raw",362,1.00104360385517,6055.29620815707
"d13CO2","raw",363,1.00093130306295,6247.6006153907
"d13CO2","raw",364,1.00086731793696,6577.29828819826
"d13CO2","raw",365,1.00073583076011,7139.59223641251
"d13CO2","raw",366,1.00072474795969,7388.02712901206
"d13CO2","raw",367,1.00073323989597,7423.14064267093
"d13CO2","raw",368,1.00095616303446,6763.43312361534
"d13CO2","raw",369,1.00112446358457,7001.26201959462
"d13CO2","raw",370,1.00105477075922,7140.05694167609
"d13CO2","raw",371,1.0009459857989,7042.50329953673
"d13CO2","raw",372,1.00095806179653,7469.55446570116
"d13CO2","raw",373,1.00091589491467,7736.40359258829
"d13CO2","raw",374,1.00086670609973,7713.19735058112
"d13CO2","raw",375,1.00098624072651,7293.82906184247
"d13CO2","raw",376,1.00097254760879,6971.22190853177
"d13CO2","raw",377,1.00082642053742,7107.62288619027
"d13CO2","raw",378,1.00083893170425,6697.15070628144
"d13CO2","raw",379,1.00062489757842,6522.53840217914
"d13CO2","raw",380,1.00057860303238,6457.98998170557
"d13CO2","raw",381,1.00059537886476,6108.82896158164
"d13CO2","raw",382,1.00077290586665,5559.24388710859
"d13CO2","raw",383,1.00079379393356,6016.94394345405
"d13CO2","raw",384,1.00068087992147,6203.33297015101
"d13CO2","raw",385,1.00063370164694,6437.22346378699
"d13CO2","raw",386,1.00051769513288,6877.16064634347
"d13CO2","raw",387,1.00039583975582,7293.78026558827
"d13CO2","raw",388,1.000365617597,7793.4406285926
"d13CO2","raw",389,1.00030784448877,8262.97396978443
"d13CO2","raw",390,1.00018559901144,8547.71924828481
"d13CO2","raw",391,1.00027037685469,8326.2890776495
"d13CO2","raw",392,1.0001767425628,8314.55349116275
"d13CO2","raw",393,1.00018503313866,8176.7041007117
"d13CO2","raw",394,1.00020360836162,7929.47753831774
"d13CO2","raw",395,1.00021373099079,7586.43124465012
"d13CO2","raw",396,1.00020896473582,7059.10802741146
"d13CO2","raw",397,1.00024308786525,6964.44185346562
"d13CO2","raw",398,1.00025030614153,7341.27667095547
"d13CO2","raw",399,1.00031151942592,6284.63739985719
"d13CO2","raw",400,1.00043721578329,5838.88652788868
"d13CO2","raw",401,1.00042529448804,5377.75232998884
"d13CO2","raw",402,1.00042839957954,4761.11933985173
"d13CO2","raw",403,1.00048775257,4551.22400075109
"d13CO2","raw",404,1.00063030753114,4487.61940251011
"d13CO2","raw",405,1.00054415098336,4647.41385181684
"d13CO2","raw",406,1.00053525070935,4680.01785234091
"d13CO2","raw",407,1.00061199457202,4389.21561139215
"d13CO2","raw",408,1.00066181466545,4490.12959143885
"d13CO2","raw",409,1.00058188134729,4372.19156639214
"d13CO2","raw",410,1.00047400863569,4246.21034555706
"d13CO2","raw",411,1.00049563470014,4599.74589757729
"d13CO2","raw",412,1.000406460415,4515.74297723282
"d13CO2","raw",413,1.00039481783053,4385.16475823277
"d13CO2","raw",414,1.00042715735184,4258.86389971046
"d13CO2","raw",415,1.00045634248197,4073.22894520631
"d13CO2","raw",416,1.0003927115699,4231.21688232276
"d13CO2","raw",417,1.0003463841747,4105.20621656804
"d13CO2","raw",418,1.00031708917276,4179.60354830591
"d13CO2","raw",419,1.00022314199412,4041.10335552963
"d13CO2","raw",420,1.00012243361545,4468.50454654843
"d13CO2","raw",421,1.00014630671077,4754.93825926598
"d13CO2","raw",422,1.00016032567662,5104.52831270891
"d13CO2","raw",423,1.00028001412355,4930.26687247243
"d13CO2","raw",424,1.00026058237357,5480.73615492594
"d13CO2","raw",425,1.00009758025692,5599.97883079741
"d13CO2","raw",426,1.00010499374708,5483.65814262263
"d13CO2","raw",427,1.00015291837327,5484.43227634953
"d13CO2","raw",428,1.00005450060441,5773.54007605722
"d13CO2","raw",429,1.00002011614307,6153.82458795874
"d13CO2","raw",430,1.00002459801439,6383.39780854302
"d13CO2","raw",431,1.00002148620299,6507.44427926807
"d13CO2","raw",432,1.00005630777442,6752.58181308623
"d13CO2","raw",433,1.00005319907368,6604.98638027905
"d13CO2","raw",434,1.00012981846479,6553.21051339504
"d13CO2","raw",435,1.00016374675072,6450.27465785466
"d13CO2","raw",436,1.00025583052976,5968.71884726264
"d13CO2","raw",437,1.00026860034579,5820.0028196926
"d13CO2","raw",438,1.00018179420501,5292.8403113301
"d13CO2","raw",439,1.00022984194703,5262.61999615153
"d13CO2","raw",440,1.00026374368627,5172.52924187582
"d13CO2","raw",441,1.00026951093641,5234.35853801179
"d13CO2","raw",442,1.00029056927927,5095.09831806328
"d13CO2","raw",443,1.00044992087356,4969.84431811064
"d13CO2","raw",444,1.00062561691444,4674.94730222666
"d13CO2","raw",445,1.00076217689039,4861.6163107157
"d13CO2","raw",446,1.00096639415588,4757.974171129
"d13CO2","raw",447,1.0012019719585,4912.88775722342
"d13CO2","raw",448,1.00111560345007,5133.46339389287
"d13CO2","raw",449,1.00113901717849,5339.89216216196
"d13CO2","raw",450,1.00113326100465,5713.99958941888
"d13CO2","raw",451,1.00094228189351,5745.70902642858
"d13CO2","raw",452,1.00105566327817,6530.0510210091
"d13CO2","raw",453,1.00105448794111,7097.2091459602
"d13CO2","raw",454,1.00098321366874,7168.60609012351
"d13CO2","raw",455,1.00087173250715,7279.84420484612
"d13CO2","raw",456,1.00079161339712,7828.58568100179
"d13CO2","raw",457,1.00076320966323,8652.8722024936
"d13CO2","raw",458,1.0005325497862,9784.00332555849
"d13CO2","raw",459,1.0004733129833,10136.902503868
"d13CO2","raw",460,1.00045355277139,10551.5642997027
"d13CO2","raw",461,1.00041056605284,10782.5053432344
"d13CO2","raw",462,1.00046426127653,10770.7509508053
"d13CO2","raw",463,1.00037870137391,10260.0120980197
"d13CO2","raw",464,1.00040937267523,9829.35518747614
"d13CO2","raw",465,1.00032493925603,9923.0545209404
"d13CO2","raw",466,1.00041681004792,9415.64133722454
"d13CO2","raw",467,1.00041274917572,9337.99847868702
"d13CO2","raw",468,1.00037497793315,9646.30779978884
"d13CO2","raw",469,1.0002382232556,10152.2165658265
"d13CO2","raw",470,1.00014534928037,10846.5206738398
"d13CO2","raw",471,1.00012260889066,12107.3997531925
"d13CO2","raw",472,1.00002652466078,12523.308409813
"d13CO2","raw",473,0.999986713921129,13944.727366222
"d13CO2","raw",474,0.999993562430296,14955.0888691705
"d13CO2","raw",475,0.999992157318282,15611.6168078261
"d13CO2","raw",476,0.999954489704065,16530.3176135564
"d13CO2","raw",477,0.999943405271095,15664.2386708629
"d13CO2","raw",478,0.999989334424037,15593.2448785465
"d13CO2","raw",479,0.999985063481738,15830.0930645905
"d13CO2","raw",480,0.999966178168826,16128.6511820835
"d13CO2","raw",481,0.999992500232702,15952.3267274083
"d13CO2","raw",482,1.00000998882188,16325.9245445431
"d13CO2","raw",483,0.999972562691694,15004.4589754436
"d13CO2","raw",484,1.00000109221402,14956.363955908
"d13CO2","raw",485,1.00009681616082,14023.1432459426
"d13CO2","raw",486,1.00000725931744,14967.3322849083
"d13CO2","raw",487,1.00002268332542,14638.8429534238
"d13CO2","raw",488,1.00008592075647,14683.3616647009
"d13CO2","raw",489,1.00006324034852,15364.7638564169
"d13CO2","raw",490,1.00006564505577,15484.5345666342
"d13CO2","raw",491,1.00012741977072,16291.4919135536
"d13CO2","raw",492,1.00016912787511,16083.0611267476
"d13CO2","raw",493,1.00017689246084,17015.6449177054
"d13CO2","raw",494,1.00015715726715,17215.6227220262
"d13CO2","raw",495,1.00018189278495,17436.7065552655
"d13CO2","raw",496,1.0001016812672,16910.3828599652
"d13CO2","raw",497,1.00008724275133,18579.2150658643
"d13CO2","raw",498,1.00012060615166,18453.4095566057
"d13CO2","raw",499,1.00008574636239,18195.3831427818
"d13CO2","raw",500,1.00008047584534,18044.2279258016
"d13CO2","raw",501,1.00004378500846,17674.8453013119
"d13CO2","raw",502,1.00014991877517,18103.405734864
"d13CO2","raw",503,1.00007196474137,18503.8939223615
"d13CO2","raw",504,0.999994707573557,19152.7121515569
"d13CO2","raw",505,1.0000448072643,18835.5663909014
"d13CO2","raw",506,1.0000559050055,19137.966891451
"d13CO2","raw",507,1.00007123982402,17543.5648473498
"d13CO2","raw",508,1.00004544701966,17888.0334424401
"d13CO2","raw",509,1.00004083991809,17732.1700302094
"d13CO2","raw",510,1.00005276452969,18167.4024815752
"d13CO2","raw",511,1.0000791796733,17646.4456627658
"d13CO2","raw",512,1.00012354573872,17910.0392256987
"d13CO2","raw",513,1.00006088550845,18113.4237394144
"d13CO2","raw",514,1.00005316621771,18073.9791583136
"d13CO2","raw",515,1.00003999386307,17654.6670642673
"d13CO2","raw",516,1.00008453577187,16506.2397000627
"d13CO2","raw",517,1.00015475388071,16384.6156943089
"d13CO2","raw",518,1.00012362104333,17010.8618703783
"d13CO2","raw",519,1.00009065127716,17231.1527893351
"d13CO2","raw",520,1.00007327248539,17586.6300424615
"d13CO2","raw",521,1.00014025291904,17648.5614196196
"d13CO2","raw",522,1.00009333819202,16555.4455718196
"d13CO2","raw",523,1.00007928497915,16563.3649541562
"d13CO2","raw",524,1.00009480713529,16471.7706454312
"d13CO2","raw",525,1.00007102173801,15835.6434738607
"d13CO2","raw",526,1.00002227225595,15193.3654540142
"d13CO2","raw",527,1.00002529859701,15598.6014341379
"d13CO2","raw",528,1.0000419850138,16365.9013986795
"d13CO2","raw",529,1.00002342160265,17537.4713738211
"d13CO2","raw",530,1.00002482799395,17165.0173451842
"d13CO2","raw",531,0.999999111818331,17017.0871137563
"d13CO2","raw",532,0.999998045625118,16530.4610576374
"d13CO2","raw",533,1.00004629400396,15295.844111995
"d13CO2","raw",534,1.00012626831301,14878.1184597726
"d13CO2","raw",535,1.00011905376722,14526.1960567474
"d13CO2","raw",536,1.00006988166867,13345.4260967786
"d13CO2","raw",537,1.00010143793369,12929.2477420163
"d13CO2","raw",538,1.00021955876218,12542.0262112317
"d13CO2","raw",539,1.00013696343452,11859.8178620523
"d13CO2","raw",540,1.00018701617711,10932.3555746752
"d13CO2","centered",1,1.2293830555962,957.655197894416
"d13CO2","centered",2,1.18945567827301,1235.61224952399
"d13CO2","centered",3,1.15861224024121,1700.8203745347
"d13CO2","centered",4,1.13756530835906,1699.41506852998
"d13CO2","centered",5,1.11719452603139,1618.88167513247
"d13CO2","centered",6,1.10144072644171,1593.8166090906
"d13CO2","centered",7,1.09071036151603,1508.36846679372
"d13CO2","centered",8,1.0795149132579,1372.63534054686
"d13CO2","centered",9,1.07173157907088,1304.33368000864
"d13CO2","centered",10,1.06278112872225,1303.6304969306
"d13CO2","centered",11,1.05601349428275,1292.83183914238
"d13CO2","centered",12,1.05108588630936,1179.45400411266
"d13CO2","centered",13,1.04503092990501,1135.83795995799
"d13CO2","centered",14,1.04122265114304,1063.31182529365
"d13CO2","centered",15,1.03674591787795,1067.93725002145
"d13CO2","centered",16,1.03314874498814,990.39118462772
"d13CO2","centered",17,1.02939927281655,1019.07134281925
"d13CO2","centered",18,1.02526582161068,985.000917457811
"d13CO2","centered",19,1.02227301521944,1145.13276103652
"d13CO2","centered",20,1.01922430101695,1277.68445559448
"d13CO2","centered",21,1.01686490473679,1320.62358758438
"d13CO2","centered",22,1.01590671244185,1444.3251301198
"d13CO2","centered",23,1.0132245277937,1470.25362425458
"d13CO2","centered",24,1.01163447465867,1562.9792992009
"d13CO2","centered",25,1.01089365895236,1766.55882736712
"d13CO2","centered",26,1.00920541009048,1926.26630427574
"d13CO2","centered",27,1.00758222301419,2108.12431031052
"d13CO2","centered",28,1.00651071615397,2210.97819266958
"d13CO2","centered",29,1.00519771514933,2430.91268249533
"d13CO2","centered",30,1.00470885560493,2587.11152084522
"d13CO2","centered",31,1.00455887316372,2708.2296042432
"d13CO2","centered",32,1.00339298953732,2968.26044284281
"d13CO2","centered",33,1.00297390627282,3152.21383996934
"d13CO2","centered",34,1.00247591775724,3229.29261913829
"d13CO2","centered",35,1.00198357263458,3286.76514850138
"d13CO2","centered",36,1.00197172210813,3230.76858458923
"d13CO2","centered",37,1.00165955606075,3353.65226906414
"d13CO2","centered",38,1.00185463499349,3591.51352052619
"d13CO2","centered",39,1.00139947382075,3441.22377095957
"d13CO2","centered",40,1.00086288016255,3365.32949057602
"d13CO2","centered",41,1.00112571333561,3258.82658536283
"d13CO2","centered",42,1.00082646445204,3096.94704888373
"d13CO2","centered",43,1.00073084849845,3089.72662765644
"d13CO2","centered",44,1.00086993175347,2984.00059316713
"d13CO2","centered",45,1.00086018885348,2916.67205728456
"d13CO2","centered",46,1.00086150864564,2913.16654350546
"d13CO2","centered",47,1.00094401820643,2896.1236926005
"d13CO2","centered",48,1.00098884216891,3068.4204889516
"d13CO2","centered",49,1.00100582718188,2935.87667559042
"d13CO2","centered",50,1.0010419122025,3095.3191682528
"d13CO2","centered",51,1.00109650391341,3062.81640889165
"d13CO2","centered",52,1.00100844726116,3113.73971690284
"d13CO2","centered",53,1.00122345189285,3235.9446124033
"d13CO2","centered",54,1.00138483330789,3522.23296287148
"d13CO2","centered",55,1.00111018076272,3565.47568643129
"d13CO2","centered",56,1.00123112715993,3775.90300583136
"d13CO2","centered",57,1.00157200327661,4025.87995850111
"d13CO2","centered",58,1.00163361997252,3953.53712408044
"d13CO2","centered",59,1.00165206257321,4029.55819996141
"d13CO2","centered",60,1.00158697598289,4090.40618474791
"d13CO2","centered",61,1.00151921561759,4467.75817617879
"d13CO2","centered",62,1.00152195717884,4545.60294165895
"d13CO2","centered",63,1.00147682715556,4342.50434178093
"d13CO2","centered",64,1.00166848207591,4474.13808367262
"d13CO2","centered",65,1.00132074379713,4526.39036957499
"d13CO2","centered",66,1.00156193227293,4679.11336919683
"d13CO2","centered",67,1.00174478002557,4221.11375252156
"d13CO2","centered",68,1.00179047238847,4355.82760976895
"d13CO2","centered",69,1.00192279573473,4240.75370042109
"d13CO2","centered",70,1.00208897672894,4136.29401366241
"d13CO2","centered",71,1.00227457990825,3898.03422573462
"d13CO2","centered",72,1.00177793500045,3906.24614626883
"d13CO2","centered",73,1.00178280172157,4342.12932115967
"d13CO2","centered",74,1.00189602274823,4269.80964429884
"d13CO2","centered",75,1.00207139207908,4275.97665121738
"d13CO2","centered",76,1.0025706373183,4812.66972535892
"d13CO2","centered",77,1.00248628401583,4804.73322846086
"d13CO2","centered",78,1.00247898502012,4748.1642414823
"d13CO2","centered",79,1.00195681679096,4692.79807421465
"d13CO2","centered",80,1.0017467212511,4664.47304077626
"d13CO2","centered",81,1.00183328791026,4661.59961442023
"d13CO2","centered",82,1.00140860659718,4401.40201685714
"d13CO2","centered",83,1.00181042147304,4149.63781801059
"d13CO2","centered",84,1.00156836748483,4215.56925118575
"d13CO2","centered",85,1.00152421859449,3949.76080652771
"d13CO2","centered",86,1.00135947814405,3518.49091257591
"d13CO2","centered",87,1.00116925675784,3339.32114140962
"d13CO2","centered",88,1.00104565724727,2997.80229526059
"d13CO2","centered",89,1.00111396047852,3121.98477939334
"d13CO2","centered",90,1.00127625018844,3113.94992266194
"d13CO2","centered",91,1.00117589352405,2953.98427647198
"d13CO2","centered",92,1.00105249462322,2734.67564698153
"d13CO2","centered",93,1.00084137471662,2746.95361395047
"d13CO2","centered",94,1.00093416377111,2516.65549423846
"d13CO2","centered",95,1.00101738333465,2471.15255977379
"d13CO2","centered",96,1.00096048401076,2334.07309759148
"d13CO2","centered",97,1.00127960274343,1986.42194808607
"d13CO2","centered",98,1.00131692998535,2041.71711556667
"d13CO2","centered",99,1.00156621241236,1890.64420120623
"d13CO2","centered",100,1.0014980649568,1679.15883372265
"d13CO2","centered",101,1.00114482398688,1672.8022922992
"d13CO2","centered",102,1.00116538051777,1489.02653204731
"d13CO2","centered",103,1.00139710711148,1202.94763310561
"d13CO2","centered",104,1.00111551516083,1224.63160195655
"d13CO2","centered",105,1.00091656641842,1073.47077609348
"d13CO2","centered",106,1.00113028127534,1002.1217226435
"d13CO2","centered",107,1.00123081909867,992.677262708986
"d13CO2","centered",108,1.00140342195904,928.975255326093
"d13CO2","centered",109,1.00137979026627,977.7345406854
"d13CO2","centered",110,1.00186579139709,957.825823225725
"d13CO2","centered",111,1.00226059787471,977.220150085246
"d13CO2","centered",112,1.00237302181959,925.987847437933
"d13CO2","centered",113,1.00284112682831,1004.49788853236
"d13CO2","centered",114,1.00294049517061,1066.3282931421
"d13CO2","centered",115,1.00321512137515,1154.9899395326
"d13CO2","centered",116,1.00296946482596,1183.10910200036
"d13CO2","centered",117,1.00304200251081,1391.77577763101
"d13CO2","centered",118,1.00252682659625,1512.27875324787
"d13CO2","centered",119,1.00234581519118,1704.63254119555
"d13CO2","centered",120,1.00208964966718,2065.96307254656
"d13CO2","centered",121,1.0016327540222,2403.09358816679
"d13CO2","centered",122,1.00146749183056,3400.0649973435
"d13CO2","centered",123,1.00108751552011,3871.93833333426
"d13CO2","centered",124,1.00136935146888,4505.24429180924
"d13CO2","centered",125,1.00125906982953,4554.32976719782
"d13CO2","centered",126,1.00093981896497,5323.32674592834
"d13CO2","centered",127,1.00082286393059,5917.15751462264
"d13CO2","centered",128,1.00080893894182,6975.30358240037
"d13CO2","centered",129,1.00109918783637,8199.11919888266
"d13CO2","centered",130,1.00083573680647,8938.65901705826
"d13CO2","centered",131,1.00071284596073,9021.71265778012
"d13CO2","centered",132,1.0009929784714,9422.13038044728
"d13CO2","centered",133,1.00092956677674,9511.62900539906
"d13CO2","centered",134,1.00092414563804,10237.9972726411
"d13CO2","centered",135,1.0010095238729,10259.5191731459
"d13CO2","centered",136,1.00100196481449,10991.1510056371
"d13CO2","centered",137,1.00099257681483,11102.9637697817
"d13CO2","centered",138,1.00077672293375,11082.071684988
"d13CO2","centered",139,1.00077180947577,10263.6460322113
"d13CO2","centered",140,1.00062986864483,9853.23244462573
"d13CO2","centered",141,1.00066849900256,9703.77048599621
"d13CO2","centered",142,1.00062292242643,9451.97323756912
"d13CO2","centered",143,1.0003229591907,8609.52616403579
"d13CO2","centered",144,1.00038949028261,9025.18997537905
"d13CO2","centered",145,1.00090141918525,8679.05686939273
"d13CO2","centered",146,1.00085003512307,8246.30018782181
"d13CO2","centered",147,1.00089052108252,8159.13263369826
"d13CO2","centered",148,1.00074647425884,7704.4591953671
"d13CO2","centered",149,1.00070545091276,7260.47229760352
"d13CO2","centered",150,1.00081174914343,7480.31212298234
"d13CO2","centered",151,1.0006342215691,7010.81299714982
"d13CO2","centered",152,1.00058583992909,6012.39329869917
"d13CO2","centered",153,1.00085615965553,5583.17050323306
"d13CO2","centered",154,1.00106058399469,5255.46398846247
"d13CO2","centered",155,1.00141200821291,4496.48892393735
"d13CO2","centered",156,1.00143465857077,3939.42231500143
"d13CO2","centered",157,1.00118085518083,3684.18415035816
"d13CO2","centered",158,1.00122975676995,3629.59847324855
"d13CO2","centered",159,1.00156512998574,3372.92301179637
"d13CO2","centered",160,1.00142612540942,3219.56377594822
"d13CO2","centered",161,1.0013002212265,3113.12989093004
"d13CO2","centered",162,1.00140053573035,2913.773210123
"d13CO2","centered",163,1.00113502271679,2740.13668613157
"d13CO2","centered",164,1.00078461079932,2922.70790596671
"d13CO2","centered",165,1.00075950463025,3272.11374246193
"d13CO2","centered",166,1.00098687156109,3184.14115009665
"d13CO2","centered",167,1.00087892477505,3345.95860409024
"d13CO2","centered",168,1.00084633789347,3562.61373790531
"d13CO2","centered",169,1.00098635951899,3906.47935829656
"d13CO2","centered",170,1.00093160583045,4271.30029713637
"d13CO2","centered",171,1.00086714150586,4761.40202994875
"d13CO2","centered",172,1.0008230200635,4991.54558035927
"d13CO2","centered",173,1.00062746827103,6118.03998128036
"d13CO2","centered",174,1.00081760785812,6265.15297814313
"d13CO2","centered",175,1.00080556887091,6899.32916694841
"d13CO2","centered",176,1.00051411434628,7806.09510338874
"d13CO2","centered",177,1.00052049603856,8128.80154030581
"d13CO2","centered",178,1.00028396349302,8120.64351021835
"d13CO2","centered",179,1.00033653542312,7991.12153023769
"d13CO2","centered",180,1.0000793503466,7627.24865001922
"d13CO2","centered",181,1.00027702628957,7150.02147400722
"d13CO2","centered",182,1.00019819103245,7574.48545245776
"d13CO2","centered",183,1.00024611339739,7341.09427341506
"d13CO2","centered",184,1.00015890030342,8115.83588088623
"d13CO2","centered",185,1.00014279223617,7857.82272569811
"d13CO2","centered",186,1.00021426263053,7670.83585445497
"d13CO2","centered",187,1.00024329169419,7822.26750537756
"d13CO2","centered",188,1.00031403404635,7653.57641841648
"d13CO2","centered",189,1.00032059632899,7454.79497331461
"d13CO2","centered",190,1.00038036271176,7041.45536491055
"d13CO2","centered",191,1.00032676302968,9119.47766575774
"d13CO2","centered",192,1.00020179835891,8771.58072678554
"d13CO2","centered",193,1.00019746722639,9351.11227458595
"d13CO2","centered",194,1.00022230370474,9098.83169822261
"d13CO2","centered",195,1.00022176898405,8469.05355743179
"d13CO2","centered",196,1.00026671754669,9023.00228978114
"d13CO2","centered",197,1.00020505309131,8478.94450009792
"d13CO2","centered",198,1.00017399730731,8247.29720448355
"d13CO2","centered",199,1.00008844483793,7424.0731577207
"d13CO2","centered",200,1.00013621489362,7630.66476776149
"d13CO2","centered",201,1.00019955247004,6792.32034927054
"d13CO2","centered",202,1.00023829030385,6532.25556567582
"d13CO2","centered",203,1.00024388083428,6327.33285583141
"d13CO2","centered",204,1.00040256896518,5889.03399058274
"d13CO2","centered",205,1.000165445171,5202.92250804721
"d13CO2","centered",206,1.00033448998198,4427.63380150077
"d13CO2","centered",207,1.00039734349856,4022.07279207405
"d13CO2","centered",208,1.00063098121924,3614.07557483082
"d13CO2","centered",209,1.00078561917006,3173.29178476313
"d13CO2","centered",210,1.0009317835136,3193.93762290083
"d13CO2","centered",211,1.00102375109679,2923.5861487652
"d13CO2","centered",212,1.00138626123363,2756.23376441771
"d13CO2","centered",213,1.00149306206965,2870.37503906951
"d13CO2","centered",214,1.00114471741498,2712.74033959096
"d13CO2","centered",215,1.0014168626158,2605.19838006185
"d13CO2","centered",216,1.00135995841273,2473.5972265635
"d13CO2","centered",217,1.0013393109316,2496.52461850359
"d13CO2","centered",218,1.0011592709728,2665.12100954796
"d13CO2","centered",219,1.00076242586122,2906.493382766
"d13CO2","centered",220,1.00089234854556,3008.97928957004
"d13CO2","centered",221,1.00068321591332,3281.40308410896
"d13CO2","centered",222,1.00075751337079,3539.66339867308
"d13CO2","centered",223,1.00070280274365,3696.81785651359
"d13CO2","centered",224,1.00054167243284,3568.98386121041
"d13CO2","centered",225,1.00029943736792,3756.48777152579
"d13CO2","centered",226,1.00042650805684,4068.82050661844
"d13CO2","centered",227,1.00023959669563,3936.56694588789
"d13CO2","centered",228,1.0003752718225,3655.02692056685
"d13CO2","centered",229,1.0002025111751,3814.93656653858
"d13CO2","centered",230,1.00038484167902,3603.67830568086
"d13CO2","centered",231,1.00031601109725,3465.83565868598
"d13CO2","centered",232,1.0005035303491,3082.79630225218
"d13CO2","centered",233,1.00059366145943,2832.98037498984
"d13CO2","centered",234,1.00075530278232,2654.16028468634
"d13CO2","centered",235,1.00127760826269,2507.35918484915
"d13CO2","centered",236,1.00177367707023,2263.21594355648
"d13CO2","centered",237,1.00194881733659,2561.1686480237
"d13CO2","centered",238,1.00148050609124,3026.76359678897
"d13CO2","centered",239,1.00119415909648,3408.58281317978
"d13CO2","centered",240,1.00125850187416,3419.11183732973
"d13CO2","centered",241,1.00081677199798,3796.66937205392
"d13CO2","centered",242,1.00082294269762,4091.73674422944
"d13CO2","centered",243,1.00084610223886,4067.3783942629
"d13CO2","centered",244,1.00085232721259,3828.85914273711
"d13CO2","centered",245,1.00104872590282,3984.68848360548
"d13CO2","centered",246,1.00103853566194,4080.34464991367
"d13CO2","centered",247,1.00104326433416,4078.21860400884
"d13CO2","centered",248,1.00076509535354,4463.35272511694
"d13CO2","centered",249,1.00071777481538,4116.01617169972
"d13CO2","centered",250,1.0006996969617,4377.90366847896
"d13CO2","centered",251,1.00067189356125,4286.06878478525
"d13CO2","centered",252,1.00077171757068,4004.22402477761
"d13CO2","centered",253,1.00061729380425,4366.03883529877
"d13CO2","centered",254,1.00048999987892,4276.54048620581
"d13CO2","centered",255,1.00047678240783,3808.22216938557
"d13CO2","centered",256,1.00069512321678,4284.16712851737
"d13CO2","centered",257,1.00076375856239,4025.69252753405
"d13CO2","centered",258,1.00074024560338,3867.73071115803
"d13CO2","centered",259,1.00099321603562,3763.24974287476
"d13CO2","centered",260,1.00099835103474,3821.20205620946
"d13CO2","centered",261,1.00086293865746,3772.71770935931
"d13CO2","centered",262,1.00139410848835,3526.05704302944
"d13CO2","centered",263,1.00157801753111,3947.20191619104
"d13CO2","centered",264,1.00145530408249,4208.2175134539
"d13CO2","centered",265,1.00147307894373,4446.1557670836
"d13CO2","centered",266,1.00162775921992,4753.34635289756
"d13CO2","centered",267,1.00137895857658,4839.55355862518
"d13CO2","centered",268,1.00186407321749,4971.39558783676
"d13CO2","centered",269,1.00181246148614,5124.54372292957
"d13CO2","centered",270,1.00134178962592,5519.31559004597
"d13CO2","centered",271,1.00143916737758,5191.79412699195
"d13CO2","centered",272,1.00163297107506,5698.49646181722
"d13CO2","centered",273,1.00180595773631,5523.20363123862
"d13CO2","centered",274,1.0014050572636,5827.28698331561
"d13CO2","centered",275,1.00166808748333,5938.08268975649
"d13CO2","centered",276,1.00166238983841,5847.76598189615
"d13CO2","centered",277,1.00196208065124,5302.8039990248
"d13CO2","centered",278,1.00222528522492,4931.94627438298
"d13CO2","centered",279,1.00222559885858,4711.94123935275
"d13CO2","centered",280,1.00237945406756,4566.26268349805
"d13CO2","centered",281,1.00259745232771,4175.3271771672
"d13CO2","centered",282,1.00305810206515,4120.01776654801
"d13CO2","centered",283,1.00342901404854,3557.21313411234
"d13CO2","centered",284,1.00372099603248,2968.62947745332
"d13CO2","centered",285,1.00357652458265,2597.95382249328
"d13CO2","centered",286,1.00394188975964,2245.57593063977
"d13CO2","centered",287,1.00510200927001,1822.74775797317
"d13CO2","centered",288,1.0053617078538,1431.30529444916
"d13CO2","centered",289,1.00572043004832,1426.4392990059
"d13CO2","centered",290,1.00609821155924,1419.5288229683
"d13CO2","centered",291,1.00587572213167,1397.41410646868
"d13CO2","centered",292,1.00633630058889,1438.96902686919
"d13CO2","centered",293,1.0055951467885,1507.42087883473
"d13CO2","centered",294,1.00555542305422,1695.06159997289
"d13CO2","centered",295,1.00449277046325,1829.82045826873
"d13CO2","centered",296,1.00360720805259,2124.35668898898
"d13CO2","centered",297,1.00305828490344,2304.8793343333
"d13CO2","centered",298,1.00282822682625,2435.18933760587
"d13CO2","centered",299,1.0025273161064,2735.35417476689
"d13CO2","centered",300,1.00195334825496,2988.52087643201
"d13CO2","centered",301,1.00245240834986,3228.53353776777
"d13CO2","centered",302,1.00210409058238,3681.43519831345
"d13CO2","centered",303,1.00242046724485,3924.48488653799
"d13CO2","centered",304,1.00211117355751,4044.86090940156
"d13CO2","centered",305,1.00173545007584,4336.52275662436
"d13CO2","centered",306,1.00164745815613,3561.70273432595
"d13CO2","centered",307,1.00163949842527,3926.446118626
"d13CO2","centered",308,1.00165748039613,4792.51373634199
"d13CO2","centered",309,1.00161431865863,4769.40734518075
"d13CO2","centered",310,1.00170109240089,5491.96993977165
"d13CO2","centered",311,1.0013557141865,5375.2597764755
"d13CO2","centered",312,1.00144592018265,5270.26013536739
"d13CO2","centered",313,1.00142349423687,5886.78382166394
"d13CO2","centered",314,1.00117103808243,6335.37399344941
"d13CO2","centered",315,1.00112711728298,7325.99082412538
"d13CO2","centered",316,1.0008962725355,6947.53518105726
"d13CO2","centered",317,1.00102805738702,7626.79870982598
"d13CO2","centered",318,1.00086726303264,8088.3201186486
"d13CO2","centered",319,1.00076379401765,9196.37032742151
"d13CO2","centered",320,1.00031732499046,9581.62186224568
"d13CO2","centered",321,1.00020445591633,9982.09236688765
"d13CO2","centered",322,1.00012336839724,11341.7502794398
"d13CO2","centered",323,1.00025836750722,10209.2748481257
"d13CO2","centered",324,1.00041316383083,9022.72473009077
"d13CO2","centered",325,1.00066595083086,9275.5346232769
"d13CO2","centered",326,1.00061249490441,8431.4603286751
"d13CO2","centered",327,1.0005246882287,7676.51307254317
"d13CO2","centered",328,1.00114232831095,6530.81006390051
"d13CO2","centered",329,1.00088982619389,6385.56737650705
"d13CO2","centered",330,1.00075831324393,5977.56096709143
"d13CO2","centered",331,1.00108826669864,4964.50341181114
"d13CO2","centered",332,1.00104087843467,4326.68053175819
"d13CO2","centered",333,1.00126957218724,3687.36468075255
"d13CO2","centered",334,1.0016503872176,2799.71444453612
"d13CO2","centered",335,1.00233327017785,2131.24501477211
"d13CO2","centered",336,1.00302667423482,1574.96890176816
"d13CO2","centered",337,1.00304740897632,1271.7039331678
"d13CO2","centered",338,1.00254028216971,1061.69610949626
"d13CO2","centered",339,1.00364844975266,915.31485002772
"d13CO2","centered",340,1.00355746886163,1133.13473075895
"d13CO2","centered",341,1.00333055895767,1214.41014207827
"d13CO2","centered",342,1.00393051537022,1338.48288150839
"d13CO2","centered",343,1.00372574936926,1491.67957199242
"d13CO2","centered",344,1.00375763922119,1613.50443504946
"d13CO2","centered",345,1.00361879145933,1565.48517175437
"d13CO2","centered",346,1.00384153927722,1406.54780855563
"d13CO2","centered",347,1.00422620992183,1397.20423302924
"d13CO2","centered",348,1.00413468767987,1443.56318664326
"d13CO2","centered",349,1.00407352663545,1344.14165107513
"d13CO2","centered",350,1.00415401885969,1234.15627132736
"d13CO2","centered",351,1.00501477671753,1171.68049279079
"d13CO2","centered",352,1.0049700421549,1021.42607644009
"d13CO2","centered",353,1.00508690734673,1062.19061714988
"d13CO2","centered",354,1.00514558204178,987.629013908298
"d13CO2","centered",355,1.00577950404985,898.746023342889
"d13CO2","centered",356,1.00616660743666,809.369436460825
"d13CO2","centered",357,1.00651902852179,768.054650792442
"d13CO2","centered",358,1.00734733649663,777.437124299503
"d13CO2","centered",359,1.00558451812711,948.194732582235
"d13CO2","centered",360,1.004793904884,1053.08595425874
"d13CO2","centered",361,1.0047926923224,1126.92302671611
"d13CO2","centered",362,1.00432687278927,1391.37182270778
"d13CO2","centered",363,1.00367573719601,1496.87160242376
"d13CO2","centered",364,1.00340401187332,1695.22506981769
"d13CO2","centered",365,1.00286448192395,1697.85471233666
"d13CO2","centered",366,1.00256742339034,1967.93183539121
"d13CO2","centered",367,1.0026214033474,1946.61860057449
"d13CO2","centered",368,1.00350131664313,1895.51131704663
"d13CO2","centered",369,1.00431944461803,1869.03119383563
"d13CO2","centered",370,1.00415227767721,1737.63114296644
"d13CO2","centered",371,1.00379198718698,1853.00030891858
"d13CO2","centered",372,1.00388592838779,1912.25390191824
"d13CO2","centered",373,1.00364064415476,1818.67389895028
"d13CO2","centered",374,1.00352351149631,1911.40978482453
"d13CO2","centered",375,1.00412527436315,1850.19126230948
"d13CO2","centered",376,1.00411622030904,1751.00246633493
"d13CO2","centered",377,1.00347800619452,1694.01839540427
"d13CO2","centered",378,1.00366516310519,1516.21760879699
"d13CO2","centered",379,1.002821300813,1440.99893004455
"d13CO2","centered",380,1.00265014474309,1480.85965496406
"d13CO2","centered",381,1.00290437214786,1390.54418345521
"d13CO2","centered",382,1.00369019998008,1314.79799317414
"d13CO2","centered",383,1.00381855855708,1443.94091334942
"d13CO2","centered",384,1.00331156600926,1503.16714527871
"d13CO2","centered",385,1.00321090319069,1708.28188144706
"d13CO2","centered",386,1.00277155563472,1967.02566966764
"d13CO2","centered",387,1.00224180929606,2069.76961070866
"d13CO2","centered",388,1.00200759394454,2212.88588025942
"d13CO2","centered",389,1.00177129018026,2361.92625752856
"d13CO2","centered",390,1.00135093574122,2755.2906666533
"d13CO2","centered",391,1.00146678701978,2652.28516598624
"d13CO2","centered",392,1.00115250835515,2603.5673616168
"d13CO2","centered",393,1.00146052240881,2465.13537854251
"d13CO2","centered",394,1.00153537641182,2462.05790093835
"d13CO2","centered",395,1.00123621236891,2305.9954672478
"d13CO2","centered",396,1.00114350814678,2319.43190376238
"d13CO2","centered",397,1.00126151366439,2181.81781106975
"d13CO2","centered",398,1.00130336002471,2120.30212888358
"d13CO2","centered",399,1.00151359235121,2008.54921906708
"d13CO2","centered",400,1.00200874104027,1849.38358765266
"d13CO2","centered",401,1.00211948788478,1645.03515498692
"d13CO2","centered",402,1.00207955192968,1565.17592002728
"d13CO2","centered",403,1.00238941597037,1468.10509856683
"d13CO2","centered",404,1.00304276059314,1308.44563432454
"d13CO2","centered",405,1.002555721838,1242.78831441559
"d13CO2","centered",406,1.00252040525048,1343.71045072635
"d13CO2","centered",407,1.0028098570166,1451.10731543745
"d13CO2","centered",408,1.00311442900205,1348.609734303
"d13CO2","centered",409,1.00280428556782,1362.24981092604
"d13CO2","centered",410,1.00260795179629,1319.01693035885
"d13CO2","centered",411,1.00267233921238,1350.81708006591
"d13CO2","centered",412,1.00229001817946,1349.6112459897
"d13CO2","centered",413,1.00231579667262,1243.79742514947
"d13CO2","centered",414,1.00233531528865,1281.04534658687
"d13CO2","centered",415,1.00249255548294,1262.9555062479
"d13CO2","centered",416,1.00225228601811,1233.20653172774
"d13CO2","centered",417,1.00203703215998,1157.07477844849
"d13CO2","centered",418,1.00191542642783,1275.72729359921
"d13CO2","centered",419,1.00214200382719,1389.72093628842
"d13CO2","centered",420,1.00167020842705,1374.632854055
"d13CO2","centered",421,1.00106281458465,1526.87060920145
"d13CO2","centered",422,1.00111647065662,1636.69280984421
"d13CO2","centered",423,1.00086450951464,1762.6171844329
"d13CO2","centered",424,1.00088923415965,1779.43180221799
"d13CO2","centered",425,1.00090264445699,1775.71918392228
"d13CO2","centered",426,1.00064724025674,1806.26570356319
"d13CO2","centered",427,1.00076660376263,1732.18162173067
"d13CO2","centered",428,1.00070468028185,1891.00621879509
"d13CO2","centered",429,1.00086931225834,1984.36427259674
"d13CO2","centered",430,1.00087545096521,1993.39358334059
"d13CO2","centered",431,1.0008374886712,2061.46755364934
"d13CO2","centered",432,1.00111711315801,2284.77172582744
"d13CO2","centered",433,1.0011006532939,2321.73684099168
"d13CO2","centered",434,1.00137696506636,2172.30516460346
"d13CO2","centered",435,1.00146335771477,2025.06298606299
"d13CO2","centered",436,1.00175689590005,1798.68083632847
"d13CO2","centered",437,1.00187948153975,1716.93275659813
"d13CO2","centered",438,1.0017881603261,1450.58352016585
"d13CO2","centered",439,1.00208628425307,1352.76862265437
"d13CO2","centered",440,1.00242549620948,1399.23972486524
"d13CO2","centered",441,1.002521623795,1413.96744277231
"d13CO2","centered",442,1.00244173128061,1316.1774245158
"d13CO2","centered",443,1.00322953047956,1260.5947634635
"d13CO2","centered",444,1.00406948492492,1177.28522646571
"d13CO2","centered",445,1.00482068425051,1206.55643281664
"d13CO2","centered",446,1.00560316758868,1282.19992746607
"d13CO2","centered",447,1.00644181626949,1302.5561076884
"d13CO2","centered",448,1.00626002026755,1322.77046324347
"d13CO2","centered",449,1.00646137557317,1404.35681353331
"d13CO2","centered",450,1.00669568810542,1480.26870683677
"d13CO2","centered",451,1.00579761693934,1510.42663290815
"d13CO2","centered",452,1.00624086832383,1592.42734735071
"d13CO2","centered",453,1.00626690986237,1828.0720841316
"d13CO2","centered",454,1.00588398334796,1962.378832999
"d13CO2","centered",455,1.00574078213627,2019.82798854579
"d13CO2","centered",456,1.00542403643286,2235.93971204179
"d13CO2","centered",457,1.00516374444975,2467.2553998854
"d13CO2","centered",458,1.00395097552969,2943.71843134308
"d13CO2","centered",459,1.00379741029899,2815.231464952
"d13CO2","centered",460,1.00382396917513,2943.72096007181
"d13CO2","centered",461,1.00360314563568,2821.1839750625
"d13CO2","centered",462,1.00416981994891,2819.15028369652
"d13CO2","centered",463,1.00406043956112,2299.31850995047
"d13CO2","centered",464,1.00426636717372,2167.19673841942
"d13CO2","centered",465,1.00388000506637,2033.59943741485
"d13CO2","centered",466,1.00447647309072,1882.07167461761
"d13CO2","centered",467,1.00470978163775,1811.79525932586
"d13CO2","centered",468,1.00456223734424,1846.30624011275
"d13CO2","centered",469,1.00357851199545,1915.97390717849
"d13CO2","centered",470,1.00334520358919,2051.5881469133
"d13CO2","centered",471,1.00367914593789,2073.98357036627
"d13CO2","centered",472,1.00267577611652,2330.79014418404
"d13CO2","centered",473,1.00286601877785,2281.55410360281
"d13CO2","centered",474,1.0032161483745,2321.89665356425
"d13CO2","centered",475,1.00294746073204,2300.9973765329
"d13CO2","centered",476,1.00260911267653,2375.75810108561
"d13CO2","centered",477,1.00249572938128,2419.32486554877
"d13CO2","centered",478,1.00298420385467,2553.95751042002
"d13CO2","centered",479,1.00318649286157,2176.03744950205
"d13CO2","centered",480,1.00299299995454,2236.74322731968
"d13CO2","centered",481,1.00367848662705,2161.15247394581
"d13CO2","centered",482,1.00384174831525,2114.97871010913
"d13CO2","centered",483,1.0031675539735,2285.12610746645
"d13CO2","centered",484,1.00375748730889,1997.11908835776
"d13CO2","centered",485,1.00506466725237,1922.61585723479
"d13CO2","centered",486,1.00395274560118,1795.84401821216
"d13CO2","centered",487,1.00416909896316,1604.68815943784
"d13CO2","centered",488,1.00476346994787,1767.52719895968
"d13CO2","centered",489,1.00390373648053,2002.29416746924
"d13CO2","centered",490,1.0043512512087,1859.1506490268
"d13CO2","centered",491,1.00466291876328,1973.91971367524
"d13CO2","centered",492,1.00560022983105,2008.75689808654
"d13CO2","centered",493,1.00524052247352,2171.42059653888
"d13CO2","centered",494,1.00522155315173,2112.06706415532
"d13CO2","centered",495,1.00569365758012,2026.22629307475
"d13CO2","centered",496,1.00462265866772,2070.35432159847
"d13CO2","centered",497,1.00454012111494,2037.76097885251
"d13CO2","centered",498,1.00479774711732,2262.0088533654
"d13CO2","centered",499,1.00439980278454,2243.77897269061
"d13CO2","centered",500,1.00437390019184,2298.78567794987
"d13CO2","centered",501,1.00409107896572,2105.50913730232
"d13CO2","centered",502,1.00571039853473,1990.74858054771
"d13CO2","centered",503,1.00476720012494,2207.90575510784
"d13CO2","centered",504,1.0036723219016,2184.5687603138
"d13CO2","centered",505,1.00501670018287,1960.50539349769
"d13CO2","centered",506,1.00493598691093,1963.76203235672
"d13CO2","centered",507,1.00477074213897,2064.78953092592
"d13CO2","centered",508,1.00396979849747,2351.94974456096
"d13CO2","centered",509,1.00406268267982,2419.57379894233
"d13CO2","centered",510,1.00471465632387,2395.67141995112
"d13CO2","centered",511,1.00587257717957,1731.44739776352
"d13CO2","centered",512,1.00614442095147,1971.53159968784
"d13CO2","centered",513,1.00453940335349,2363.61834485371
"d13CO2","centered",514,1.00530765241541,2308.06947239309
"d13CO2","centered",515,1.00468386711113,2171.27125816751
"d13CO2","centered",516,1.00564618814938,1934.8991836393
"d13CO2","centered",517,1.00661115055702,2386.97735020089
"d13CO2","centered",518,1.00589769933512,2425.38564754048
"d13CO2","centered",519,1.0051471372944,2329.51772130994
"d13CO2","centered",520,1.00526231907443,2097.75090073903
"d13CO2","centered",521,1.00570248439242,2571.58653896821
"d13CO2","centered",522,1.00498455956871,2303.88765548029
"d13CO2","centered",523,1.00436780410246,2480.76444707453
"d13CO2","centered",524,1.00459165568974,2483.16473039326
"d13CO2","centered",525,1.00461767417744,2486.51938303432
"d13CO2","centered",526,1.00400014613883,2135.19194831047
"d13CO2","centered",527,1.00449584200135,2006.05531877512
"d13CO2","centered",528,1.00489174961072,1977.65374344577
"d13CO2","centered",529,1.00426667603591,2086.85790177437
"d13CO2","centered",530,1.00438029509444,2289.93847910978
"d13CO2","centered",531,1.00422043600911,2080.36301548613
"d13CO2","centered",532,1.00405755522468,1964.33949811219
"d13CO2","centered",533,1.00470310977906,2046.07247959427
"d13CO2","centered",534,1.00670825923432,1601.13866436047
"d13CO2","centered",535,1.00707248743572,1433.35768741311
"d13CO2","centered",536,1.00574917075352,1527.84710091703
"d13CO2","centered",537,1.00579397431199,1442.43380376433
"d13CO2","centered",538,1.00735722782469,1397.65674794265
"d13CO2","centered",539,1.00553063618376,1450.32369299656
"d13CO2","centered",540,1.00455478879178,1734.6280743672
"d13CO2","first_difference",1,1.02353285945422,9155.76395099035
"d13CO2","first_difference",2,1.01255268400596,20321.0662065263
"d13CO2","first_difference",3,1.00550639216984,18264.3879500861
"d13CO2","first_difference",4,1.00449707304671,18264.2536364474
"d13CO2","first_difference",5,1.00286275773663,20274.8261539285
"d13CO2","first_difference",6,1.0017092607458,19481.4590311891
"d13CO2","first_difference",7,1.00177032153897,18716.535640846
"d13CO2","first_difference",8,1.00067548628128,18182.6782136218
"d13CO2","first_difference",9,1.00121231614807,19038.9421370962
"d13CO2","first_difference",10,1.00063019707592,19524.5852640232
"d13CO2","first_difference",11,1.00055281008929,18650.5466797878
"d13CO2","first_difference",12,1.00075511483008,18194.4266618355
"d13CO2","first_difference",13,1.00040757003059,17018.7310516613
"d13CO2","first_difference",14,1.00086125737004,17297.8517897211
"d13CO2","first_difference",15,1.00044655255465,15238.1033704007
"d13CO2","first_difference",16,1.00062929564356,15665.4741318154
"d13CO2","first_difference",17,1.00062123846005,15641.2073320708
"d13CO2","first_difference",18,1.00039143015871,17661.9110248454
"d13CO2","first_difference",19,1.00059715296403,17305.8045608752
"d13CO2","first_difference",20,1.00028072384638,17147.1757488684
"d13CO2","first_difference",21,1.00008786987894,19824.9979074629
"d13CO2","first_difference",22,1.00046867360187,21687.8483714677
"d13CO2","first_difference",23,1.00015951609981,20468.8181836215
"d13CO2","first_difference",24,1.00008365696519,22959.4666361821
"d13CO2","first_difference",25,1.00041831467722,21575.4902641679
"d13CO2","first_difference",26,1.00036162628224,22775.6379955736
"d13CO2","first_difference",27,1.00001215281952,22856.4559858455
"d13CO2","first_difference",28,1.00026103887185,23669.0519170749
"d13CO2","first_difference",29,0.999974295295094,23440.283606428
"d13CO2","first_difference",30,0.999990883943393,22767.066483584
"d13CO2","first_difference",31,1.0003170507332,22295.0684466063
"d13CO2","first_difference",32,0.999993714575642,23540.0692874531
"d13CO2","first_difference",33,1.00018378302811,23237.5351807506
"d13CO2","first_difference",34,1.00011686617274,22167.4137837395
"d13CO2","first_difference",35,1.00009038046838,23791.2786847414
"d13CO2","first_difference",36,1.00007826240798,22996.330974605
"d13CO2","first_difference",37,1.00007083418694,22843.6925913828
"d13CO2","first_difference",38,1.00005164189995,23515.2577979181
"d13CO2","first_difference",39,1.00050690212858,23149.8478386462
"d13CO2","first_difference",40,1.00013527996061,23290.7509295671
"d13CO2","first_difference",41,1.00002703764455,23584.3621332426
"d13CO2","first_difference",42,1.00020297838576,23557.1591779519
"d13CO2","first_difference",43,0.999949839009409,21975.7491813178
"d13CO2","first_difference",44,1.00012828466273,22817.8735410896
"d13CO2","first_difference",45,0.999937215499441,22015.4329685596
"d13CO2","first_difference",46,1.00020056444872,21922.3017929205
"d13CO2","first_difference",47,1.00003207869143,22232.6137841068
"d13CO2","first_difference",48,1.00003007300494,22547.4107391787
"d13CO2","first_difference",49,0.999933848783941,23695.0609836132
"d13CO2","first_difference",50,1.00004183423253,24000
"d13CO2","first_difference",51,0.999970064828282,23135.1296197405
"d13CO2","first_difference",52,1.00000146909618,22766.5728190439
"d13CO2","first_difference",53,0.999981126116397,23440.1872716798
"d13CO2","first_difference",54,1.00011261753039,24141.3258728764
"d13CO2","first_difference",55,1.00002699360057,24000
"d13CO2","first_difference",56,1.00005224917579,24434.2778605927
"d13CO2","first_difference",57,0.999959856952329,24288.0229555727
"d13CO2","first_difference",58,0.999964639391229,22861.8882327736
"d13CO2","first_difference",59,1.00000534240108,22831.3994696813
"d13CO2","first_difference",60,0.999941255405962,23277.8953923318
"d13CO2","first_difference",61,1.00009328008781,23537.0595473383
"d13CO2","first_difference",62,1.00002413578433,23461.5944035469
"d13CO2","first_difference",63,1.00012488857207,24000
"d13CO2","first_difference",64,0.999988003383799,23385.4919118078
"d13CO2","first_difference",65,0.999957896390483,22421.661665606
"d13CO2","first_difference",66,1.00009009125529,22795.9048474348
"d13CO2","first_difference",67,1.00001755456054,22869.1005108506
"d13CO2","first_difference",68,0.999976487928727,22810.7591957782
"d13CO2","first_difference",69,0.999983240406421,24099.8331595728
"d13CO2","first_difference",70,0.99998274580737,23520.5694148353
"d13CO2","first_difference",71,1.00001763742949,23738.0370632259
"d13CO2","first_difference",72,0.999980227819868,22197.8658148582
"d13CO2","first_difference",73,1.00009100006481,22429.3748319718
"d13CO2","first_difference",74,1.00014498098943,22655.6358483248
"d13CO2","first_difference",75,1.00021803565252,23740.5194094738
"d13CO2","first_difference",76,0.999936700993417,23744.8505059265
"d13CO2","first_difference",77,1.00001057979518,23052.0877771384
"d13CO2","first_difference",78,0.999973781034859,23377.8063229928
"d13CO2","first_difference",79,0.999994556878055,23713.1190191653
"d13CO2","first_difference",80,1.00001826401692,24000
"d13CO2","first_difference",81,1.00008141903894,23259.3601523167
"d13CO2","first_difference",82,1.00002124310612,22951.9104034209
"d13CO2","first_difference",83,1.00008330070966,23735.1034971424
"d13CO2","first_difference",84,1.00005421422962,23379.6024769984
"d13CO2","first_difference",85,1.00003343558905,23283.9045540778
"d13CO2","first_difference",86,1.00016641000151,24000
"d13CO2","first_difference",87,1.00000317507727,22872.106548839
"d13CO2","first_difference",88,1.00002670913171,22984.9902657175
"d13CO2","first_difference",89,0.999979391069063,24000
"d13CO2","first_difference",90,0.999917513467039,22945.463943142
"d13CO2","first_difference",91,0.999993675586349,21591.4502468971
"d13CO2","first_difference",92,1.00010014004505,22363.5396458071
"d13CO2","first_difference",93,1.00004012722695,22602.956797158
"d13CO2","first_difference",94,0.999958470610304,22640.7126768577
"d13CO2","first_difference",95,1.000139208988,22503.8761996823
"d13CO2","first_difference",96,1.0002472343441,21076.7614374951
"d13CO2","first_difference",97,1.00019383330433,21308.0376195548
"d13CO2","first_difference",98,0.999994861407784,19935.3916677123
"d13CO2","first_difference",99,1.00015562889092,19339.3360006463
"d13CO2","first_difference",100,1.0001548376638,20675.1877393994
"d13CO2","first_difference",101,1.00002628066068,19710.2371087421
"d13CO2","first_difference",102,1.0000136910976,19455.2435038037
"d13CO2","first_difference",103,1.00010446579935,18603.827370079
"d13CO2","first_difference",104,1.00023016365593,19592.9113695265
"d13CO2","first_difference",105,1.00021509637288,19956.3266069038
"d13CO2","first_difference",106,0.999979040591843,17776.28906125
"d13CO2","first_difference",107,1.00001996188301,16011.7812066386
"d13CO2","first_difference",108,1.00018518753805,15108.0249551494
"d13CO2","first_difference",109,1.00047748147909,15247.1179430497
"d13CO2","first_difference",110,1.00014558839102,16227.6998781897
"d13CO2","first_difference",111,1.00012191640797,18971.6764163981
"d13CO2","first_difference",112,1.00003152187042,19485.6428257436
"d13CO2","first_difference",113,1.00009243765706,19302.70575909
"d13CO2","first_difference",114,1.00004568304753,18897.5267910862
"d13CO2","first_difference",115,1.00008751390261,20194.8835677594
"d13CO2","first_difference",116,1.00008954095617,21036.8981840899
"d13CO2","first_difference",117,1.00019572978552,21020.0915352379
"d13CO2","first_difference",118,0.999941422662999,23730.7795542273
"d13CO2","first_difference",119,1.00005217024789,21167.0982208648
"d13CO2","first_difference",120,1.00009689364656,22807.675331754
"d13CO2","first_difference",121,1.00005394118874,22090.6568784745
"d13CO2","first_difference",122,0.999997527531628,23012.9487741854
"d13CO2","first_difference",123,1.00015169857811,23195.7458599613
"d13CO2","first_difference",124,1.00005146484864,23128.0576791515
"d13CO2","first_difference",125,1.00020581861742,23807.1241137204
"d13CO2","first_difference",126,1.00009462347787,23679.7824683122
"d13CO2","first_difference",127,1.00016081001263,23111.906455902
"d13CO2","first_difference",128,1.00032644417296,23745.463666178
"d13CO2","first_difference",129,1.00006537986247,24204.3223952102
"d13CO2","first_difference",130,1.00011110581927,24000
"d13CO2","first_difference",131,1.00021172007652,22596.4393779758
"d13CO2","first_difference",132,0.999976792971071,24029.2366112757
"d13CO2","first_difference",133,0.999915565249826,23221.0832022544
"d13CO2","first_difference",134,1.00001914090831,23778.8456048384
"d13CO2","first_difference",135,0.999984980554516,23724.115762602
"d13CO2","first_difference",136,1.00000218445023,22869.7781512831
"d13CO2","first_difference",137,1.0000226410654,24634.1986950917
"d13CO2","first_difference",138,0.999986982061609,24050.5548089672
"d13CO2","first_difference",139,0.999955497026645,23408.6066643092
"d13CO2","first_difference",140,1.00008767942232,23851.9475415574
"d13CO2","first_difference",141,1.00009714299209,24285.4702306016
"d13CO2","first_difference",142,1.00002846197621,24000
"d13CO2","first_difference",143,1.00011572586495,24309.6660367449
"d13CO2","first_difference",144,1.00034185611323,23199.4038586038
"d13CO2","first_difference",145,0.999957450105111,24000
"d13CO2","first_difference",146,1.00000026079212,24000
"d13CO2","first_difference",147,1.00013506229299,23442.2542664389
"d13CO2","first_difference",148,0.999907823853967,23747.3025967814
"d13CO2","first_difference",149,1.00019838048847,24151.8282063947
"d13CO2","first_difference",150,1.00012860416733,24010.6094419162
"d13CO2","first_difference",151,1.00000999975634,24234.4217952032
"d13CO2","first_difference",152,1.00007177528028,22630.4777945758
"d13CO2","first_difference",153,1.00002935136839,21354.3991174469
"d13CO2","first_difference",154,1.0001430555802,23189.6227537683
"d13CO2","first_difference",155,1.00007230920197,23641.1554905108
"d13CO2","first_difference",156,1.00000871950079,23769.2167625148
"d13CO2","first_difference",157,0.999943043265867,21737.1146401561
"d13CO2","first_difference",158,0.999978069181084,21289.3568683925
"d13CO2","first_difference",159,1.00011975935871,21989.2990897433
"d13CO2","first_difference",160,0.99997326827656,20966.4971064839
"d13CO2","first_difference",161,0.99996099637784,21760.7227174628
"d13CO2","first_difference",162,1.00017607798999,20825.4988610607
"d13CO2","first_difference",163,0.999976977504233,22687.6420652226
"d13CO2","first_difference",164,1.00020516839919,21617.8343060373
"d13CO2","first_difference",165,0.999939566293175,20654.5643917693
"d13CO2","first_difference",166,0.99997707173087,21296.1803712717
"d13CO2","first_difference",167,0.999972482571216,22973.1521686304
"d13CO2","first_difference",168,1.00019260563664,23536.682405666
"d13CO2","first_difference",169,1.00004445059441,22742.8163833288
"d13CO2","first_difference",170,1.00013754410391,22268.6055902742
"d13CO2","first_difference",171,0.999951046592734,23471.1732242808
"d13CO2","first_difference",172,0.999959683868162,22615.5306283938
"d13CO2","first_difference",173,1.00007438785952,23355.3564992892
"d13CO2","first_difference",174,0.999965493837631,24000
"d13CO2","first_difference",175,1.00019469145007,22650.5873633505
"d13CO2","first_difference",176,1.00002147613768,23141.6902055441
"d13CO2","first_difference",177,1.0002864303857,23351.5889175488
"d13CO2","first_difference",178,0.999954092320687,24000
"d13CO2","first_difference",179,1.00021710012539,23288.7468559775
"d13CO2","first_difference",180,1.00006793350506,22824.6681171371
"d13CO2","first_difference",181,1.00005075634294,23228.5117597286
"d13CO2","first_difference",182,0.99996408206536,23299.8843559325
"d13CO2","first_difference",183,1.0000022896023,23031.8718271366
"d13CO2","first_difference",184,0.999959712774835,22068.2159599626
"d13CO2","first_difference",185,1.00023923028697,22341.3629677726
"d13CO2","first_difference",186,1.0000019240045,23394.7077981451
"d13CO2","first_difference",187,1.00006653668334,24000
"d13CO2","first_difference",188,0.999988486407281,23319.0870190486
"d13CO2","first_difference",189,1.00000370798979,23506.8622972487
"d13CO2","first_difference",190,1.00016626399775,23646.9349127535
"d13CO2","first_difference",191,1.0003364648666,23624.281639873
"d13CO2","first_difference",192,1.00010624758369,24000
"d13CO2","first_difference",193,1.00004233112927,23240.8580641565
"d13CO2","first_difference",194,0.999976997365334,23395.9202273649
"d13CO2","first_difference",195,1.00002951480148,24000
"d13CO2","first_difference",196,1.0000707099968,23696.4040749442
"d13CO2","first_difference",197,1.00009485860064,24000
"d13CO2","first_difference",198,1.00031299142031,23743.8277630539
"d13CO2","first_difference",199,0.999950222085879,24306.7200591663
"d13CO2","first_difference",200,0.999947765667931,24000
"d13CO2","first_difference",201,0.999981774001249,24000
"d13CO2","first_difference",202,0.999984107622342,23778.3502918031
"d13CO2","first_difference",203,1.00014527147664,24000
"d13CO2","first_difference",204,1.00017852777007,23285.4953861835
"d13CO2","first_difference",205,1.00007715459507,22860.2165347365
"d13CO2","first_difference",206,0.999928812107502,24000
"d13CO2","first_difference",207,1.00014202551996,22816.8265802023
"d13CO2","first_difference",208,1.00017178919199,21556.7217477812
"d13CO2","first_difference",209,0.99997108250282,23355.8812117157
"d13CO2","first_difference",210,1.00006928355388,21778.6260264371
"d13CO2","first_difference",211,0.999981823120516,23332.0717501107
"d13CO2","first_difference",212,1.00004472270753,22958.8974076169
"d13CO2","first_difference",213,1.00012556400108,22103.1774797133
"d13CO2","first_difference",214,1.00008498890027,22605.8624222761
"d13CO2","first_difference",215,1.00017148201569,22654.7608042139
"d13CO2","first_difference",216,1.00013276426352,22719.6478405367
"d13CO2","first_difference",217,0.999893188706364,21502.9261129184
"d13CO2","first_difference",218,1.00018560091941,23214.5261470147
"d13CO2","first_difference",219,1.00003953176329,23004.9525494849
"d13CO2","first_difference",220,1.00002358556454,21312.3390797236
"d13CO2","first_difference",221,0.999984069023799,23024.0530021986
"d13CO2","first_difference",222,1.00004598339612,24000
"d13CO2","first_difference",223,1.00028851122441,23095.9479990809
"d13CO2","first_difference",224,1.00010071006369,23146.7133385622
"d13CO2","first_difference",225,1.00001983892341,22028.9558851101
"d13CO2","first_difference",226,1.00004444071338,21957.0843466217
"d13CO2","first_difference",227,0.999976782901949,22222.785600817
"d13CO2","first_difference",228,1.00002905237833,23512.4371887745
"d13CO2","first_difference",229,0.999906105441381,23042.8453570991
"d13CO2","first_difference",230,1.00024555540424,22164.9147990939
"d13CO2","first_difference",231,0.999968346043706,20979.0244215968
"d13CO2","first_difference",232,1.00003586302037,20630.6309750519
"d13CO2","first_difference",233,0.999999231473066,22383.6897119368
"d13CO2","first_difference",234,1.00023619965773,20551.519340316
"d13CO2","first_difference",235,1.00016478034794,20890.1601907221
"d13CO2","first_difference",236,1.00013191187369,20247.9394461592
"d13CO2","first_difference",237,1.000072761901,21385.979321118
"d13CO2","first_difference",238,1.00004750239929,22316.6474382435
"d13CO2","first_difference",239,1.00015601131043,21921.6931180823
"d13CO2","first_difference",240,1.00002376303561,22534.2756161487
"d13CO2","first_difference",241,1.00006846780664,22942.0266286982
"d13CO2","first_difference",242,1.00003692844347,23349.4141519106
"d13CO2","first_difference",243,1.00015139223406,22262.805553105
"d13CO2","first_difference",244,1.00001425693822,22766.48213904
"d13CO2","first_difference",245,0.999979337097049,23367.1498593156
"d13CO2","first_difference",246,1.00014970670604,24358.7224215187
"d13CO2","first_difference",247,1.00007722353102,23744.2088625693
"d13CO2","first_difference",248,1.00002218815887,22385.5623338305
"d13CO2","first_difference",249,1.00018988430117,23639.2301128553
"d13CO2","first_difference",250,1.00007526486398,23286.1804150647
"d13CO2","first_difference",251,0.999896627087357,23227.2523798076
"d13CO2","first_difference",252,1.00001616985595,22549.2928081905
"d13CO2","first_difference",253,0.999923983664464,23284.0998702241
"d13CO2","first_difference",254,0.999963593148845,23629.0428123138
"d13CO2","first_difference",255,0.999905331414715,22774.6907928529
"d13CO2","first_difference",256,1.00001194522163,24000
"d13CO2","first_difference",257,0.999945647023348,23319.6018830523
"d13CO2","first_difference",258,1.00009784421058,22814.8968563233
"d13CO2","first_difference",259,0.999982658911284,23112.879481003
"d13CO2","first_difference",260,1.00006426131979,23289.9331347794
"d13CO2","first_difference",261,1.00026875448016,22943.6061161085
"d13CO2","first_difference",262,0.999999460561075,22364.0543544453
"d13CO2","first_difference",263,0.999890037671767,23409.3588662953
"d13CO2","first_difference",264,1.0002010343933,22389.5970039406
"d13CO2","first_difference",265,0.999969950244444,23545.5297539394
"d13CO2","first_difference",266,0.99991557087344,22933.5088826564
"d13CO2","first_difference",267,1.00022253518903,22115.9480419706
"d13CO2","first_difference",268,0.999975913572883,23668.4450998459
"d13CO2","first_difference",269,1.00001971107845,23774.2063338277
"d13CO2","first_difference",270,1.00016392600041,22796.0560216196
"d13CO2","first_difference",271,1.00013650209948,23279.4311047386
"d13CO2","first_difference",272,0.999901993306932,22601.6838979594
"d13CO2","first_difference",273,0.999996614743413,23546.7657046518
"d13CO2","first_difference",274,0.999937894436431,23681.8024206831
"d13CO2","first_difference",275,0.999983875094107,23778.9478419413
"d13CO2","first_difference",276,0.99991751947335,23308.4589608945
"d13CO2","first_difference",277,1.00013493867343,23457.0554788773
"d13CO2","first_difference",278,1.00006592437749,23755.226282448
"d13CO2","first_difference",279,1.00003637643299,23668.4772895357
"d13CO2","first_difference",280,1.00010041283595,23745.8641028015
"d13CO2","first_difference",281,1.00007131235419,23543.4981052393
"d13CO2","first_difference",282,1.00005158124104,23568.7734136007
"d13CO2","first_difference",283,1.00008451869261,20251.4112863058
"d13CO2","first_difference",284,1.00014285003851,22495.2258433426
"d13CO2","first_difference",285,1.00015425433044,19448.2725255658
"d13CO2","first_difference",286,1.00014391102086,19356.7718523923
"d13CO2","first_difference",287,0.999990110610284,18056.5196654887
"d13CO2","first_difference",288,0.99999724123168,16541.9423781593
"d13CO2","first_difference",289,1.00045447722971,16725.0331608946
"d13CO2","first_difference",290,1.00018014674367,15966.727345478
"d13CO2","first_difference",291,1.00017693827433,16971.7873508213
"d13CO2","first_difference",292,1.00022468302313,20680.0581151299
"d13CO2","first_difference",293,1.00006944777852,21527.7708544681
"d13CO2","first_difference",294,1.00027406505662,21921.9064474713
"d13CO2","first_difference",295,1.00002565097997,22658.2669697183
"d13CO2","first_difference",296,1.00011677515516,23057.6772991257
"d13CO2","first_difference",297,0.999975875330095,23363.0192610172
"d13CO2","first_difference",298,1.00018346412666,23728.7698746846
"d13CO2","first_difference",299,1.00005329663937,23493.607329808
"d13CO2","first_difference",300,1.00005262888074,23258.0538987229
"d13CO2","first_difference",301,1.00011830587779,23584.5773914035
"d13CO2","first_difference",302,0.999989524496379,23550.207488976
"d13CO2","first_difference",303,1.00008122247781,24000
"d13CO2","first_difference",304,1.00000599564384,23767.8551448671
"d13CO2","first_difference",305,1.00000518336339,23580.8792491508
"d13CO2","first_difference",306,1.00007136602968,23559.8051941822
"d13CO2","first_difference",307,1.00000792459139,23442.4533400885
"d13CO2","first_difference",308,1.00001982354242,22809.4701833914
"d13CO2","first_difference",309,1.0000454105105,23661.2430774311
"d13CO2","first_difference",310,0.999988086771165,23738.4425557703
"d13CO2","first_difference",311,1.0001748380907,23606.0324247872
"d13CO2","first_difference",312,0.999975175221538,24037.9731022352
"d13CO2","first_difference",313,1.00017635609807,23815.5543174653
"d13CO2","first_difference",314,1.00010953137181,23882.1902596769
"d13CO2","first_difference",315,1.00029343172182,23976.2877206096
"d13CO2","first_difference",316,1.0001463057244,23678.3170702889
"d13CO2","first_difference",317,0.999954640495005,25005.9920455139
"d13CO2","first_difference",318,0.999918656441348,23617.6841696505
"d13CO2","first_difference",319,1.00016209812566,24000
"d13CO2","first_difference",320,0.999963755817521,24000
"d13CO2","first_difference",321,1.00008529250953,23118.6581547358
"d13CO2","first_difference",322,0.999975983120204,24000
"d13CO2","first_difference",323,1.00005680514467,23041.3855283121
"d13CO2","first_difference",324,1.0000945826991,24000
"d13CO2","first_difference",325,0.999956273992746,25224.9729883178
"d13CO2","first_difference",326,0.999987353094265,24000
"d13CO2","first_difference",327,1.00034075054862,22687.6809797247
"d13CO2","first_difference",328,1.00003523236722,23174.5768563527
"d13CO2","first_difference",329,1.00011767561367,23301.5562695668
"d13CO2","first_difference",330,1.00012026226059,23578.9748955931
"d13CO2","first_difference",331,0.999947117118089,23647.023707945
"d13CO2","first_difference",332,0.999956856367127,23747.2758088329
"d13CO2","first_difference",333,1.00006052668382,23447.0732589146
"d13CO2","first_difference",334,1.00011754324563,22733.8882523424
"d13CO2","first_difference",335,1.00014292307,20931.0037493497
"d13CO2","first_difference",336,1.00006344009878,21514.8240034916
"d13CO2","first_difference",337,1.00031345700642,14592.2827148481
"d13CO2","first_difference",338,1.00013374452132,11511.9978902238
"d13CO2","first_difference",339,1.0000502561287,11649.5275309371
"d13CO2","first_difference",340,1.00027112029013,15599.2224149606
"d13CO2","first_difference",341,1.00011673650945,18959.60092786
"d13CO2","first_difference",342,1.00009295171291,19068.3924898738
"d13CO2","first_difference",343,1.00004853013487,19701.9692767411
"d13CO2","first_difference",344,1.00004375342179,20494.4069197288
"d13CO2","first_difference",345,0.999978810406388,18605.161854423
"d13CO2","first_difference",346,1.00016830622828,18629.7359076441
"d13CO2","first_difference",347,1.00058699163252,21996.6946643252
"d13CO2","first_difference",348,1.00001238387171,19891.8290402621
"d13CO2","first_difference",349,1.00006728336445,17970.9271838864
"d13CO2","first_difference",350,1.00004276256057,18650.9403717085
"d13CO2","first_difference",351,0.999966503125233,20641.3476045517
"d13CO2","first_difference",352,1.00010861809033,21111.0993977356
"d13CO2","first_difference",353,1.00022950841549,18636.7646736799
"d13CO2","first_difference",354,1.00012389453752,18279.3639057959
"d13CO2","first_difference",355,1.00004156831456,17783.3058232319
"d13CO2","first_difference",356,1.00004270090296,13630.5217998063
"d13CO2","first_difference",357,1.00013323591883,10948.2818080397
"d13CO2","first_difference",358,1.00053639255683,13401.827415633
"d13CO2","first_difference",359,1.00013705787983,18642.8457212799
"d13CO2","first_difference",360,1.00035166276553,18912.7137705683
"d13CO2","first_difference",361,1.00021804085766,19680.0226823288
"d13CO2","first_difference",362,1.00000641501713,21479.4021333707
"d13CO2","first_difference",363,1.00004511747856,20583.8073656405
"d13CO2","first_difference",364,1.00001588133139,21594.9527652234
"d13CO2","first_difference",365,1.00041936797316,19894.0493180601
"d13CO2","first_difference",366,0.999966675598757,21680.168277938
"d13CO2","first_difference",367,1.00025709963843,22164.6584815518
"d13CO2","first_difference",368,1.00018232874391,22032.2768029373
"d13CO2","first_difference",369,1.0001251353524,20765.1493340552
"d13CO2","first_difference",370,0.999979233034297,21198.5071016026
"d13CO2","first_difference",371,0.999952394700705,21735.7860041021
"d13CO2","first_difference",372,1.00001555240048,22065.3010539473
"d13CO2","first_difference",373,1.00015260593775,20203.7933216064
"d13CO2","first_difference",374,1.00000642910303,20537.9338420344
"d13CO2","first_difference",375,1.00002972716855,19771.7945846949
"d13CO2","first_difference",376,0.999991800719424,21384.1203594622
"d13CO2","first_difference",377,1.00004387765419,20801.0201934085
"d13CO2","first_difference",378,1.0002852348601,20328.9575900623
"d13CO2","first_difference",379,1.00003042117202,19366.5086787062
"d13CO2","first_difference",380,1.00000811616121,19170.7546131946
"d13CO2","first_difference",381,1.00012254295312,18924.7362358778
"d13CO2","first_difference",382,1.00008111320161,16442.3500429946
"d13CO2","first_difference",383,1.00007782922649,19186.7660490741
"d13CO2","first_difference",384,0.999951073903761,19974.5897547951
"d13CO2","first_difference",385,1.00028921701814,20777.1217639353
"d13CO2","first_difference",386,1.00005713346435,21117.5577014308
"d13CO2","first_difference",387,0.99995632421158,21697.0477316849
"d13CO2","first_difference",388,1.00016469868825,20958.5808273896
"d13CO2","first_difference",389,1.00020388189636,20753.1497960008
"d13CO2","first_difference",390,1.00010862620547,21615.3137657004
"d13CO2","first_difference",391,1.00004727493273,21474.6470719792
"d13CO2","first_difference",392,1.00007918692918,21119.1691808966
"d13CO2","first_difference",393,1.00019771935528,23023.8899472097
"d13CO2","first_difference",394,1.00024728626317,22623.9203830236
"d13CO2","first_difference",395,1.0000336924212,22658.9811274368
"d13CO2","first_difference",396,1.00002998865323,21566.049808265
"d13CO2","first_difference",397,1.00012067331386,22733.7491305795
"d13CO2","first_difference",398,1.00023752006424,21829.4848636261
"d13CO2","first_difference",399,1.00016093857266,21928.3240944894
"d13CO2","first_difference",400,1.00000868305044,19904.8451913926
"d13CO2","first_difference",401,1.00012364740709,20698.8701117509
"d13CO2","first_difference",402,1.00006366456673,21273.0481505825
"d13CO2","first_difference",403,1.00049157247502,19594.0175323373
"d13CO2","first_difference",404,1.00001874464087,21493.5242977296
"d13CO2","first_difference",405,1.00001985727506,20507.0487631948
"d13CO2","first_difference",406,1.00003292019981,19716.9938991705
"d13CO2","first_difference",407,1.00001977365787,20730.6713123241
"d13CO2","first_difference",408,0.999920086197971,20585.964808575
"d13CO2","first_difference",409,1.00015001653145,20383.1700281588
"d13CO2","first_difference",410,1.00010674928895,19526.3010369528
"d13CO2","first_difference",411,0.999948568187375,20762.6539969698
"d13CO2","first_difference",412,0.999973466630881,20593.1960788941
"d13CO2","first_difference",413,1.00011998677641,18716.7616648458
"d13CO2","first_difference",414,1.00011413922562,18892.8026589017
"d13CO2","first_difference",415,0.999980117238156,18690.5133757725
"d13CO2","first_difference",416,0.999934814988157,18492.4703857819
"d13CO2","first_difference",417,1.00012132189881,19054.1029707553
"d13CO2","first_difference",418,0.99999229986604,18720.9164489364
"d13CO2","first_difference",419,1.00009717001215,18491.6239272766
"d13CO2","first_difference",420,1.00013811961979,20122.7756088893
"d13CO2","first_difference",421,1.00011162254288,18619.3091669366
"d13CO2","first_difference",422,1.00005296309882,20111.4458079168
"d13CO2","first_difference",423,1.0002849727609,18145.3952570584
"d13CO2","first_difference",424,1.00004829820125,20127.9450567911
"d13CO2","first_difference",425,1.00013419580083,20649.2125426266
"d13CO2","first_difference",426,0.999958205267642,22010.7995015924
"d13CO2","first_difference",427,0.999997825517131,21446.2175547603
"d13CO2","first_difference",428,0.999930137406139,21424.95770526
"d13CO2","first_difference",429,1.00001431475607,21668.2307331092
"d13CO2","first_difference",430,1.00014535131014,21090.8699541198
"d13CO2","first_difference",431,0.999947646286771,21465.8224505774
"d13CO2","first_difference",432,1.00001535298932,21278.3143173604
"d13CO2","first_difference",433,1.00004217967819,22156.5099871506
"d13CO2","first_difference",434,1.00010584106149,20824.8686644893
"d13CO2","first_difference",435,0.999960567777793,19554.3274562331
"d13CO2","first_difference",436,1.00002847907093,20898.6978509721
"d13CO2","first_difference",437,1.00013573306967,19693.9465079838
"d13CO2","first_difference",438,1.00008569628654,18852.8688051221
"d13CO2","first_difference",439,1.00002509853971,16637.2954201512
"d13CO2","first_difference",440,1.00001118067541,18582.5815710633
"d13CO2","first_difference",441,1.00018232774978,19711.1449980922
"d13CO2","first_difference",442,1.00022528523384,18369.3385767881
"d13CO2","first_difference",443,1.00022347457701,20041.6800457855
"d13CO2","first_difference",444,1.00001634537499,18160.1088824438
"d13CO2","first_difference",445,1.00030080797001,19352.6886013929
"d13CO2","first_difference",446,1.00024965258531,18963.4671376634
"d13CO2","first_difference",447,1.00011670057222,19932.3416388071
"d13CO2","first_difference",448,0.999940376892265,18897.5272906926
"d13CO2","first_difference",449,0.999997167094518,20431.7919493908
"d13CO2","first_difference",450,1.00017894123539,19107.5244852501
"d13CO2","first_difference",451,0.999997847185058,20244.3354057155
"d13CO2","first_difference",452,0.99998781430708,20305.6489155363
"d13CO2","first_difference",453,1.00005831803208,20875.3269687035
"d13CO2","first_difference",454,1.00008079072131,20844.6596083683
"d13CO2","first_difference",455,0.999962004774125,22275.1232580868
"d13CO2","first_difference",456,1.000024435165,22885.6899920946
"d13CO2","first_difference",457,1.00012233100013,19051.1958827297
"d13CO2","first_difference",458,1.00007625231163,20851.6187858669
"d13CO2","first_difference",459,1.00001039225298,22697.4188606177
"d13CO2","first_difference",460,1.00028599224016,21735.2153148602
"d13CO2","first_difference",461,1.00000243506484,21686.3068464383
"d13CO2","first_difference",462,1.00005350611601,21609.3821985497
"d13CO2","first_difference",463,1.00012577161869,21260.3752353233
"d13CO2","first_difference",464,1.00004218382557,19389.9171847714
"d13CO2","first_difference",465,1.00000311929832,16874.0491400977
"d13CO2","first_difference",466,1.00010886819668,15545.0938200705
"d13CO2","first_difference",467,0.999983939724039,15321.7072409893
"d13CO2","first_difference",468,1.00014074970776,15481.875946823
"d13CO2","first_difference",469,1.00010823218057,16155.2359326755
"d13CO2","first_difference",470,1.00011005550957,15594.2172249164
"d13CO2","first_difference",471,1.00039978174658,13417.2084594729
"d13CO2","first_difference",472,1.00004546012508,12098.4003063074
"d13CO2","first_difference",473,1.00006587507055,14452.6316862468
"d13CO2","first_difference",474,1.00005090049062,17090.0970374765
"d13CO2","first_difference",475,0.999938845718453,20853.0378617745
"d13CO2","first_difference",476,0.999974002647957,21314.9426249505
"d13CO2","first_difference",477,0.999956430904196,21654.5253353644
"d13CO2","first_difference",478,0.999958055940718,21144.0388257249
"d13CO2","first_difference",479,0.999982034552076,20636.6727604447
"d13CO2","first_difference",480,1.0002221985235,21274.5935261315
"d13CO2","first_difference",481,1.00000583072957,21857.0908978631
"d13CO2","first_difference",482,1.00023169994057,20066.0910636695
"d13CO2","first_difference",483,1.00010756526764,19141.14374756
"d13CO2","first_difference",484,1.00012274941117,19822.716931721
"d13CO2","first_difference",485,1.00003729058508,15999.4020887595
"d13CO2","first_difference",486,1.0002013860557,15476.1150761321
"d13CO2","first_difference",487,1.0000592774663,17536.0730337492
"d13CO2","first_difference",488,1.0004259653993,20469.3139546259
"d13CO2","first_difference",489,0.999960825866188,21510.2259897488
"d13CO2","first_difference",490,0.999997711683071,23446.5578208317
"d13CO2","first_difference",491,1.00005178532741,23045.8265608056
"d13CO2","first_difference",492,1.00002002848839,22516.5596603557
"d13CO2","first_difference",493,1.00004770482136,24000
"d13CO2","first_difference",494,0.999925864991332,24269.0225763949
"d13CO2","first_difference",495,1.00007246004491,23404.4576108366
"d13CO2","first_difference",496,1.00007394180038,22522.6671975077
"d13CO2","first_difference",497,1.00014554299611,23649.1589548763
"d13CO2","first_difference",498,0.999938709192748,23703.8336007835
"d13CO2","first_difference",499,1.00012092819814,22568.2788143042
"d13CO2","first_difference",500,1.00007885257989,23375.7165639493
"d13CO2","first_difference",501,1.00004685849074,22000.2640126878
"d13CO2","first_difference",502,1.00001900595094,22059.6442722191
"d13CO2","first_difference",503,1.00007327855505,22533.7783857354
"d13CO2","first_difference",504,1.00007500370791,22041.5381861169
"d13CO2","first_difference",505,1.00013245885525,21720.6848053476
"d13CO2","first_difference",506,0.999906471623244,17365.1904401042
"d13CO2","first_difference",507,1.00018359955593,18719.0951446019
"d13CO2","first_difference",508,1.00013798139318,19185.0779296947
"d13CO2","first_difference",509,1.00031310210181,19964.5311966356
"d13CO2","first_difference",510,1.00010527559023,18120.6544633871
"d13CO2","first_difference",511,1.00010459101982,19974.2410854995
"d13CO2","first_difference",512,1.00005001341958,20722.4784592482
"d13CO2","first_difference",513,0.999982996174686,21205.2129802733
"d13CO2","first_difference",514,1.00007124953237,19499.3587337314
"d13CO2","first_difference",515,1.00008376231024,19502.2266248862
"d13CO2","first_difference",516,1.00016217304124,18569.0701775772
"d13CO2","first_difference",517,1.0000351518033,17584.4122322397
"d13CO2","first_difference",518,1.00012201495071,18590.9238517136
"d13CO2","first_difference",519,1.00014985848055,19454.7247292819
"d13CO2","first_difference",520,1.00027678059563,20120.0555949068
"d13CO2","first_difference",521,1.00016025710554,21806.1392652326
"d13CO2","first_difference",522,1.00004676533193,21947.9114157896
"d13CO2","first_difference",523,1.00002029805175,21929.038274954
"d13CO2","first_difference",524,1.00001720982996,20620.1188825785
"d13CO2","first_difference",525,1.00016566824,16147.8386069222
"d13CO2","first_difference",526,1.00003073818598,15983.5974362194
"d13CO2","first_difference",527,1.00003428840157,17374.6009564276
"d13CO2","first_difference",528,1.000126817824,16607.2087247486
"d13CO2","first_difference",529,1.00001243106265,16492.0934736249
"d13CO2","first_difference",530,1.00025412127915,17101.0300362842
"d13CO2","first_difference",531,1.00000216524999,15831.6665718999
"d13CO2","first_difference",532,1.00008095429979,13887.4015184285
"d13CO2","first_difference",533,1.00030560340879,12265.0084651016
"d13CO2","first_difference",534,1.00021573719825,10393.4812207218
"d13CO2","first_difference",535,1.00033174113172,8389.84450334365
"d13CO2","first_difference",536,1.00008098590128,7906.54110465789
"d13CO2","first_difference",537,1.00007789245582,7383.08521390689
"d13CO2","first_difference",538,1.00005343595586,6987.46073200855
"d13CO2","first_difference",539,1.00034003631733,7417.27194405779
"GMST","raw",1,1.08793219978214,2009.45731923897
"GMST","raw",2,1.09940871593327,1808.141901191
"GMST","raw",3,1.10550240602054,1583.5378874361
"GMST","raw",4,1.10949829134187,1485.74784522384
"GMST","raw",5,1.10659723538084,1406.46200240241
"GMST","raw",6,1.10177291321553,1299.60295129061
"GMST","raw",7,1.09303750937454,1254.31120694478
"GMST","raw",8,1.0879208950097,1272.82825859586
"GMST","raw",9,1.08139309541724,1225.94283119598
"GMST","raw",10,1.07188710977211,1176.88867573272
"GMST","raw",11,1.06465833729609,1126.59299278138
"GMST","raw",12,1.05950894731465,1063.22248198116
"GMST","raw",13,1.0552597607236,998.336013289593
"GMST","raw",14,1.05054029513777,988.127119897462
"GMST","raw",15,1.04603974864134,959.967848677526
"GMST","raw",16,1.04118242830803,901.408023539878
"GMST","raw",17,1.03784968067533,923.506631989533
"GMST","raw",18,1.0337159250973,919.8753223671
"GMST","raw",19,1.02989125804084,955.117013108991
"GMST","raw",20,1.0254060308146,1067.8274372351
"GMST","raw",21,1.02210531515571,1112.53154156864
"GMST","raw",22,1.01940464849079,1150.116834773
"GMST","raw",23,1.0178639469011,1269.4926374532
"GMST","raw",24,1.01544479866601,1316.94800869917
"GMST","raw",25,1.01347037267443,1422.4990700704
"GMST","raw",26,1.01119100436785,1557.55106856922
"GMST","raw",27,1.00995933945596,1712.93285968317
"GMST","raw",28,1.00873273514765,1850.36823503687
"GMST","raw",29,1.0077213882903,1958.48210413987
"GMST","raw",30,1.00678353198,2073.54247397526
"GMST","raw",31,1.00598213113767,2219.2408127357
"GMST","raw",32,1.0054781182076,2383.42039617368
"GMST","raw",33,1.00453424225514,2410.9279229126
"GMST","raw",34,1.00432378113066,2470.9727954662
"GMST","raw",35,1.00386135353737,2538.35674575461
"GMST","raw",36,1.00331008495723,2485.2382909793
"GMST","raw",37,1.00255668656062,2574.0933259422
"GMST","raw",38,1.00242918207147,2617.82665032339
"GMST","raw",39,1.00183701890565,2628.40854800792
"GMST","raw",40,1.00173567627754,2687.91189190676
"GMST","raw",41,1.00166885279411,2607.52877229636
"GMST","raw",42,1.00171711308657,2489.94884845068
"GMST","raw",43,1.00153845822575,2364.00095273463
"GMST","raw",44,1.00108469081124,2335.08833654948
"GMST","raw",45,1.00093779967315,2396.03924357528
"GMST","raw",46,1.00081274312824,2300.4999545086
"GMST","raw",47,1.00092658157519,2360.79356894783
"GMST","raw",48,1.00092443853157,2443.56496128969
"GMST","raw",49,1.00093655249766,2450.91964746732
"GMST","raw",50,1.00095122449455,2498.30932760077
"GMST","raw",51,1.0012035537981,2627.8011157435
"GMST","raw",52,1.00103421519446,2785.72398424662
"GMST","raw",53,1.00100622519595,2925.31663165303
"GMST","raw",54,1.00100067645073,2883.1109817192
"GMST","raw",55,1.0008549848944,3059.41786485208
"GMST","raw",56,1.00093837171953,3095.00720177293
"GMST","raw",57,1.00097563299355,3205.50185490855
"GMST","raw",58,1.00104233995297,3332.14506094442
"GMST","raw",59,1.00118345294356,3437.83779498459
"GMST","raw",60,1.0011739698285,3534.38321059631
"GMST","raw",61,1.00100622872196,3561.553270959
"GMST","raw",62,1.00110447713213,3637.78698280332
"GMST","raw",63,1.00121163265162,3589.75941056122
"GMST","raw",64,1.00119788712031,3539.73917015874
"GMST","raw",65,1.00097126124527,3635.98227744312
"GMST","raw",66,1.00088243656865,3666.8194497931
"GMST","raw",67,1.00083179347265,3740.5039422319
"GMST","raw",68,1.0008346157094,3677.77987402309
"GMST","raw",69,1.00084646357413,3440.05441480922
"GMST","raw",70,1.00089787504021,3419.91801095361
"GMST","raw",71,1.00109690891387,3368.1135954872
"GMST","raw",72,1.00112431442236,3508.76820477061
"GMST","raw",73,1.00133377289343,3582.89998634674
"GMST","raw",74,1.00128969102479,3638.90280677511
"GMST","raw",75,1.00134778907315,3795.20628724165
"GMST","raw",76,1.0014464282775,3874.4155941782
"GMST","raw",77,1.00158826029453,3858.75088055343
"GMST","raw",78,1.0013882633776,3835.6562826406
"GMST","raw",79,1.00157743781394,3696.24049505666
"GMST","raw",80,1.00120122258142,3788.5768518338
"GMST","raw",81,1.00109684584115,3566.10277694713
"GMST","raw",82,1.00119765171469,3593.56324626662
"GMST","raw",83,1.00124946629082,3431.54767185536
"GMST","raw",84,1.00115562062614,3244.79554460629
"GMST","raw",85,1.00112835884757,3058.6325714736
"GMST","raw",86,1.00113765377895,2913.00037685918
"GMST","raw",87,1.00110667784706,2819.68365203877
"GMST","raw",88,1.00076571710606,2626.02510051445
"GMST","raw",89,1.00081631059784,2572.49724468928
"GMST","raw",90,1.00091795136455,2390.47433108029
"GMST","raw",91,1.00077624967008,2276.6591014507
"GMST","raw",92,1.00088087370034,2191.44266072233
"GMST","raw",93,1.00077728798887,2158.77586057777
"GMST","raw",94,1.00077836057232,2076.34531097939
"GMST","raw",95,1.00097581324913,1945.75924429136
"GMST","raw",96,1.00096903167183,1806.21307510265
"GMST","raw",97,1.00093471667796,1800.05282431861
"GMST","raw",98,1.00127621594066,1732.48226119888
"GMST","raw",99,1.00112541173383,1515.22340578179
"GMST","raw",100,1.00120631966757,1449.7528303356
"GMST","raw",101,1.00106295729524,1328.44233607379
"GMST","raw",102,1.00139610274231,1292.24576120115
"GMST","raw",103,1.00137536631592,1097.96199986978
"GMST","raw",104,1.00133636812252,989.543614103914
"GMST","raw",105,1.00136133148823,983.417313487057
"GMST","raw",106,1.00130345886268,934.735928610187
"GMST","raw",107,1.00153453291187,850.125022863781
"GMST","raw",108,1.00190678712822,752.073647743615
"GMST","raw",109,1.00237525933813,754.468173994977
"GMST","raw",110,1.00236351231176,742.455114959833
"GMST","raw",111,1.00286381541378,785.740452736916
"GMST","raw",112,1.00326802387554,802.240758720657
"GMST","raw",113,1.00338794542035,917.496434591548
"GMST","raw",114,1.00321494521149,895.619615009152
"GMST","raw",115,1.00371810520731,1009.48138212723
"GMST","raw",116,1.00351305246576,1092.5084524385
"GMST","raw",117,1.00347106118935,1279.55397154078
"GMST","raw",118,1.00315382972788,1361.92205981716
"GMST","raw",119,1.00201517345429,1544.12548594766
"GMST","raw",120,1.00203231244421,1693.24294505852
"GMST","raw",121,1.00171041165844,1942.39314005158
"GMST","raw",122,1.00162228364617,2266.49985990464
"GMST","raw",123,1.00163444540946,2631.63503964888
"GMST","raw",124,1.00134220055173,3211.43777197142
"GMST","raw",125,1.00107117373158,3495.80168698803
"GMST","raw",126,1.00097842974318,4141.44629967017
"GMST","raw",127,1.00070380323487,4951.54726109274
"GMST","raw",128,1.00045969993629,5776.74281973638
"GMST","raw",129,1.00040026746548,6546.87524896211
"GMST","raw",130,1.00037538141291,6988.50850636218
"GMST","raw",131,1.00026280731093,7723.96342129625
"GMST","raw",132,1.00027090812186,7871.19823712423
"GMST","raw",133,1.00034654119945,8348.92049287183
"GMST","raw",134,1.00022047574525,9761.97996026405
"GMST","raw",135,1.00028026090172,10160.352784346
"GMST","raw",136,1.00023186305766,10196.4437305135
"GMST","raw",137,1.00038054724473,10630.0467849093
"GMST","raw",138,1.00043214867616,10420.9567567364
"GMST","raw",139,1.00035942618468,10275.078564281
"GMST","raw",140,1.00046564620145,9430.89450256379
"GMST","raw",141,1.00045886478362,9266.60226546847
"GMST","raw",142,1.00023966545893,8880.2495505674
"GMST","raw",143,1.00017006470291,8544.69013343378
"GMST","raw",144,1.00012791893591,8521.32818029105
"GMST","raw",145,1.00016481794855,8172.54322051584
"GMST","raw",146,1.00021682683384,8572.38147974372
"GMST","raw",147,1.00010959434706,8612.93818126317
"GMST","raw",148,1.00032275764048,7944.83715498338
"GMST","raw",149,1.00030643167956,7513.75087534592
"GMST","raw",150,1.00043204548971,7216.08229918529
"GMST","raw",151,1.00047681498882,6935.26548749464
"GMST","raw",152,1.00059272868536,6428.51549185063
"GMST","raw",153,1.00057413390079,5304.23640286845
"GMST","raw",154,1.00068682224544,4756.50301261885
"GMST","raw",155,1.00089802547181,4291.78933527678
"GMST","raw",156,1.00101291744006,3711.02562896208
"GMST","raw",157,1.00096215928995,3415.99457929961
"GMST","raw",158,1.00112426657212,3290.784991535
"GMST","raw",159,1.00105745586579,3167.93965955931
"GMST","raw",160,1.00090125962598,2961.57574919733
"GMST","raw",161,1.00134490129361,2876.62206370996
"GMST","raw",162,1.00107749623512,2635.05474985461
"GMST","raw",163,1.00126829477007,2655.28758442962
"GMST","raw",164,1.00095446993417,2853.1401158667
"GMST","raw",165,1.00102807956783,2985.80005340202
"GMST","raw",166,1.00078050614106,3077.45118695965
"GMST","raw",167,1.00081765242622,3150.71950596569
"GMST","raw",168,1.0006605266692,3523.57230354811
"GMST","raw",169,1.00086956237469,3488.39462462597
"GMST","raw",170,1.00065825564807,3956.67711479308
"GMST","raw",171,1.00057889256753,4522.53770331696
"GMST","raw",172,1.00045456227381,5159.82784402292
"GMST","raw",173,1.00033771744736,5915.5148105404
"GMST","raw",174,1.00012857732376,6749.83719421625
"GMST","raw",175,1.00023314817519,7293.37538963499
"GMST","raw",176,1.00024496661406,7474.24846804145
"GMST","raw",177,1.00027793011525,7870.7964293309
"GMST","raw",178,1.00026072245432,8206.90469891708
"GMST","raw",179,1.00042878580445,8458.55775093044
"GMST","raw",180,1.00029171704562,8382.03632709596
"GMST","raw",181,1.0002529091415,8411.88905386459
"GMST","raw",182,1.00026884215418,8264.18702134284
"GMST","raw",183,1.00034049911415,8350.35639868573
"GMST","raw",184,1.00024522996383,8151.21499246552
"GMST","raw",185,1.00012442951618,8607.54167667525
"GMST","raw",186,1.00016833292841,8352.70394039117
"GMST","raw",187,1.00040916778341,8384.00116612456
"GMST","raw",188,1.00048326045372,8199.7455260633
"GMST","raw",189,1.00045187989929,8138.11980254626
"GMST","raw",190,1.00045385441631,8401.98119321062
"GMST","raw",191,1.00046670053153,8609.87052237897
"GMST","raw",192,1.00057392140683,8709.30923953621
"GMST","raw",193,1.00034901449447,8830.12318188566
"GMST","raw",194,1.0002973049018,9106.64066796721
"GMST","raw",195,1.00035654001447,8923.12084890378
"GMST","raw",196,1.00044153285519,8714.98641214721
"GMST","raw",197,1.00033567954658,8459.67998343188
"GMST","raw",198,1.00034261461938,7947.42609632263
"GMST","raw",199,1.00035631419061,7565.2546419682
"GMST","raw",200,1.00034240628997,7169.72927453777
"GMST","raw",201,1.0005544001285,6553.30968159955
"GMST","raw",202,1.00039696728756,6372.00299599361
"GMST","raw",203,1.00056166677553,5972.75756021318
"GMST","raw",204,1.00057080108532,5337.84133135008
"GMST","raw",205,1.00051347216466,4712.21931577023
"GMST","raw",206,1.00068513423273,4010.88782852278
"GMST","raw",207,1.00092343165169,3710.50268717114
"GMST","raw",208,1.00082947402377,3484.16577390372
"GMST","raw",209,1.00094638242316,3242.71445121448
"GMST","raw",210,1.00124055203372,3172.20382519855
"GMST","raw",211,1.00145636636632,3056.64603776407
"GMST","raw",212,1.00143632503597,2814.62417359133
"GMST","raw",213,1.00181823548377,2693.84072399997
"GMST","raw",214,1.00208363978206,2669.8343000712
"GMST","raw",215,1.00201207684634,2518.50470649738
"GMST","raw",216,1.00210048054122,2496.67524507382
"GMST","raw",217,1.00180600488971,2427.61716330721
"GMST","raw",218,1.00186197454786,2484.36228031941
"GMST","raw",219,1.00177156614547,2823.12090823012
"GMST","raw",220,1.00162477368536,2908.29029753075
"GMST","raw",221,1.00156256666188,3072.77293959097
"GMST","raw",222,1.00142341986291,3177.03538292774
"GMST","raw",223,1.00132164857585,3449.84573519519
"GMST","raw",224,1.00123273385673,3479.98462539721
"GMST","raw",225,1.00158745908238,3492.16894911541
"GMST","raw",226,1.00140253576486,3518.66433761997
"GMST","raw",227,1.00101505525077,3695.55657919575
"GMST","raw",228,1.00096669016821,3644.84336231177
"GMST","raw",229,1.00112212131723,3461.32774219044
"GMST","raw",230,1.00116782499239,3293.63308932762
"GMST","raw",231,1.00126691753706,3178.40068294863
"GMST","raw",232,1.00121616096478,2977.10541967864
"GMST","raw",233,1.00123136191183,2740.90902453317
"GMST","raw",234,1.00170663911311,2577.77353526759
"GMST","raw",235,1.00192432795012,2383.49886903779
"GMST","raw",236,1.00237808096997,2360.75743249791
"GMST","raw",237,1.00315746803429,2489.76769311805
"GMST","raw",238,1.00260058000364,2832.66658040479
"GMST","raw",239,1.00235220793724,2947.64265221283
"GMST","raw",240,1.00220982454604,3259.54164825351
"GMST","raw",241,1.00180367922214,3635.1802023863
"GMST","raw",242,1.00189866593371,3816.85820409975
"GMST","raw",243,1.00145820412712,3959.30261493947
"GMST","raw",244,1.00135948425943,3945.85749497711
"GMST","raw",245,1.0014168178838,3970.45835336634
"GMST","raw",246,1.00114159813375,3919.62615023799
"GMST","raw",247,1.00091936929492,3999.19088270761
"GMST","raw",248,1.00091390645196,4292.09135277997
"GMST","raw",249,1.0008674916641,3926.58851165859
"GMST","raw",250,1.00063832169772,4049.04523563404
"GMST","raw",251,1.00071714134318,4054.15992709977
"GMST","raw",252,1.00071789268387,4063.44452819788
"GMST","raw",253,1.00059160539723,3923.28492815042
"GMST","raw",254,1.00056666662499,3924.62111313749
"GMST","raw",255,1.00048086799064,3979.34313660856
"GMST","raw",256,1.00056898793484,4015.79923082737
"GMST","raw",257,1.00063456564425,3783.29571620098
"GMST","raw",258,1.00057010629846,3637.30997977109
"GMST","raw",259,1.00061771223172,3538.66031855309
"GMST","raw",260,1.00059860560517,3461.52638717627
"GMST","raw",261,1.00082193149463,3298.91272935328
"GMST","raw",262,1.00082153121202,3285.31224485159
"GMST","raw",263,1.0008712481422,3564.63164609436
"GMST","raw",264,1.00061785220079,3730.76134108482
"GMST","raw",265,1.0004920550448,4073.832703563
"GMST","raw",266,1.00043191723842,4179.6198004306
"GMST","raw",267,1.00065602525133,4493.4227922046
"GMST","raw",268,1.00059399967771,4603.71399495769
"GMST","raw",269,1.00067514267523,4850.48810653277
"GMST","raw",270,1.00073146804073,5227.73313861212
"GMST","raw",271,1.00074848803898,5335.70155719772
"GMST","raw",272,1.00079964773162,5558.91215301805
"GMST","raw",273,1.00096587613746,5649.29818248163
"GMST","raw",274,1.00083971372593,5261.79831568262
"GMST","raw",275,1.00082740084893,5442.72871629501
"GMST","raw",276,1.0010464050418,5404.25461167542
"GMST","raw",277,1.0010978486283,5109.48417077837
"GMST","raw",278,1.00090646455532,4848.66000952696
"GMST","raw",279,1.00088030981667,4492.02891239871
"GMST","raw",280,1.00118623356561,4474.12615827477
"GMST","raw",281,1.00136262006434,4105.01875187107
"GMST","raw",282,1.00168985631117,3389.47205320048
"GMST","raw",283,1.00185374551141,2939.72182377982
"GMST","raw",284,1.00241255075961,2779.09541958284
"GMST","raw",285,1.00278557058998,2391.65828037098
"GMST","raw",286,1.00305647742113,2069.00098776776
"GMST","raw",287,1.00361813555078,1628.70321192691
"GMST","raw",288,1.00387843182304,1413.89688172574
"GMST","raw",289,1.0038553779403,1274.30755279066
"GMST","raw",290,1.00377389806846,1288.44965389916
"GMST","raw",291,1.0038439954045,1324.51747696346
"GMST","raw",292,1.00377726660788,1319.88200148228
"GMST","raw",293,1.00336701234602,1456.88086192073
"GMST","raw",294,1.00302117687141,1585.04888871259
"GMST","raw",295,1.0027929846442,1658.30403973446
"GMST","raw",296,1.00223245756556,1818.08986232769
"GMST","raw",297,1.00184107085855,2075.97602805423
"GMST","raw",298,1.00176256501743,2251.97206707311
"GMST","raw",299,1.00174794885613,2612.54444839684
"GMST","raw",300,1.00160801601264,2773.62433039907
"GMST","raw",301,1.00133952057424,3078.82799636949
"GMST","raw",302,1.00152010410508,3293.15163656518
"GMST","raw",303,1.00145260594036,3507.56353215501
"GMST","raw",304,1.00118243245194,3773.15591244592
"GMST","raw",305,1.00128206426346,3336.8028225115
"GMST","raw",306,1.00115026064101,3936.32751015307
"GMST","raw",307,1.00136217023813,4005.91464552954
"GMST","raw",308,1.00118098120643,4256.54439430784
"GMST","raw",309,1.00123459791823,4308.0017911998
"GMST","raw",310,1.0012100182739,5035.80697213527
"GMST","raw",311,1.00105611321381,4381.08453488428
"GMST","raw",312,1.00105416628726,4628.98534573764
"GMST","raw",313,1.00089480120705,5526.66685823344
"GMST","raw",314,1.0008716333729,5734.6967645931
"GMST","raw",315,1.00064735308279,6328.11568050288
"GMST","raw",316,1.00081126446685,6832.14654544643
"GMST","raw",317,1.00093242018922,7397.67777237772
"GMST","raw",318,1.00095299736434,7374.27647033482
"GMST","raw",319,1.00095877179764,8026.51108850564
"GMST","raw",320,1.00074079106086,7822.98513754684
"GMST","raw",321,1.00054941235632,8527.61583088671
"GMST","raw",322,1.00071277461513,8368.44927039932
"GMST","raw",323,1.00112517016182,7980.96819661153
"GMST","raw",324,1.00098017032812,8910.83157078172
"GMST","raw",325,1.00154666865028,8044.52765500438
"GMST","raw",326,1.00193664269712,6827.30392813032
"GMST","raw",327,1.00165703464337,6366.17493567194
"GMST","raw",328,1.00152620190821,5703.29644018665
"GMST","raw",329,1.00131754839493,4943.42686586889
"GMST","raw",330,1.00138328024697,4656.93648206606
"GMST","raw",331,1.00158755005752,3948.86324070343
"GMST","raw",332,1.00161523956168,3245.04643826737
"GMST","raw",333,1.00179892522218,2764.54259307463
"GMST","raw",334,1.00200321261744,2195.81049958741
"GMST","raw",335,1.00280654740022,1749.13129300989
"GMST","raw",336,1.00361914935622,1379.80180773549
"GMST","raw",337,1.00473686030998,1100.23666722988
"GMST","raw",338,1.00571732374706,972.512376654153
"GMST","raw",339,1.00633960695016,854.872492978779
"GMST","raw",340,1.00544073334547,896.997302185316
"GMST","raw",341,1.00506937538167,988.806357972392
"GMST","raw",342,1.00468188887645,1104.97543500135
"GMST","raw",343,1.00452053483543,1207.10338412242
"GMST","raw",344,1.00448421365302,1265.76073648726
"GMST","raw",345,1.00413637116137,1340.36124928784
"GMST","raw",346,1.00446659610747,1243.83237867074
"GMST","raw",347,1.00494560421535,1177.87339999044
"GMST","raw",348,1.00506636264635,1190.62479938521
"GMST","raw",349,1.00494408425409,1139.90542789697
"GMST","raw",350,1.00519457694918,1105.40388288733
"GMST","raw",351,1.00506222605472,974.171011067373
"GMST","raw",352,1.00553055704862,962.049761380139
"GMST","raw",353,1.00543542836161,882.126911802042
"GMST","raw",354,1.00596260826601,872.9146730694
"GMST","raw",355,1.00639784075308,732.012125934591
"GMST","raw",356,1.00749061153311,723.492492138471
"GMST","raw",357,1.00718997911674,664.909157978173
"GMST","raw",358,1.00753946774519,666.195552641473
"GMST","raw",359,1.00694827413134,790.660230793902
"GMST","raw",360,1.00601718863448,904.337851911254
"GMST","raw",361,1.00558724721502,1035.82978795411
"GMST","raw",362,1.00545465674458,1133.18607697946
"GMST","raw",363,1.00473562857172,1245.23885059766
"GMST","raw",364,1.00412619791446,1384.34355466549
"GMST","raw",365,1.00366622420836,1532.95399356089
"GMST","raw",366,1.00342512728996,1556.59376738903
"GMST","raw",367,1.00398601831863,1595.18644255822
"GMST","raw",368,1.00395775818107,1563.74534499619
"GMST","raw",369,1.00419793614994,1668.79650928131
"GMST","raw",370,1.00443080685451,1658.81861872868
"GMST","raw",371,1.00445025540941,1608.86178523984
"GMST","raw",372,1.00444547765246,1708.62272078976
"GMST","raw",373,1.00424409726268,1691.03298090041
"GMST","raw",374,1.00422797354781,1634.75595681445
"GMST","raw",375,1.00408298002262,1556.40455901374
"GMST","raw",376,1.00421075141973,1568.29252891195
"GMST","raw",377,1.00374007756608,1490.78687992494
"GMST","raw",378,1.00367393400791,1385.1691864411
"GMST","raw",379,1.00343116669358,1367.4549835388
"GMST","raw",380,1.0035792716814,1314.27169269725
"GMST","raw",381,1.00357090023044,1285.96265996891
"GMST","raw",382,1.00359577766827,1169.28591373059
"GMST","raw",383,1.00359184179489,1316.66193113209
"GMST","raw",384,1.00374073771852,1403.81817581038
"GMST","raw",385,1.00341478130191,1568.84172165771
"GMST","raw",386,1.00293082778705,1768.54483605464
"GMST","raw",387,1.0025981219288,1867.2616643538
"GMST","raw",388,1.00238200183438,2008.60391309134
"GMST","raw",389,1.00202209389519,2071.93063589628
"GMST","raw",390,1.00183501629122,2093.47875167016
"GMST","raw",391,1.00182309236251,2187.13539414709
"GMST","raw",392,1.00169963878967,2135.68289023663
"GMST","raw",393,1.00159323640199,2102.46248964368
"GMST","raw",394,1.00144711921249,1864.00861387629
"GMST","raw",395,1.00147613933264,2057.60450794365
"GMST","raw",396,1.00172201507005,1843.75990148377
"GMST","raw",397,1.00212667702323,1718.69951248967
"GMST","raw",398,1.00230241023003,1861.44508691132
"GMST","raw",399,1.00238946033691,1666.59742553614
"GMST","raw",400,1.00239752864857,1487.47537360657
"GMST","raw",401,1.00239193864143,1403.79938832369
"GMST","raw",402,1.00278145685554,1321.51124691507
"GMST","raw",403,1.00299508431768,1244.04353816512
"GMST","raw",404,1.00358544019472,1156.40430920785
"GMST","raw",405,1.00341032095808,1158.02834336727
"GMST","raw",406,1.00343118033387,1124.21432068839
"GMST","raw",407,1.00328699743834,1133.1426223412
"GMST","raw",408,1.00365230383513,1155.74621727767
"GMST","raw",409,1.00390096032888,1161.49101815385
"GMST","raw",410,1.00347316997598,1064.02330570519
"GMST","raw",411,1.0031410044229,1039.04344811858
"GMST","raw",412,1.00275209682806,1084.30332915137
"GMST","raw",413,1.00285676223241,1058.5585320568
"GMST","raw",414,1.00280359955132,1059.35125889203
"GMST","raw",415,1.00280403714588,1066.26052427253
"GMST","raw",416,1.00274954500859,1084.40713548599
"GMST","raw",417,1.00248336438397,1030.16546979784
"GMST","raw",418,1.00231099072808,1057.13698834524
"GMST","raw",419,1.00191225651443,1105.06203708139
"GMST","raw",420,1.0018093223328,1124.37937509854
"GMST","raw",421,1.00162588902368,1266.3873756093
"GMST","raw",422,1.00155472307478,1302.37171860634
"GMST","raw",423,1.00143899551372,1326.67304232761
"GMST","raw",424,1.0013955301734,1378.36214440557
"GMST","raw",425,1.0012325667404,1388.06705076769
"GMST","raw",426,1.00105564541761,1386.56369440228
"GMST","raw",427,1.00098011717415,1517.37149241719
"GMST","raw",428,1.00087324226948,1614.19873281089
"GMST","raw",429,1.00099841994848,1579.96513111213
"GMST","raw",430,1.00090523236355,1640.94248515725
"GMST","raw",431,1.00088508267863,1653.04258908833
"GMST","raw",432,1.00097911176852,1836.82828592435
"GMST","raw",433,1.00086936304643,1769.40871881464
"GMST","raw",434,1.00135269356237,1661.01533673722
"GMST","raw",435,1.00132301331604,1625.52822086825
"GMST","raw",436,1.00180953899909,1603.92732294461
"GMST","raw",437,1.00196127471545,1462.46130831852
"GMST","raw",438,1.00189085964573,1293.6383710559
"GMST","raw",439,1.0019124892008,1319.01634842525
"GMST","raw",440,1.0020369950976,1237.75676664221
"GMST","raw",441,1.00212410790527,1218.27609798072
"GMST","raw",442,1.00223598791885,1179.04823580143
"GMST","raw",443,1.00252255574781,1076.83105283872
"GMST","raw",444,1.002946898852,1047.38183668117
"GMST","raw",445,1.00356617040248,1085.91229762632
"GMST","raw",446,1.0039481032182,1123.98325419353
"GMST","raw",447,1.00464571200081,1166.14029681864
"GMST","raw",448,1.00555133166675,1246.17387439098
"GMST","raw",449,1.00577073138707,1304.51967421566
"GMST","raw",450,1.00544521712542,1207.73778774949
"GMST","raw",451,1.00496695053722,1322.93195931791
"GMST","raw",452,1.00473275878606,1459.6206165095
"GMST","raw",453,1.00474802067652,1606.06468666349
"GMST","raw",454,1.0046259671513,1717.09002110384
"GMST","raw",455,1.00383080283867,1807.65447840671
"GMST","raw",456,1.00459596973013,1980.75342709977
"GMST","raw",457,1.00380088414882,2084.14308096311
"GMST","raw",458,1.00348876491641,2274.11834096514
"GMST","raw",459,1.0031595173488,2254.33706721328
"GMST","raw",460,1.00315387496716,2357.84316866299
"GMST","raw",461,1.00288320925103,2436.18052522711
"GMST","raw",462,1.00302659479061,2327.29057865386
"GMST","raw",463,1.00303790742511,2145.75055928105
"GMST","raw",464,1.00326453312352,1978.32643065775
"GMST","raw",465,1.00288074268351,1850.41775177051
"GMST","raw",466,1.00326653799392,1764.65707335344
"GMST","raw",467,1.00315569744207,1750.63721895564
"GMST","raw",468,1.00288693874113,1817.95300037651
"GMST","raw",469,1.00209486132415,1882.70310830109
"GMST","raw",470,1.00201632229889,1948.02238572011
"GMST","raw",471,1.00172494028635,2160.93518009707
"GMST","raw",472,1.00144398918947,2379.37324311379
"GMST","raw",473,1.00097704759692,2922.08534268211
"GMST","raw",474,1.00086427185187,3214.8079797277
"GMST","raw",475,1.00091447729091,3716.26874502496
"GMST","raw",476,1.00063852972491,4675.97261291319
"GMST","raw",477,1.00068825727469,5600.95938529759
"GMST","raw",478,1.00088144078479,5635.0372311125
"GMST","raw",479,1.00095662178457,5391.65968575956
"GMST","raw",480,1.0013049098967,5029.51983151715
"GMST","raw",481,1.00150665284413,4996.90308572984
"GMST","raw",482,1.00139389767869,5427.61470684786
"GMST","raw",483,1.00147192010571,5972.83365909582
"GMST","raw",484,1.00112941681792,5283.2804592841
"GMST","raw",485,1.00140300570342,5500.7171379017
"GMST","raw",486,1.00142424172024,4879.14522195032
"GMST","raw",487,1.00141291303895,4776.81721036156
"GMST","raw",488,1.00143885475832,4881.02851263964
"GMST","raw",489,1.00108025615078,5370.04784981526
"GMST","raw",490,1.00136374448948,5085.68550151025
"GMST","raw",491,1.00173513904111,5278.96343730133
"GMST","raw",492,1.00191673697775,5549.20898508336
"GMST","raw",493,1.00194218425202,5751.78958768351
"GMST","raw",494,1.00154185484065,5834.49193816577
"GMST","raw",495,1.00124201544229,6439.10410626793
"GMST","raw",496,1.00141155886065,6166.18869419774
"GMST","raw",497,1.00172453669455,6277.63210722434
"GMST","raw",498,1.00118757741549,6256.80519603065
"GMST","raw",499,1.0010681775719,6175.77503762006
"GMST","raw",500,1.0007257411876,7324.53006115629
"GMST","raw",501,1.00050928728968,7203.2610093399
"GMST","raw",502,1.00038193051305,8262.0618904583
"GMST","raw",503,1.00018630550398,8562.79478482349
"GMST","raw",504,1.00063415675868,8646.77153988066
"GMST","raw",505,1.00083067485566,8190.5926599002
"GMST","raw",506,1.00121893430331,6303.94738054571
"GMST","raw",507,1.00083849244164,6349.37817080491
"GMST","raw",508,1.00090262484671,6921.6447454048
"GMST","raw",509,1.00066003808771,7702.05983686114
"GMST","raw",510,1.00084326974658,8190.38146700737
"GMST","raw",511,1.00065236142501,8005.03175415867
"GMST","raw",512,1.00035885563089,8277.01477672676
"GMST","raw",513,1.00048440507939,7542.51610793923
"GMST","raw",514,1.00095136449317,7010.7048403148
"GMST","raw",515,1.00101083079553,7199.97559587188
"GMST","raw",516,1.00084179984535,6539.03985608372
"GMST","raw",517,1.00148482794575,6062.03356810487
"GMST","raw",518,1.00126960378328,6183.44541624755
"GMST","raw",519,1.00108242993582,6617.37344331992
"GMST","raw",520,1.00086894028426,6796.93997163208
"GMST","raw",521,1.00061061878424,6725.69887456298
"GMST","raw",522,1.00085226191128,6621.68301284325
"GMST","raw",523,1.00059496841015,6053.01077478121
"GMST","raw",524,1.00068916997087,6371.50033611014
"GMST","raw",525,1.00064805956266,6348.41749124735
"GMST","raw",526,1.00071817412024,6671.3597336084
"GMST","raw",527,1.00069139270372,6233.20091086593
"GMST","raw",528,1.00096013338668,6345.28726470081
"GMST","raw",529,1.00079582679446,6537.04428775052
"GMST","raw",530,1.00048559064166,6120.27968648925
"GMST","raw",531,1.000509660613,6116.03114747212
"GMST","raw",532,1.00075653922432,5699.7723976606
"GMST","raw",533,1.00064124146016,5187.98005133303
"GMST","raw",534,1.00075547633883,4210.93112685443
"GMST","raw",535,1.00130518067312,2988.1492313888
"GMST","raw",536,1.00100810466259,2864.68955188891
"GMST","raw",537,1.00118657745896,2306.84032157681
"GMST","raw",538,1.00120608636094,2532.95519377362
"GMST","raw",539,1.00093071893538,3133.52799184944
"GMST","raw",540,1.0007878170822,3743.50580045912
"GMST","centered",1,1.08442571219783,2213.41860183609
"GMST","centered",2,1.09589099000138,1893.86894814338
"GMST","centered",3,1.10217334264953,1679.79738132824
"GMST","centered",4,1.10641320494399,1645.99065806889
"GMST","centered",5,1.10388481337295,1466.05685156382
"GMST","centered",6,1.09923392586542,1411.43438003576
"GMST","centered",7,1.09074223197994,1354.79611861897
"GMST","centered",8,1.08574770686274,1319.97405607177
"GMST","centered",9,1.07927449463321,1303.10027404839
"GMST","centered",10,1.06971466973452,1265.7445775147
"GMST","centered",11,1.06253295989274,1190.47826647441
"GMST","centered",12,1.05743655753471,1122.59640374792
"GMST","centered",13,1.0533167264568,1061.13675781772
"GMST","centered",14,1.04866831938073,1044.61257994781
"GMST","centered",15,1.04416609389955,1018.2078220748
"GMST","centered",16,1.03928824380499,946.739413038136
"GMST","centered",17,1.03604722647,964.237124159234
"GMST","centered",18,1.03193904616508,979.137628782343
"GMST","centered",19,1.02806116540925,1041.70638579126
"GMST","centered",20,1.02363231137781,1129.43390178481
"GMST","centered",21,1.02044355290236,1152.16640767849
"GMST","centered",22,1.01784072121967,1205.93315357426
"GMST","centered",23,1.01633863557079,1342.26152748217
"GMST","centered",24,1.01393406340831,1412.35986583219
"GMST","centered",25,1.01207809089376,1544.55502195942
"GMST","centered",26,1.0098463553825,1696.15757499524
"GMST","centered",27,1.00870553505576,1874.66538685613
"GMST","centered",28,1.00757399003798,2038.83891645069
"GMST","centered",29,1.00663514103017,2128.39508899228
"GMST","centered",30,1.00581438519872,2243.97025048047
"GMST","centered",31,1.0050491131686,2392.41465599037
"GMST","centered",32,1.00464949738587,2665.10304656072
"GMST","centered",33,1.00377293425345,2715.65005821868
"GMST","centered",34,1.0035850487251,2787.63938250034
"GMST","centered",35,1.00317066821953,2818.54150662654
"GMST","centered",36,1.00264682579,2673.8899386705
"GMST","centered",37,1.00197473475739,2888.89934864247
"GMST","centered",38,1.00185903293994,2897.04576884148
"GMST","centered",39,1.00144309640152,2938.65988370757
"GMST","centered",40,1.0013326520538,2987.98944021009
"GMST","centered",41,1.0013218336376,2883.08991084673
"GMST","centered",42,1.00137644951663,2761.37415304388
"GMST","centered",43,1.00122093862916,2609.0657135823
"GMST","centered",44,1.00086028169857,2550.7669781992
"GMST","centered",45,1.00085795938065,2561.47872266628
"GMST","centered",46,1.00080370216435,2495.4980832417
"GMST","centered",47,1.00100211773266,2560.77127192738
"GMST","centered",48,1.00105026817849,2661.13523068747
"GMST","centered",49,1.00106181113842,2763.36170742362
"GMST","centered",50,1.00112314295015,2717.33203732342
"GMST","centered",51,1.00135680388327,2894.17127555819
"GMST","centered",52,1.00114244001915,2969.59070119492
"GMST","centered",53,1.00113197571202,3135.48426609025
"GMST","centered",54,1.00118105238978,3140.60591084604
"GMST","centered",55,1.00114815854589,3349.04025748886
"GMST","centered",56,1.00130597301928,3375.08404419814
"GMST","centered",57,1.00136833541669,3440.28483320584
"GMST","centered",58,1.00156795410483,3655.3769835293
"GMST","centered",59,1.0017829283037,3760.39216036163
"GMST","centered",60,1.00177876171536,3882.36588586028
"GMST","centered",61,1.00164139883151,3873.22580480339
"GMST","centered",62,1.00185739913811,3991.07394753015
"GMST","centered",63,1.00197768193711,3943.19917585507
"GMST","centered",64,1.00183458917737,3900.80868217688
"GMST","centered",65,1.00166609087239,3981.73640836685
"GMST","centered",66,1.00154771187754,4126.2990519246
"GMST","centered",67,1.00149563328213,4085.87523147719
"GMST","centered",68,1.0016335269348,3936.40287296802
"GMST","centered",69,1.00167178086012,3827.21288010925
"GMST","centered",70,1.00178996564134,3805.47382107657
"GMST","centered",71,1.00205195983152,3856.47944509854
"GMST","centered",72,1.00206722155494,3880.71155298999
"GMST","centered",73,1.0023299726791,3967.34535835338
"GMST","centered",74,1.00235398900724,3944.9952714031
"GMST","centered",75,1.00234551214865,4212.13513648495
"GMST","centered",76,1.00249567055045,4273.88545401135
"GMST","centered",77,1.00269077185183,4323.23737442359
"GMST","centered",78,1.00239793458208,4300.59672708297
"GMST","centered",79,1.00266990049369,4240.91777947678
"GMST","centered",80,1.00213330077459,4208.51128776611
"GMST","centered",81,1.00197142886809,3986.46466088127
"GMST","centered",82,1.00204625163978,4014.23433996528
"GMST","centered",83,1.00204065510335,3825.64135601742
"GMST","centered",84,1.00187788095061,3646.31945165438
"GMST","centered",85,1.00172235158641,3481.14191393389
"GMST","centered",86,1.0015699694948,3250.73478490407
"GMST","centered",87,1.00152515685881,3144.44187882111
"GMST","centered",88,1.0010812550285,2971.61471000977
"GMST","centered",89,1.00109987265442,2837.15742539743
"GMST","centered",90,1.00120148115844,2682.28568260611
"GMST","centered",91,1.00107028203657,2604.34445692706
"GMST","centered",92,1.00122827898062,2518.19581140773
"GMST","centered",93,1.00103887674036,2388.59521686514
"GMST","centered",94,1.00103689122723,2293.98371125815
"GMST","centered",95,1.0011871954583,2145.51227312041
"GMST","centered",96,1.00114955521005,2006.84783471724
"GMST","centered",97,1.00104812410106,2031.30928729275
"GMST","centered",98,1.00133372529899,1854.64517213469
"GMST","centered",99,1.00117948804654,1680.71099945237
"GMST","centered",100,1.00128778413839,1615.57755222856
"GMST","centered",101,1.00103576028943,1465.67504809375
"GMST","centered",102,1.00143867031065,1436.88277878882
"GMST","centered",103,1.00125037812881,1216.83934586033
"GMST","centered",104,1.00117956050493,1093.81906247012
"GMST","centered",105,1.0012508639743,1095.39132595931
"GMST","centered",106,1.0011211027024,1036.84257639372
"GMST","centered",107,1.00122877574328,913.78321212887
"GMST","centered",108,1.00157339895886,852.055650964678
"GMST","centered",109,1.00190502724261,838.52025752726
"GMST","centered",110,1.00187876429028,820.307644442472
"GMST","centered",111,1.00242911024636,858.397655423084
"GMST","centered",112,1.00275102182399,882.871213573091
"GMST","centered",113,1.0028548600474,946.72209467364
"GMST","centered",114,1.00281875852657,953.589787073188
"GMST","centered",115,1.00337501819823,1095.23997907457
"GMST","centered",116,1.00322745284744,1225.46523244723
"GMST","centered",117,1.00316805388555,1352.83670745316
"GMST","centered",118,1.00283556026671,1341.43415940407
"GMST","centered",119,1.00181857842073,1646.52950435901
"GMST","centered",120,1.0017236353558,1700.6953128148
"GMST","centered",121,1.00150416677151,2095.63725101774
"GMST","centered",122,1.0013185685358,2526.23033160535
"GMST","centered",123,1.00144326361185,2888.94711931585
"GMST","centered",124,1.00117074201206,3353.51884525768
"GMST","centered",125,1.0010487602153,3885.79265114996
"GMST","centered",126,1.00092651902829,5037.41170776787
"GMST","centered",127,1.0007802238215,5325.2174085743
"GMST","centered",128,1.00060789412442,6325.92609606372
"GMST","centered",129,1.00067874218052,7321.00059591136
"GMST","centered",130,1.00083079131969,6825.54558098511
"GMST","centered",131,1.00079993050585,7225.25812750157
"GMST","centered",132,1.00084177482313,7779.03147495642
"GMST","centered",133,1.00089357910911,8398.90966862839
"GMST","centered",134,1.00076274131235,9971.21567210519
"GMST","centered",135,1.00098922642568,10088.9605263988
"GMST","centered",136,1.0009078441161,9626.51098573335
"GMST","centered",137,1.00102120161713,10256.2812557828
"GMST","centered",138,1.00090026424824,9953.0845308334
"GMST","centered",139,1.00086676983097,9854.75544558184
"GMST","centered",140,1.00105288265403,8982.43327620153
"GMST","centered",141,1.00110863623559,8989.48277526321
"GMST","centered",142,1.00069020029487,8570.22276322184
"GMST","centered",143,1.00048953339863,8271.50012138897
"GMST","centered",144,1.00051221801999,8163.40308377839
"GMST","centered",145,1.00059470082359,8065.08491949471
"GMST","centered",146,1.0007368821759,8158.53730869762
"GMST","centered",147,1.0006648796185,7967.3861747101
"GMST","centered",148,1.00094070907678,7266.73407170389
"GMST","centered",149,1.00091380637852,7065.72610113639
"GMST","centered",150,1.00109259380606,7009.40795593951
"GMST","centered",151,1.00116642311759,6473.77451887751
"GMST","centered",152,1.00122441432168,6141.66790980861
"GMST","centered",153,1.00115370404182,4997.15070248969
"GMST","centered",154,1.00125979354834,4504.32681894617
"GMST","centered",155,1.0015095916031,3948.74897569722
"GMST","centered",156,1.00152857586274,3590.78077960742
"GMST","centered",157,1.00142394301242,3372.47919176468
"GMST","centered",158,1.00182822719626,3185.95536110691
"GMST","centered",159,1.00172086245792,3134.56575596029
"GMST","centered",160,1.00154204122076,2952.82914333171
"GMST","centered",161,1.00191514678454,2851.48280870363
"GMST","centered",162,1.00158290576539,2631.57225278402
"GMST","centered",163,1.00181524244116,2647.9144894949
"GMST","centered",164,1.00153448396532,2799.24091013374
"GMST","centered",165,1.0015530986438,2966.86638299304
"GMST","centered",166,1.00121250710923,3000.79136501565
"GMST","centered",167,1.00127399223658,3127.6408036462
"GMST","centered",168,1.00087241212261,3338.22809692397
"GMST","centered",169,1.00108271042322,3198.07090039032
"GMST","centered",170,1.00098168070253,3730.01417730118
"GMST","centered",171,1.00103790760676,4311.34790982689
"GMST","centered",172,1.00078169073591,4771.61235479673
"GMST","centered",173,1.00086610525632,4992.26378579169
"GMST","centered",174,1.00065898693543,6138.8993804875
"GMST","centered",175,1.0005744279277,6737.00436413927
"GMST","centered",176,1.00049676879977,6714.44983822552
"GMST","centered",177,1.00046675189952,7165.41935740405
"GMST","centered",178,1.00055759483931,7478.66993386396
"GMST","centered",179,1.00073286203151,7573.27077065621
"GMST","centered",180,1.00056195429694,7537.5039664407
"GMST","centered",181,1.00040208744171,7201.37783130677
"GMST","centered",182,1.00039314297652,7501.18488613597
"GMST","centered",183,1.00039716501118,7330.94965302369
"GMST","centered",184,1.00046060153536,7381.31330347553
"GMST","centered",185,1.00032425558446,7592.63221818857
"GMST","centered",186,1.00033615641343,7004.95606190621
"GMST","centered",187,1.00060476313788,7820.64447277121
"GMST","centered",188,1.00066676389412,7415.5510450428
"GMST","centered",189,1.00050933380249,7604.99763791888
"GMST","centered",190,1.00060750401372,7688.96545080088
"GMST","centered",191,1.00051560130475,8064.5502211188
"GMST","centered",192,1.00040329998562,8351.93728108039
"GMST","centered",193,1.00023964715047,8089.7128303721
"GMST","centered",194,1.00006461061791,8392.29497547264
"GMST","centered",195,1.00016383742497,8291.22599073187
"GMST","centered",196,1.00014704765766,8146.89762807823
"GMST","centered",197,1.00017106346516,8059.08366384125
"GMST","centered",198,1.000149706328,7539.76233187386
"GMST","centered",199,1.00017802911084,6496.11139187421
"GMST","centered",200,1.00037737887101,6672.67220903444
"GMST","centered",201,1.00022370806493,6154.93675625905
"GMST","centered",202,1.00053768817506,6031.54242922649
"GMST","centered",203,1.00024776564811,5835.90679097226
"GMST","centered",204,1.00027195574026,5167.7659134346
"GMST","centered",205,1.00027307991039,4398.00601242346
"GMST","centered",206,1.00048123273528,3833.60533273964
"GMST","centered",207,1.00053592331858,3629.8586566152
"GMST","centered",208,1.00053104285903,3375.7544391585
"GMST","centered",209,1.00051274315592,3054.39714282287
"GMST","centered",210,1.00076399043317,2809.84602755592
"GMST","centered",211,1.00095323857722,2834.51294447898
"GMST","centered",212,1.00100111803552,2650.01988266805
"GMST","centered",213,1.00132488488644,2519.40444635627
"GMST","centered",214,1.00152610945004,2598.41496440963
"GMST","centered",215,1.00145690230366,2449.64766073245
"GMST","centered",216,1.00146681258727,2410.17818536045
"GMST","centered",217,1.00123101185713,2443.96588752577
"GMST","centered",218,1.00122232284226,2410.84824255466
"GMST","centered",219,1.00114918468167,2856.19077212321
"GMST","centered",220,1.00101163756171,2886.10798552083
"GMST","centered",221,1.00100279227928,2933.83974708295
"GMST","centered",222,1.00091827254431,3058.5500589179
"GMST","centered",223,1.00082657843122,3234.52151116776
"GMST","centered",224,1.0005510975898,3487.52703218377
"GMST","centered",225,1.00074146559051,3373.35472057972
"GMST","centered",226,1.00061673129395,3301.1332907968
"GMST","centered",227,1.00036668421812,3481.47643722844
"GMST","centered",228,1.00030331251158,3662.32175637239
"GMST","centered",229,1.0003779745547,3394.53110171782
"GMST","centered",230,1.00040790110959,3250.70615893014
"GMST","centered",231,1.00050866711942,3177.96394792827
"GMST","centered",232,1.00055140701572,2829.24081742858
"GMST","centered",233,1.00070717150887,2702.43736545741
"GMST","centered",234,1.00102160141014,2481.12148091939
"GMST","centered",235,1.00136352929894,2327.1746593413
"GMST","centered",236,1.00169683624939,2257.35018535719
"GMST","centered",237,1.00225779200123,2482.35380482667
"GMST","centered",238,1.00181961128805,2767.91497709128
"GMST","centered",239,1.00159714192532,2792.83173436055
"GMST","centered",240,1.00147267185564,2864.65200445948
"GMST","centered",241,1.00116888274583,3484.25884497886
"GMST","centered",242,1.00127041767441,3556.3392492356
"GMST","centered",243,1.00093744476825,3594.35465814314
"GMST","centered",244,1.00086495703283,3726.70801921831
"GMST","centered",245,1.00098627837697,3819.2830609623
"GMST","centered",246,1.00074374074182,3579.22769351244
"GMST","centered",247,1.00061121704325,3675.22930293741
"GMST","centered",248,1.00072713376232,4062.26271202748
"GMST","centered",249,1.00073598289321,3748.31379918932
"GMST","centered",250,1.00061100890881,3832.52243133579
"GMST","centered",251,1.00071497138241,3846.26419565471
"GMST","centered",252,1.00062297612066,3950.17271000533
"GMST","centered",253,1.00048588632261,3880.82064852294
"GMST","centered",254,1.00063848406458,3863.94704986471
"GMST","centered",255,1.0005987720056,3931.61413935858
"GMST","centered",256,1.00089207123141,3996.20419098563
"GMST","centered",257,1.00093022547237,3557.82555064028
"GMST","centered",258,1.00098521490704,3672.14824344717
"GMST","centered",259,1.00106717913354,3547.59144362427
"GMST","centered",260,1.00107357042699,3531.78135527695
"GMST","centered",261,1.00154390562532,3361.40031497275
"GMST","centered",262,1.00165307332858,3272.66214696906
"GMST","centered",263,1.00180819356874,3568.07641800614
"GMST","centered",264,1.00149148164868,3816.87423905
"GMST","centered",265,1.00133210297793,4104.75374386916
"GMST","centered",266,1.00131389740799,4290.01039030426
"GMST","centered",267,1.00158242802989,4522.12054720813
"GMST","centered",268,1.00159755173208,4691.22898864095
"GMST","centered",269,1.00173631852259,4577.64553331863
"GMST","centered",270,1.00186231477608,4998.41886196692
"GMST","centered",271,1.00179656567382,5373.54646126094
"GMST","centered",272,1.0018255421096,5511.88994427421
"GMST","centered",273,1.00200699415435,5019.75430124415
"GMST","centered",274,1.00189417788483,5143.7519491056
"GMST","centered",275,1.00183790514157,5396.96525473624
"GMST","centered",276,1.00228041934509,5362.75450072392
"GMST","centered",277,1.00236647271631,4725.47093289479
"GMST","centered",278,1.00215757493721,4616.91765750307
"GMST","centered",279,1.00214585683714,4106.06630955612
"GMST","centered",280,1.00268760441932,4431.19724495423
"GMST","centered",281,1.00287654318456,3838.15157079234
"GMST","centered",282,1.00332931893822,3255.28390348758
"GMST","centered",283,1.00364135214361,2940.61251391334
"GMST","centered",284,1.00443846523544,2671.10868410013
"GMST","centered",285,1.00492429793627,2315.5606544942
"GMST","centered",286,1.00541857799775,2066.88398389265
"GMST","centered",287,1.00604304056548,1628.99898495384
"GMST","centered",288,1.00631975804296,1335.7711131373
"GMST","centered",289,1.00614050693224,1262.38593577423
"GMST","centered",290,1.00591846109166,1312.80883181658
"GMST","centered",291,1.00590425628703,1346.01400165995
"GMST","centered",292,1.00584812890099,1315.05810973585
"GMST","centered",293,1.00539701778391,1435.0721255341
"GMST","centered",294,1.00489827749639,1589.74618498974
"GMST","centered",295,1.00449480253656,1664.35497627942
"GMST","centered",296,1.00368249353601,1856.5190257686
"GMST","centered",297,1.00314440437251,2067.14769194443
"GMST","centered",298,1.00304999285784,2281.26178204374
"GMST","centered",299,1.00293589336749,2578.95395047824
"GMST","centered",300,1.00273942850835,2687.56395792691
"GMST","centered",301,1.00249042342623,3083.09263119764
"GMST","centered",302,1.00266690234335,3301.70733501915
"GMST","centered",303,1.0024769548092,3636.56205582879
"GMST","centered",304,1.00208226786937,3797.52256288193
"GMST","centered",305,1.00221589482556,3326.36104093587
"GMST","centered",306,1.00200539194261,3970.76028097404
"GMST","centered",307,1.00223477616973,4000.57039910176
"GMST","centered",308,1.00186374985916,4501.58595361628
"GMST","centered",309,1.00190516755286,4488.12439346456
"GMST","centered",310,1.00179804329098,4974.92926906747
"GMST","centered",311,1.00158775980076,5213.8502132249
"GMST","centered",312,1.00163875528114,5365.9088278104
"GMST","centered",313,1.00140937555286,5611.79072629545
"GMST","centered",314,1.00118817648058,5709.6727401088
"GMST","centered",315,1.00083747308207,6160.45702697707
"GMST","centered",316,1.00084232628765,6731.44804529497
"GMST","centered",317,1.00095829083915,7333.46533286315
"GMST","centered",318,1.00098241959743,7397.4697978101
"GMST","centered",319,1.00094980469317,8055.25130191066
"GMST","centered",320,1.00077087249806,7989.15490256782
"GMST","centered",321,1.00052082242629,8469.13384246306
"GMST","centered",322,1.00054937312576,8941.19381091701
"GMST","centered",323,1.00082755251418,9084.92138945615
"GMST","centered",324,1.00068500089938,8484.44559766986
"GMST","centered",325,1.00097050804409,7855.88020271777
"GMST","centered",326,1.00116808356227,7268.32400422183
"GMST","centered",327,1.00091860827954,6653.2535174946
"GMST","centered",328,1.00096350884566,6092.92026741049
"GMST","centered",329,1.0008869929953,5591.65663143361
"GMST","centered",330,1.00089370586147,4773.89508823492
"GMST","centered",331,1.00104495109651,4244.06152376153
"GMST","centered",332,1.0010692786576,3589.21237373371
"GMST","centered",333,1.00125719285526,3070.84761364684
"GMST","centered",334,1.00141092918052,2479.30231262661
"GMST","centered",335,1.00202162716269,1894.22189908051
"GMST","centered",336,1.00268203573111,1512.45189684989
"GMST","centered",337,1.00370188369414,1206.39000215402
"GMST","centered",338,1.00455349333445,1045.94084688782
"GMST","centered",339,1.00512936863232,894.691790440931
"GMST","centered",340,1.00437704315681,1004.19038384756
"GMST","centered",341,1.00408720682202,1080.46613963531
"GMST","centered",342,1.00374038569371,1204.6985107579
"GMST","centered",343,1.00362388908486,1299.8314972092
"GMST","centered",344,1.00373284355703,1374.53950076295
"GMST","centered",345,1.00349017750705,1442.27419389994
"GMST","centered",346,1.00391936875836,1369.56498701837
"GMST","centered",347,1.00429903737517,1315.26268599143
"GMST","centered",348,1.00460744236965,1255.95933459855
"GMST","centered",349,1.00453185202801,1238.81364077882
"GMST","centered",350,1.00475658839097,1169.3465614019
"GMST","centered",351,1.00462677600843,1084.87187982683
"GMST","centered",352,1.00503290350686,1042.42641401632
"GMST","centered",353,1.00496568024859,982.722808304446
"GMST","centered",354,1.00540809983617,923.768351265219
"GMST","centered",355,1.00584891060883,794.784399063555
"GMST","centered",356,1.00684465189618,760.516928470315
"GMST","centered",357,1.00658755388942,711.984611026128
"GMST","centered",358,1.00680024377083,749.194452871839
"GMST","centered",359,1.00632499756152,867.913261539337
"GMST","centered",360,1.00538827392407,976.564986484753
"GMST","centered",361,1.00484367677417,1150.99747896325
"GMST","centered",362,1.00469659668074,1223.24893678561
"GMST","centered",363,1.00398551885935,1359.9650125517
"GMST","centered",364,1.00339841488188,1533.21648289932
"GMST","centered",365,1.00313085501933,1660.70864864315
"GMST","centered",366,1.00301407217314,1799.27838747822
"GMST","centered",367,1.00344830242852,1713.82320773853
"GMST","centered",368,1.0034719038368,1666.62483712916
"GMST","centered",369,1.00383321452956,1751.03458400956
"GMST","centered",370,1.00415745417116,1745.00843526054
"GMST","centered",371,1.00429541656401,1672.61205212535
"GMST","centered",372,1.00439505794893,1797.72809296247
"GMST","centered",373,1.00426375262576,1756.40171519637
"GMST","centered",374,1.00426953019564,1719.90712606845
"GMST","centered",375,1.00403534027385,1630.89898460139
"GMST","centered",376,1.00426240189799,1632.27370927425
"GMST","centered",377,1.00378180556182,1539.84976996962
"GMST","centered",378,1.00368739007796,1450.28848721088
"GMST","centered",379,1.003429895141,1413.59979185494
"GMST","centered",380,1.00346047991989,1343.09559080346
"GMST","centered",381,1.00346938215022,1303.21378110658
"GMST","centered",382,1.00346948053496,1220.40224664004
"GMST","centered",383,1.00358120213687,1375.04549138318
"GMST","centered",384,1.00382782206317,1479.12892030074
"GMST","centered",385,1.00346458815144,1648.8722357495
"GMST","centered",386,1.00299206105331,1841.11064362265
"GMST","centered",387,1.00278236224931,2008.0789234372
"GMST","centered",388,1.00240283327648,2136.26816884886
"GMST","centered",389,1.00208277672952,2261.46448083517
"GMST","centered",390,1.00184832253022,2352.07986222673
"GMST","centered",391,1.00174209050058,2367.22844296998
"GMST","centered",392,1.00165440339422,2398.03026269992
"GMST","centered",393,1.00161844969669,2420.8450271985
"GMST","centered",394,1.0013957700695,2233.67057816949
"GMST","centered",395,1.00121744114028,2280.19368043883
"GMST","centered",396,1.00137265422229,2141.00125990697
"GMST","centered",397,1.00168636877296,1955.32597695115
"GMST","centered",398,1.00174485157632,2015.17657495706
"GMST","centered",399,1.00177220907334,1848.02329024741
"GMST","centered",400,1.00176129337036,1675.78950648768
"GMST","centered",401,1.00179686834261,1531.4795143555
"GMST","centered",402,1.00214417733063,1445.75505651962
"GMST","centered",403,1.0024218199307,1353.61205053498
"GMST","centered",404,1.0029525343673,1253.48613246615
"GMST","centered",405,1.0027874745166,1206.31668658612
"GMST","centered",406,1.00287824243449,1264.0406056564
"GMST","centered",407,1.00276768635112,1220.86805291521
"GMST","centered",408,1.00307292986997,1269.03842628544
"GMST","centered",409,1.00326665401628,1296.93267681237
"GMST","centered",410,1.00290601193381,1190.92629728693
"GMST","centered",411,1.00256535980076,1155.38959707663
"GMST","centered",412,1.00224265657848,1186.6040021732
"GMST","centered",413,1.0023711390383,1172.83404742715
"GMST","centered",414,1.00239653094879,1170.24558038522
"GMST","centered",415,1.00231318692821,1114.22749249599
"GMST","centered",416,1.0023246860513,1193.16650137374
"GMST","centered",417,1.0021709816356,1121.38900389304
"GMST","centered",418,1.00204239385948,1148.57778530281
"GMST","centered",419,1.00178568590124,1202.42109590031
"GMST","centered",420,1.00141659884708,1240.0478239161
"GMST","centered",421,1.00128921608857,1386.40851711426
"GMST","centered",422,1.00148679304563,1513.84912832399
"GMST","centered",423,1.00112958169874,1446.05067587119
"GMST","centered",424,1.0010993617038,1488.31649827405
"GMST","centered",425,1.00089703271524,1579.78742375729
"GMST","centered",426,1.00085066446504,1515.3536251049
"GMST","centered",427,1.00082789613043,1619.74916903018
"GMST","centered",428,1.00077257825769,1769.27525669258
"GMST","centered",429,1.00091369681691,1751.33883701074
"GMST","centered",430,1.00088798128862,1835.24091662444
"GMST","centered",431,1.00085113751869,1824.77719110423
"GMST","centered",432,1.00095967929804,2003.84915396698
"GMST","centered",433,1.00078726217956,1973.2748815979
"GMST","centered",434,1.00127210797579,1884.10806570609
"GMST","centered",435,1.00130025460932,1756.83052649824
"GMST","centered",436,1.00175132189187,1693.45829617439
"GMST","centered",437,1.00167584024178,1575.27456876875
"GMST","centered",438,1.00193048217188,1345.80408455522
"GMST","centered",439,1.00214421757088,1398.16845751518
"GMST","centered",440,1.00199040782967,1287.0266210372
"GMST","centered",441,1.00242716488318,1273.80655545763
"GMST","centered",442,1.00274356773466,1187.51437115549
"GMST","centered",443,1.0030920456317,1108.89374637834
"GMST","centered",444,1.00367851706583,1098.38505285012
"GMST","centered",445,1.00443657055401,1124.21794251361
"GMST","centered",446,1.00485237898817,1158.96783337194
"GMST","centered",447,1.00570452294474,1242.80449607532
"GMST","centered",448,1.0067784286974,1292.75649292428
"GMST","centered",449,1.00705244970794,1353.51734848486
"GMST","centered",450,1.00674146766893,1260.48898814514
"GMST","centered",451,1.00620319212944,1383.67463510666
"GMST","centered",452,1.00590120687852,1535.42041035846
"GMST","centered",453,1.00602234463045,1680.48372728508
"GMST","centered",454,1.00583005131615,1811.24965337578
"GMST","centered",455,1.00501978577816,1885.86542675553
"GMST","centered",456,1.00575301763583,2055.19361523348
"GMST","centered",457,1.0048489266898,2312.7566436206
"GMST","centered",458,1.00452009040162,2444.75768442523
"GMST","centered",459,1.00410962854262,2460.29939094602
"GMST","centered",460,1.00428000626889,2439.63352509899
"GMST","centered",461,1.00394531857729,2524.47112750181
"GMST","centered",462,1.00425274922875,2393.68742504484
"GMST","centered",463,1.00429832434208,2197.0230129243
"GMST","centered",464,1.00453624480929,2012.62100779714
"GMST","centered",465,1.00406012698567,1910.02102232284
"GMST","centered",466,1.00436960423284,1738.36011837474
"GMST","centered",467,1.00421903714271,1804.15009969118
"GMST","centered",468,1.00371764160242,1846.29400654416
"GMST","centered",469,1.00292570283669,1887.20707454849
"GMST","centered",470,1.00284637075728,2027.12608032022
"GMST","centered",471,1.00264836683916,2122.66765416078
"GMST","centered",472,1.00231390448447,2337.26663039211
"GMST","centered",473,1.00195406051298,2752.97880118967
"GMST","centered",474,1.0018245058037,2943.15903865405
"GMST","centered",475,1.00198358180281,3441.45284421608
"GMST","centered",476,1.00146716898331,3738.33923487316
"GMST","centered",477,1.0015438197839,4468.3272422516
"GMST","centered",478,1.00156143701054,4504.37975739188
"GMST","centered",479,1.00192021300291,4123.95226643744
"GMST","centered",480,1.00233438816033,4105.22818917217
"GMST","centered",481,1.00233507775007,3779.93549215867
"GMST","centered",482,1.00224817180859,4193.37282784774
"GMST","centered",483,1.00233975667557,4858.51760967822
"GMST","centered",484,1.00184567513191,4371.38279539579
"GMST","centered",485,1.00201327698895,4203.19512937233
"GMST","centered",486,1.00207627364524,3525.9341725603
"GMST","centered",487,1.00195029003037,3639.97326623161
"GMST","centered",488,1.00212175161904,3943.4643125259
"GMST","centered",489,1.00178209651851,4170.8496558127
"GMST","centered",490,1.00222504727808,4022.07417682081
"GMST","centered",491,1.00264256911065,3822.83435337864
"GMST","centered",492,1.00279307359735,4034.00888193128
"GMST","centered",493,1.00286510160514,3964.37408533754
"GMST","centered",494,1.0024631215953,4409.9950111671
"GMST","centered",495,1.00229974049023,4453.37305771582
"GMST","centered",496,1.00274472228025,4013.43348877947
"GMST","centered",497,1.00308446722976,4140.45697101666
"GMST","centered",498,1.00244640688352,4228.97592838628
"GMST","centered",499,1.00227340592301,4294.23092382749
"GMST","centered",500,1.0017769518444,4482.62668324227
"GMST","centered",501,1.00167390821814,4661.17700320601
"GMST","centered",502,1.00176284075357,4812.04257345912
"GMST","centered",503,1.00164458676702,4810.31827117488
"GMST","centered",504,1.00251334841477,4569.10087524552
"GMST","centered",505,1.0028327730412,4211.01654957933
"GMST","centered",506,1.00333182463442,3346.22647096125
"GMST","centered",507,1.00273884469017,3910.24183217409
"GMST","centered",508,1.00266331563188,3891.85971214221
"GMST","centered",509,1.00240586399457,4395.19902335515
"GMST","centered",510,1.00236097089612,5001.97995587309
"GMST","centered",511,1.00200979844914,4595.48322845049
"GMST","centered",512,1.00178583261925,4654.20236637152
"GMST","centered",513,1.00232391002352,4493.21360809035
"GMST","centered",514,1.00278221010253,3827.94017170263
"GMST","centered",515,1.00261129061967,4137.72468026424
"GMST","centered",516,1.00232499986923,4359.30670661327
"GMST","centered",517,1.00346789413204,4247.25659057004
"GMST","centered",518,1.00305490324998,4073.16326227182
"GMST","centered",519,1.00239056626811,4439.95027688776
"GMST","centered",520,1.00209375962033,4337.12220535536
"GMST","centered",521,1.0021151598705,4142.13526016631
"GMST","centered",522,1.00250961350183,4393.15885846185
"GMST","centered",523,1.00206733493271,4436.29048707972
"GMST","centered",524,1.0021411462072,4448.91323235336
"GMST","centered",525,1.00227445136367,4190.19373834687
"GMST","centered",526,1.00239279622778,4589.56285592689
"GMST","centered",527,1.00252530988447,4292.97122697475
"GMST","centered",528,1.00272352458866,4325.95779086861
"GMST","centered",529,1.00253740782422,3999.33474695892
"GMST","centered",530,1.00202587876893,4055.10600013446
"GMST","centered",531,1.00186025948345,3747.05364456953
"GMST","centered",532,1.00251491562536,3493.52994185198
"GMST","centered",533,1.00225870551176,3171.36775546577
"GMST","centered",534,1.00269039112428,2964.41602331646
"GMST","centered",535,1.00375244828706,2299.4953430558
"GMST","centered",536,1.00294705178867,2338.84034769539
"GMST","centered",537,1.00335263256241,2069.78336028448
"GMST","centered",538,1.00367626550789,2176.26093768931
"GMST","centered",539,1.00267661509362,2691.04656513818
"GMST","centered",540,1.00227149423689,3123.1797973652
"GMST","first_difference",1,1.00071732661542,22539.9460452881
"GMST","first_difference",2,1.00018101182326,23287.8137049118
"GMST","first_difference",3,0.999969113723015,23501.7821760941
"GMST","first_difference",4,1.00032500186175,21763.3115329281
"GMST","first_difference",5,1.00045988583877,22303.865410778
"GMST","first_difference",6,1.00151818574148,20340.1965222056
"GMST","first_difference",7,1.00061740756169,20476.3791156881
"GMST","first_difference",8,1.00129411177018,20162.4846247162
"GMST","first_difference",9,1.00207354251705,17757.1330632751
"GMST","first_difference",10,1.00121331266867,17926.2121731781
"GMST","first_difference",11,1.00058313518511,16855.2432343343
"GMST","first_difference",12,1.00050134657425,17361.6558803363
"GMST","first_difference",13,1.00083021743926,16963.9547300158
"GMST","first_difference",14,1.00056916730535,17110.027531561
"GMST","first_difference",15,1.00088422222426,18705.09557675
"GMST","first_difference",16,1.00034503133556,16893.9313362584
"GMST","first_difference",17,1.00084881104052,18350.050216458
"GMST","first_difference",18,1.00063424022589,18526.4343898946
"GMST","first_difference",19,1.001152111199,19711.0874494394
"GMST","first_difference",20,1.00077371933811,17641.1082872903
"GMST","first_difference",21,1.00075106214605,21114.4373150689
"GMST","first_difference",22,1.00021554305636,20115.1943857776
"GMST","first_difference",23,1.00052711927243,21462.8540663181
"GMST","first_difference",24,1.0006032068049,22537.0354442588
"GMST","first_difference",25,1.00068542507636,21326.1502766534
"GMST","first_difference",26,1.00020323526203,22728.4996074111
"GMST","first_difference",27,1.00030641961351,21136.1528813038
"GMST","first_difference",28,1.00018565676566,21912.5218874372
"GMST","first_difference",29,1.00041295002541,23107.9115038676
"GMST","first_difference",30,1.00026932185625,23180.2603318524
"GMST","first_difference",31,1.00003076720403,22292.2776605328
"GMST","first_difference",32,1.00020533206173,23763.7836873741
"GMST","first_difference",33,1.00018128106959,22086.3963681642
"GMST","first_difference",34,1.00000972355741,23173.1864559516
"GMST","first_difference",35,1.00012308054675,22703.7056751781
"GMST","first_difference",36,1.00018575401046,21513.2790161035
"GMST","first_difference",37,1.0000794686108,23719.7669566906
"GMST","first_difference",38,1.00055678784111,22996.3665007029
"GMST","first_difference",39,0.999977138955748,22777.4990590518
"GMST","first_difference",40,1.00004501829008,22326.7043966085
"GMST","first_difference",41,0.999942283437677,22533.3478561131
"GMST","first_difference",42,1.00000573659104,21733.711055709
"GMST","first_difference",43,1.00018043053044,21930.7996900501
"GMST","first_difference",44,1.00009527129485,23029.6617926112
"GMST","first_difference",45,1.00016976757497,22892.866953302
"GMST","first_difference",46,1.00011274233585,21948.8292017859
"GMST","first_difference",47,1.00003668468555,22414.6223504175
"GMST","first_difference",48,0.999941397089789,22722.5217049923
"GMST","first_difference",49,1.00005169709178,22548.9053535123
"GMST","first_difference",50,1.00005996775529,23757.4422625834
"GMST","first_difference",51,1.00000714962235,23022.8639614995
"GMST","first_difference",52,1.0000571500638,23600.0074580113
"GMST","first_difference",53,1.00011090138399,22731.5662457846
"GMST","first_difference",54,1.00018737729037,23268.7247383112
"GMST","first_difference",55,0.999971769848308,21141.3199295024
"GMST","first_difference",56,1.00011151846984,22367.5475073212
"GMST","first_difference",57,1.00007375748249,22831.3802598983
"GMST","first_difference",58,0.999914579157585,22176.3232355151
"GMST","first_difference",59,1.00008802302569,23598.2530226225
"GMST","first_difference",60,0.999942402667033,24000
"GMST","first_difference",61,1.00006990599145,23576.6779378334
"GMST","first_difference",62,0.999982336127434,23265.7924228502
"GMST","first_difference",63,1.00003120179061,22764.7864135282
"GMST","first_difference",64,1.00028646624852,23097.4464280218
"GMST","first_difference",65,1.00006217458234,23529.7317939634
"GMST","first_difference",66,0.999982743942916,22321.3093859804
"GMST","first_difference",67,1.00000280535458,23244.8413188825
"GMST","first_difference",68,0.999951206500131,24558.1089090307
"GMST","first_difference",69,0.999959146989181,24000
"GMST","first_difference",70,1.0000655893364,23298.0873514962
"GMST","first_difference",71,0.999929623863164,23154.2575391281
"GMST","first_difference",72,0.999967165886876,23545.8860825013
"GMST","first_difference",73,1.0002056874733,22298.3570398257
"GMST","first_difference",74,1.00002660878495,23138.2249126464
"GMST","first_difference",75,1.00009126051469,22954.1581646305
"GMST","first_difference",76,1.00002531783554,22302.4606834591
"GMST","first_difference",77,0.999958168770947,22382.9608711675
"GMST","first_difference",78,0.99997718509746,22867.4477721176
"GMST","first_difference",79,1.00026225847823,23480.9406995595
"GMST","first_difference",80,0.999963991815237,22142.9523561834
"GMST","first_difference",81,1.00002889945692,22549.1646383362
"GMST","first_difference",82,0.999934535397518,22223.432205054
"GMST","first_difference",83,1.00001423581038,21697.4639599436
"GMST","first_difference",84,1.00023547583882,23355.7086036444
"GMST","first_difference",85,1.00003390858286,22040.9465507797
"GMST","first_difference",86,1.00005968537441,22927.8727512965
"GMST","first_difference",87,1.00009855851309,22139.9648638192
"GMST","first_difference",88,0.999976627063804,23292.8246120353
"GMST","first_difference",89,1.00004291399227,23780.3860469856
"GMST","first_difference",90,0.999991046619584,23024.6915657442
"GMST","first_difference",91,1.00013747223316,22616.2461955739
"GMST","first_difference",92,1.00025604525447,20946.1744872359
"GMST","first_difference",93,1.00010215148473,21823.0735972234
"GMST","first_difference",94,1.00001261386779,23079.0648991316
"GMST","first_difference",95,0.999985746531083,20231.2340693368
"GMST","first_difference",96,1.00002346742854,21581.5368999924
"GMST","first_difference",97,1.00014473057334,21473.5063682403
"GMST","first_difference",98,1.00012575471405,19800.9286931958
"GMST","first_difference",99,0.999989158351268,21129.31876793
"GMST","first_difference",100,1.00007559662045,20005.7472031254
"GMST","first_difference",101,1.00028013652637,20892.4901266043
"GMST","first_difference",102,1.00018237512732,17822.5850795741
"GMST","first_difference",103,1.0000129065816,16625.5400848936
"GMST","first_difference",104,1.00005115360131,17427.75892606
"GMST","first_difference",105,1.00001430552532,18244.9459945086
"GMST","first_difference",106,1.00004704856241,17070.1871253728
"GMST","first_difference",107,1.00044325247465,16224.5191457102
"GMST","first_difference",108,1.00030354126534,16820.1032239259
"GMST","first_difference",109,0.999935953920381,15989.6751115531
"GMST","first_difference",110,1.00015956985196,17046.4776321981
"GMST","first_difference",111,1.00040877901749,17592.6808858258
"GMST","first_difference",112,1.00030226874544,16578.1433040284
"GMST","first_difference",113,1.00021389495006,18740.1390603683
"GMST","first_difference",114,0.999988073362086,18200.555471561
"GMST","first_difference",115,0.999921323898385,19288.5587199701
"GMST","first_difference",116,0.999910313745705,20505.6785481319
"GMST","first_difference",117,1.00017126834565,21454.4423916935
"GMST","first_difference",118,1.00071893002897,20227.0342689352
"GMST","first_difference",119,0.999973577468945,21990.6653463018
"GMST","first_difference",120,1.00013306106061,22468.6583199185
"GMST","first_difference",121,0.999929134913578,22544.1526863489
"GMST","first_difference",122,1.00008706242104,21413.1197800978
"GMST","first_difference",123,1.00004584227963,21836.7469486287
"GMST","first_difference",124,1.00036834343824,22266.4937896234
"GMST","first_difference",125,0.999998842988103,24000
"GMST","first_difference",126,1.00008882515758,22585.8889345888
"GMST","first_difference",127,0.999987980118794,23142.4276420148
"GMST","first_difference",128,1.00000010379378,23748.4724771479
"GMST","first_difference",129,1.00039684521593,23023.5089216186
"GMST","first_difference",130,1.0000423773313,23773.274820677
"GMST","first_difference",131,0.999950280809049,23838.8499898879
"GMST","first_difference",132,0.999977860023355,24000
"GMST","first_difference",133,0.999969091065716,22362.355338253
"GMST","first_difference",134,1.00003116558366,24000
"GMST","first_difference",135,1.00017043410996,24000
"GMST","first_difference",136,1.00003593645462,23746.2500349955
"GMST","first_difference",137,1.00006413216514,24505.4930249191
"GMST","first_difference",138,1.00000208244176,22799.685856502
"GMST","first_difference",139,1.00001444503636,23368.5253814052
"GMST","first_difference",140,1.00002620467359,23371.6854938917
"GMST","first_difference",141,1.00019529707948,23620.3629824866
"GMST","first_difference",142,1.0000808715943,23785.2040323394
"GMST","first_difference",143,1.00017921175304,23999.9999999999
"GMST","first_difference",144,0.999993036538285,23634.2075253817
"GMST","first_difference",145,0.999941840923465,24080.7809841081
"GMST","first_difference",146,0.999995350060882,24014.059225142
"GMST","first_difference",147,1.0001377307755,23249.3945310471
"GMST","first_difference",148,0.999964985880238,22874.6458841509
"GMST","first_difference",149,1.0000134350719,23584.9676635815
"GMST","first_difference",150,1.00008533405135,23705.1580135553
"GMST","first_difference",151,1.00027264901531,23276.1733050701
"GMST","first_difference",152,0.999957132426541,23352.3019439651
"GMST","first_difference",153,0.999915436964389,22458.7577815539
"GMST","first_difference",154,1.00010944761333,23047.5916228491
"GMST","first_difference",155,0.999937299145475,22891.5944699117
"GMST","first_difference",156,0.999994953907013,22202.206751053
"GMST","first_difference",157,1.00016591297042,22550.8922196064
"GMST","first_difference",158,1.00003001990675,22230.0767081042
"GMST","first_difference",159,0.999977275866483,21772.7639601123
"GMST","first_difference",160,1.00016233149925,22628.8252786542
"GMST","first_difference",161,1.00006705602229,21521.8880366789
"GMST","first_difference",162,0.999994938358802,22552.5185029713
"GMST","first_difference",163,1.00000956744239,22015.4375519632
"GMST","first_difference",164,0.999946452485887,20744.0952141814
"GMST","first_difference",165,0.99994064482416,21022.0237195182
"GMST","first_difference",166,1.00022091983469,22100.3814008538
"GMST","first_difference",167,1.00014510523389,22098.8661851238
"GMST","first_difference",168,1.00004085305604,23177.9632468668
"GMST","first_difference",169,1.00010192509658,22045.1231042658
"GMST","first_difference",170,1.00005838960446,22240.0402317087
"GMST","first_difference",171,1.00008461217236,22950.9682457113
"GMST","first_difference",172,1.00015227337871,21751.8903027079
"GMST","first_difference",173,1.00007733096582,22216.2351369295
"GMST","first_difference",174,1.00005801768283,23685.4978529235
"GMST","first_difference",175,1.00001940603572,24000.0000000001
"GMST","first_difference",176,0.999966018792036,23485.994500736
"GMST","first_difference",177,1.00010928229033,24000
"GMST","first_difference",178,1.00001561557135,23410.2831996912
"GMST","first_difference",179,1.00018159699946,23283.380945042
"GMST","first_difference",180,1.00005318997473,24000
"GMST","first_difference",181,1.00003256481349,23150.5539617618
"GMST","first_difference",182,1.00005384142277,22964.6537985455
"GMST","first_difference",183,1.0001297799059,23311.7088592313
"GMST","first_difference",184,1.00011902094868,23058.5976069088
"GMST","first_difference",185,1.00000696091323,23685.1408952937
"GMST","first_difference",186,1.00043984325242,23682.0090452689
"GMST","first_difference",187,1.00008185444361,23166.4661338879
"GMST","first_difference",188,1.00002537399171,22429.329286396
"GMST","first_difference",189,0.999967045689579,24148.2275563431
"GMST","first_difference",190,1.0000612912253,23351.8324840411
"GMST","first_difference",191,1.00025871376983,23430.4516101985
"GMST","first_difference",192,1.00024054945296,22148.7527497196
"GMST","first_difference",193,0.999975732043941,23521.3231374347
"GMST","first_difference",194,0.999990154710703,23406.9447618193
"GMST","first_difference",195,1.00002611309445,24000
"GMST","first_difference",196,0.999971125136525,24310.9198009415
"GMST","first_difference",197,1.00004868682467,23747.6804113804
"GMST","first_difference",198,1.00000335143932,23720.2317697879
"GMST","first_difference",199,1.00015845384454,23356.6169958298
"GMST","first_difference",200,1.00003326579454,21724.9604001856
"GMST","first_difference",201,1.00008178276015,23252.4967762605
"GMST","first_difference",202,1.00013507783277,23057.2402013638
"GMST","first_difference",203,0.999956780999694,22345.8786275497
"GMST","first_difference",204,1.0000764143479,23098.297530538
"GMST","first_difference",205,1.00007604491128,21571.1959340467
"GMST","first_difference",206,1.00010018028482,23191.6137097464
"GMST","first_difference",207,1.00000364227824,24333.5240671658
"GMST","first_difference",208,1.00002931845732,21342.4846860567
"GMST","first_difference",209,1.00000627484935,21838.6227786745
"GMST","first_difference",210,1.0000770558408,21463.9322731452
"GMST","first_difference",211,0.999980065050462,21502.3421100881
"GMST","first_difference",212,1.0000623729857,20347.7671926967
"GMST","first_difference",213,1.00008939749743,21380.3967166317
"GMST","first_difference",214,1.00007510164544,20583.9637913379
"GMST","first_difference",215,1.00006148747614,20785.9849420798
"GMST","first_difference",216,1.00018625497536,21215.8840072468
"GMST","first_difference",217,0.999965833648113,21571.1865121349
"GMST","first_difference",218,1.00000858705711,21974.9768542749
"GMST","first_difference",219,0.999950706253375,22367.1482066351
"GMST","first_difference",220,0.999954568940292,22772.0701257056
"GMST","first_difference",221,1.00006317849301,22712.1570882469
"GMST","first_difference",222,1.00013094907309,23259.6100711776
"GMST","first_difference",223,1.00025129093735,22870.2482099871
"GMST","first_difference",224,1.00001516480093,22784.3284168326
"GMST","first_difference",225,1.00001981421932,22322.8608576262
"GMST","first_difference",226,1.00007329192961,22593.8047958695
"GMST","first_difference",227,1.00011869368238,20959.053555989
"GMST","first_difference",228,1.00031818321077,22101.8047966547
"GMST","first_difference",229,1.00009381501526,20265.4218509078
"GMST","first_difference",230,1.00002135440943,22840.7883483711
"GMST","first_difference",231,1.00009124870525,21378.683653554
"GMST","first_difference",232,1.00006582742928,20813.7339066254
"GMST","first_difference",233,1.00016581390097,21145.8766785209
"GMST","first_difference",234,1.00013717081709,19963.3018059032
"GMST","first_difference",235,1.00001926673962,21424.8166721371
"GMST","first_difference",236,1.00013460872166,22074.3380135391
"GMST","first_difference",237,1.00005382678544,20533.7712713981
"GMST","first_difference",238,1.0000118609463,21488.7883653762
"GMST","first_difference",239,1.00003216638868,21295.0888906269
"GMST","first_difference",240,1.00011873837232,20802.1916948957
"GMST","first_difference",241,1.00010064560286,22799.3789854682
"GMST","first_difference",242,1.00031472669903,22995.2471781547
"GMST","first_difference",243,1.0000175516924,21810.3467556874
"GMST","first_difference",244,1.0000044904365,21676.7939519131
"GMST","first_difference",245,1.00001562863216,24200.20191324
"GMST","first_difference",246,1.00006657173749,21765.1525526065
"GMST","first_difference",247,1.00004066570613,22675.8717686815
"GMST","first_difference",248,1.00014445598793,23185.6976275762
"GMST","first_difference",249,1.00027779863978,21242.7758070053
"GMST","first_difference",250,0.999960958837596,23165.6607377633
"GMST","first_difference",251,1.00014074650274,22243.1107449414
"GMST","first_difference",252,0.99992057248414,22279.3562116008
"GMST","first_difference",253,1.00001366833174,23023.3226890291
"GMST","first_difference",254,0.999926154820814,21770.3336338775
"GMST","first_difference",255,1.00014964619282,21249.9334985996
"GMST","first_difference",256,1.00000366287204,23645.1875670484
"GMST","first_difference",257,0.999899808960485,21943.7441383502
"GMST","first_difference",258,1.00006338725364,23089.8591193847
"GMST","first_difference",259,1.00020230806312,23994.6716936556
"GMST","first_difference",260,1.00016166868624,23399.2403982097
"GMST","first_difference",261,1.00000743208454,23217.8291054893
"GMST","first_difference",262,0.99995129484388,22916.2958941432
"GMST","first_difference",263,0.999999997498612,22106.1085873907
"GMST","first_difference",264,0.999951813954648,22800.5301303366
"GMST","first_difference",265,0.999902430650087,22126.7477041088
"GMST","first_difference",266,1.00009509187294,22648.5032470495
"GMST","first_difference",267,1.00008874021042,23575.8946893624
"GMST","first_difference",268,1.00015596331948,23596.367769116
"GMST","first_difference",269,1.00001622029525,23092.0093747213
"GMST","first_difference",270,1.00016522908877,22670.0918771933
"GMST","first_difference",271,0.999958800455853,22585.2009518714
"GMST","first_difference",272,1.00009406679234,22340.6519674464
"GMST","first_difference",273,1.00014425807277,22493.0387233597
"GMST","first_difference",274,1.00016129550136,22675.1458291572
"GMST","first_difference",275,0.999981135385944,23118.7049065065
"GMST","first_difference",276,1.00006194095436,24000
"GMST","first_difference",277,0.999964829890456,22718.4810363671
"GMST","first_difference",278,0.999931025252446,22956.772184135
"GMST","first_difference",279,1.00016968708803,23407.8677383731
"GMST","first_difference",280,1.00006174806553,22886.65288468
"GMST","first_difference",281,0.99992226262534,20996.932673641
"GMST","first_difference",282,1.00013125733916,20618.3907807113
"GMST","first_difference",283,1.00000718977672,19495.7820163697
"GMST","first_difference",284,1.00015124895744,21293.7491397546
"GMST","first_difference",285,1.00017197061436,19656.4671451869
"GMST","first_difference",286,1.00009919897931,16969.8862770519
"GMST","first_difference",287,1.0001511879801,15757.3656150213
"GMST","first_difference",288,0.999993417398288,16440.9809427177
"GMST","first_difference",289,1.00011562158133,16492.7549438704
"GMST","first_difference",290,1.00001649994495,17895.4093646745
"GMST","first_difference",291,1.00006738325948,18597.1656533027
"GMST","first_difference",292,1.00012002359876,20411.6344103193
"GMST","first_difference",293,1.00001759735028,21319.0483023059
"GMST","first_difference",294,1.00014350461341,21398.6082904089
"GMST","first_difference",295,1.00013383392724,22585.3674388626
"GMST","first_difference",296,1.00007198683232,23053.3328464429
"GMST","first_difference",297,0.999971464007524,21716.5451464342
"GMST","first_difference",298,1.0000199265585,23647.2878922841
"GMST","first_difference",299,1.00006889583884,22756.7668795996
"GMST","first_difference",300,1.00007819521284,22359.1344293213
"GMST","first_difference",301,1.00018596297361,20866.8637939673
"GMST","first_difference",302,1.00010787653401,23135.7191241673
"GMST","first_difference",303,1.00001056729889,22327.3080280803
"GMST","first_difference",304,1.00007829190497,22237.9010801197
"GMST","first_difference",305,1.00004927783219,23496.1168589243
"GMST","first_difference",306,0.999984495038469,22523.9411734576
"GMST","first_difference",307,1.00016570885198,22039.2278221282
"GMST","first_difference",308,1.00004551158035,22612.993808871
"GMST","first_difference",309,1.00020935079843,22758.6134072267
"GMST","first_difference",310,0.999961221148867,23198.0097369647
"GMST","first_difference",311,1.0000710840258,24298.2065086976
"GMST","first_difference",312,1.00001576662419,23666.4372933766
"GMST","first_difference",313,1.00032583393464,23381.8654922744
"GMST","first_difference",314,0.999997694292343,23529.4222269318
"GMST","first_difference",315,1.00014813234703,23667.1723928338
"GMST","first_difference",316,1.00014559331066,23091.4105379317
"GMST","first_difference",317,0.999973006254648,23703.9990148174
"GMST","first_difference",318,1.00000014010304,24000
"GMST","first_difference",319,1.00015924675379,24000
"GMST","first_difference",320,0.999962407857754,23123.0547501364
"GMST","first_difference",321,1.00004555017295,24000
"GMST","first_difference",322,1.00008469770414,23666.3927467569
"GMST","first_difference",323,1.00019455248588,23345.3704326789
"GMST","first_difference",324,1.00032023278383,22671.1233516725
"GMST","first_difference",325,1.00003692689669,23589.9101507045
"GMST","first_difference",326,0.999981140555629,21605.0180513468
"GMST","first_difference",327,1.00006025182964,22494.4649891537
"GMST","first_difference",328,1.00001059523111,23032.1140475734
"GMST","first_difference",329,0.999978040856615,23721.9440690254
"GMST","first_difference",330,1.00008972191889,22887.1165929118
"GMST","first_difference",331,1.00007612208111,22239.1858236452
"GMST","first_difference",332,0.999901189436249,22881.7180667358
"GMST","first_difference",333,0.999936806937237,22426.5780963645
"GMST","first_difference",334,1.00011037262753,21952.6863177327
"GMST","first_difference",335,1.00014595704648,17366.8687009893
"GMST","first_difference",336,1.00019748221176,18191.5946422737
"GMST","first_difference",337,1.00017979239305,14073.1956932206
"GMST","first_difference",338,1.00018877734337,15706.8326441463
"GMST","first_difference",339,1.00009546108803,12503.7803732776
"GMST","first_difference",340,1.00012782728788,16407.6216528589
"GMST","first_difference",341,1.00002546414533,16735.9899938933
"GMST","first_difference",342,0.999940781885839,16313.2132145243
"GMST","first_difference",343,1.00051599919111,17719.8947014541
"GMST","first_difference",344,1.00004400548546,15978.9577238666
"GMST","first_difference",345,1.00010092625911,17809.7116215448
"GMST","first_difference",346,1.00009715199127,19953.4587483993
"GMST","first_difference",347,1.00038592066032,16063.39465605
"GMST","first_difference",348,0.9999649210401,20903.0248929
"GMST","first_difference",349,1.00011928526355,16578.1026207029
"GMST","first_difference",350,1.00012168594445,17278.385321185
"GMST","first_difference",351,1.00001085740977,16575.9796004213
"GMST","first_difference",352,0.999929070775588,15826.1523768132
"GMST","first_difference",353,1.00036860357154,16673.1927779091
"GMST","first_difference",354,0.999970127940605,15907.9486438195
"GMST","first_difference",355,1.00017641756455,15869.1986739848
"GMST","first_difference",356,1.00015664209837,14631.6291735862
"GMST","first_difference",357,1.00024365332438,13887.6618309913
"GMST","first_difference",358,1.0001923566634,13555.4756411565
"GMST","first_difference",359,1.00030858442406,13748.5060863831
"GMST","first_difference",360,1.00014120776746,14438.6218017486
"GMST","first_difference",361,1.0001602882346,15555.7553058318
"GMST","first_difference",362,1.00009512436943,16493.7763495053
"GMST","first_difference",363,1.00008465235885,19081.8520688917
"GMST","first_difference",364,1.00028159885411,20383.3654845081
"GMST","first_difference",365,1.00008137750875,17192.0111677956
"GMST","first_difference",366,1.00022131627876,19065.1212919118
"GMST","first_difference",367,1.00054805974288,19278.2119161839
"GMST","first_difference",368,0.999968665953047,19104.3786562333
"GMST","first_difference",369,1.00001556443845,20990.7219583729
"GMST","first_difference",370,0.999999605048443,19387.6481942804
"GMST","first_difference",371,1.00012132991752,19288.9355882947
"GMST","first_difference",372,1.00002603972761,18516.5031228195
"GMST","first_difference",373,0.99999688014043,19833.3152084907
"GMST","first_difference",374,1.00006762354848,19054.8488741227
"GMST","first_difference",375,1.00001832797147,18400.1620647263
"GMST","first_difference",376,1.00008518412669,18553.5417637341
"GMST","first_difference",377,1.00037617729157,19287.9717854159
"GMST","first_difference",378,1.000193146501,16690.8187712337
"GMST","first_difference",379,1.00010412239234,16965.474205201
"GMST","first_difference",380,1.00004997758266,17929.7026886776
"GMST","first_difference",381,1.00004148817734,15767.2046502585
"GMST","first_difference",382,0.999969949980411,18119.9872009549
"GMST","first_difference",383,0.999997132347141,17964.9712194201
"GMST","first_difference",384,0.999968712501663,18814.8570056359
"GMST","first_difference",385,1.00014339957914,18954.8520708962
"GMST","first_difference",386,1.00005288359183,19533.9793013934
"GMST","first_difference",387,1.00005016575932,17612.1950813373
"GMST","first_difference",388,1.00013167252132,20873.8320539481
"GMST","first_difference",389,1.00001538774782,20218.4260339035
"GMST","first_difference",390,0.999928831470166,19360.2094961713
"GMST","first_difference",391,1.00005597652473,18617.8407104162
"GMST","first_difference",392,1.00002323381262,21569.8773726426
"GMST","first_difference",393,0.999932736725566,19810.8697094233
"GMST","first_difference",394,1.00007051916346,22685.7980155374
"GMST","first_difference",395,1.00006722956109,21098.1613801516
"GMST","first_difference",396,1.00016041929985,21603.3025081022
"GMST","first_difference",397,1.00005551818443,20369.1982260642
"GMST","first_difference",398,1.00006506477379,20441.9706806389
"GMST","first_difference",399,1.00003791663529,19442.9034151519
"GMST","first_difference",400,1.00003755331259,18058.4541195551
"GMST","first_difference",401,0.999984995866259,21087.6349489899
"GMST","first_difference",402,1.000127624981,19450.6986843041
"GMST","first_difference",403,1.00015278552736,19905.1482840431
"GMST","first_difference",404,0.999960534969954,18157.5333050076
"GMST","first_difference",405,1.0000513343925,20120.0499263449
"GMST","first_difference",406,1.00003887573811,18041.34085269
"GMST","first_difference",407,1.00018977555521,17148.6863432865
"GMST","first_difference",408,0.99990811649091,17166.9945220335
"GMST","first_difference",409,1.00007897498959,18925.4534274169
"GMST","first_difference",410,1.00014293314566,16648.8539706288
"GMST","first_difference",411,1.00009189822448,18724.740740429
"GMST","first_difference",412,1.00012327063145,18240.7287998136
"GMST","first_difference",413,0.999929743323105,17556.7317065384
"GMST","first_difference",414,1.0000043657389,17800.0340466058
"GMST","first_difference",415,1.00001248982502,18887.3323421426
"GMST","first_difference",416,1.00007445879494,18567.4458431288
"GMST","first_difference",417,1.00003636802652,19252.3062663986
"GMST","first_difference",418,1.00011040513994,18112.6495079944
"GMST","first_difference",419,1.00010237936123,18182.2141371789
"GMST","first_difference",420,1.00001699683097,17587.2677343859
"GMST","first_difference",421,1.00008569985799,18048.8813963389
"GMST","first_difference",422,1.00010883097261,19852.5015256563
"GMST","first_difference",423,1.00002408991929,18968.2236142886
"GMST","first_difference",424,0.999973752537836,19122.3662979704
"GMST","first_difference",425,1.00002818772075,20902.9861624437
"GMST","first_difference",426,1.00008944448741,21407.1241621572
"GMST","first_difference",427,1.00013366165048,18991.6959803348
"GMST","first_difference",428,1.00011932632333,20254.2857724907
"GMST","first_difference",429,1.00009533691488,18621.1685378793
"GMST","first_difference",430,0.999955034810513,20147.6735313598
"GMST","first_difference",431,1.00008466056229,20144.4579903245
"GMST","first_difference",432,1.00009029547528,19851.1194660023
"GMST","first_difference",433,1.00024048458034,19133.9938447591
"GMST","first_difference",434,1.00020287635235,18353.5494309862
"GMST","first_difference",435,1.00011542842714,19349.6974511024
"GMST","first_difference",436,1.00010577926735,18302.9972368808
"GMST","first_difference",437,1.00008562814394,18416.7593380267
"GMST","first_difference",438,1.0000696726064,19431.5523743638
"GMST","first_difference",439,1.00026261888874,17358.8119049695
"GMST","first_difference",440,1.00026283172258,15914.7031763171
"GMST","first_difference",441,1.00016247485952,17223.540627739
"GMST","first_difference",442,1.00027071554349,17300.1874692848
"GMST","first_difference",443,1.00021201285271,16880.0569333256
"GMST","first_difference",444,1.00031815299371,18134.1301352622
"GMST","first_difference",445,1.00007725465805,18353.8884168381
"GMST","first_difference",446,1.00020063405968,18220.4136379986
"GMST","first_difference",447,1.00010690740879,18862.1202409335
"GMST","first_difference",448,1.00031650036745,18154.965328937
"GMST","first_difference",449,1.00012332935236,18794.6341963206
"GMST","first_difference",450,1.00016955420411,18477.9136449079
"GMST","first_difference",451,1.00009848106346,20236.0859473036
"GMST","first_difference",452,0.999973925099983,19932.7836871539
"GMST","first_difference",453,1.00038819204975,18249.0032650799
"GMST","first_difference",454,1.00028499585769,19403.5201481146
"GMST","first_difference",455,1.00010812153392,23072.1773287427
"GMST","first_difference",456,1.0001405374481,19172.8231963233
"GMST","first_difference",457,1.00019165771298,20186.999914095
"GMST","first_difference",458,1.00003914414434,20433.1609333607
"GMST","first_difference",459,1.00034759812169,21203.6590026324
"GMST","first_difference",460,1.00006978477055,20076.3511577451
"GMST","first_difference",461,1.00021200212736,20195.2308404182
"GMST","first_difference",462,1.00017217537126,19322.2047771826
"GMST","first_difference",463,1.00000729113055,19887.6812364254
"GMST","first_difference",464,1.00015852368536,18535.8111824519
"GMST","first_difference",465,1.00015067920196,18076.4270289516
"GMST","first_difference",466,1.00012259318505,16624.6978870382
"GMST","first_difference",467,1.00013585402851,17120.1800793257
"GMST","first_difference",468,1.00016604932584,15353.5049664129
"GMST","first_difference",469,1.00045611825311,14280.8990511019
"GMST","first_difference",470,1.00005276617613,15456.673893646
"GMST","first_difference",471,1.00017039817801,14146.509222473
"GMST","first_difference",472,1.0001979806117,16188.8109994106
"GMST","first_difference",473,1.00007326335015,19003.2714426726
"GMST","first_difference",474,1.00002164800709,19487.1632103582
"GMST","first_difference",475,1.0000153408385,22351.2602397959
"GMST","first_difference",476,0.999997586630752,22586.5120852421
"GMST","first_difference",477,1.00004350249976,22608.6292871468
"GMST","first_difference",478,1.00013438313349,22508.7035096153
"GMST","first_difference",479,1.00018189726984,23071.9049071678
"GMST","first_difference",480,0.999979638760528,23923.1891484708
"GMST","first_difference",481,0.999978313282777,23340.6040733543
"GMST","first_difference",482,1.00002729878818,23370.4359373386
"GMST","first_difference",483,1.00002880414347,22853.8048447148
"GMST","first_difference",484,0.999964224214475,23183.6508476993
"GMST","first_difference",485,1.00013432118973,22658.8865305379
"GMST","first_difference",486,1.0002021674828,22679.8229066411
"GMST","first_difference",487,1.00001641646757,24000
"GMST","first_difference",488,1.0001000225028,23734.7972766821
"GMST","first_difference",489,1.00003246434824,23252.7673320138
"GMST","first_difference",490,1.00034132785912,23753.5128339176
"GMST","first_difference",491,0.999971007293751,24228.1627042086
"GMST","first_difference",492,0.999991710014283,24210.9006735295
"GMST","first_difference",493,1.00013772081433,23516.0443860854
"GMST","first_difference",494,0.999978489069899,24000
"GMST","first_difference",495,1.0000597966838,23710.470897202
"GMST","first_difference",496,1.00004812394225,23525.9549692623
"GMST","first_difference",497,1.00020715228999,24000
"GMST","first_difference",498,0.999946737229339,23728.5888834475
"GMST","first_difference",499,0.999979634792163,24000
"GMST","first_difference",500,0.999973779880947,26755.0623273947
"GMST","first_difference",501,0.999952817969148,23213.2593482482
"GMST","first_difference",502,1.0000150504449,24000
"GMST","first_difference",503,1.00009850615069,24000
"GMST","first_difference",504,1.00021076743763,24000
"GMST","first_difference",505,1.00001357803389,23861.9642409322
"GMST","first_difference",506,0.999952153214531,23647.5986934771
"GMST","first_difference",507,1.00003358587384,24000
"GMST","first_difference",508,1.0001072098616,23985.471095051
"GMST","first_difference",509,0.999976304604991,23312.9996989876
"GMST","first_difference",510,1.00002449053527,23829.5022410485
"GMST","first_difference",511,0.99995002589105,23777.4895742469
"GMST","first_difference",512,1.00000432214609,23412.8246295245
"GMST","first_difference",513,1.00015368540159,23636.9856413895
"GMST","first_difference",514,1.00003312565075,22448.7675024683
"GMST","first_difference",515,1.00005961061408,23679.5471324121
"GMST","first_difference",516,1.00015198320243,23353.6646395165
"GMST","first_difference",517,1.00007112945491,23549.7198134854
"GMST","first_difference",518,1.00021935715628,23405.6218217366
"GMST","first_difference",519,1.00000942549669,23249.5384488684
"GMST","first_difference",520,1.00017718599683,23946.9814415693
"GMST","first_difference",521,1.00015046434949,23675.9388952649
"GMST","first_difference",522,0.99998201348932,24000
"GMST","first_difference",523,1.00003216038786,24000
"GMST","first_difference",524,0.999941103891396,22652.2683680685
"GMST","first_difference",525,0.99995399402861,23383.1728935112
"GMST","first_difference",526,1.00002537037297,22653.0199975335
"GMST","first_difference",527,1.00009052492004,22592.4352149133
"GMST","first_difference",528,1.00003634595558,23354.6100102353
"GMST","first_difference",529,1.00004395332476,23095.2646166387
"GMST","first_difference",530,0.999913492589909,22373.077738942
"GMST","first_difference",531,1.00004452930671,22281.4144294295
"GMST","first_difference",532,1.00007621199861,22991.4371477287
"GMST","first_difference",533,0.999991573094787,21500.7961358988
"GMST","first_difference",534,1.00024159190388,17546.1482968276
"GMST","first_difference",535,1.00027566416348,15580.9861484018
"GMST","first_difference",536,1.00028443953811,13611.3474669252
"GMST","first_difference",537,1.00000593747963,14717.8462725873
"GMST","first_difference",538,1.00015619879187,16017.0566439156
"GMST","first_difference",539,1.00005818555409,21357.5328685269
"BWT","raw",1,1.00006701066208,24396.2645221077
"BWT","raw",2,1.00006502105923,24087.6113481067
"BWT","raw",3,1.00017926553469,24252.9464983012
"BWT","raw",4,1.00010877118579,24000
"BWT","raw",5,1.00016033589631,24179.823663522
"BWT","raw",6,1.00014713091164,24612.7908492227
"BWT","raw",7,1.00005233474392,24242.1801970087
"BWT","raw",8,0.999992488136877,24000
"BWT","raw",9,0.999953177073034,24000
"BWT","raw",10,0.999912529421559,23204.1597692219
"BWT","raw",11,1.00008162808314,23999.9999999999
"BWT","raw",12,1.00007487940081,24000
"BWT","raw",13,1.00002333312296,24000
"BWT","raw",14,1.00017263293349,24253.2230364042
"BWT","raw",15,0.999954372698798,24038.6542271333
"BWT","raw",16,0.99994690970491,23797.9604755339
"BWT","raw",17,1.0000173771598,24871.5407742846
"BWT","raw",18,1.00001193690659,24338.5965662644
"BWT","raw",19,0.999893194013004,24308.6797699517
"BWT","raw",20,0.99989793473215,24368.4452703978
"BWT","raw",21,0.99996641379197,24567.2378809524
"BWT","raw",22,1.000009138027,24263.4323784467
"BWT","raw",23,1.00017210415986,24244.0977878642
"BWT","raw",24,1.00001626575695,24279.8362639575
"BWT","raw",25,1.0000718861593,24000
"BWT","raw",26,1.00011930556782,24000
"BWT","raw",27,1.00019109298023,24000
"BWT","raw",28,1.00023641002972,25532.198188095
"BWT","raw",29,1.00024607410412,24000
"BWT","raw",30,1.00015146164982,24219.0671164263
"BWT","raw",31,0.999997270137813,24380.6542840164
"BWT","raw",32,0.999992100692519,24000
"BWT","raw",33,1.00000901380536,24433.6970515185
"BWT","raw",34,0.999966663468281,24788.6256106574
"BWT","raw",35,0.999943018654934,24590.7798396809
"BWT","raw",36,1.00011646489223,24452.2637816997
"BWT","raw",37,1.00008715524426,23928.2904981842
"BWT","raw",38,1.00008149658161,23782.8009996181
"BWT","raw",39,0.99998292711399,23412.1609832734
"BWT","raw",40,0.999977742916879,24000
"BWT","raw",41,0.999960864968905,24000
"BWT","raw",42,1.00002701150331,24000
"BWT","raw",43,1.00032126796058,24000
"BWT","raw",44,1.00011154125092,23574.0761858652
"BWT","raw",45,1.0000365734655,23075.1160468138
"BWT","raw",46,1.00005140431015,23746.2768835887
"BWT","raw",47,1.00017575910898,23894.7536461925
"BWT","raw",48,1.00018190852529,24509.047066917
"BWT","raw",49,1.00008388228132,24000
"BWT","raw",50,1.00002932968579,23934.3969292701
"BWT","raw",51,1.00017060913933,24089.8308656408
"BWT","raw",52,1.0000849438529,23778.8624359888
"BWT","raw",53,1.00001423495991,23313.9895757974
"BWT","raw",54,0.999946358803733,24172.4030398446
"BWT","raw",55,1.00001673586945,23576.1581094265
"BWT","raw",56,1.00006528709507,24597.7236518801
"BWT","raw",57,1.0000289989931,24409.2026047844
"BWT","raw",58,1.00002596032717,24534.6392566189
"BWT","raw",59,0.999994582797279,23400.422833811
"BWT","raw",60,0.999992856602612,23527.3965214818
"BWT","raw",61,0.999968122096963,23885.6453640703
"BWT","raw",62,0.999962834214412,24000
"BWT","raw",63,0.999984477559738,24000
"BWT","raw",64,0.99997458248189,24333.4651494185
"BWT","raw",65,0.999908621255029,24376.2689798249
"BWT","raw",66,1.00003673390652,24255.9930768036
"BWT","raw",67,0.99997527798532,23772.9673447703
"BWT","raw",68,0.999974940041626,24000
"BWT","raw",69,1.00022112771623,24000
"BWT","raw",70,1.00003691859821,24000
"BWT","raw",71,1.00011423494668,24262.2939688001
"BWT","raw",72,1.00033979713685,24000
"BWT","raw",73,1.00033753592164,24000
"BWT","raw",74,1.00025975267688,24806.6702623273
"BWT","raw",75,1.0002202881017,24000
"BWT","raw",76,1.0001487486603,24027.7359575236
"BWT","raw",77,1.00008554046626,23744.1168672845
"BWT","raw",78,1.00010282589613,24054.974697285
"BWT","raw",79,1.00010257783818,24067.1151631944
"BWT","raw",80,0.999978571661169,24000
"BWT","raw",81,1.00007532571482,24000
"BWT","raw",82,0.999944950963065,24547.8263631429
"BWT","raw",83,0.999979125752712,23964.2552929014
"BWT","raw",84,1.00003367968531,24466.9295051544
"BWT","raw",85,1.00009185393151,23881.1850285934
"BWT","raw",86,1.00003364583885,24047.6539978476
"BWT","raw",87,0.999974042909744,23667.1535545392
"BWT","raw",88,0.99993506708578,23689.998892073
"BWT","raw",89,0.999980628976235,23948.3849261978
"BWT","raw",90,0.99996964609228,23627.8929138035
"BWT","raw",91,1.00002702800191,23493.7211322922
"BWT","raw",92,1.00005469976743,23703.5739937586
"BWT","raw",93,1.00011207289764,23400.8642272057
"BWT","raw",94,1.00002084009638,23559.1487489154
"BWT","raw",95,0.999956647785775,24148.6640968085
"BWT","raw",96,0.9999532037271,24458.0091477047
"BWT","raw",97,0.999957564836183,24667.0011260675
"BWT","raw",98,0.999961984532564,24589.0015432781
"BWT","raw",99,0.99997626275051,24591.7052541377
"BWT","raw",100,0.999936360607396,24454.417992966
"BWT","raw",101,0.999977799844425,24427.7009071087
"BWT","raw",102,1.00011282075198,23705.3358857719
"BWT","raw",103,0.999989487543091,24000
"BWT","raw",104,1.00015351600698,24000
"BWT","raw",105,1.00011699919978,24000
"BWT","raw",106,1.00001054899663,23641.9929993283
"BWT","raw",107,0.999983317069822,23432.3885606402
"BWT","raw",108,1.00003072375083,24250.1254617044
"BWT","raw",109,1.00001112391574,23216.9235247174
"BWT","raw",110,1.00004990209433,24000
"BWT","raw",111,1.00003668342049,24000
"BWT","raw",112,1.00009875237709,24254.5325873807
"BWT","raw",113,1.00014681628723,24000
"BWT","raw",114,1.00011359226604,24000
"BWT","raw",115,1.00011554569615,22977.2852309674
"BWT","raw",116,1.00011751929241,25310.6982291792
"BWT","raw",117,1.00009109753069,24000
"BWT","raw",118,1.00010712154618,24910.7851731173
"BWT","raw",119,1.00014538861276,24000
"BWT","raw",120,1.00018378930247,23737.3254220286
"BWT","raw",121,1.00002300851893,23994.2924608351
"BWT","raw",122,1.00008377204876,24256.1001833881
"BWT","raw",123,0.999965181717616,23746.0022928458
"BWT","raw",124,0.999948350600435,23750.8684927259
"BWT","raw",125,0.999884370194178,24280.2324411554
"BWT","raw",126,1.00001159393171,24442.8964746884
"BWT","raw",127,0.999943788628661,24480.9243379899
"BWT","raw",128,0.99991517682782,24000
"BWT","raw",129,1.00006255975265,24793.2639576131
"BWT","raw",130,1.00015560027911,24546.034907374
"BWT","raw",131,1.00005823088531,24558.9348389896
"BWT","raw",132,1.00005196499048,25095.6743976514
"BWT","raw",133,1.00019271688971,24680.3848374706
"BWT","raw",134,1.00006165682239,25137.8581615196
"BWT","raw",135,1.0000687210714,25277.0477427322
"BWT","raw",136,1.00002309194978,25329.8178711478
"BWT","raw",137,1.00010610451867,25654.4376715572
"BWT","raw",138,1.00005787706577,25435.2777059708
"BWT","raw",139,1.00018232126485,24766.9128340929
"BWT","raw",140,0.999999615606176,25061.6009297066
"BWT","raw",141,0.999965035010926,24093.9138308601
"BWT","raw",142,0.999914013729811,23060.0513107783
"BWT","raw",143,0.999929447611109,23362.9729658359
"BWT","raw",144,0.999995668305061,23548.3290923759
"BWT","raw",145,0.999957107594518,23812.1709050629
"BWT","raw",146,0.999977344390845,24649.8512470563
"BWT","raw",147,0.999908192390632,24000
"BWT","raw",148,1.00018375265095,24000
"BWT","raw",149,0.999987143782207,23837.4304144229
"BWT","raw",150,1.00002061490482,24000
"BWT","raw",151,1.00000574134299,24227.8234173923
"BWT","raw",152,1.00002614886317,24000
"BWT","raw",153,0.999989986512303,24523.8193057211
"BWT","raw",154,1.00006896590961,24290.8307692925
"BWT","raw",155,1.00009649563688,25062.9905383737
"BWT","raw",156,1.00011249602507,24008.4490779467
"BWT","raw",157,1.00028248602064,23846.9716540463
"BWT","raw",158,1.0000787959859,23768.0712636079
"BWT","raw",159,1.00002959832147,23435.2805507127
"BWT","raw",160,1.00000703617846,23759.6280881456
"BWT","raw",161,0.999972816019069,23755.5647281952
"BWT","raw",162,1.00000572285114,23730.7923446444
"BWT","raw",163,1.00009656509139,23136.2746818948
"BWT","raw",164,1.00004206831688,23663.1990743626
"BWT","raw",165,1.00007993099969,24328.5375364546
"BWT","raw",166,1.00010417677096,24336.7920066638
"BWT","raw",167,1.00010705890117,24938.1347605226
"BWT","raw",168,0.999996570772998,24274.3242250887
"BWT","raw",169,0.999988175783366,25008.8887700829
"BWT","raw",170,0.999976602595202,24570.5976813131
"BWT","raw",171,1.00006787396904,25777.4433081191
"BWT","raw",172,1.00006253607588,24006.7480303515
"BWT","raw",173,1.00001821870892,23947.699782718
"BWT","raw",174,0.9999954616797,23885.9763526781
"BWT","raw",175,0.999985146855398,25450.7527989847
"BWT","raw",176,1.00005421395612,26706.1935798379
"BWT","raw",177,1.00006921233613,26125.4421129545
"BWT","raw",178,0.999988264069503,24110.7259898775
"BWT","raw",179,0.999974300144138,24456.3618114493
"BWT","raw",180,0.999952165813113,24324.9918021455
"BWT","raw",181,0.99988232467118,24880.0422550801
"BWT","raw",182,0.999979063250596,24481.3429942258
"BWT","raw",183,1.00003362528867,24000
"BWT","raw",184,1.00026688424678,23770.7594249501
"BWT","raw",185,1.00010010686144,24000
"BWT","raw",186,1.00006322037955,24000
"BWT","raw",187,1.0000843400302,25196.5768681435
"BWT","raw",188,1.00018504663447,24000
"BWT","raw",189,1.00012161585363,24000
"BWT","raw",190,1.00011894113632,23581.6633434704
"BWT","raw",191,1.00012664335328,23290.3250537419
"BWT","raw",192,1.00007037666776,23495.8340002015
"BWT","raw",193,0.999988107166119,24000
"BWT","raw",194,1.0000268940446,24113.8999048701
"BWT","raw",195,0.999978733146316,24194.8470329442
"BWT","raw",196,1.00002264122959,23446.2174057942
"BWT","raw",197,1.00005400935275,22951.7095609411
"BWT","raw",198,0.999991594645688,23133.0526462758
"BWT","raw",199,0.999995863110705,21697.0279206119
"BWT","raw",200,1.00004519078308,24000
"BWT","raw",201,1.00001554479444,24000
"BWT","raw",202,0.999994557922267,23221.8382193557
"BWT","raw",203,0.999953855044004,23430.3809797897
"BWT","raw",204,0.999916694295952,23183.1578711893
"BWT","raw",205,0.999968668807851,23259.3991127119
"BWT","raw",206,0.999988703060536,24000
"BWT","raw",207,1.0003262292481,23912.9474966678
"BWT","raw",208,1.00015760335182,25548.2504050947
"BWT","raw",209,1.00027746032086,25240.5244655277
"BWT","raw",210,0.999977797699711,24249.8175319646
"BWT","raw",211,1.00005954041524,24328.9548915065
"BWT","raw",212,1.00020474650182,24125.8018143156
"BWT","raw",213,1.00002208636935,23961.8960602348
"BWT","raw",214,0.99997745377162,23445.365059041
"BWT","raw",215,1.00007146557741,23801.6222100256
"BWT","raw",216,0.999985664623764,23495.8739691627
"BWT","raw",217,1.00003254360997,24669.8418695991
"BWT","raw",218,1.00000187791209,23551.7803234072
"BWT","raw",219,0.999993413252454,23561.5638217212
"BWT","raw",220,1.00001379091609,23748.5625577747
"BWT","raw",221,1.00001632329032,24000
"BWT","raw",222,1.00019582510814,24267.372035846
"BWT","raw",223,1.00000866427108,24234.5028726359
"BWT","raw",224,1.00003095390767,23914.4635333379
"BWT","raw",225,1.00007085641823,24720.0451516901
"BWT","raw",226,1.00011329215752,25280.7599258473
"BWT","raw",227,1.00017879646229,24253.6268712848
"BWT","raw",228,1.00022428119568,23882.7386437012
"BWT","raw",229,1.00014165292649,25205.2039131018
"BWT","raw",230,1.00013641948447,22468.6979285111
"BWT","raw",231,1.00025612256608,24171.0884403055
"BWT","raw",232,1.00003462028796,24000
"BWT","raw",233,1.0000960984859,24000
"BWT","raw",234,1.00011633803896,24000
"BWT","raw",235,1.00010720887618,24000
"BWT","raw",236,1.00022804434908,23306.0380947146
"BWT","raw",237,1.00022845219237,23547.5404763276
"BWT","raw",238,1.00020932329718,22840.6905788362
"BWT","raw",239,1.00018627258642,22680.4275478392
"BWT","raw",240,1.00018512718627,24180.8656252546
"BWT","raw",241,1.00005744966842,24000
"BWT","raw",242,1.00000998188106,23737.6208562968
"BWT","raw",243,1.00001585058112,23486.3353118556
"BWT","raw",244,1.00000987365835,24483.1858216234
"BWT","raw",245,1.00000051503081,23943.4513119971
"BWT","raw",246,1.00001330885724,22143.1268246773
"BWT","raw",247,1.00003790450709,22964.7257532345
"BWT","raw",248,1.00017987491733,23709.6973824134
"BWT","raw",249,0.999984975435575,24279.1240638246
"BWT","raw",250,0.999973837939797,24000
"BWT","raw",251,1.00009761412892,23798.688223558
"BWT","raw",252,1.00002013082304,24331.7144180548
"BWT","raw",253,1.00017548773431,25060.9258370233
"BWT","raw",254,1.00008700725086,24783.4329107772
"BWT","raw",255,0.999982023501743,24420.3069517839
"BWT","raw",256,0.999997146525557,24242.9101792523
"BWT","raw",257,1.00006488869746,25790.1875525198
"BWT","raw",258,1.0001021321257,23424.7114387955
"BWT","raw",259,1.00017428056112,24955.6417739323
"BWT","raw",260,1.00022281251108,24296.7228989229
"BWT","raw",261,1.00036102227211,24231.4256098155
"BWT","raw",262,1.00030123854799,24789.1034915401
"BWT","raw",263,1.00018817140875,24000
"BWT","raw",264,1.00022569827275,24342.4577659322
"BWT","raw",265,1.00019156750493,24642.8737879572
"BWT","raw",266,1.00014377065653,24541.3796709461
"BWT","raw",267,1.00027275355316,24891.2224153608
"BWT","raw",268,1.00011359531881,24000
"BWT","raw",269,1.00026529107933,23645.7470957318
"BWT","raw",270,1.0002303540144,23638.6861585242
"BWT","raw",271,1.00012788523868,23215.0148733686
"BWT","raw",272,1.00011207512761,23667.8919024608
"BWT","raw",273,1.0000978982514,23627.4142122041
"BWT","raw",274,0.999968802776269,23345.4751950143
"BWT","raw",275,1.00013662744739,23232.9184269411
"BWT","raw",276,1.0000033934751,23322.969205351
"BWT","raw",277,1.00007718414141,23301.7463687685
"BWT","raw",278,0.999970780984825,23634.3229602113
"BWT","raw",279,1.00008565885443,23414.4890512431
"BWT","raw",280,1.00017368891104,24363.7969350857
"BWT","raw",281,1.00026871746823,24000
"BWT","raw",282,1.00023944293435,24265.1527437558
"BWT","raw",283,1.000171448039,23528.05883558
"BWT","raw",284,1.00008181271921,23603.1325318577
"BWT","raw",285,0.99995317735925,22223.0436275488
"BWT","raw",286,1.00000906959819,23199.9019074924
"BWT","raw",287,1.00011276627334,23460.3315255813
"BWT","raw",288,0.999988176045948,24000
"BWT","raw",289,1.00013748739524,24318.3305591322
"BWT","raw",290,0.999967312482897,23784.1584370748
"BWT","raw",291,1.00010054198918,24000
"BWT","raw",292,1.00005096484673,24000
"BWT","raw",293,1.00004975952664,24000
"BWT","raw",294,1.00003896995294,24000
"BWT","raw",295,1.00015108543217,24000
"BWT","raw",296,1.00024748410886,24324.6027050085
"BWT","raw",297,1.00006268296556,24317.1547143475
"BWT","raw",298,1.00001581850381,24222.6259399807
"BWT","raw",299,0.999994755678976,24070.5224924354
"BWT","raw",300,1.00009359893289,23463.6137778515
"BWT","raw",301,0.999981122415881,23027.3983813957
"BWT","raw",302,1.00002121158403,23775.4433013685
"BWT","raw",303,1.00006833301693,24000
"BWT","raw",304,1.00017070561076,24319.6267082334
"BWT","raw",305,1.00011001734516,23615.5459074682
"BWT","raw",306,1.00000720098317,24234.2496178612
"BWT","raw",307,1.00009742432852,24501.8557741289
"BWT","raw",308,1.00003440397231,24262.7928777945
"BWT","raw",309,1.00005653610397,24312.2698458135
"BWT","raw",310,0.999974871227817,23939.3242724266
"BWT","raw",311,0.999929274730058,24083.1790255447
"BWT","raw",312,0.999972002860303,24074.2513835138
"BWT","raw",313,0.999923593395669,24087.5175840947
"BWT","raw",314,0.999933199146603,23488.0172760299
"BWT","raw",315,0.999960328294104,24484.9572196695
"BWT","raw",316,1.00005127566429,24228.7849172114
"BWT","raw",317,1.00020558359201,24000
"BWT","raw",318,1.00018547842308,24000
"BWT","raw",319,1.00012923807919,23450.1692318132
"BWT","raw",320,1.00002835552857,23299.0097657331
"BWT","raw",321,1.00000741082522,23454.3611203813
"BWT","raw",322,0.999946158273131,23635.3623094801
"BWT","raw",323,0.999966904048631,23993.2866928053
"BWT","raw",324,0.999945543818222,23346.1580278845
"BWT","raw",325,0.999984223656496,23283.6887645136
"BWT","raw",326,1.00000499065799,24000
"BWT","raw",327,0.999931976785192,23776.0572485878
"BWT","raw",328,0.999972831216937,23772.3637358327
"BWT","raw",329,0.999948568956986,23996.855282967
"BWT","raw",330,0.999954293383486,23240.4472978949
"BWT","raw",331,0.999979537844686,24074.6083709337
"BWT","raw",332,1.0000154816439,24000
"BWT","raw",333,1.00011268489678,23841.4524124497
"BWT","raw",334,1.00014326714086,23392.3535075597
"BWT","raw",335,1.00019046461151,24231.0391806773
"BWT","raw",336,1.0003742003318,24030.6362986015
"BWT","raw",337,1.00027491516848,23238.7930443563
"BWT","raw",338,1.00036878068013,23940.1356540223
"BWT","raw",339,1.00031985589061,24000
"BWT","raw",340,1.0002083216447,24000
"BWT","raw",341,1.00013290321281,23999.9999999999
"BWT","raw",342,1.00016950456025,24184.4925279908
"BWT","raw",343,1.0002589791391,24675.803450237
"BWT","raw",344,1.00013898736704,24081.909839284
"BWT","raw",345,1.00018581214005,24238.3795743633
"BWT","raw",346,1.00005732741379,24000
"BWT","raw",347,1.00006359474397,24000
"BWT","raw",348,0.999976211149127,24000
"BWT","raw",349,0.999949838751049,24000
"BWT","raw",350,0.99994723683516,24000
"BWT","raw",351,1.00005838786521,24000
"BWT","raw",352,1.00001298007474,23556.0570315219
"BWT","raw",353,1.00006175021915,24000
"BWT","raw",354,1.00001073345145,24472.4957185874
"BWT","raw",355,1.00002162960801,25120.3757157504
"BWT","raw",356,1.00004557687322,24831.1195754973
"BWT","raw",357,0.999995897582175,24646.3270233968
"BWT","raw",358,0.999951354461859,24000
"BWT","raw",359,0.99999659499504,24292.7009082764
"BWT","raw",360,0.999958130295809,23850.8128972616
"BWT","raw",361,1.00007516051576,23471.9109070322
"BWT","raw",362,1.00002557096197,24000
"BWT","raw",363,0.999956992613588,24348.7301619145
"BWT","raw",364,0.999949173184186,23759.1285404294
"BWT","raw",365,1.00011785494599,23480.9196952215
"BWT","raw",366,1.00010977840642,23483.2011430801
"BWT","raw",367,1.00000723357216,23778.436019244
"BWT","raw",368,1.00004742571026,24000
"BWT","raw",369,1.00017243443178,24000
"BWT","raw",370,1.00007640341016,23775.3792291286
"BWT","raw",371,1.00001734995488,23541.1396984753
"BWT","raw",372,0.999991922370768,23570.394280071
"BWT","raw",373,0.999948920771841,23464.709616756
"BWT","raw",374,1.0000751438183,22616.3537525974
"BWT","raw",375,0.999947264969263,23738.0101755792
"BWT","raw",376,0.999971247940748,24000
"BWT","raw",377,1.00003620617255,24000
"BWT","raw",378,0.999976220036529,24000
"BWT","raw",379,0.999975627234819,23755.196596018
"BWT","raw",380,0.999966113458338,23692.3876153743
"BWT","raw",381,1.00004445403093,22992.6311019847
"BWT","raw",382,1.00007875116085,24000
"BWT","raw",383,1.00002749989305,23448.9298529288
"BWT","raw",384,0.999974028586329,23662.9825773946
"BWT","raw",385,0.999977022925564,24279.3653585604
"BWT","raw",386,1.00004620572185,23796.729693773
"BWT","raw",387,0.999966331175933,23561.3281957571
"BWT","raw",388,1.00005128240958,24000
"BWT","raw",389,0.999986923296035,23536.7675328944
"BWT","raw",390,1.00012716599802,23564.7827239422
"BWT","raw",391,1.0002545760379,24601.4353362682
"BWT","raw",392,1.00009529071386,24307.2140720071
"BWT","raw",393,0.999993819266994,24728.5251050687
"BWT","raw",394,0.999955928406154,24255.3702648254
"BWT","raw",395,1.00006578509073,24000
"BWT","raw",396,1.00007764274948,23649.4710735037
"BWT","raw",397,1.00001119444195,23144.4435374882
"BWT","raw",398,0.999996660909747,23340.742861081
"BWT","raw",399,1.00011983256241,23794.3466029367
"BWT","raw",400,1.0000777281705,23933.8339378385
"BWT","raw",401,1.00005143167179,24304.7676288939
"BWT","raw",402,1.00005451409939,23379.3126561557
"BWT","raw",403,1.00000191208126,24000
"BWT","raw",404,1.00006836023818,24580.326488306
"BWT","raw",405,0.99999304228602,24000
"BWT","raw",406,1.00002159759559,24227.9559242461
"BWT","raw",407,0.999986296457411,24470.1246955451
"BWT","raw",408,1.00008457048864,24393.3636757918
"BWT","raw",409,1.00003932480492,24546.6720414689
"BWT","raw",410,1.00006234003246,24000
"BWT","raw",411,1.00006760682375,24342.8987131046
"BWT","raw",412,1.00002873116453,23999.9999999999
"BWT","raw",413,1.00011651290665,24000
"BWT","raw",414,1.00004450647802,24000
"BWT","raw",415,1.00008853026287,24000
"BWT","raw",416,1.00013750649438,24000
"BWT","raw",417,1.00004296125086,24081.2431711104
"BWT","raw",418,1.00014744446528,24000
"BWT","raw",419,1.00008283336396,23874.1138892824
"BWT","raw",420,1.00004427751664,23547.4796601734
"BWT","raw",421,0.999996647539702,23771.1659433217
"BWT","raw",422,1.00010934186662,24148.1745960985
"BWT","raw",423,1.00011143124915,24579.1670124886
"BWT","raw",424,1.00014655586074,24335.7349692159
"BWT","raw",425,1.00008703604524,24000
"BWT","raw",426,0.999996502857995,24000
"BWT","raw",427,1.00005579705938,22745.4273718126
"BWT","raw",428,1.00000787384823,23469.7447336606
"BWT","raw",429,0.999972989213049,23196.1362899678
"BWT","raw",430,1.00004759801787,24000
"BWT","raw",431,1.00013396497306,24306.7051393085
"BWT","raw",432,1.00006106700637,24229.9322901437
"BWT","raw",433,1.00000980556727,24646.9406120005
"BWT","raw",434,0.999984146743956,24000
"BWT","raw",435,0.999993621585479,23768.7739113675
"BWT","raw",436,0.999913192762621,24163.2623457009
"BWT","raw",437,0.999932034720677,23678.8717839314
"BWT","raw",438,0.999937007296752,23771.3509228379
"BWT","raw",439,0.999953087852472,24095.92023576
"BWT","raw",440,0.999978115060744,24148.4924899553
"BWT","raw",441,0.999964325347935,23726.7798885407
"BWT","raw",442,1.00009392314263,23258.8938326075
"BWT","raw",443,1.00011630979121,23618.2786230212
"BWT","raw",444,0.999995408610082,24000
"BWT","raw",445,1.00002036040467,24000
"BWT","raw",446,1.00003843663835,24406.5060845568
"BWT","raw",447,0.999957636469705,24000
"BWT","raw",448,0.999947056262044,24000
"BWT","raw",449,0.999932718865027,24789.3872052874
"BWT","raw",450,0.99990715307444,23719.4149164069
"BWT","raw",451,1.0000415897786,24322.4862098283
"BWT","raw",452,0.999975186377085,23703.0269502485
"BWT","raw",453,0.999928901319282,23629.307687418
"BWT","raw",454,1.0000396911606,23820.5208867554
"BWT","raw",455,1.00001701920696,23618.7696127606
"BWT","raw",456,0.99996393238893,23324.1003481323
"BWT","raw",457,0.999973190076434,23749.5085297352
"BWT","raw",458,1.00000861085342,23138.7777876231
"BWT","raw",459,0.999933319382184,23017.1872089292
"BWT","raw",460,0.999950780452021,22870.8669156521
"BWT","raw",461,1.00000753834754,22723.2236237244
"BWT","raw",462,1.00007544292847,22874.4563833381
"BWT","raw",463,1.00001182571084,23174.6396330189
"BWT","raw",464,0.999952158522271,22584.4227822364
"BWT","raw",465,1.00004082151584,22466.5644281173
"BWT","raw",466,0.999908521733416,20457.7097363072
"BWT","raw",467,0.999968968153418,19257.8483052757
"BWT","raw",468,1.00006086468977,17305.2123871989
"BWT","raw",469,1.00022497049982,14289.521268359
"BWT","raw",470,1.00032185320085,11465.6780037285
"BWT","raw",471,1.00030281329545,9131.52805856346
"BWT","raw",472,1.00077654857381,6762.58610695657
"BWT","raw",473,1.00126909592952,4837.08736973617
"BWT","raw",474,1.00153856933109,4455.26123775946
"BWT","raw",475,1.00124569920324,4382.63828829317
"BWT","raw",476,1.00115326008059,4580.08023019606
"BWT","raw",477,1.00131003203559,4941.50263486198
"BWT","raw",478,1.0014135096433,4993.76088725274
"BWT","raw",479,1.00191587675644,5033.41375875662
"BWT","raw",480,1.00175890383377,4842.5669439441
"BWT","raw",481,1.00174019497861,5042.32066675673
"BWT","raw",482,1.00144699465427,4969.34441935222
"BWT","raw",483,1.00162172441204,4690.24883936039
"BWT","raw",484,1.00126779801997,4484.95713987793
"BWT","raw",485,1.00138986260137,4050.43071983164
"BWT","raw",486,1.00146949244586,3964.64321369717
"BWT","raw",487,1.00135557410799,3984.33662959499
"BWT","raw",488,1.000873589599,4579.62037616727
"BWT","raw",489,1.00070512474083,5109.65751191927
"BWT","raw",490,1.0007247729091,5650.57029017545
"BWT","raw",491,1.00042142534908,6740.09598157737
"BWT","raw",492,1.00027157576017,7508.30480043598
"BWT","raw",493,1.00025287072709,8139.6085284472
"BWT","raw",494,1.0003163548508,9173.25356787386
"BWT","raw",495,1.00021432796873,9640.24986691995
"BWT","raw",496,1.0002032893627,10057.3437290873
"BWT","raw",497,1.00033123728241,9976.33803908799
"BWT","raw",498,1.00034815850944,10314.2050987365
"BWT","raw",499,1.0006664293383,9908.85890529528
"BWT","raw",500,1.00062715333344,10412.6691385135
"BWT","raw",501,1.00070767036546,10127.3689003951
"BWT","raw",502,1.0003724088752,10310.9509273596
"BWT","raw",503,1.00022629345225,10758.4573424623
"BWT","raw",504,1.00020103193098,10842.6979351264
"BWT","raw",505,1.00061994743837,9261.0026857694
"BWT","raw",506,1.00093956366276,8245.3875032561
"BWT","raw",507,1.00077820289864,7133.62688667269
"BWT","raw",508,1.00095044622406,6419.45509863123
"BWT","raw",509,1.00094623680567,6278.6622637637
"BWT","raw",510,1.00068270112932,6407.91937807657
"BWT","raw",511,1.00092363540329,6021.36312367977
"BWT","raw",512,1.00062767217892,6170.73775057415
"BWT","raw",513,1.00065130083193,5851.53783970182
"BWT","raw",514,1.00068424494656,5465.03870581391
"BWT","raw",515,1.00083357111534,5454.98986936594
"BWT","raw",516,1.00086196015741,4869.81474427338
"BWT","raw",517,1.00147857035557,5080.37953377161
"BWT","raw",518,1.00172606714927,4994.13554500617
"BWT","raw",519,1.00117089300165,5279.0010800148
"BWT","raw",520,1.0013303700762,5237.93370694024
"BWT","raw",521,1.00178829173234,5698.89736668432
"BWT","raw",522,1.00193582996669,5185.18928787317
"BWT","raw",523,1.00159240083053,4822.90085322231
"BWT","raw",524,1.00185567227843,4313.60637526095
"BWT","raw",525,1.00222652657115,3794.689397422
"BWT","raw",526,1.0030117040795,3440.3419160367
"BWT","raw",527,1.00306846456161,3160.72211588108
"BWT","raw",528,1.0033722227248,3085.30083204804
"BWT","raw",529,1.00352292703731,2918.77628224851
"BWT","raw",530,1.00328803442461,2836.0041635019
"BWT","raw",531,1.00410442111465,2680.46866991256
"BWT","raw",532,1.00414181491649,2480.7800809044
"BWT","raw",533,1.00368004686809,2130.0421873829
"BWT","raw",534,1.00333156717459,2089.46125491803
"BWT","raw",535,1.00237363946867,1988.99915133259
"BWT","raw",536,1.00237556841296,2011.27359183055
"BWT","raw",537,1.00184471399923,1750.85634587007
"BWT","raw",538,1.0020231465941,1690.37762959377
"BWT","raw",539,1.00113263726226,1766.29936222102
"BWT","raw",540,1.00086993394524,2147.34611267608
"BWT","centered",1,1.00004974407787,24000
"BWT","centered",2,1.0000482147089,24018.7045604999
"BWT","centered",3,1.00019497517693,24219.487220406
"BWT","centered",4,1.00015500737846,24000
"BWT","centered",5,1.00013976243506,24125.1008658128
"BWT","centered",6,1.00018734870532,24567.4328499858
"BWT","centered",7,1.00008188349654,24260.0563669263
"BWT","centered",8,1.0000294598832,24000
"BWT","centered",9,0.999967154246446,24000
"BWT","centered",10,0.999948002300331,23156.8904388738
"BWT","centered",11,1.00001476214675,24000
"BWT","centered",12,1.00009358167597,23916.1171919366
"BWT","centered",13,1.00003507201485,24000
"BWT","centered",14,1.00011377332196,24000
"BWT","centered",15,0.99998833013668,23937.4015240769
"BWT","centered",16,0.999942788955507,23181.1724358195
"BWT","centered",17,1.0000490496812,23593.0094888933
"BWT","centered",18,0.999970465031973,24018.6754298315
"BWT","centered",19,0.999921911729266,24042.5387112867
"BWT","centered",20,0.999895108892621,24310.0163556902
"BWT","centered",21,1.0000399802397,24530.9591557125
"BWT","centered",22,1.00001051295163,24000
"BWT","centered",23,1.00016127381315,23993.8809535867
"BWT","centered",24,0.999996969369184,24269.7228771944
"BWT","centered",25,1.0001581377953,24000
"BWT","centered",26,1.00017970392076,24000
"BWT","centered",27,1.00019378943044,24000
"BWT","centered",28,1.00022215260631,25323.368603137
"BWT","centered",29,1.00021831789493,24400.5079999914
"BWT","centered",30,1.00013254165476,24212.0369919852
"BWT","centered",31,0.999969905202139,24380.5726178251
"BWT","centered",32,0.999971301641621,23581.7763581501
"BWT","centered",33,1.00004014757705,24418.466813089
"BWT","centered",34,0.999987259709401,24759.812462556
"BWT","centered",35,0.999973943226788,24556.0806845098
"BWT","centered",36,1.00020068831627,24358.5879067835
"BWT","centered",37,1.00007768857205,24086.2849035183
"BWT","centered",38,1.00008411374829,23549.5190753558
"BWT","centered",39,1.00003381228451,22542.5396882763
"BWT","centered",40,1.00001706741624,24000
"BWT","centered",41,1.00001090109871,24000
"BWT","centered",42,0.999992810673726,23772.5171352465
"BWT","centered",43,1.00033367243383,24000
"BWT","centered",44,1.00012813565161,23528.4407806942
"BWT","centered",45,1.00001146952372,22951.4428329818
"BWT","centered",46,1.00002317279659,23701.4126676674
"BWT","centered",47,1.00018819946091,23852.8321711326
"BWT","centered",48,1.00023641623389,23896.8772570781
"BWT","centered",49,1.00004350890795,24000
"BWT","centered",50,1.00000824143761,24099.47587811
"BWT","centered",51,1.00012972566322,24063.0674579169
"BWT","centered",52,1.00004517047994,23644.9826316488
"BWT","centered",53,0.999993635002665,23209.3887059278
"BWT","centered",54,0.999958339930248,23937.522054972
"BWT","centered",55,1.00004109197601,23234.7886396976
"BWT","centered",56,1.00008755244021,23976.38947181
"BWT","centered",57,1.00011025704724,24343.8409895305
"BWT","centered",58,1.00001591525381,24422.9615175393
"BWT","centered",59,0.99996494737972,22832.881723988
"BWT","centered",60,0.999953044757641,23434.8507167035
"BWT","centered",61,0.999961069790083,23803.2801697737
"BWT","centered",62,0.999952347597865,24000
"BWT","centered",63,0.999980087268467,24000
"BWT","centered",64,1.00000915673785,24306.6710558506
"BWT","centered",65,0.999903953634381,24341.9019793894
"BWT","centered",66,1.00001052674954,24009.053777345
"BWT","centered",67,1.00002084606474,23782.7939986304
"BWT","centered",68,0.999993785857848,24000
"BWT","centered",69,1.00018455248784,24000
"BWT","centered",70,1.00004404929366,24000
"BWT","centered",71,1.00013356643137,24000
"BWT","centered",72,1.00037009613937,24000
"BWT","centered",73,1.00032143949088,24250.6153441764
"BWT","centered",74,1.00033605689611,24600.3278537206
"BWT","centered",75,1.00013632725202,23725.302506663
"BWT","centered",76,1.00021560839555,23722.7403519745
"BWT","centered",77,1.00017256918899,23493.5404585286
"BWT","centered",78,1.00019094466983,23969.1722297201
"BWT","centered",79,1.00016283769978,24032.6990947237
"BWT","centered",80,1.00000675662992,24000
"BWT","centered",81,1.00005092642709,24000
"BWT","centered",82,0.999985056290084,24455.0674180513
"BWT","centered",83,0.999982825470939,23945.4285911276
"BWT","centered",84,1.00014018621021,23874.6325502481
"BWT","centered",85,1.00005954073295,23649.9382730856
"BWT","centered",86,1.00006756207599,23118.9369420277
"BWT","centered",87,0.999973625077022,23176.0467991262
"BWT","centered",88,0.999940373916593,23489.6720281119
"BWT","centered",89,0.999982983617129,23516.0681363926
"BWT","centered",90,1.00012180414913,23530.6752370186
"BWT","centered",91,1.00008372799651,23450.9499959435
"BWT","centered",92,1.00008531357416,23672.0944596858
"BWT","centered",93,1.0001233264711,23388.7782220463
"BWT","centered",94,1.00004311399299,23969.7525594953
"BWT","centered",95,0.999937793053167,24129.4380823363
"BWT","centered",96,0.999947723233573,24428.7689362356
"BWT","centered",97,0.999988561371335,24641.7961470868
"BWT","centered",98,1.00001012271715,24573.4652054431
"BWT","centered",99,1.00004305141801,24560.7403574902
"BWT","centered",100,1.00001340519889,24408.6631572114
"BWT","centered",101,1.00008188007384,24405.7178469523
"BWT","centered",102,1.00015434547301,23496.6262932451
"BWT","centered",103,1.00001625484228,24000
"BWT","centered",104,1.00009402637848,24022.048226359
"BWT","centered",105,1.00007624174539,24000
"BWT","centered",106,1.00000478522421,23746.0843796813
"BWT","centered",107,1.00002400863458,22574.3141301291
"BWT","centered",108,1.00006341080212,24265.1838630604
"BWT","centered",109,0.999973314946216,23266.8897436989
"BWT","centered",110,1.0000535796396,24000
"BWT","centered",111,1.00003002892373,24000
"BWT","centered",112,1.00007201167093,24000
"BWT","centered",113,1.00006799711543,24000
"BWT","centered",114,1.00009630843106,23745.9428445173
"BWT","centered",115,1.00022494262113,22935.5984884476
"BWT","centered",116,1.00022377548684,24227.1954456096
"BWT","centered",117,1.00010206827574,24000
"BWT","centered",118,1.00015619084075,24945.0395190976
"BWT","centered",119,1.00016601102791,24000
"BWT","centered",120,1.00016657440198,23747.3915373537
"BWT","centered",121,1.00000914943679,23752.0392858735
"BWT","centered",122,1.00004542395575,23998.1262964382
"BWT","centered",123,0.999967624814035,23725.7330417847
"BWT","centered",124,0.999965262740533,23728.9028994819
"BWT","centered",125,0.999903975777699,24274.6867426521
"BWT","centered",126,1.0000785652408,24520.0173337296
"BWT","centered",127,0.999965109300631,24219.13402678
"BWT","centered",128,0.999930882238841,24255.7822981034
"BWT","centered",129,1.00004395181209,24519.1717162027
"BWT","centered",130,1.00001453246103,24000
"BWT","centered",131,1.00005382308827,23869.2645763033
"BWT","centered",132,1.0000491181034,24829.1646637442
"BWT","centered",133,1.00018758737541,24206.4949248422
"BWT","centered",134,1.00008575299976,24454.8891276753
"BWT","centered",135,1.00009796150788,24988.6516765872
"BWT","centered",136,1.00007152462413,25042.4412247318
"BWT","centered",137,1.00017841664664,24681.0144734107
"BWT","centered",138,1.00012736573619,24787.1635236104
"BWT","centered",139,1.00017392717482,24833.0828227446
"BWT","centered",140,0.999984222230757,24251.4256768181
"BWT","centered",141,0.999965199274071,24144.2452241
"BWT","centered",142,0.999963174306754,23810.12142456
"BWT","centered",143,0.999996427211857,23125.2400581884
"BWT","centered",144,1.00001928514087,23482.5980929724
"BWT","centered",145,1.00002886795686,23809.7034513532
"BWT","centered",146,1.00001193510601,24234.3432561753
"BWT","centered",147,0.999906813160953,24000
"BWT","centered",148,1.00021631235119,24000
"BWT","centered",149,0.999998001081079,23702.7053547008
"BWT","centered",150,1.00004641385106,23765.0649767618
"BWT","centered",151,1.0000165858287,24224.7463039156
"BWT","centered",152,1.00004515313041,24000
"BWT","centered",153,1.00000828651641,24517.9349772072
"BWT","centered",154,1.00008954909631,24902.4634666273
"BWT","centered",155,1.00010766267271,24494.6956090537
"BWT","centered",156,1.00014761876998,23916.0280593339
"BWT","centered",157,1.00033042606175,23251.0024868088
"BWT","centered",158,1.00013182794143,24138.7447456092
"BWT","centered",159,1.00007447521332,23446.2513467633
"BWT","centered",160,1.0000385239241,23783.786355807
"BWT","centered",161,0.999981705633302,23774.9524144617
"BWT","centered",162,0.999981406406521,23538.0996986152
"BWT","centered",163,1.00003576344051,23125.4876971573
"BWT","centered",164,1.0000249356569,23120.6703360978
"BWT","centered",165,1.00007420823554,24276.0091068993
"BWT","centered",166,1.00020461571075,23681.181081141
"BWT","centered",167,1.00010294184833,24675.213802088
"BWT","centered",168,1.00012047771263,24161.245957833
"BWT","centered",169,0.99992138263071,24823.8515385545
"BWT","centered",170,0.999910039527121,24108.8581636764
"BWT","centered",171,1.00003360148218,24731.2645522598
"BWT","centered",172,0.999974803122151,23959.2827146244
"BWT","centered",173,1.00000087016108,23803.3797365754
"BWT","centered",174,1.00000875916337,23679.6263966992
"BWT","centered",175,0.999997353752475,23715.4830497545
"BWT","centered",176,1.0000486759245,26178.2803196765
"BWT","centered",177,1.00007043472572,24815.0256048404
"BWT","centered",178,1.00002010826671,23870.735025442
"BWT","centered",179,1.00000711855813,24249.8458013901
"BWT","centered",180,0.999922126435403,24259.9015795204
"BWT","centered",181,0.999893629129344,24547.9150132494
"BWT","centered",182,0.999940641857942,24374.2896170411
"BWT","centered",183,1.00008643228226,23763.5536789741
"BWT","centered",184,1.00023616465224,23082.283552541
"BWT","centered",185,1.00006572664803,24000
"BWT","centered",186,1.00001115130858,24000
"BWT","centered",187,1.00009983683835,24991.356946384
"BWT","centered",188,1.00022858454595,24000
"BWT","centered",189,1.00015978911681,24000
"BWT","centered",190,1.00009834580546,23557.6750074291
"BWT","centered",191,1.00010537219881,23274.2721367187
"BWT","centered",192,1.00003092839958,23491.9538668389
"BWT","centered",193,0.999969078093933,24000
"BWT","centered",194,1.00006495945217,23666.9152050856
"BWT","centered",195,0.999948039036947,24037.401406231
"BWT","centered",196,1.00001250083015,23289.766130685
"BWT","centered",197,0.999997318304803,22959.0755313534
"BWT","centered",198,0.999960326548548,22765.9397683085
"BWT","centered",199,0.999947083346919,21432.6168790521
"BWT","centered",200,1.00006529166799,24000
"BWT","centered",201,1.00002849725206,24000
"BWT","centered",202,0.999968553730823,23234.506830464
"BWT","centered",203,0.999953327177951,23472.3636579291
"BWT","centered",204,0.999912110332498,23138.8499894662
"BWT","centered",205,1.0000291166755,23241.0367491575
"BWT","centered",206,1.00007600715176,24000
"BWT","centered",207,1.00031126419416,24261.4481572181
"BWT","centered",208,1.00009887729586,26022.1997900615
"BWT","centered",209,1.00021615062059,25341.4584838692
"BWT","centered",210,1.00002796213483,24241.0103422067
"BWT","centered",211,1.0000500219204,24303.0760611779
"BWT","centered",212,1.00016080137632,24054.8690015214
"BWT","centered",213,1.0000588381719,23487.4816411201
"BWT","centered",214,0.999970753992046,23403.0928055917
"BWT","centered",215,1.00001026065776,23802.7582398907
"BWT","centered",216,0.999974359359935,22740.6711187771
"BWT","centered",217,1.0000085800258,23671.4581134978
"BWT","centered",218,0.999987209298116,24232.7393197259
"BWT","centered",219,0.999999129728408,23537.1795924218
"BWT","centered",220,1.00005574492415,23734.5543010953
"BWT","centered",221,1.00003882118984,24000
"BWT","centered",222,1.00012233730865,24000
"BWT","centered",223,1.0000255582552,23329.070950261
"BWT","centered",224,1.00005873191159,23827.0284892298
"BWT","centered",225,1.00010934820594,24627.6463139996
"BWT","centered",226,1.00015597021254,24754.7052355422
"BWT","centered",227,1.00018811628754,24000
"BWT","centered",228,1.00022020607412,24000
"BWT","centered",229,1.000159882151,24952.9894400566
"BWT","centered",230,1.0001332158955,22049.1207512265
"BWT","centered",231,1.00027871912081,24019.1492878282
"BWT","centered",232,1.00007710967659,24000
"BWT","centered",233,1.00007968657028,24000
"BWT","centered",234,1.00001156055286,24000
"BWT","centered",235,1.00008349164556,23553.3982035951
"BWT","centered",236,1.00017261910768,23249.6563965687
"BWT","centered",237,1.00017552477932,23236.7487822577
"BWT","centered",238,1.00014067150635,22789.382977961
"BWT","centered",239,1.00014068795304,22606.2348701499
"BWT","centered",240,1.00009930973913,23736.8785230499
"BWT","centered",241,1.00001285403112,24000
"BWT","centered",242,1.00004741990794,23736.3763040757
"BWT","centered",243,1.00005168122988,23421.7626305687
"BWT","centered",244,1.0000353056155,23873.5071306211
"BWT","centered",245,1.00003422206677,24000
"BWT","centered",246,1.00001853503148,22092.3051104095
"BWT","centered",247,1.00003839609684,22748.7081446689
"BWT","centered",248,1.00019587342718,22806.2408750713
"BWT","centered",249,1.00001573714119,24189.3856290379
"BWT","centered",250,0.999997861351652,24000
"BWT","centered",251,1.00018260478226,24000
"BWT","centered",252,1.00003633476104,24272.4763694897
"BWT","centered",253,1.00003767375938,24531.2812144251
"BWT","centered",254,1.00005953725762,24498.0620202157
"BWT","centered",255,1.00000475248362,24376.2267107808
"BWT","centered",256,0.999941112850302,23866.1729855188
"BWT","centered",257,0.999998634893386,23750.2034590282
"BWT","centered",258,1.00008171890453,23247.0372030232
"BWT","centered",259,1.0002376352133,24640.8731848454
"BWT","centered",260,1.00024142198884,23540.2338063401
"BWT","centered",261,1.00037509802165,24000
"BWT","centered",262,1.00031997652403,24712.1379412922
"BWT","centered",263,1.00021060820637,24000
"BWT","centered",264,1.00025260103519,24247.8141147826
"BWT","centered",265,1.0001772432109,24772.0178148229
"BWT","centered",266,1.0001067405808,24274.2601588369
"BWT","centered",267,1.0002155792802,24681.9827549376
"BWT","centered",268,1.00014784025992,24000
"BWT","centered",269,1.000283530877,23624.6589374413
"BWT","centered",270,1.00022926478225,23350.7848551684
"BWT","centered",271,1.00015881920763,23565.0086407404
"BWT","centered",272,1.00014566076514,23642.0497783081
"BWT","centered",273,1.00012589183178,23358.6762283014
"BWT","centered",274,0.999962307486655,23289.9064102358
"BWT","centered",275,1.00011895938019,23189.0282728351
"BWT","centered",276,1.00000301963417,23268.0433857926
"BWT","centered",277,1.00007879226983,23050.0315060438
"BWT","centered",278,0.999996117957952,23648.8257826967
"BWT","centered",279,1.00013706259867,23973.0523108298
"BWT","centered",280,1.00025788104455,24335.9764741884
"BWT","centered",281,1.00022835951297,24000
"BWT","centered",282,1.00023468830199,24000
"BWT","centered",283,1.00024708876455,23271.6495087609
"BWT","centered",284,1.00014950470926,23519.0150127132
"BWT","centered",285,0.999991365691091,22345.2223852303
"BWT","centered",286,1.00004489142966,23211.5364412602
"BWT","centered",287,1.00014212332146,23495.9429979321
"BWT","centered",288,1.00002665776563,24000
"BWT","centered",289,1.00017732990834,24598.278675561
"BWT","centered",290,0.999972391321656,23664.331544353
"BWT","centered",291,1.0000860951787,24000
"BWT","centered",292,1.00006312612714,24000
"BWT","centered",293,1.00004563875644,24000
"BWT","centered",294,1.00004226188238,24000
"BWT","centered",295,1.00013085518261,24000
"BWT","centered",296,1.00017518074258,24322.5177602419
"BWT","centered",297,1.00010864799644,23736.9650190406
"BWT","centered",298,1.00006112399367,24000
"BWT","centered",299,1.00001719938538,24051.7662178711
"BWT","centered",300,1.00013469329006,22947.5224864049
"BWT","centered",301,1.00002648031261,22965.521029068
"BWT","centered",302,1.00009626181201,23766.6418728825
"BWT","centered",303,1.00014831356843,24000
"BWT","centered",304,1.00017289154135,24000
"BWT","centered",305,1.00021543579276,23600.8880386466
"BWT","centered",306,1.00010214293409,24212.8701093058
"BWT","centered",307,1.00007318254448,24419.8233049019
"BWT","centered",308,1.0000519688896,24239.5801686152
"BWT","centered",309,1.00005905087041,24306.2300737566
"BWT","centered",310,0.999991638521789,24149.1498071001
"BWT","centered",311,0.99993609209953,23769.9305809623
"BWT","centered",312,0.999931492740976,23994.2379730516
"BWT","centered",313,0.999968167055755,24012.6969144536
"BWT","centered",314,0.999962569829294,24000
"BWT","centered",315,1.0000247402863,24608.8388958705
"BWT","centered",316,1.00007253977107,24472.402009108
"BWT","centered",317,1.00022650072729,24000
"BWT","centered",318,1.0001847218595,24000
"BWT","centered",319,1.00016386215767,23476.771711419
"BWT","centered",320,1.00007513616336,23279.6577728003
"BWT","centered",321,1.00006017134891,23420.5492374274
"BWT","centered",322,0.999957848597217,23752.8030083114
"BWT","centered",323,1.0000349168718,24067.4981334961
"BWT","centered",324,1.00001755623933,23223.7446726721
"BWT","centered",325,0.99997364164765,23190.1638554659
"BWT","centered",326,1.00005212924089,23776.1120348174
"BWT","centered",327,0.999961982696041,23768.4550414954
"BWT","centered",328,0.999992880892291,23777.8820334521
"BWT","centered",329,0.999974621732583,24038.4704206575
"BWT","centered",330,0.999993441985323,23571.966831879
"BWT","centered",331,1.00000407593818,24000
"BWT","centered",332,1.00003250622935,24000
"BWT","centered",333,1.00013533339068,23988.8542067129
"BWT","centered",334,1.00017766134714,23845.0528045476
"BWT","centered",335,1.00022214715628,24000
"BWT","centered",336,1.00043357172715,23913.1146496184
"BWT","centered",337,1.00034405052549,22543.3116452065
"BWT","centered",338,1.00041758065945,23818.5028570092
"BWT","centered",339,1.0003983608695,24000
"BWT","centered",340,1.00023207863956,24000
"BWT","centered",341,1.00015596224754,24000.0000000001
"BWT","centered",342,1.00016821117457,24047.4126193598
"BWT","centered",343,1.00025757021446,24263.6182741734
"BWT","centered",344,1.00012569243804,24000
"BWT","centered",345,1.00014306819904,24227.6518287974
"BWT","centered",346,0.999995283241091,24000
"BWT","centered",347,1.00003920910898,24000
"BWT","centered",348,0.999992021470263,24000
"BWT","centered",349,0.999910777868362,24000
"BWT","centered",350,0.99989177261289,24000
"BWT","centered",351,1.00006271634586,24000
"BWT","centered",352,0.999995743020892,23501.2902343891
"BWT","centered",353,1.00002750483623,24000
"BWT","centered",354,0.999960752644937,24456.6675253665
"BWT","centered",355,1.00001084145599,25060.6135243701
"BWT","centered",356,0.999997104890355,24783.2893605175
"BWT","centered",357,0.999992620495974,24684.6052492793
"BWT","centered",358,0.999981083126445,23999.9999999999
"BWT","centered",359,1.00003708620556,24297.1667880048
"BWT","centered",360,1.00000716417132,23904.9345363104
"BWT","centered",361,1.00009096935291,23415.3061724966
"BWT","centered",362,1.00000247270999,24000
"BWT","centered",363,1.00000996057745,23666.0730010549
"BWT","centered",364,0.999962070725097,23738.2303224045
"BWT","centered",365,1.00015909466909,23708.0688414149
"BWT","centered",366,1.00009741400274,23767.6396356003
"BWT","centered",367,1.00000816907773,24000
"BWT","centered",368,1.00000733994922,24000
"BWT","centered",369,1.00016756006667,24000.0000000001
"BWT","centered",370,1.00007930030482,23999.9999999999
"BWT","centered",371,1.00000756951424,23496.2956926583
"BWT","centered",372,0.999967979410833,23477.2238526988
"BWT","centered",373,0.999937994315406,23401.6209174448
"BWT","centered",374,1.00002635677553,22591.3159462549
"BWT","centered",375,0.999967069395557,23652.0148916722
"BWT","centered",376,0.999965211513342,24000
"BWT","centered",377,1.00003004778211,24000
"BWT","centered",378,0.999996050026523,24000
"BWT","centered",379,0.999988770579535,23780.2262422801
"BWT","centered",380,0.999977148351869,23797.2721579709
"BWT","centered",381,1.00002169544165,23061.8059225995
"BWT","centered",382,1.00004258914109,24000
"BWT","centered",383,1.00004670633655,23988.2609753246
"BWT","centered",384,0.999984582596028,23703.7895098255
"BWT","centered",385,0.99992172383859,24218.7905034141
"BWT","centered",386,0.999975998252267,23559.3749248446
"BWT","centered",387,0.999914109859736,23523.5127267942
"BWT","centered",388,0.999960961647204,24000
"BWT","centered",389,0.999940329205693,23407.8841658807
"BWT","centered",390,1.00006740584366,22996.1399965684
"BWT","centered",391,1.00020648721513,23414.0814147475
"BWT","centered",392,1.00009628713274,24208.829829525
"BWT","centered",393,0.999977285818448,24714.6135782774
"BWT","centered",394,0.999930540650471,24144.3730397418
"BWT","centered",395,1.00001562285661,24224.8604357577
"BWT","centered",396,0.99999375158518,23614.0777991134
"BWT","centered",397,0.999964480405254,23370.8587024793
"BWT","centered",398,1.00001443343189,23501.8353409108
"BWT","centered",399,1.00005844234462,23801.3023018825
"BWT","centered",400,1.00002737476053,23864.1791034348
"BWT","centered",401,1.00004767444573,23995.4195421002
"BWT","centered",402,1.00003558900642,23365.7092948061
"BWT","centered",403,0.999986100059196,24000
"BWT","centered",404,1.00007714638759,24488.1497065134
"BWT","centered",405,1.00000989597246,24000
"BWT","centered",406,0.999983128786371,23783.8773220824
"BWT","centered",407,0.999952994458283,24454.8628237044
"BWT","centered",408,1.00007866345444,24397.8472350852
"BWT","centered",409,1.00002081330077,24500.0799581284
"BWT","centered",410,1.00005633849557,24000
"BWT","centered",411,1.00007025690276,23914.8067805368
"BWT","centered",412,1.00005884859495,24000
"BWT","centered",413,1.00011791817403,23999.9999999999
"BWT","centered",414,1.00001663742974,24000
"BWT","centered",415,1.00007121629047,24000
"BWT","centered",416,1.00015643403537,24000
"BWT","centered",417,1.00005677280017,24316.255503331
"BWT","centered",418,1.00015345041393,23932.0799289103
"BWT","centered",419,1.00007633879232,23705.1276244797
"BWT","centered",420,1.00004193923987,23546.8252865236
"BWT","centered",421,1.0000375714165,24013.619176845
"BWT","centered",422,1.00014786165493,24371.6995628559
"BWT","centered",423,1.00012785879446,24890.4629002434
"BWT","centered",424,1.0001358314279,24308.8257415278
"BWT","centered",425,1.0000630449516,24000
"BWT","centered",426,0.999999132572558,24000
"BWT","centered",427,1.00001046008382,22661.1444408399
"BWT","centered",428,1.0000444946838,23420.6141075336
"BWT","centered",429,0.999943751694509,23104.1996721693
"BWT","centered",430,1.00001168842445,24000
"BWT","centered",431,1.00015444551545,24303.6809429919
"BWT","centered",432,0.999999617904777,23772.7118434038
"BWT","centered",433,0.999963494014327,24455.799172231
"BWT","centered",434,1.00002417051038,24000
"BWT","centered",435,0.999997578340101,23747.0085536056
"BWT","centered",436,0.999929791936632,24177.972004473
"BWT","centered",437,0.999925484875608,23667.193787954
"BWT","centered",438,0.999932558812365,23765.869892432
"BWT","centered",439,0.999954291656696,24082.5882014755
"BWT","centered",440,0.999990001741539,24057.2653575171
"BWT","centered",441,0.999941074638588,23721.2940350495
"BWT","centered",442,1.00007418479334,23222.2753825897
"BWT","centered",443,1.00005474615961,24000
"BWT","centered",444,0.999992676344611,24000
"BWT","centered",445,1.00004017894256,24000
"BWT","centered",446,1.00000323942761,24495.4435480288
"BWT","centered",447,0.999944200739117,24185.2139688474
"BWT","centered",448,0.999918106969141,24585.5168459171
"BWT","centered",449,0.999949853417066,24858.1468567385
"BWT","centered",450,0.999905638705146,24164.6897888523
"BWT","centered",451,0.999997547864297,24310.7675589863
"BWT","centered",452,0.999932589605761,23681.4225009482
"BWT","centered",453,1.00000401055061,23663.7093833424
"BWT","centered",454,1.00000109336233,24000
"BWT","centered",455,1.00009299438721,23639.0142668677
"BWT","centered",456,1.00000713618872,23287.5275109499
"BWT","centered",457,1.00000455377156,23590.7956791308
"BWT","centered",458,0.999979058782834,23077.1516838409
"BWT","centered",459,0.999924482279009,22992.3706494613
"BWT","centered",460,0.999922690981109,23156.5713464948
"BWT","centered",461,0.999973089946887,22371.2683529386
"BWT","centered",462,1.00002347428664,22341.4677147303
"BWT","centered",463,0.999976065357631,24126.565319357
"BWT","centered",464,0.999942038200196,22964.5094815112
"BWT","centered",465,0.999981055890703,22682.2571851361
"BWT","centered",466,0.999942435055526,20854.4955198904
"BWT","centered",467,0.999948396459859,18909.9328021586
"BWT","centered",468,0.999959775285806,18174.7107547245
"BWT","centered",469,1.00012732165792,15275.0022413674
"BWT","centered",470,1.00022265047892,12157.1441937287
"BWT","centered",471,1.00021129224093,9707.17940445607
"BWT","centered",472,1.00055859213527,7488.13083339852
"BWT","centered",473,1.00102636096846,5213.32171517902
"BWT","centered",474,1.00130111074019,4687.1554566398
"BWT","centered",475,1.00106736844772,4611.13996635994
"BWT","centered",476,1.00096098841645,4841.57735432208
"BWT","centered",477,1.00113025925443,5256.3636348921
"BWT","centered",478,1.00124011371762,5204.65043467244
"BWT","centered",479,1.00169848465333,5546.17538884348
"BWT","centered",480,1.00152061258319,5261.2573779497
"BWT","centered",481,1.00153159982904,5501.97791385426
"BWT","centered",482,1.00122512893573,5437.85250266593
"BWT","centered",483,1.0013865287024,5248.67370158621
"BWT","centered",484,1.00105911710816,4847.0174239406
"BWT","centered",485,1.00122369580427,4422.77229633165
"BWT","centered",486,1.00129440275671,4198.36976220367
"BWT","centered",487,1.00126004350835,4246.62456243674
"BWT","centered",488,1.00080889371385,4875.10919047777
"BWT","centered",489,1.00060668128899,5737.42083194187
"BWT","centered",490,1.0006275843691,6030.6781865686
"BWT","centered",491,1.00041016510446,7222.44530600217
"BWT","centered",492,1.00029997937954,8093.34692738287
"BWT","centered",493,1.00026469131791,8928.91646856066
"BWT","centered",494,1.00030434600091,9954.02392321168
"BWT","centered",495,1.00019086101674,10366.7814241579
"BWT","centered",496,1.00016635527827,11430.1280153358
"BWT","centered",497,1.00030336585718,10784.3959830671
"BWT","centered",498,1.00033283890126,11149.5145155078
"BWT","centered",499,1.00066001782689,10947.8007873991
"BWT","centered",500,1.00060748423028,11317.6164667672
"BWT","centered",501,1.00063110266648,10837.5495450606
"BWT","centered",502,1.0002886683485,10900.4577162494
"BWT","centered",503,1.00018060939437,11679.0910830061
"BWT","centered",504,1.00008299179085,11936.0631670267
"BWT","centered",505,1.00047533799183,10132.7993802072
"BWT","centered",506,1.00075901557346,8930.28408116464
"BWT","centered",507,1.00064461834195,7636.09180935459
"BWT","centered",508,1.0008187708645,6813.64800518673
"BWT","centered",509,1.0007756089495,6668.91611744022
"BWT","centered",510,1.00052170032862,6803.28879869331
"BWT","centered",511,1.00073834983801,6476.70141289235
"BWT","centered",512,1.00047281907319,6822.33746445737
"BWT","centered",513,1.00049172825332,6523.23558235295
"BWT","centered",514,1.00053439559524,5989.99515307825
"BWT","centered",515,1.00066582281477,5975.20184365639
"BWT","centered",516,1.00068239620759,5368.41640155701
"BWT","centered",517,1.00121969517508,5615.57625318151
"BWT","centered",518,1.00140951157764,5317.67912430309
"BWT","centered",519,1.00091724170193,5812.65586415934
"BWT","centered",520,1.00099997890603,6032.31867196574
"BWT","centered",521,1.00139484163246,6134.74044176815
"BWT","centered",522,1.00151024699797,5879.82417130881
"BWT","centered",523,1.00119004202888,5351.2341278127
"BWT","centered",524,1.00143259652409,4704.70321057628
"BWT","centered",525,1.00178086528059,4166.53985892529
"BWT","centered",526,1.00252667231623,3720.01110162086
"BWT","centered",527,1.00255896779888,3577.29990152783
"BWT","centered",528,1.00286444935759,3323.19673210985
"BWT","centered",529,1.00299595421108,3175.44135637702
"BWT","centered",530,1.00277938205125,3251.40137625165
"BWT","centered",531,1.0035548107734,2886.9645476223
"BWT","centered",532,1.00357123685445,2595.13608905396
"BWT","centered",533,1.00311334964014,2313.73747061941
"BWT","centered",534,1.0027956564745,2229.83991818425
"BWT","centered",535,1.00192539206758,2145.89750039084
"BWT","centered",536,1.00199670189818,2168.33934947812
"BWT","centered",537,1.00154280530433,1868.91854688026
"BWT","centered",538,1.00179355494854,1826.59248079558
"BWT","centered",539,1.00097456185511,1989.46828810537
"BWT","centered",540,1.00076739425544,2292.46073144327
"BWT","first_difference",1,0.999929837104572,23535.483452304
"BWT","first_difference",2,1.0000878805001,23842.6344994039
"BWT","first_difference",3,1.00013481576846,24000
"BWT","first_difference",4,1.00012591972734,23321.5596792921
"BWT","first_difference",5,1.00034973535028,24295.6549046178
"BWT","first_difference",6,1.00017653643069,24598.0904443517
"BWT","first_difference",7,1.00002784320407,23717.0903281304
"BWT","first_difference",8,0.999985103076519,23886.4161518023
"BWT","first_difference",9,0.999984814091363,24813.055467432
"BWT","first_difference",10,0.999989366175542,24141.3847482512
"BWT","first_difference",11,1.00004630903268,23165.8801929938
"BWT","first_difference",12,1.00005173706097,24000
"BWT","first_difference",13,1.00009685769144,24000
"BWT","first_difference",14,1.00007942393392,24000
"BWT","first_difference",15,1.00010948585187,24000
"BWT","first_difference",16,1.00003417775742,24000
"BWT","first_difference",17,1.00001969615215,23850.1507026245
"BWT","first_difference",18,1.00021725296641,24000
"BWT","first_difference",19,1.00008757553719,23574.0742301608
"BWT","first_difference",20,1.00006922747727,23291.8033934093
"BWT","first_difference",21,1.00006381179877,25787.2834218404
"BWT","first_difference",22,0.999972593493195,24000
"BWT","first_difference",23,1.0001737490367,24247.7675209811
"BWT","first_difference",24,0.999981602820855,24000
"BWT","first_difference",25,1.00003416016032,24000
"BWT","first_difference",26,1.00008560344816,23511.3855312483
"BWT","first_difference",27,1.0001125539184,24000
"BWT","first_difference",28,0.999962102665144,24304.5584410596
"BWT","first_difference",29,1.00003139636107,24000
"BWT","first_difference",30,1.00010529556639,24030.6498951889
"BWT","first_difference",31,1.00014455454328,23942.3146157226
"BWT","first_difference",32,1.00010888731083,24078.6139065418
"BWT","first_difference",33,0.99987328081356,23864.1658651041
"BWT","first_difference",34,0.999923224549305,24000
"BWT","first_difference",35,1.00005108677494,24437.3642197529
"BWT","first_difference",36,1.00003433810483,24163.8714726097
"BWT","first_difference",37,0.99991902698692,24172.2604010516
"BWT","first_difference",38,0.999944307238497,24175.3360196395
"BWT","first_difference",39,1.00007385477857,26024.1730716683
"BWT","first_difference",40,1.00007526077658,24269.0745785825
"BWT","first_difference",41,0.999991036086663,24438.0698853585
"BWT","first_difference",42,0.999906749163117,24275.7080423584
"BWT","first_difference",43,1.0000094268207,24000
"BWT","first_difference",44,1.00004512230672,23903.8672755601
"BWT","first_difference",45,1.00001796502926,23731.0709139183
"BWT","first_difference",46,1.00000377675283,22249.570759317
"BWT","first_difference",47,0.999995976181272,24000
"BWT","first_difference",48,1.00002888438167,23895.0913754066
"BWT","first_difference",49,1.00002633748861,23686.0668828485
"BWT","first_difference",50,1.00000944292286,24255.21463876
"BWT","first_difference",51,1.00014263273225,24000
"BWT","first_difference",52,0.999980110520528,23745.3137963711
"BWT","first_difference",53,1.00015068287083,24000
"BWT","first_difference",54,0.99995417570442,24000
"BWT","first_difference",55,1.0000791347072,24000
"BWT","first_difference",56,1.00005157219165,24000
"BWT","first_difference",57,1.00009526709497,24000
"BWT","first_difference",58,0.999982193419923,25109.0605255538
"BWT","first_difference",59,0.999987179311847,23721.9712936234
"BWT","first_difference",60,0.999911223036317,23997.2761915095
"BWT","first_difference",61,1.00000654385079,23603.2286423959
"BWT","first_difference",62,1.00010445638371,22938.7263347335
"BWT","first_difference",63,1.00010277559636,23615.2737561571
"BWT","first_difference",64,1.00016528077868,24000
"BWT","first_difference",65,1.00011759798739,23722.4627494277
"BWT","first_difference",66,1.00005581209877,24351.4443048171
"BWT","first_difference",67,0.999989892393157,23986.8325147204
"BWT","first_difference",68,1.00009658151834,23771.8840071486
"BWT","first_difference",69,0.99997824452971,25262.8967296257
"BWT","first_difference",70,0.999945760964774,24000
"BWT","first_difference",71,1.00014279538561,24000
"BWT","first_difference",72,0.99997043900571,23718.6513620333
"BWT","first_difference",73,0.999962241948736,23913.3323750009
"BWT","first_difference",74,0.999947309005207,24000
"BWT","first_difference",75,1.00019276133837,24443.0345424312
"BWT","first_difference",76,1.0000993784132,23903.6574871623
"BWT","first_difference",77,1.00012683269065,24000
"BWT","first_difference",78,1.00011022637627,25272.1634089742
"BWT","first_difference",79,1.00012855693864,22940.2659046285
"BWT","first_difference",80,0.999955314411719,23718.7277071993
"BWT","first_difference",81,1.00008230340748,23946.0047987893
"BWT","first_difference",82,0.999984098187795,24000
"BWT","first_difference",83,0.999988893205479,23956.3682776825
"BWT","first_difference",84,0.999938397745752,23748.6219742378
"BWT","first_difference",85,0.99998767683914,24000
"BWT","first_difference",86,0.999928013842903,24120.7156972607
"BWT","first_difference",87,1.00012385540574,23795.1473616608
"BWT","first_difference",88,1.00009805033337,22727.7472111803
"BWT","first_difference",89,0.999931495210152,24427.1735234854
"BWT","first_difference",90,1.00027223408885,23601.7150390398
"BWT","first_difference",91,1.00012017290367,23904.0459064182
"BWT","first_difference",92,0.999991568405965,24000
"BWT","first_difference",93,0.999939909996745,23698.1539426417
"BWT","first_difference",94,1.00003407071303,24112.3143240978
"BWT","first_difference",95,1.00004736693584,24611.2057422302
"BWT","first_difference",96,1.0001525041068,24000
"BWT","first_difference",97,1.00002292225669,24516.1969072193
"BWT","first_difference",98,0.99997190108957,23954.502392567
"BWT","first_difference",99,1.00023769146565,24000
"BWT","first_difference",100,0.999977892405397,24611.7078810599
"BWT","first_difference",101,0.999986459757095,23440.0245011749
"BWT","first_difference",102,1.00003783645932,24519.2719302981
"BWT","first_difference",103,1.00000059857943,24365.8698621176
"BWT","first_difference",104,1.00009455256441,24445.3278293414
"BWT","first_difference",105,1.00006057396021,24000
"BWT","first_difference",106,1.00010905462126,23737.9882994339
"BWT","first_difference",107,1.0001354701027,25033.5765345153
"BWT","first_difference",108,1.00015265079175,23776.9084542243
"BWT","first_difference",109,1.00010156477239,24728.7126685781
"BWT","first_difference",110,1.00004742082939,24557.7546998424
"BWT","first_difference",111,1.00004393407165,23514.0949812719
"BWT","first_difference",112,0.999970531687855,24284.4076869155
"BWT","first_difference",113,1.00011680816801,23078.7119406096
"BWT","first_difference",114,0.999965418869143,24000
"BWT","first_difference",115,1.00015561037686,23455.9674611531
"BWT","first_difference",116,0.999975341010964,25043.1236257965
"BWT","first_difference",117,0.999879654402402,24000
"BWT","first_difference",118,0.999953392145246,24617.4081601856
"BWT","first_difference",119,1.00026320783863,24000
"BWT","first_difference",120,1.00017107695643,23720.8236537963
"BWT","first_difference",121,1.00010819057497,24227.6066787187
"BWT","first_difference",122,0.999972051354064,23753.8275272615
"BWT","first_difference",123,0.999970371004814,24127.606380858
"BWT","first_difference",124,1.00002568755343,23410.7326628666
"BWT","first_difference",125,0.999994716119099,23741.2949562132
"BWT","first_difference",126,0.999889359618204,23951.4777993908
"BWT","first_difference",127,0.999955598318442,23956.5716255275
"BWT","first_difference",128,0.999954075096295,24000
"BWT","first_difference",129,0.999987825819497,23681.0257744532
"BWT","first_difference",130,1.00018838572695,23888.8970943251
"BWT","first_difference",131,1.00006168004807,23656.6953865362
"BWT","first_difference",132,0.999999021224974,24352.4733033374
"BWT","first_difference",133,0.999998062724686,23820.6279946167
"BWT","first_difference",134,1.00005579837251,23743.831173848
"BWT","first_difference",135,0.999977173386432,24000
"BWT","first_difference",136,1.0000731397102,24000
"BWT","first_difference",137,1.00012098782073,24138.6687432794
"BWT","first_difference",138,1.00002238422341,24340.2400265676
"BWT","first_difference",139,1.00001809504355,23708.3863134182
"BWT","first_difference",140,1.00006665182688,24000
"BWT","first_difference",141,0.999980579765951,23326.1322092408
"BWT","first_difference",142,0.999939705712133,24000
"BWT","first_difference",143,1.00011894633713,24576.6903269758
"BWT","first_difference",144,1.00013444419812,24746.3218277219
"BWT","first_difference",145,1.00009140659429,24685.218582282
"BWT","first_difference",146,1.00007182547135,24698.2103813438
"BWT","first_difference",147,1.00002240550442,24929.3240470999
"BWT","first_difference",148,1.0000936116884,24252.5480370386
"BWT","first_difference",149,0.999987481859627,23981.5710326771
"BWT","first_difference",150,0.99994353477777,24914.4716181843
"BWT","first_difference",151,1.00028136971441,23888.1473071849
"BWT","first_difference",152,0.999946388340255,23641.4319701497
"BWT","first_difference",153,1.0000111810603,24317.8681120191
"BWT","first_difference",154,0.999989398268619,24469.6277637337
"BWT","first_difference",155,1.00002884563998,24811.4153002913
"BWT","first_difference",156,0.999987430594491,24624.8507649082
"BWT","first_difference",157,1.00004733934196,23711.1748562157
"BWT","first_difference",158,0.999939634497891,23636.7911565527
"BWT","first_difference",159,1.00002167000154,23722.6443551258
"BWT","first_difference",160,0.99995698288058,24000
"BWT","first_difference",161,1.00010523431589,24000
"BWT","first_difference",162,1.00001439953754,23699.0657935922
"BWT","first_difference",163,0.999974504993383,23242.8346790681
"BWT","first_difference",164,0.99995165061065,24000
"BWT","first_difference",165,1.0000248284948,22854.2808829947
"BWT","first_difference",166,0.999930054302604,24000
"BWT","first_difference",167,0.999975105474201,24225.0087625903
"BWT","first_difference",168,1.00022083516134,23689.0947630787
"BWT","first_difference",169,1.00004564935336,23676.6492800789
"BWT","first_difference",170,0.999959374319968,24235.7191178134
"BWT","first_difference",171,1.00012636251281,24000
"BWT","first_difference",172,1.00016620347965,24158.1376874849
"BWT","first_difference",173,1.00007462061766,24247.5961565894
"BWT","first_difference",174,1.00010070189369,24000
"BWT","first_difference",175,1.00006449646677,24171.1562090843
"BWT","first_difference",176,1.00009887411856,23709.2918849785
"BWT","first_difference",177,1.00009252761868,25161.9887043783
"BWT","first_difference",178,1.00003421378992,23980.1285871129
"BWT","first_difference",179,1.00002312847406,24328.5243472785
"BWT","first_difference",180,0.999990176515046,23839.7269973738
"BWT","first_difference",181,1.00012777031953,23448.8086015139
"BWT","first_difference",182,1.00008572883903,24082.3135390968
"BWT","first_difference",183,1.00003078250123,23736.8815892454
"BWT","first_difference",184,1.00019667292727,24000
"BWT","first_difference",185,1.00000574160328,24276.7083352598
"BWT","first_difference",186,1.00027494696214,24785.3132382771
"BWT","first_difference",187,0.999940263727664,23708.9453408582
"BWT","first_difference",188,1.00004328803547,24000
"BWT","first_difference",189,1.00009785235304,23828.0785446485
"BWT","first_difference",190,0.999982846985513,23274.3230448733
"BWT","first_difference",191,1.00027248554332,23916.4635009593
"BWT","first_difference",192,1.00014652465792,24385.8085771175
"BWT","first_difference",193,0.999968262641787,23607.9446551994
"BWT","first_difference",194,1.00006791286079,24000
"BWT","first_difference",195,0.999988444806375,23956.7648644847
"BWT","first_difference",196,1.00006027925628,23460.7934247457
"BWT","first_difference",197,1.00007033880412,23750.8537776374
"BWT","first_difference",198,1.00010939652922,23701.2192553275
"BWT","first_difference",199,0.999920147682859,23395.7948773234
"BWT","first_difference",200,1.00015233959152,23965.6070100088
"BWT","first_difference",201,1.0000438133554,24000
"BWT","first_difference",202,1.00004400794707,24263.346883633
"BWT","first_difference",203,1.00006106188663,23652.7992620273
"BWT","first_difference",204,1.00005696693978,24557.3675267593
"BWT","first_difference",205,1.00013871362855,24274.7009722087
"BWT","first_difference",206,0.999969054334348,24727.9312315285
"BWT","first_difference",207,0.999926580637774,24000
"BWT","first_difference",208,0.99997762543976,23697.8894913036
"BWT","first_difference",209,0.99996049850077,24027.4983165239
"BWT","first_difference",210,0.999960422130885,23282.7274341708
"BWT","first_difference",211,0.999920209650837,24244.0266892901
"BWT","first_difference",212,1.00006093607247,24319.6007990902
"BWT","first_difference",213,1.00008153871097,24000
"BWT","first_difference",214,1.00000312310625,23501.3179795037
"BWT","first_difference",215,0.999964843077514,24604.278332473
"BWT","first_difference",216,1.0001597652093,23839.495656791
"BWT","first_difference",217,1.00006315796303,24000
"BWT","first_difference",218,1.00008600301013,23499.6642890496
"BWT","first_difference",219,0.999976569154485,24000
"BWT","first_difference",220,1.00014186859277,24000
"BWT","first_difference",221,0.99997853289929,24000
"BWT","first_difference",222,1.00002798173364,24000
"BWT","first_difference",223,1.00021182994858,24308.6576868044
"BWT","first_difference",224,0.999935445472022,24000
"BWT","first_difference",225,1.00008740101452,24000
"BWT","first_difference",226,0.999900093373622,24253.3250169042
"BWT","first_difference",227,0.999927589489849,23550.8849175077
"BWT","first_difference",228,0.999986330842724,24568.4499363812
"BWT","first_difference",229,1.00003455977293,25871.1566269564
"BWT","first_difference",230,0.999981025659663,24300.3462419083
"BWT","first_difference",231,1.00014453779899,24377.9167169139
"BWT","first_difference",232,0.999991916921787,24000
"BWT","first_difference",233,0.999951847765362,24000
"BWT","first_difference",234,1.00002264718718,24000
"BWT","first_difference",235,1.00008524421732,24000
"BWT","first_difference",236,0.999926573988952,24000
"BWT","first_difference",237,1.00002204929264,25086.810273566
"BWT","first_difference",238,0.999973504550759,24000
"BWT","first_difference",239,1.00018816493963,24000
"BWT","first_difference",240,1.00005521964607,23369.56408798
"BWT","first_difference",241,1.00025760389339,23345.2969199386
"BWT","first_difference",242,1.00029756799385,24269.6672519425
"BWT","first_difference",243,1.00021180401881,24446.3533681717
"BWT","first_difference",244,0.999947523174639,24000
"BWT","first_difference",245,1.00009007703958,23671.1405470241
"BWT","first_difference",246,0.999943527024167,23568.231124758
"BWT","first_difference",247,1.00010396458838,23768.1201377578
"BWT","first_difference",248,1.00023121630771,23693.7298632688
"BWT","first_difference",249,0.999918658067004,23413.806320597
"BWT","first_difference",250,0.999995702712389,24000
"BWT","first_difference",251,1.00001687422665,24000
"BWT","first_difference",252,1.00008966947174,23726.3420116158
"BWT","first_difference",253,1.0000450553469,24000
"BWT","first_difference",254,0.999978985870971,24000
"BWT","first_difference",255,0.999949873482562,24124.5624449261
"BWT","first_difference",256,1.00005597339405,23373.2576568083
"BWT","first_difference",257,1.00016970714048,23590.7955129098
"BWT","first_difference",258,1.00000077677985,23733.4492149049
"BWT","first_difference",259,1.00010140690682,24000
"BWT","first_difference",260,1.00012980866023,24175.4277336738
"BWT","first_difference",261,1.00020944946727,23605.6357504092
"BWT","first_difference",262,0.999994042672256,23759.1901846852
"BWT","first_difference",263,0.999977205670617,24000
"BWT","first_difference",264,1.00008195383709,24000
"BWT","first_difference",265,0.999985472439477,24526.6912859993
"BWT","first_difference",266,1.00006516121285,25485.4033098734
"BWT","first_difference",267,1.00033678255981,23849.286919802
"BWT","first_difference",268,0.999932231621848,24227.8935499533
"BWT","first_difference",269,0.999936438549855,24000
"BWT","first_difference",270,1.00010495456396,23549.4628142437
"BWT","first_difference",271,0.999987318219485,24000
"BWT","first_difference",272,1.00002883211886,24275.4675348312
"BWT","first_difference",273,1.00003219125921,24000
"BWT","first_difference",274,1.00002506450767,23307.0982709253
"BWT","first_difference",275,1.00023129727043,24425.4686464202
"BWT","first_difference",276,0.999976900519752,24000
"BWT","first_difference",277,1.00001579078468,24000
"BWT","first_difference",278,0.999988924435862,24000
"BWT","first_difference",279,0.999968234648942,24000
"BWT","first_difference",280,0.999923674632713,24459.0000184977
"BWT","first_difference",281,1.00007944683262,23880.3068182199
"BWT","first_difference",282,1.00000177551322,24000
"BWT","first_difference",283,1.00001017498926,24440.3573558562
"BWT","first_difference",284,1.0000370248009,24579.6109315569
"BWT","first_difference",285,1.00011173838606,24717.4867813041
"BWT","first_difference",286,1.00011885169588,24000
"BWT","first_difference",287,1.00002792726138,24000
"BWT","first_difference",288,1.00001563567892,24364.7179971411
"BWT","first_difference",289,1.00013382681218,24522.3061900073
"BWT","first_difference",290,1.00008635037089,24246.7481746537
"BWT","first_difference",291,0.999881515100403,24000.0000000001
"BWT","first_difference",292,1.00009287351301,24417.0446355116
"BWT","first_difference",293,1.00000971611929,24000
"BWT","first_difference",294,1.00012784290529,24477.8295740537
"BWT","first_difference",295,0.999968215463893,24000
"BWT","first_difference",296,0.999956559244645,23593.6468776301
"BWT","first_difference",297,1.00017331699941,24242.7928150796
"BWT","first_difference",298,0.999926404428803,23525.4802406332
"BWT","first_difference",299,1.00007413631596,24397.7243649573
"BWT","first_difference",300,1.00017856868191,24329.910996956
"BWT","first_difference",301,0.999980745935228,23455.649127642
"BWT","first_difference",302,1.00004506250743,24292.7928461216
"BWT","first_difference",303,1.00001735605189,24000
"BWT","first_difference",304,0.999955548107477,23801.6701002101
"BWT","first_difference",305,0.999972219137041,23600.0591854284
"BWT","first_difference",306,1.00006415073776,24223.5830316836
"BWT","first_difference",307,1.00004312895511,24573.4030825245
"BWT","first_difference",308,1.00007192147991,24000
"BWT","first_difference",309,1.00009435861316,23715.4929157022
"BWT","first_difference",310,1.00006266275553,24084.8891752221
"BWT","first_difference",311,1.00008181952097,24415.3306132312
"BWT","first_difference",312,1.00009099620963,24000
"BWT","first_difference",313,1.00025521415035,23670.361638219
"BWT","first_difference",314,1.00004699973702,25509.7133181521
"BWT","first_difference",315,1.00019863879059,24238.80716065
"BWT","first_difference",316,1.00003407327956,23260.7932291269
"BWT","first_difference",317,0.999999551631958,23094.6088051461
"BWT","first_difference",318,0.99995693311644,24000
"BWT","first_difference",319,0.999967130171759,23460.1874951568
"BWT","first_difference",320,1.00009561111424,23765.9705890883
"BWT","first_difference",321,1.00020241348167,24000
"BWT","first_difference",322,1.00000093300401,24987.1647614513
"BWT","first_difference",323,1.00001895822621,24000
"BWT","first_difference",324,0.999966844230762,24295.1381952772
"BWT","first_difference",325,0.999978910418776,23761.1034267193
"BWT","first_difference",326,1.00029093788495,24031.4990510464
"BWT","first_difference",327,0.999983480205267,23984.846445669
"BWT","first_difference",328,1.00001430141697,24000
"BWT","first_difference",329,0.999973076366079,24592.241977674
"BWT","first_difference",330,1.0000248080084,24000
"BWT","first_difference",331,1.00000014671194,23759.5581542846
"BWT","first_difference",332,1.00000791393274,24000
"BWT","first_difference",333,1.00004844759388,24000
"BWT","first_difference",334,1.00004091780232,24239.4189492803
"BWT","first_difference",335,1.00001836122735,24219.7825324682
"BWT","first_difference",336,0.999987078014146,23262.6162431111
"BWT","first_difference",337,0.999979567282865,23482.4643071512
"BWT","first_difference",338,1.0000498308671,23672.6993793885
"BWT","first_difference",339,1.00000265160961,23262.2903220747
"BWT","first_difference",340,1.0000263329469,24106.7068360738
"BWT","first_difference",341,1.00013496198926,23818.6843455094
"BWT","first_difference",342,1.00009988440794,25248.3731735027
"BWT","first_difference",343,1.00005653545562,24394.2428047544
"BWT","first_difference",344,1.00024666259702,23147.001097525
"BWT","first_difference",345,1.00005950391537,25071.9902167146
"BWT","first_difference",346,0.999935282161278,23255.2028896155
"BWT","first_difference",347,0.99995113427952,24053.4723314722
"BWT","first_difference",348,1.00014493702551,24000
"BWT","first_difference",349,0.999924150050352,24000
"BWT","first_difference",350,1.0000093703508,23774.8423985863
"BWT","first_difference",351,0.999946802930906,24258.756254131
"BWT","first_difference",352,1.00001872098296,23432.5106134632
"BWT","first_difference",353,0.999927218336824,24071.0206798903
"BWT","first_difference",354,1.000031307268,24000
"BWT","first_difference",355,0.999964044681845,24374.1559843758
"BWT","first_difference",356,1.00012346687776,23700.387298654
"BWT","first_difference",357,0.999939231645556,23816.5150369187
"BWT","first_difference",358,1.00010893383897,23265.5738851579
"BWT","first_difference",359,1.0000450293418,24063.5950033047
"BWT","first_difference",360,1.00008558583269,24000
"BWT","first_difference",361,1.00000110064374,23646.3945920996
"BWT","first_difference",362,1.00029609477213,23237.9522158554
"BWT","first_difference",363,1.00009599067468,23774.9472223914
"BWT","first_difference",364,1.00017866404095,23254.1588519502
"BWT","first_difference",365,1.00012316635497,23837.0802335953
"BWT","first_difference",366,1.00013921351034,24461.2408857008
"BWT","first_difference",367,1.00001499638575,24556.4636382348
"BWT","first_difference",368,1.00012558660472,23365.3014408144
"BWT","first_difference",369,0.999966953610699,24000
"BWT","first_difference",370,1.00014516891771,23764.0106126583
"BWT","first_difference",371,1.0000000165679,24510.5001151019
"BWT","first_difference",372,1.00004332941632,23986.1932704401
"BWT","first_difference",373,1.00006282648608,23804.9477212816
"BWT","first_difference",374,0.999998787494925,24036.7797631886
"BWT","first_difference",375,0.99994897941081,24199.8579563263
"BWT","first_difference",376,1.00010454397011,24367.9607454363
"BWT","first_difference",377,0.999969906696245,23442.4530530343
"BWT","first_difference",378,0.999904915485198,24279.0337603348
"BWT","first_difference",379,1.00008418881556,24456.3269305175
"BWT","first_difference",380,1.00005622948097,24000
"BWT","first_difference",381,1.00012792641248,23186.3806229934
"BWT","first_difference",382,1.00001383570366,24263.5749632712
"BWT","first_difference",383,1.00009483876541,24447.3718373278
"BWT","first_difference",384,1.00008252141763,23513.0448195661
"BWT","first_difference",385,0.999952362491492,23624.7154688826
"BWT","first_difference",386,1.00002925464184,23653.1132656832
"BWT","first_difference",387,0.999897735542894,24024.5882053676
"BWT","first_difference",388,1.00012313282725,24000
"BWT","first_difference",389,1.00002986670134,24525.3212407821
"BWT","first_difference",390,1.00003153548233,24000
"BWT","first_difference",391,1.0001829881061,23999.9999999999
"BWT","first_difference",392,1.00002614881031,24000
"BWT","first_difference",393,0.999949945365984,23706.0569769828
"BWT","first_difference",394,0.999991328200539,23277.4756646858
"BWT","first_difference",395,0.999940902727032,24000
"BWT","first_difference",396,1.00013045440981,24608.8954349589
"BWT","first_difference",397,1.00007305026149,23495.263121191
"BWT","first_difference",398,0.99997746555044,23266.8399588607
"BWT","first_difference",399,1.0000076515409,24338.825207727
"BWT","first_difference",400,1.0001775569638,24000
"BWT","first_difference",401,0.999932902386759,24000
"BWT","first_difference",402,1.00004635552177,24867.1224786063
"BWT","first_difference",403,0.999940499725402,24286.1780167507
"BWT","first_difference",404,1.00002640771568,23472.047104543
"BWT","first_difference",405,1.00006434623136,23035.0798747561
"BWT","first_difference",406,0.999998270883204,23624.7021600769
"BWT","first_difference",407,1.00010926619398,23483.3668448617
"BWT","first_difference",408,1.00010789315759,23913.3297580971
"BWT","first_difference",409,0.999950171478816,23794.0033015065
"BWT","first_difference",410,1.00002843615514,23753.935716544
"BWT","first_difference",411,1.00001501227873,24000
"BWT","first_difference",412,0.999993430199207,24513.7645901429
"BWT","first_difference",413,0.999961881332984,23711.3031063535
"BWT","first_difference",414,1.00002506137246,23775.8775526988
"BWT","first_difference",415,0.999981885571363,24000
"BWT","first_difference",416,1.0000788316002,24000
"BWT","first_difference",417,1.0000057407331,23226.6178518061
"BWT","first_difference",418,1.00015787028904,24746.3293369729
"BWT","first_difference",419,1.00007111443262,24214.687598876
"BWT","first_difference",420,1.00010675152838,23874.7703304789
"BWT","first_difference",421,0.999995552977447,24000
"BWT","first_difference",422,1.00009272455517,24236.4767620068
"BWT","first_difference",423,1.0001438655202,24097.8747962978
"BWT","first_difference",424,1.00001221686533,23783.1160054899
"BWT","first_difference",425,1.00006879714504,22192.0467130173
"BWT","first_difference",426,0.999952404670914,23218.1501754578
"BWT","first_difference",427,1.0002668465743,24000
"BWT","first_difference",428,1.00011789998731,24056.2133970221
"BWT","first_difference",429,0.999953735684593,23999.9999999999
"BWT","first_difference",430,0.999985488127411,24571.4271030125
"BWT","first_difference",431,0.999972006319932,24000
"BWT","first_difference",432,1.00007406177124,24770.4066895108
"BWT","first_difference",433,0.9999756498716,24418.8170530349
"BWT","first_difference",434,1.00005281936683,24784.9543850948
"BWT","first_difference",435,0.999996487193942,24000.0000000001
"BWT","first_difference",436,1.00006793958373,23759.1755678937
"BWT","first_difference",437,1.00007176768401,24000
"BWT","first_difference",438,1.00009690088717,24000
"BWT","first_difference",439,1.00010286845201,24228.7553348358
"BWT","first_difference",440,1.00004930839853,23150.7250353949
"BWT","first_difference",441,0.999992354144467,24384.1104238057
"BWT","first_difference",442,1.00033989518592,24000
"BWT","first_difference",443,0.999948283501785,24265.2634432014
"BWT","first_difference",444,1.00002268210526,25604.2677202346
"BWT","first_difference",445,1.00002674398352,24774.6705584583
"BWT","first_difference",446,0.999949253467849,24000
"BWT","first_difference",447,0.999952763742583,24000
"BWT","first_difference",448,1.0001593011234,24432.180930401
"BWT","first_difference",449,0.999930138175132,23837.3649797609
"BWT","first_difference",450,0.999912835999549,24002.8790528214
"BWT","first_difference",451,1.00006963797711,24271.7978087226
"BWT","first_difference",452,1.00008259780112,25549.3411868381
"BWT","first_difference",453,1.00007177699948,24593.5802825451
"BWT","first_difference",454,1.00001541493156,23694.1297194695
"BWT","first_difference",455,0.999971199787196,23433.1433165305
"BWT","first_difference",456,1.00001719950885,24254.4845204006
"BWT","first_difference",457,0.999961341872117,21904.0122569404
"BWT","first_difference",458,0.999958144549225,24207.4631380696
"BWT","first_difference",459,0.99998193363457,22949.032258342
"BWT","first_difference",460,0.999944342043482,23755.4550825439
"BWT","first_difference",461,1.0000298102268,24322.5104829812
"BWT","first_difference",462,1.00015034417719,23467.5635800551
"BWT","first_difference",463,1.00019360912594,23937.7608161719
"BWT","first_difference",464,0.999990642818687,24000.0000000001
"BWT","first_difference",465,0.9999177419912,24150.0462475323
"BWT","first_difference",466,1.00001338163698,24000
"BWT","first_difference",467,0.999994817770356,24000
"BWT","first_difference",468,1.00030297974996,23732.6343026352
"BWT","first_difference",469,1.00007809218199,23303.7464113407
"BWT","first_difference",470,1.00014545858563,23317.8261113158
"BWT","first_difference",471,1.00017454299282,24397.9656404135
"BWT","first_difference",472,1.00019868543851,21602.5953510859
"BWT","first_difference",473,1.00002515216046,22481.6659204678
"BWT","first_difference",474,0.999960396196624,21400.8998061114
"BWT","first_difference",475,0.999983483091283,22117.9640395189
"BWT","first_difference",476,1.00009631907229,21166.5372141665
"BWT","first_difference",477,1.00006933956966,21217.8417596723
"BWT","first_difference",478,0.999915222172382,20145.0834298197
"BWT","first_difference",479,0.999909742027307,21568.4656331938
"BWT","first_difference",480,1.00024483297147,22781.606594702
"BWT","first_difference",481,1.0000236331111,20667.7787847368
"BWT","first_difference",482,1.00006519002903,20383.3007225377
"BWT","first_difference",483,1.00021582280776,19595.9659180065
"BWT","first_difference",484,1.00004920540335,19677.2302886638
"BWT","first_difference",485,0.999927412103773,19444.7952328074
"BWT","first_difference",486,1.00000132477966,20538.0336335708
"BWT","first_difference",487,0.99996323183298,22227.2806319776
"BWT","first_difference",488,1.00002124295641,19611.4941952897
"BWT","first_difference",489,1.00007499229555,21322.35293967
"BWT","first_difference",490,1.00035317857032,22531.1496528619
"BWT","first_difference",491,1.0001749768491,22067.9601043007
"BWT","first_difference",492,0.999888825616808,22006.832051262
"BWT","first_difference",493,0.999971709161834,23286.5912686096
"BWT","first_difference",494,0.999974964806553,23273.2680376661
"BWT","first_difference",495,1.00008165067398,24249.202465049
"BWT","first_difference",496,1.00023537930404,22952.2088923055
"BWT","first_difference",497,1.00000988586866,22905.9007363244
"BWT","first_difference",498,0.999998908453543,24000
"BWT","first_difference",499,1.00004529997675,22669.8143257273
"BWT","first_difference",500,0.999964401165898,23777.5248616066
"BWT","first_difference",501,1.00003534579968,23712.7158781184
"BWT","first_difference",502,1.0000413567508,22747.2517816212
"BWT","first_difference",503,1.00000602193199,23008.8740904363
"BWT","first_difference",504,1.00003967711698,22528.1901052699
"BWT","first_difference",505,1.00011420347451,22070.0324074976
"BWT","first_difference",506,1.00008516900487,20312.8053541279
"BWT","first_difference",507,1.00010899522667,23343.7303004238
"BWT","first_difference",508,0.999998491684722,21567.1196555115
"BWT","first_difference",509,1.00006710904207,20980.803623583
"BWT","first_difference",510,1.00011700657517,20346.3278517541
"BWT","first_difference",511,0.999954629396738,21281.2515158511
"BWT","first_difference",512,1.00001332876934,22238.2173530317
"BWT","first_difference",513,1.00022864570293,20522.3162651318
"BWT","first_difference",514,0.999995453170926,20988.2040619632
"BWT","first_difference",515,0.999946943840714,21666.4035464637
"BWT","first_difference",516,1.00033236329628,20976.6760969356
"BWT","first_difference",517,1.00006103326043,21448.6223324234
"BWT","first_difference",518,1.0000854123927,21473.6961120799
"BWT","first_difference",519,1.00007736841817,20058.8066805915
"BWT","first_difference",520,1.0000464256812,22302.3764102254
"BWT","first_difference",521,1.00011106447714,22556.4129721428
"BWT","first_difference",522,1.00012676008537,20850.9517270043
"BWT","first_difference",523,0.999894661111362,21382.8513412967
"BWT","first_difference",524,1.00009489897402,19902.1991143717
"BWT","first_difference",525,1.00011081275284,21382.841492394
"BWT","first_difference",526,1.00010894032404,21487.6705124224
"BWT","first_difference",527,1.00008959357862,18294.2227495531
"BWT","first_difference",528,0.999915578085734,17921.2065526656
"BWT","first_difference",529,1.00007738374007,19665.7463848282
"BWT","first_difference",530,1.0000137961171,18509.0419795063
"BWT","first_difference",531,1.00004894603821,17687.0858056663
"BWT","first_difference",532,1.00001775456711,18186.6141968288
"BWT","first_difference",533,1.00006302534133,16361.4331177163
"BWT","first_difference",534,1.00016841982404,16173.9462913805
"BWT","first_difference",535,1.00030702205251,13935.399791104
"BWT","first_difference",536,1.00043073161625,14168.5927913359
"BWT","first_difference",537,1.00018100035456,12785.0349978634
"BWT","first_difference",538,1.00016472301453,12988.1126089503
"BWT","first_difference",539,1.00013147897714,15864.2040504964
